fpr,tpr,threshold
0.0,0.0,inf
0.0,8.673779165582444e-05,0.9699534380944468
0.0,0.0001734755833116,0.9290759328654484
2.3347030257751212e-05,0.0001734755833116,0.9254563042179336
2.3347030257751212e-05,0.000954115708214,0.9136900009755552
7.004109077325365e-05,0.000954115708214,0.9128396505542146
7.004109077325365e-05,0.0012143290831815,0.9109197919380976
9.338812103100486e-05,0.0012143290831815,0.9108137893112036
9.338812103100486e-05,0.0013878046664931,0.9061623604840326
0.0001167351512887,0.0013878046664931,0.905173258116043
0.0001167351512887,0.001474542458149,0.9042303743136768
0.0001400821815465,0.001474542458149,0.9038124908562823
0.0001400821815465,0.0015612802498048,0.9030028609564502
0.0001634292118042,0.0015612802498048,0.9024727353550478
0.0001634292118042,0.0016480180414606,0.9021730551062036
0.000186776242062,0.0016480180414606,0.9019799218183626
0.000186776242062,0.0017347558331164,0.9015431184791748
0.0002334703025775,0.0017347558331164,0.9008221802329692
0.0002334703025775,0.0019082314164281,0.9000206020151933
0.0002568173328352,0.0019082314164281,0.8996951631983776
0.0002568173328352,0.0025153959580189,0.8948747680456691
0.000280164363093,0.0025153959580189,0.894324342575759
0.000280164363093,0.0036429872495446,0.8897174932207612
0.0003268584236085,0.0036429872495446,0.8891938035709067
0.0003268584236085,0.0040766762078237,0.8881601598047861
0.0003502054538662,0.0040766762078237,0.887685383914064
0.0003502054538662,0.0047705785410703,0.8868381844553084
0.000373552484124,0.0047705785410703,0.8862721990686084
0.000373552484124,0.0049440541243819,0.885954133752048
0.0003968995143817,0.0049440541243819,0.8858499351917406
0.0003968995143817,0.0051175297076936,0.8853554816369953
0.0004435935748972,0.0051175297076936,0.8849256603471464
0.0004435935748972,0.0052910052910052,0.884257760303546
0.0004902876354127,0.0052910052910052,0.883844979507088
0.0004902876354127,0.0053777430826611,0.8835917656967475
0.0005136346656705,0.0053777430826611,0.8834793248343362
0.0005136346656705,0.0055512186659727,0.882787447273654
0.0005369816959282,0.0055512186659727,0.8827389185920429
0.0005369816959282,0.005898169832596,0.8826423805439774
0.0005836757564437,0.005898169832596,0.8823516732231552
0.0005836757564437,0.0059849076242518,0.8822058922923761
0.0006070227867015,0.0059849076242518,0.8821144331105449
0.0006070227867015,0.0065053343741868,0.8813484798156572
0.0006303698169592,0.0065053343741868,0.8813291145557418
0.0006303698169592,0.0072859744990892,0.8792582702765581
0.000653716847217,0.0072859744990892,0.8792230137588151
0.000653716847217,0.0074594500824009,0.87883613365631
0.0006770638774747,0.0074594500824009,0.8788031829080405
0.0006770638774747,0.0078064012490242,0.8783796813419165
0.0007237579379902,0.0078064012490242,0.878205403961948
0.0007237579379902,0.00789313904068,0.878076461440588
0.0007704519985057,0.00789313904068,0.8776511962051103
0.0007704519985057,0.0080666146239916,0.8772505827475002
0.0007937990287635,0.0080666146239916,0.876929888120866
0.0007937990287635,0.0086737791655824,0.8751733812492344
0.000840493089279,0.0086737791655824,0.8751600856017866
0.000840493089279,0.0090207303322057,0.8749189829844561
0.0008871871497945,0.0090207303322057,0.874801015812677
0.0008871871497945,0.0091074681238615,0.8747175461461172
0.0009105341800522,0.0091074681238615,0.8741991241593099
0.0009105341800522,0.0091942059155173,0.8740049624988153
0.00093388121031,0.0091942059155173,0.873921308719424
0.00093388121031,0.0096278948737965,0.8733166378387385
0.0009572282405677,0.0096278948737965,0.8733125815924528
0.0009572282405677,0.0098013704571081,0.873228043003107
0.0009805752708255,0.0098013704571081,0.8731886407885423
0.0009805752708255,0.0099748460404198,0.8730533379656613
0.0010039223010833,0.0099748460404198,0.8726496394113468
0.0010039223010833,0.0100615838320756,0.8723762549270987
0.001027269331341,0.0100615838320756,0.8722300866617863
0.001027269331341,0.0103217972070431,0.8720113952769466
0.0010506163615988,0.0103217972070431,0.8719666510291363
0.0010506163615988,0.0104085349986989,0.8718663222565002
0.0010739633918565,0.0104085349986989,0.8714985488887534
0.0010739633918565,0.0104952727903547,0.8714839728469413
0.001120657452372,0.0104952727903547,0.8712451147657443
0.001120657452372,0.0105820105820105,0.8712283545588171
0.0011440044826298,0.0105820105820105,0.8711800731076653
0.0011440044826298,0.0111024373319455,0.8702337388754089
0.0011673515128875,0.0111024373319455,0.8701202052472967
0.0011673515128875,0.0111891751236013,0.8698538664117781
0.001214045573403,0.0111891751236013,0.8696422911067294
0.001214045573403,0.0112759129152571,0.8694660146366007
0.0012607396339185,0.0112759129152571,0.8691888122835878
0.0012607396339185,0.011362650706913,0.8689947619670343
0.0012840866641763,0.011362650706913,0.8689008233086898
0.0012840866641763,0.0114493884985688,0.8688710319863941
0.001307433694434,0.0114493884985688,0.86856845694013
0.001307433694434,0.0115361262902246,0.8683428303424998
0.0013307807246918,0.0115361262902246,0.8682173134295856
0.0013307807246918,0.0116228640818804,0.8681129306140722
0.0014241688457228,0.0116228640818804,0.8676880364030455
0.0014241688457228,0.0117963396651921,0.8675599584303216
0.001494209936496,0.0117963396651921,0.8673980035330048
0.001494209936496,0.0127504553734061,0.8651433528827002
0.0015175569667538,0.0127504553734061,0.8651043688028096
0.0015175569667538,0.0130974065400294,0.8640928402709576
0.0015642510272693,0.0130974065400294,0.8638704171931451
0.0015642510272693,0.0131841443316853,0.863857757385289
0.001587598057527,0.0131841443316853,0.8638402059761663
0.001587598057527,0.0136178332899644,0.8628832292572857
0.0016109450877848,0.0136178332899644,0.8623639307960846
0.0016109450877848,0.0137045710816202,0.8622971117979815
0.0016342921180425,0.0137045710816202,0.8622449590536241
0.0016342921180425,0.0138780466649319,0.8620851605899721
0.0016576391483003,0.0138780466649319,0.8618469460240381
0.0016576391483003,0.0141382600398993,0.8612300057394483
0.0017043332088158,0.0141382600398993,0.8607289034765637
0.0017043332088158,0.0142249978315552,0.8602775512191001
0.0017276802390735,0.0142249978315552,0.8600426659275178
0.0017276802390735,0.0143984734148668,0.8597751663137947
0.0017977213298468,0.0143984734148668,0.859710229205987
0.0017977213298468,0.0148321623731459,0.8593894244616922
0.0018210683601045,0.0148321623731459,0.8590833760090074
0.0018210683601045,0.0149189001648018,0.8589000357046451
0.0018444153903623,0.0149189001648018,0.8588616758559542
0.0018444153903623,0.0151791135397692,0.8585738292311528
0.00186776242062,0.0151791135397692,0.8585518054847674
0.00186776242062,0.0154393269147367,0.8580234965043099
0.0019144564811355,0.0154393269147367,0.8577549780638001
0.0019144564811355,0.0155260647063925,0.8576419699797401
0.0019378035113933,0.0155260647063925,0.8574959065551208
0.0019378035113933,0.0159597536646716,0.8565215499151784
0.0019611505416511,0.0159597536646716,0.8563447374837639
0.0019611505416511,0.0162199670396391,0.855962266636947
0.0019844975719088,0.0162199670396391,0.8559100055464817
0.0019844975719088,0.0166536559979182,0.8554321183726977
0.0020078446021666,0.0166536559979182,0.8554300532846201
0.0020078446021666,0.0168271315812299,0.8553982866041552
0.0020311916324243,0.0168271315812299,0.8553723798520847
0.0020311916324243,0.0169138693728857,0.8553623629371958
0.0020778856929398,0.0169138693728857,0.8552544911735529
0.0020778856929398,0.0173475583311648,0.8548573093916114
0.0021479267837131,0.0173475583311648,0.8545536296382132
0.0021479267837131,0.0178679850810998,0.854180496318383
0.0021712738139708,0.0178679850810998,0.8541612474545106
0.0021712738139708,0.0179547228727556,0.8539083139384552
0.0021946208442286,0.0179547228727556,0.8537870191012773
0.0021946208442286,0.0180414606644114,0.8537467817216173
0.0022179678744863,0.0180414606644114,0.8535865332399131
0.0022179678744863,0.0182149362477231,0.8534769964246502
0.0022413149047441,0.0182149362477231,0.8534249056542719
0.0022413149047441,0.0183884118310347,0.8529856058624639
0.0022646619350018,0.0183884118310347,0.8529126778301686
0.0022646619350018,0.0188221007893139,0.8520488997632971
0.0023113559955173,0.0188221007893139,0.8519970830733454
0.0023113559955173,0.0189955763726255,0.851951078708073
0.0023347030257751,0.0189955763726255,0.8519120117047698
0.0023347030257751,0.019255789747593,0.8518169647808761
0.0023813970862906,0.019255789747593,0.8514069036360341
0.0023813970862906,0.0197762164975279,0.8511293143416213
0.0024514381770638,0.0197762164975279,0.8508803164708592
0.0024514381770638,0.0198629542891837,0.8508769050011336
0.0024981322375793,0.0198629542891837,0.850837122874997
0.0024981322375793,0.0199496920808396,0.8507229680703133
0.0025214792678371,0.0199496920808396,0.8506477529843315
0.0025214792678371,0.0201231676641512,0.8506125345396995
0.0025681733283526,0.0201231676641512,0.8505680250639758
0.0025681733283526,0.020209905455807,0.8505410038780701
0.0025915203586103,0.020209905455807,0.8501882092206119
0.0025915203586103,0.0202966432474629,0.8501310266994725
0.0026615614493836,0.0202966432474629,0.849686809600374
0.0026615614493836,0.0203833810391187,0.8495379668605174
0.0026849084796413,0.0203833810391187,0.8495209524360621
0.0026849084796413,0.0205568566224303,0.8491079234838099
0.0027082555098991,0.0205568566224303,0.8491011522028405
0.0027082555098991,0.0210772833723653,0.8487266154001845
0.0027549495704146,0.0210772833723653,0.8486862210925954
0.0027549495704146,0.0211640211640211,0.8484229748455213
0.0027782966006723,0.0211640211640211,0.8482748075284138
0.0027782966006723,0.0212507589556769,0.8482346297102856
0.0028249906611878,0.0212507589556769,0.8482067517976437
0.0028249906611878,0.0215977101223002,0.8480320527379854
0.0028716847217033,0.0215977101223002,0.8480250637507152
0.0028716847217033,0.0224650880388585,0.8470023745019466
0.0028950317519611,0.0224650880388585,0.8469963024765805
0.0028950317519611,0.0225518258305143,0.846949698392932
0.0029183787822189,0.0225518258305143,0.8469175782247758
0.0029183787822189,0.0226385636221701,0.8469034360592727
0.0030117669032499,0.0226385636221701,0.8468223354593676
0.0030117669032499,0.0228120392054818,0.8465258679538633
0.0030818079940231,0.0228120392054818,0.8462013470319021
0.0030818079940231,0.0232457281637609,0.8457456801345317
0.0031285020545386,0.0232457281637609,0.8455375419914254
0.0031285020545386,0.0234192037470726,0.8454201740627068
0.0031518490847964,0.0234192037470726,0.8454170034758594
0.0031518490847964,0.0235059415387284,0.845326294350843
0.0031985431453119,0.0235059415387284,0.8452225121269236
0.0031985431453119,0.02367941712204,0.8451596022095165
0.0032218901755696,0.02367941712204,0.8451260274025647
0.0032218901755696,0.0237661549136958,0.8451094453362251
0.0032452372058274,0.0237661549136958,0.8450704194476129
0.0032452372058274,0.0239396304970075,0.8448423749673513
0.0033152782966006,0.0239396304970075,0.8447271876831087
0.0033152782966006,0.0240263682886633,0.8446501885131931
0.0033386253268584,0.0240263682886633,0.8446085804907747
0.0033386253268584,0.0242865816636308,0.8444325734262103
0.0033619723571161,0.0242865816636308,0.844400812146088
0.0033619723571161,0.0244600572469424,0.8442109121400803
0.0033853193873739,0.0244600572469424,0.8442050044825067
0.0033853193873739,0.0247202706219099,0.844058641904269
0.0034086664176316,0.0247202706219099,0.843999536551683
0.0034086664176316,0.0248937462052216,0.8438496849755838
0.0034320134478894,0.0248937462052216,0.8438184920593972
0.0034320134478894,0.0249804839968774,0.8437819593640544
0.0034553604781471,0.0249804839968774,0.8436471861409917
0.0034553604781471,0.025153959580189,0.8434098749156866
0.0035020545386626,0.025153959580189,0.8433663183795729
0.0035020545386626,0.0253274351635007,0.8432369930002395
0.0035954426596936,0.0253274351635007,0.8430095041072239
0.0035954426596936,0.0255876485384682,0.8427364745518227
0.0036187896899514,0.0255876485384682,0.8426970550868
0.0036187896899514,0.0257611241217798,0.8426313058566525
0.0036421367202091,0.0257611241217798,0.842630940337191
0.0036421367202091,0.0259345997050915,0.8424679621905111
0.0036654837504669,0.0259345997050915,0.8423922481256524
0.0036654837504669,0.0267152398299939,0.8418569242778934
0.0036888307807246,0.0267152398299939,0.8418168324442168
0.0036888307807246,0.0268887154133055,0.8413799385708217
0.0037121778109824,0.0268887154133055,0.8413410396868296
0.0037121778109824,0.0269754532049614,0.8412834180865856
0.0037588718714979,0.0269754532049614,0.8410696907135534
0.0037588718714979,0.0270621909966172,0.8410228671116047
0.0038055659320134,0.0270621909966172,0.8409186317715991
0.0038055659320134,0.027148928788273,0.8408491324135934
0.0038289129622711,0.027148928788273,0.8408303119069813
0.0038289129622711,0.0274958799548963,0.8406207891554596
0.0038522599925289,0.0274958799548963,0.8405524571505576
0.0038522599925289,0.0278428311215196,0.8400960318883485
0.0038989540530444,0.0278428311215196,0.8399852599555071
0.0038989540530444,0.0281897822881429,0.8399042618198357
0.0039223010833022,0.0281897822881429,0.8398058957719655
0.0039223010833022,0.0283632578714545,0.8394260130971829
0.0039689951438177,0.0283632578714545,0.8392399567841344
0.0039689951438177,0.0285367334547662,0.8391736651428436
0.0040156892043332,0.0285367334547662,0.83916909433004
0.0040156892043332,0.0287102090380778,0.838869213291595
0.0041090773253642,0.0287102090380778,0.8386280001545308
0.0041090773253642,0.0287969468297337,0.8385922993642678
0.0042258124766529,0.0287969468297337,0.8384955346211046
0.0042258124766529,0.0294908491629803,0.8377089137511079
0.0042725065371684,0.0294908491629803,0.8376924411195837
0.0042725065371684,0.0297510625379477,0.837545569200371
0.0043658946581994,0.0297510625379477,0.8372974762475751
0.0043658946581994,0.0298378003296036,0.837223061340979
0.0044359357489727,0.0298378003296036,0.8369464521826357
0.0044359357489727,0.030098013704571,0.8367285354971659
0.0044592827792304,0.030098013704571,0.8367224552408978
0.0044592827792304,0.0301847514962269,0.8366861189610778
0.0045059768397459,0.0301847514962269,0.8365828008007276
0.0045059768397459,0.0304449648711943,0.8362590730008881
0.0045993649607769,0.0304449648711943,0.8359641766162238
0.0045993649607769,0.0305317026628502,0.8357999618262699
0.0046227119910347,0.0305317026628502,0.8357739924603932
0.0046227119910347,0.030618440454506,0.8357733950822948
0.0046460590212924,0.030618440454506,0.8357416601132952
0.0046460590212924,0.0309653916211293,0.8356413517557617
0.0046694060515502,0.0309653916211293,0.8356333790895145
0.0046694060515502,0.0311388672044409,0.8355634709669502
0.0047627941725812,0.0311388672044409,0.8353636911314197
0.0047627941725812,0.0312256049960968,0.8353587902558659
0.0048328352633545,0.0312256049960968,0.8347861029654198
0.0048328352633545,0.0313123427877526,0.8347530834138893
0.0048561822936122,0.0313123427877526,0.8346286027736713
0.0048561822936122,0.0317460317460317,0.8342008671703619
0.0049262233843855,0.0317460317460317,0.8338116092131842
0.0049262233843855,0.0318327695376875,0.8337804094330715
0.0049495704146432,0.0318327695376875,0.8337146716245079
0.0049495704146432,0.0320062451209992,0.8334853663868653
0.0050196115054165,0.0320062451209992,0.8334402921939374
0.0050196115054165,0.0322664584959666,0.8331746386434267
0.0050429585356742,0.0322664584959666,0.8331657420675807
0.0050429585356742,0.0327868852459016,0.8330906918219835
0.005066305565932,0.0327868852459016,0.8329105009245912
0.005066305565932,0.0331338364125249,0.8327691595825789
0.0051129996264475,0.0331338364125249,0.8324573368752014
0.0051129996264475,0.0332205742041807,0.832378382374812
0.0052063877474785,0.0332205742041807,0.832269165739143
0.0052063877474785,0.0333940497874924,0.8321889443159303
0.0052297347777362,0.0333940497874924,0.8321807774605953
0.0052297347777362,0.0336542631624598,0.8320980021644089
0.005253081807994,0.0336542631624598,0.8320541407839122
0.005253081807994,0.0340012143290831,0.8316924421195266
0.0052764288382517,0.0340012143290831,0.8316808362514276
0.0052764288382517,0.034087952120739,0.8316455353109726
0.0052997758685095,0.034087952120739,0.8316373731969211
0.0052997758685095,0.0345216410790181,0.8312662326844902
0.0053231228987672,0.0345216410790181,0.8312506861469139
0.0053231228987672,0.0346951166623297,0.8309693328204554
0.005346469929025,0.0346951166623297,0.8308686908117423
0.005346469929025,0.0347818544539856,0.8308103586231411
0.0054165110197982,0.0347818544539856,0.8307150442074576
0.0054165110197982,0.0348685922456414,0.8305640074705287
0.0054632050803137,0.0348685922456414,0.8305302701461337
0.0054632050803137,0.035562494578888,0.8304061831850542
0.0054865521105715,0.035562494578888,0.830360656886016
0.0054865521105715,0.0356492323705438,0.8301899842606173
0.0055098991408292,0.0356492323705438,0.8299987557553445
0.0055098991408292,0.0357359701621996,0.829930563897013
0.005533246171087,0.0357359701621996,0.8298201604389444
0.005533246171087,0.0358227079538555,0.8297357435492425
0.0055565932013447,0.0358227079538555,0.8297045832205054
0.0055565932013447,0.0364298724954462,0.8295017518108617
0.0055799402316025,0.0364298724954462,0.8294885641337124
0.0055799402316025,0.0366900858704137,0.8293788240672852
0.0056032872618602,0.0366900858704137,0.8293614280556593
0.0056032872618602,0.0371237748286928,0.8292686629178433
0.0056499813223757,0.0371237748286928,0.8292437515710135
0.0056499813223757,0.0372105126203486,0.8292016049473925
0.005720022413149,0.0372105126203486,0.829113005496558
0.005720022413149,0.0372972504120045,0.8290980429980636
0.0057667164736645,0.0372972504120045,0.8289819158461696
0.0057667164736645,0.0376442015786278,0.8288097086371521
0.00581341053418,0.0376442015786278,0.828758276333566
0.00581341053418,0.0377309393702836,0.8287416474586009
0.0058834516249533,0.0377309393702836,0.8285828694447918
0.0058834516249533,0.0378176771619394,0.8285230704421642
0.0059301456854688,0.0378176771619394,0.8284552058393272
0.0059301456854688,0.0379044149535952,0.8284224335117146
0.0059768397459843,0.0379044149535952,0.8283751396803474
0.0059768397459843,0.0379911527452511,0.8283480609854712
0.0060235338064998,0.0379911527452511,0.8282205039004793
0.0060235338064998,0.0382513661202185,0.828113092045742
0.0060702278670153,0.0382513661202185,0.828039060058338
0.0060702278670153,0.0383381039118744,0.8280228627387974
0.006093574897273,0.0383381039118744,0.8280113276053619
0.006093574897273,0.0387717928701535,0.8278218772523649
0.0061636159880463,0.0387717928701535,0.8277574440774236
0.0061636159880463,0.0389452684534651,0.8276948257255109
0.0062103100485618,0.0389452684534651,0.8276069962733589
0.0062103100485618,0.039032006245121,0.827599102824447
0.006280351139335,0.039032006245121,0.8275571783528604
0.006280351139335,0.0391187440367768,0.8275401037124788
0.0063270451998505,0.0391187440367768,0.827477293681609
0.0063270451998505,0.0392922196200884,0.8274241585915858
0.0064204333208815,0.0392922196200884,0.8272714244916024
0.0064204333208815,0.0393789574117443,0.8271508181863512
0.0064437803511393,0.0393789574117443,0.8270603774167624
0.0064437803511393,0.0398126463700234,0.8268105814669895
0.006467127381397,0.0398126463700234,0.8267465838467765
0.006467127381397,0.0398993841616792,0.826726852634469
0.0065371684721703,0.0398993841616792,0.8265448381187213
0.0065371684721703,0.0404198109116141,0.8261797261608155
0.006560515502428,0.0404198109116141,0.8261770448250689
0.006560515502428,0.0411137132448607,0.8259422255452056
0.0065838625326858,0.0411137132448607,0.8259217308535688
0.0065838625326858,0.0412871888281724,0.8258455942111979
0.0066072095629435,0.0412871888281724,0.825752438118827
0.0066072095629435,0.0413739266198282,0.8257085972161593
0.0066305565932013,0.0413739266198282,0.8257073741784189
0.0066305565932013,0.041460664411484,0.8256409785582677
0.006653903623459,0.041460664411484,0.8255568549968393
0.006653903623459,0.0415474022031399,0.8255543056246668
0.0066772506537168,0.0415474022031399,0.825552469077144
0.0066772506537168,0.0416341399947957,0.8255384966110755
0.0067706387747478,0.0416341399947957,0.8253153611662135
0.0067706387747478,0.0418943533697632,0.8251773559999501
0.0067939858050056,0.0418943533697632,0.8250773098335801
0.0067939858050056,0.0420678289530748,0.8247269188476781
0.0068173328352633,0.0420678289530748,0.8247063683084808
0.0068173328352633,0.0421545667447306,0.8246366041635961
0.0068640268957788,0.0421545667447306,0.8245268139776942
0.0068640268957788,0.0422413045363865,0.824341660039446
0.0068873739260366,0.0422413045363865,0.8243324447713978
0.0068873739260366,0.0424147801196981,0.8243244574634861
0.0069107209562943,0.0424147801196981,0.8243116021756156
0.0069107209562943,0.0427617312863214,0.8242278989907943
0.0069807620470676,0.0427617312863214,0.8239664220776962
0.0069807620470676,0.0430219446612889,0.8238471016008688
0.0070041090773253,0.0430219446612889,0.8237848109766468
0.0070041090773253,0.0431954202446005,0.8236262800658404
0.0070274561075831,0.0431954202446005,0.8235241967455246
0.0070274561075831,0.0432821580362563,0.8234151328540507
0.0070508031378408,0.0432821580362563,0.8232409928517321
0.0070508031378408,0.0433688958279122,0.8231968359384038
0.0070741501680986,0.0433688958279122,0.8231406727721122
0.0070741501680986,0.0435423714112238,0.82291163146805
0.0071675382891296,0.0435423714112238,0.8227235533246017
0.0071675382891296,0.0437158469945355,0.822609327091814
0.0072375793799028,0.0437158469945355,0.8224461531389733
0.0072375793799028,0.0438893225778471,0.8224367315681315
0.0072842734404183,0.0438893225778471,0.8224138328129396
0.0072842734404183,0.0439760603695029,0.8224135383659096
0.0073076204706761,0.0439760603695029,0.8224030721681217
0.0073076204706761,0.0440627981611588,0.8223444210960057
0.0073309675009338,0.0440627981611588,0.8222410620848299
0.0073309675009338,0.0441495359528146,0.8221756082603345
0.0074243556219648,0.0441495359528146,0.8219025993957273
0.0074243556219648,0.0442362737444704,0.821899684367584
0.0074477026522226,0.0442362737444704,0.821830842893503
0.0074477026522226,0.0443230115361262,0.8218236800560494
0.0074710496824803,0.0443230115361262,0.8217877234525925
0.0074710496824803,0.0444097493277821,0.8217868170191316
0.0075177437429958,0.0444097493277821,0.8217805353736932
0.0075177437429958,0.0445832249110937,0.8216417211089665
0.0076578259245423,0.0445832249110937,0.8213231691141238
0.0076578259245423,0.0446699627027495,0.8212912076136677
0.0076811729548001,0.0446699627027495,0.821251271467195
0.0076811729548001,0.044930176077717,0.8211569664957216
0.0077278670153156,0.044930176077717,0.8211093618240739
0.0077278670153156,0.0452771272443403,0.8208788670234629
0.0077512140455734,0.0452771272443403,0.8208525761288151
0.0077512140455734,0.0453638650359961,0.8207939716908296
0.0078912962271199,0.0453638650359961,0.8206721683112115
0.0078912962271199,0.045450602827652,0.8205968047180991
0.0079613373178931,0.045450602827652,0.8204060698861743
0.0079613373178931,0.0456240784109636,0.8201994391781287
0.0079846843481509,0.0456240784109636,0.8201858744388306
0.0079846843481509,0.0458842917859311,0.8201051215102253
0.0080547254389241,0.0458842917859311,0.8199252398909377
0.0080547254389241,0.0459710295775869,0.8198753427466103
0.0080780724691819,0.0459710295775869,0.8198393939377097
0.0080780724691819,0.0460577673692427,0.8198229759346682
0.0081014194994396,0.0460577673692427,0.8197917028766338
0.0081014194994396,0.0463179807442102,0.8196463221719869
0.0081714605902129,0.0463179807442102,0.8195463959617169
0.0081714605902129,0.0470986208691126,0.8192398564800574
0.0082181546507284,0.0470986208691126,0.8192077857481999
0.0082181546507284,0.0474455720357359,0.8189167311986713
0.0082648487112439,0.0474455720357359,0.8188887221725855
0.0082648487112439,0.0476190476190476,0.818763834460676
0.0083115427717594,0.0476190476190476,0.8186470403694599
0.0083115427717594,0.0480527365773267,0.8185884295625154
0.0083348898020171,0.0480527365773267,0.8185007448059094
0.0083348898020171,0.0481394743689825,0.8184882997553846
0.0083582368322749,0.0481394743689825,0.8184769221747569
0.0083582368322749,0.0482262121606383,0.8184555682560535
0.0084049308927904,0.0482262121606383,0.8183942820840296
0.0084049308927904,0.0483129499522942,0.8183161333778105
0.0084282779230481,0.0483129499522942,0.8183046240287295
0.0084282779230481,0.0487466389105733,0.8178616014936421
0.0084983190138214,0.0487466389105733,0.8176766713143246
0.0084983190138214,0.0488333767022291,0.8176474634685174
0.0085216660440791,0.0488333767022291,0.8176124086957888
0.0085216660440791,0.0490068522855408,0.8175067032610888
0.0085683601045946,0.0490068522855408,0.8174193509781796
0.0085683601045946,0.0491803278688524,0.81735158775856
0.0085917071348524,0.0491803278688524,0.8172989771510465
0.0085917071348524,0.0492670656605082,0.8172664369749942
0.0086150541651101,0.0492670656605082,0.8172514859501291
0.0086150541651101,0.0493538034521641,0.8172391237209089
0.0087084422861412,0.0493538034521641,0.8171623111773041
0.0087084422861412,0.0494405412438199,0.8171581495609075
0.0087317893163989,0.0494405412438199,0.817148160531197
0.0087317893163989,0.0495272790354757,0.8171449035347358
0.0087784833769144,0.0495272790354757,0.817041201647186
0.0087784833769144,0.0496140168271315,0.8169067447451781
0.0088251774374299,0.0496140168271315,0.8167915144784377
0.0088251774374299,0.0497007546187874,0.8167753391547823
0.0088485244676877,0.0497007546187874,0.816705558340566
0.0088485244676877,0.0499609679937548,0.8165911756502274
0.0088718714979454,0.0499609679937548,0.8165220777024167
0.0088718714979454,0.0501344435770665,0.8162502743109716
0.0089185655584609,0.0501344435770665,0.8161604531137456
0.0089185655584609,0.0502211813687223,0.8161501876282826
0.0090353007097497,0.0502211813687223,0.8158145811888401
0.0090353007097497,0.050394656952034,0.8158137345019147
0.0090586477400074,0.050394656952034,0.8158069930493692
0.0090586477400074,0.0505681325353456,0.8155055310825283
0.0090819947702652,0.0505681325353456,0.8154653147366626
0.0090819947702652,0.0507416081186573,0.8154000245339297
0.0091053418005229,0.0507416081186573,0.815366351324257
0.0091053418005229,0.0508283459103131,0.815232440052553
0.0092220769518117,0.0508283459103131,0.8148071429899267
0.0092220769518117,0.0509150837019689,0.8147173356368886
0.0092687710123272,0.0509150837019689,0.8145951322797976
0.0092687710123272,0.0510018214936247,0.8145611554008555
0.0093154650728427,0.0510018214936247,0.8145113741431567
0.0093154650728427,0.0510885592852805,0.8145110020813386
0.0093388121031004,0.0510885592852805,0.8144939216159497
0.0093388121031004,0.0517824616185271,0.8142739267295102
0.0095489353754202,0.0517824616185271,0.8139670512039346
0.0095489353754202,0.0522161505768063,0.8138649593361256
0.0095956294359357,0.0522161505768063,0.8136568907017129
0.0095956294359357,0.0523896261601179,0.8135815107575739
0.0096423234964512,0.0523896261601179,0.8134422742944368
0.0096423234964512,0.0524763639517737,0.8134406255933115
0.009665670526709,0.0524763639517737,0.8134400302297362
0.009665670526709,0.0527365773267412,0.8133471059913382
0.0096890175569667,0.0527365773267412,0.8132867379196469
0.0096890175569667,0.052823315118397,0.8132415394868475
0.0097824056779977,0.052823315118397,0.8129454126455194
0.0097824056779977,0.0529100529100529,0.81291586005853
0.0098290997385132,0.0529100529100529,0.812785054543157
0.0098290997385132,0.0529967907017087,0.8127411703186056
0.0098757937990287,0.0529967907017087,0.8127176818604194
0.0098757937990287,0.0530835284933645,0.8125931584811789
0.0099224878595442,0.0530835284933645,0.8124333765469672
0.0099224878595442,0.0531702662850203,0.8124141148305564
0.0099691819200597,0.0531702662850203,0.8123869916611344
0.0099691819200597,0.0534304796599878,0.8122964432688158
0.0099925289503175,0.0534304796599878,0.8122278116152095
0.0099925289503175,0.0536906930349553,0.8121724930857184
0.0100158759805752,0.0536906930349553,0.8120844273310933
0.0100158759805752,0.0537774308266111,0.8120624396925167
0.0100859170713485,0.0537774308266111,0.8119728076450194
0.0100859170713485,0.0538641686182669,0.8119652501194828
0.0101092641016062,0.0538641686182669,0.8119375673103623
0.0101092641016062,0.0539509064099228,0.811720081193845
0.010132611131864,0.0539509064099228,0.8116724480080868
0.010132611131864,0.0540376442015786,0.8116030094952655
0.0101559581621217,0.0540376442015786,0.811588243490419
0.0101559581621217,0.0541243819932344,0.8115151988931488
0.0102026522226372,0.0541243819932344,0.8114880161556537
0.0102026522226372,0.0542111197848902,0.8114792176455998
0.010225999252895,0.0542111197848902,0.8114746737824068
0.010225999252895,0.0543845953682019,0.8113223475693159
0.0102726933134105,0.0543845953682019,0.8112632613334549
0.0102726933134105,0.0546448087431694,0.8112197268661983
0.010319387373926,0.0546448087431694,0.8111492611000071
0.010319387373926,0.0549917599097926,0.810985406415945
0.0103660814344415,0.0549917599097926,0.8108282490471866
0.0103660814344415,0.0551652354931043,0.8106917950398767
0.0103894284646992,0.0551652354931043,0.8106834521098855
0.0103894284646992,0.0552519732847601,0.8106295079818236
0.010412775494957,0.0552519732847601,0.8105655236788311
0.010412775494957,0.0554254488680718,0.8104389410506061
0.0104594695554725,0.0554254488680718,0.8103061492661195
0.0104594695554725,0.0558591378263509,0.8101451514813182
0.0104828165857302,0.0558591378263509,0.8100862244571433
0.0104828165857302,0.0559458756180067,0.810075078445202
0.0105528576765035,0.0559458756180067,0.8100578929703712
0.0105528576765035,0.0560326134096625,0.8100430995640183
0.0105762047067613,0.0560326134096625,0.8100412897822988
0.0105762047067613,0.0561193512013184,0.810035449612968
0.0106695928277923,0.0561193512013184,0.809884529071966
0.0106695928277923,0.0562060889929742,0.8098787249038997
0.01069293985805,0.0562060889929742,0.8098744518986839
0.01069293985805,0.05629282678463,0.8098413695704791
0.0107162868883078,0.05629282678463,0.809814087607958
0.0107162868883078,0.0563795645762858,0.8097264645848057
0.0107396339185655,0.0563795645762858,0.809672149232773
0.0107396339185655,0.0565530401595975,0.8096509435223367
0.010786327979081,0.0565530401595975,0.8096302264671242
0.010786327979081,0.0566397779512533,0.8095661975786635
0.0108330220395965,0.0566397779512533,0.8095448397284037
0.0108330220395965,0.0573336802844999,0.8092911220631935
0.0108563690698543,0.0573336802844999,0.809180407639414
0.0108563690698543,0.0574204180761557,0.8091463729634774
0.010879716100112,0.0574204180761557,0.8091303866699286
0.010879716100112,0.0575938936594674,0.8091096179433075
0.0109030631303698,0.0575938936594674,0.8090650686670631
0.0109030631303698,0.0576806314511232,0.8090086250024485
0.0109264101606275,0.0576806314511232,0.8090069757225149
0.0109264101606275,0.057767369242779,0.8090056067096671
0.0110197982816585,0.057767369242779,0.80876350477715
0.0110197982816585,0.058287795992714,0.808547161091099
0.0110898393724318,0.058287795992714,0.8083588586230455
0.0110898393724318,0.0583745337843698,0.8083107573166088
0.0111131864026895,0.0583745337843698,0.8082341178241805
0.0111131864026895,0.0585480093676815,0.8081629648612234
0.0111365334329473,0.0585480093676815,0.8081315420618959
0.0111365334329473,0.0588082227426489,0.8080545755760462
0.011159880463205,0.0588082227426489,0.8080281953017169
0.011159880463205,0.0589816983259606,0.8079954679763651
0.0111832274934628,0.0589816983259606,0.8079469567956656
0.0111832274934628,0.0594153872842397,0.8076046468281377
0.011346656705267,0.0594153872842397,0.8073959313795804
0.011346656705267,0.0595021250758955,0.8073756318139246
0.0113700037355248,0.0595021250758955,0.807320670097933
0.0113700037355248,0.059762338450863,0.8071290183348969
0.0113933507657825,0.059762338450863,0.8070926629026097
0.0113933507657825,0.0598490762425188,0.807088974722741
0.0114166977960403,0.0598490762425188,0.8070726334685158
0.0114166977960403,0.0599358140341746,0.8070350505182252
0.011440044826298,0.0599358140341746,0.8070179651981799
0.011440044826298,0.0601960274091421,0.806876349438418
0.0114633918565558,0.0601960274091421,0.8068669356996283
0.0114633918565558,0.0607164541590771,0.8066745544841765
0.0114867388868135,0.0607164541590771,0.8066007896289973
0.0114867388868135,0.0608899297423887,0.8065005425191674
0.0115100859170713,0.0608899297423887,0.8064658171940854
0.0115100859170713,0.0609766675340445,0.8064076138745471
0.0115334329473291,0.0609766675340445,0.8063937094291631
0.0115334329473291,0.0610634053257004,0.8063744914377712
0.0115567799775868,0.0610634053257004,0.806330552579661
0.0115567799775868,0.0611501431173562,0.8063286411361057
0.0116034740381023,0.0611501431173562,0.8062796425807268
0.0116034740381023,0.0615838320756353,0.8061197316538005
0.0116501680986178,0.0615838320756353,0.8060648143517031
0.0116501680986178,0.0619307832422586,0.805903302566126
0.0116735151288756,0.0619307832422586,0.8058820183881873
0.0116735151288756,0.0620175210339144,0.8058808656128602
0.0117202091893911,0.0620175210339144,0.805849114913541
0.0117202091893911,0.0621042588255703,0.8058465621110862
0.0117435562196488,0.0621042588255703,0.8058359827739431
0.0117435562196488,0.0625379477838494,0.8057391190841644
0.0117669032499066,0.0625379477838494,0.8057263896755229
0.0117669032499066,0.0626246855755052,0.8057249510677574
0.0117902502801643,0.0626246855755052,0.8056869961883171
0.0117902502801643,0.0630583745337843,0.805642582525361
0.0118369443406798,0.0630583745337843,0.8055946434845788
0.0118369443406798,0.0631451123254401,0.80559354834383
0.0118602913709376,0.0631451123254401,0.805574885882565
0.0118602913709376,0.0635788012837193,0.805128061765858
0.0119069854314531,0.0635788012837193,0.8050560839604516
0.0119069854314531,0.0636655390753751,0.8050516961349246
0.0119770265222263,0.0636655390753751,0.8048848816068975
0.0119770265222263,0.06418596582531,0.8047314598080147
0.0120237205827418,0.06418596582531,0.8047028121235595
0.0120237205827418,0.0643594414086217,0.8046896121151534
0.0120470676129996,0.0643594414086217,0.8046504024812186
0.0120470676129996,0.0647931303669008,0.804559288155817
0.0120704146432573,0.0647931303669008,0.8045171631385738
0.0120704146432573,0.0649666059502125,0.8043920772810643
0.0121404557340306,0.0649666059502125,0.8043229603660171
0.0121404557340306,0.0654870327001474,0.804176124897297
0.0121638027642883,0.0654870327001474,0.8041702441190877
0.0121638027642883,0.0655737704918032,0.8041154628933105
0.0121871497945461,0.0655737704918032,0.8040163961528426
0.0121871497945461,0.0656605082834591,0.8037880342648961
0.0122338438550616,0.0656605082834591,0.8037504045643259
0.0122338438550616,0.0658339838667707,0.8036291692971265
0.0122571908853193,0.0658339838667707,0.8035983136249801
0.0122571908853193,0.0659207216584265,0.8035968795515255
0.0122805379155771,0.0659207216584265,0.803536974531319
0.0122805379155771,0.0660074594500824,0.8035237480481555
0.0123038849458348,0.0660074594500824,0.8035140639393679
0.0123038849458348,0.0660941972417382,0.8035091948527877
0.0123739260366081,0.0660941972417382,0.8034771843143638
0.0123739260366081,0.0663544106167057,0.8033674015078005
0.0123972730668658,0.0663544106167057,0.8033612105002662
0.0123972730668658,0.0665278862000173,0.803302949894501
0.0124206200971236,0.0665278862000173,0.8032637732746611
0.0124206200971236,0.066701361783329,0.8032314508269635
0.0124673141576391,0.066701361783329,0.8032137641274181
0.0124673141576391,0.0671350507416081,0.8030058762943724
0.0125373552484124,0.0671350507416081,0.8028698884210937
0.0125373552484124,0.0673952641165755,0.8027389986615564
0.0125840493089279,0.0673952641165755,0.8025553475597762
0.0125840493089279,0.0675687396998872,0.8024706243764117
0.0126540903997011,0.0675687396998872,0.8024024316939977
0.0126540903997011,0.0677422152831988,0.8023055990823192
0.0127241314904744,0.0677422152831988,0.8022203423492487
0.0127241314904744,0.0680024286581663,0.8022020109284833
0.0127941725812476,0.0680024286581663,0.8019564035330764
0.0127941725812476,0.0680891664498221,0.8019286210680814
0.0128408666417631,0.0680891664498221,0.8019073169248689
0.0128408666417631,0.068175904241478,0.8018469921867384
0.0128875607022786,0.068175904241478,0.8017215902822326
0.0128875607022786,0.0684361176164454,0.8014347922084146
0.0129342547627941,0.0684361176164454,0.8013684586242855
0.0129342547627941,0.0685228554081013,0.801361308443257
0.0129576017930519,0.0685228554081013,0.8013350575040594
0.0129576017930519,0.0686963309914129,0.8012769220074822
0.0130042958535674,0.0686963309914129,0.8012054543866651
0.0130042958535674,0.0689565443663804,0.801160444529413
0.0130276428838251,0.0689565443663804,0.8011310290992686
0.0130276428838251,0.0690432821580362,0.8011296823986287
0.0130509899140829,0.0690432821580362,0.801128627551153
0.0130509899140829,0.0692167577413479,0.8010604708745828
0.0130743369443406,0.0692167577413479,0.8010246736409771
0.0130743369443406,0.0693902333246595,0.8010033987803904
0.0131210310048561,0.0693902333246595,0.8009733043932269
0.0131210310048561,0.0697371844912828,0.8007879134579259
0.0131677250653716,0.0697371844912828,0.8007287428605047
0.0131677250653716,0.0698239222829386,0.8007212326565962
0.0132144191258871,0.0698239222829386,0.8006419574600196
0.0132144191258871,0.0700841356579061,0.8005644663927048
0.0132611131864026,0.0700841356579061,0.8005381965866187
0.0132611131864026,0.0701708734495619,0.8005301705182988
0.0133078072469181,0.0701708734495619,0.8004988991352764
0.0133078072469181,0.0703443490328736,0.8004165549700498
0.0133311542771759,0.0703443490328736,0.8003033241599634
0.0133311542771759,0.0704310868245294,0.8002887796313927
0.0133545013074336,0.0704310868245294,0.8002860702117552
0.0133545013074336,0.0706913001994969,0.800188358244816
0.0134245423982069,0.0706913001994969,0.7997845256493454
0.0134245423982069,0.0707780379911527,0.7997693554543981
0.0134478894284646,0.0707780379911527,0.7996881351593486
0.0134478894284646,0.071124989157776,0.7994573880859621
0.0134712364587224,0.071124989157776,0.7994394796974191
0.0134712364587224,0.0712117269494318,0.7994011645547068
0.0135646245797534,0.0712117269494318,0.7992275677662893
0.0135646245797534,0.0715586781160551,0.7991652705475494
0.0135879716100112,0.0715586781160551,0.7991276466074466
0.0135879716100112,0.071645415907711,0.7991236938466392
0.0136113186402689,0.071645415907711,0.7991122805956712
0.0136113186402689,0.0718188914910226,0.7990720180824497
0.0136346656705267,0.0718188914910226,0.7990368609302899
0.0136346656705267,0.0720791048659901,0.7987659052829752
0.0136580127007844,0.0720791048659901,0.7987599787078923
0.0136580127007844,0.0722525804493017,0.7987369737800256
0.0136813597310422,0.0722525804493017,0.7987214606115343
0.0136813597310422,0.0724260560326134,0.7985905971234378
0.0137514008218154,0.0724260560326134,0.7984649944230393
0.0137514008218154,0.072599531615925,0.7984395751869524
0.0137747478520732,0.072599531615925,0.7983005953192208
0.0137747478520732,0.0726862694075808,0.7982500997749249
0.0137980948823309,0.0726862694075808,0.7982211610270976
0.0137980948823309,0.0728597449908925,0.7981640305606632
0.0138214419125887,0.0728597449908925,0.7981109072860709
0.0138214419125887,0.0730332205742041,0.7980215204729479
0.0138681359731042,0.0730332205742041,0.7979211414565375
0.0138681359731042,0.0734669095324833,0.7978389434382382
0.0138914830033619,0.0734669095324833,0.7978030332799426
0.0138914830033619,0.0735536473241391,0.79768060941216
0.0139381770638774,0.0735536473241391,0.7976444999503913
0.0139381770638774,0.0736403851157949,0.7976284216605848
0.0140549122151662,0.0736403851157949,0.7975111105013979
0.0140549122151662,0.0737271229074507,0.7975007218038093
0.0141016062756817,0.0737271229074507,0.7974149251213782
0.0141016062756817,0.0738138606991066,0.7974088690086191
0.0141483003361972,0.0738138606991066,0.7972215093241202
0.0141483003361972,0.074074074074074,0.7969384055870236
0.0141716473664549,0.074074074074074,0.7969269923233101
0.0141716473664549,0.0742475496573857,0.7968236227392573
0.0141949943967127,0.0742475496573857,0.7968160315305612
0.0141949943967127,0.0744210252406973,0.7967039511625477
0.0142416884572282,0.0744210252406973,0.7965669466148462
0.0142416884572282,0.0745077630323532,0.7965590964424887
0.0142650354874859,0.0745077630323532,0.7965481959894248
0.0142650354874859,0.074594500824009,0.796538035938861
0.0143117295480014,0.074594500824009,0.796511389559439
0.0143117295480014,0.0749414519906323,0.7964217905355472
0.0143350765782592,0.0749414519906323,0.7964010039336741
0.0143350765782592,0.0751149275739439,0.7962531718278432
0.0143584236085169,0.0751149275739439,0.7962469576356102
0.0143584236085169,0.0756353543238789,0.7959796744067137
0.0143817706387747,0.0756353543238789,0.7959290707230513
0.0143817706387747,0.0759823054905022,0.7958486728129863
0.014451811729548,0.0759823054905022,0.7957672780718408
0.014451811729548,0.076069043282158,0.7957487618884188
0.0144751587598057,0.076069043282158,0.7957307556816172
0.0144751587598057,0.0762425188654696,0.7957193777317888
0.0144985057900635,0.0762425188654696,0.7956719579758362
0.0144985057900635,0.0765027322404371,0.7954900777529887
0.0145685468808367,0.0765027322404371,0.7954024178676815
0.0145685468808367,0.0765894700320929,0.7953937016100333
0.0145918939110945,0.0765894700320929,0.7953889071207889
0.0145918939110945,0.0767629456154046,0.7953041960592728
0.0146619350018677,0.0767629456154046,0.795234839990385
0.0146619350018677,0.0768496834070604,0.7952083334245246
0.014731976092641,0.0768496834070604,0.7951576291678839
0.014731976092641,0.0769364211987162,0.7950837725740739
0.0147553231228987,0.0769364211987162,0.795021722740424
0.0147553231228987,0.0770231589903721,0.7950000225146543
0.0147786701531565,0.0770231589903721,0.7949397557541149
0.0147786701531565,0.0774568479486512,0.7947515077480303
0.0148020171834142,0.0774568479486512,0.7947301098667497
0.0148020171834142,0.0776303235319628,0.7946959985735629
0.0148487112439297,0.0776303235319628,0.7946418895340225
0.0148487112439297,0.0777170613236187,0.7946152482368584
0.0148720582741875,0.0777170613236187,0.7946009300835726
0.0148720582741875,0.0778905369069303,0.7944755368978426
0.0148954053044452,0.0778905369069303,0.7944715505501139
0.0148954053044452,0.0784977014485211,0.7942402463401395
0.0149420993649607,0.0784977014485211,0.7942078410138719
0.0149420993649607,0.0787579148234886,0.7941437725650877
0.015012140455734,0.0787579148234886,0.7939870015343422
0.015012140455734,0.0788446526151444,0.7939804467317383
0.015105528576765,0.0788446526151444,0.7937412653925819
0.015105528576765,0.0789313904068002,0.793707294722984
0.0151522226372805,0.0789313904068002,0.7936320022907049
0.0151522226372805,0.079018128198456,0.7936062349979719
0.0151755696675382,0.079018128198456,0.7936024196111937
0.0151755696675382,0.0791048659901118,0.7936012078271432
0.0152456107583115,0.0791048659901118,0.7933970627075848
0.0152456107583115,0.0791916037817677,0.7933497592531438
0.0153156518490847,0.0791916037817677,0.7931726909317205
0.0153156518490847,0.0792783415734235,0.793129092476102
0.0153389988793425,0.0792783415734235,0.7930833903430983
0.0153389988793425,0.079538554948391,0.7928508201255995
0.0153623459096002,0.079538554948391,0.7928435158538519
0.0153623459096002,0.0796252927400468,0.7928086674037826
0.015385692939858,0.0796252927400468,0.7927701269344762
0.015385692939858,0.0797120305317026,0.7927262114610494
0.0155024280911468,0.0797120305317026,0.7926275502524777
0.0155024280911468,0.0798855061150143,0.792515905224934
0.0155958162121778,0.0798855061150143,0.7924237655483853
0.0155958162121778,0.0800589816983259,0.792366696362594
0.0156191632424355,0.0800589816983259,0.7923501835210375
0.0156191632424355,0.0801457194899817,0.7923361112778302
0.0156425102726933,0.0801457194899817,0.7922926770622492
0.0156425102726933,0.0802324572816376,0.7922506213930872
0.015665857302951,0.0802324572816376,0.79221860882973
0.015665857302951,0.0804059328649492,0.7921553689474692
0.0156892043332088,0.0804059328649492,0.7921112941386499
0.0156892043332088,0.080492670656605,0.7920947502516665
0.0157125513634665,0.080492670656605,0.792093030405138
0.0157125513634665,0.0805794084482609,0.7920808729423797
0.015759245423982,0.0805794084482609,0.792035393183059
0.015759245423982,0.0807528840315725,0.7918534306024133
0.0157825924542398,0.0807528840315725,0.791839073371145
0.0157825924542398,0.0809263596148842,0.7918087433804646
0.015852633545013,0.0809263596148842,0.7917749772881657
0.015852633545013,0.0812733107815075,0.7916946518211452
0.0159226746357863,0.0812733107815075,0.7916107538754913
0.0159226746357863,0.0813600485731633,0.791603605667361
0.015946021666044,0.0813600485731633,0.7916035631177936
0.015946021666044,0.0816202619481308,0.7914454980391225
0.0159693686963018,0.0816202619481308,0.7912532577016355
0.0159693686963018,0.0817937375314424,0.7912338876726351
0.0160861038475905,0.0817937375314424,0.791217952156799
0.0160861038475905,0.0818804753230982,0.7911913815880314
0.0161561449383638,0.0818804753230982,0.7911443689507474
0.0161561449383638,0.081967213114754,0.7911379503469588
0.0161794919686215,0.081967213114754,0.7911082499863809
0.0161794919686215,0.0820539509064099,0.791100960939774
0.0162028389988793,0.0820539509064099,0.7910581419508269
0.0162028389988793,0.0821406886980657,0.7910454431567056
0.0162495330593948,0.0821406886980657,0.7909974877316976
0.0162495330593948,0.0823141642813774,0.7909639103323711
0.0162728800896525,0.0823141642813774,0.7909410649214701
0.0162728800896525,0.0826611154480007,0.790807808969672
0.0162962271199103,0.0826611154480007,0.7908070496109263
0.0162962271199103,0.0827478532396565,0.7907386583240084
0.0163662682106836,0.0827478532396565,0.7906339443077032
0.0163662682106836,0.0828345910313123,0.7906234807226653
0.0163896152409413,0.0828345910313123,0.7906131808592912
0.0163896152409413,0.0832682799895914,0.7904513048699618
0.0164129622711991,0.0832682799895914,0.790440341763278
0.0164129622711991,0.0834417555729031,0.7904060833741211
0.0164830033619723,0.0834417555729031,0.7903572909595225
0.0164830033619723,0.0835284933645589,0.7903478091624381
0.0166230855435188,0.0835284933645589,0.7902386794917001
0.0166230855435188,0.0836152311562147,0.7901823729548241
0.0166697796040343,0.0836152311562147,0.790069554019013
0.0166697796040343,0.0837019689478705,0.790016130575655
0.0167164736645498,0.0837019689478705,0.7899510126480449
0.0167164736645498,0.083962182322838,0.7898894832475916
0.0167398206948076,0.083962182322838,0.7897994101185393
0.0167398206948076,0.0840489201144938,0.7897821792381323
0.0168098617855808,0.0840489201144938,0.7897096907916262
0.0168098617855808,0.0843958712811171,0.7895265981126584
0.0168799028763541,0.0843958712811171,0.7894997738736365
0.0168799028763541,0.0846560846560846,0.7892854997186485
0.0169032499066118,0.0846560846560846,0.7892237096872705
0.0169032499066118,0.0849162980310521,0.7891753954893989
0.0169732909973851,0.0849162980310521,0.7891451079532049
0.0169732909973851,0.0850030358227079,0.7891275806998493
0.0169966380276428,0.0850030358227079,0.789061794219062
0.0169966380276428,0.0855234625726429,0.7886456418457661
0.0170199850579006,0.0855234625726429,0.7886456074471968
0.0170199850579006,0.0856102003642987,0.788643343995899
0.0170666791184161,0.0856102003642987,0.7886074384832339
0.0170666791184161,0.0857836759476103,0.7885587524139288
0.0171600672394471,0.0857836759476103,0.7884295895432579
0.0171600672394471,0.0858704137392662,0.7883476684470717
0.0172067612999626,0.0858704137392662,0.7883339325846287
0.0172067612999626,0.085957151530922,0.7883293599504597
0.0172534553604781,0.085957151530922,0.7882312797891572
0.0172534553604781,0.0863908404892011,0.7880955697985584
0.0173001494209936,0.0863908404892011,0.7879994837360091
0.0173001494209936,0.086911267239136,0.7878066557793602
0.0173468434815091,0.086911267239136,0.7877825119115831
0.0173468434815091,0.0870847428224477,0.7877644516401183
0.0173701905117669,0.0870847428224477,0.7877513619149781
0.0173701905117669,0.0872582184057593,0.7877055762435525
0.0175569667538289,0.0872582184057593,0.7874661570911559
0.0175569667538289,0.0873449561974152,0.7874455248626815
0.0176036608143444,0.0873449561974152,0.7874001369353371
0.0176036608143444,0.0875184317807268,0.7873271578452417
0.0176270078446021,0.0875184317807268,0.7872671132758977
0.0176270078446021,0.0876919073640385,0.7872190405338216
0.0176503548748599,0.0876919073640385,0.7871717725629918
0.0176503548748599,0.0877786451556943,0.7871391203950887
0.0176737019051176,0.0877786451556943,0.7871091954952691
0.0176737019051176,0.0878653829473501,0.7870711105414051
0.0177203959656331,0.0878653829473501,0.7869575719844346
0.0177203959656331,0.0880388585306618,0.7869440267081944
0.0177437429958909,0.0880388585306618,0.7869131097516788
0.0177437429958909,0.0881255963223176,0.7868712594962721
0.0177670900261486,0.0881255963223176,0.7868699753679764
0.0177670900261486,0.0882123341139734,0.7868380733434184
0.0178604781471796,0.0882123341139734,0.7866402718210956
0.0178604781471796,0.0882990719056292,0.7865841855971171
0.0178838251774374,0.0882990719056292,0.7865181564688674
0.0178838251774374,0.0883858096972851,0.7864717932673173
0.0179305192379529,0.0883858096972851,0.786461985650309
0.0179305192379529,0.0888194986555642,0.786367297630898
0.0180005603287261,0.0888194986555642,0.7862484742578705
0.0180005603287261,0.0890797120305317,0.7861990390682817
0.0180239073589839,0.0890797120305317,0.7861956095912631
0.0180239073589839,0.0891664498221875,0.786181172987445
0.0181406425102726,0.0891664498221875,0.7860301716492814
0.0181406425102726,0.0892531876138433,0.7860243260415833
0.0182573776615614,0.0892531876138433,0.7858044693587284
0.0182573776615614,0.0893399254054991,0.7857565713714334
0.0183974598431079,0.0893399254054991,0.7855995148340855
0.0183974598431079,0.089426663197155,0.7855774163998138
0.0184675009338812,0.089426663197155,0.7855223599059474
0.0184675009338812,0.0896001387804666,0.7855077138154957
0.0184908479641389,0.0896001387804666,0.7854847865160703
0.0184908479641389,0.0901205655304016,0.7851229409669768
0.0185375420246544,0.0901205655304016,0.785058557562828
0.0185375420246544,0.0902940411137132,0.7849346255358194
0.0186075831154277,0.0902940411137132,0.78485292522922
0.0186075831154277,0.090380778905369,0.784746470549057
0.0186309301456854,0.090380778905369,0.7847201826430534
0.0186309301456854,0.0904675166970249,0.7847046270185604
0.0187009712364587,0.0904675166970249,0.7846658902754691
0.0187009712364587,0.0906409922803365,0.7845859907219052
0.0187243182667164,0.0906409922803365,0.7845524837857436
0.0187243182667164,0.090901205655304,0.78446882442655
0.0187476652969742,0.090901205655304,0.784461540117973
0.0187476652969742,0.0909879434469598,0.7844548152758957
0.0187710123272319,0.0909879434469598,0.7843785096825879
0.0187710123272319,0.0911614190302714,0.7841970678241847
0.0188877474785207,0.0911614190302714,0.7840875769401647
0.0188877474785207,0.0912481568219273,0.7840677780216319
0.0189110945087784,0.0912481568219273,0.7840640668703264
0.0189110945087784,0.0916818457802064,0.783920014139617
0.0189811355995517,0.0916818457802064,0.783838092239055
0.0189811355995517,0.0921155347384855,0.7835644450409747
0.0190745237205827,0.0921155347384855,0.7834660015054655
0.0190745237205827,0.0922022725301413,0.7834397091105929
0.0190978707508404,0.0922022725301413,0.7834328068067526
0.0190978707508404,0.092375748113453,0.7833038163835192
0.0191912588718714,0.092375748113453,0.783191842787597
0.0191912588718714,0.0924624859051088,0.7831637620212988
0.0192612999626447,0.0924624859051088,0.7830544659500864
0.0192612999626447,0.0928961748633879,0.782941606230339
0.0192846469929025,0.0928961748633879,0.7829190580294195
0.0192846469929025,0.0930696504466996,0.7828704129866471
0.0193079940231602,0.0930696504466996,0.782852401676494
0.0193079940231602,0.0931563882383554,0.7828320467035672
0.0193780351139335,0.0931563882383554,0.7827667814340031
0.0193780351139335,0.0934166016133229,0.7827009975597705
0.019424729174449,0.0934166016133229,0.7826148085633712
0.019424729174449,0.0936768149882904,0.7825768325424293
0.0194714232349645,0.0936768149882904,0.7825455745977157
0.0194714232349645,0.093850290571602,0.7825251055417038
0.0194947702652222,0.093850290571602,0.7824002446401359
0.0194947702652222,0.0940237661549137,0.7823798048961972
0.0195414643257377,0.0940237661549137,0.7823309062081986
0.0195414643257377,0.0941105039465695,0.7822720567494766
0.0195881583862532,0.0941105039465695,0.7821882362065806
0.0195881583862532,0.0941972417382253,0.7821853135558278
0.0196348524467687,0.0941972417382253,0.7821646962474151
0.0196348524467687,0.0942839795298811,0.7821284968779358
0.019704893537542,0.0942839795298811,0.7820625302996125
0.019704893537542,0.0944574551131928,0.7820421238896018
0.0197282405677997,0.0944574551131928,0.7820084023373549
0.0197282405677997,0.0945441929048486,0.7819480523666393
0.0197515875980575,0.0945441929048486,0.7818704495089859
0.0197515875980575,0.0946309306965044,0.7818663778793966
0.0198216286888307,0.0946309306965044,0.7818197136181202
0.0198216286888307,0.0948911440714719,0.7817418386468225
0.0198683227493462,0.0948911440714719,0.7816434964049739
0.0198683227493462,0.0950646196547835,0.7816013221288849
0.0199383638401195,0.0950646196547835,0.7813809759420676
0.0199383638401195,0.0951513574464394,0.7813158255688941
0.0199617108703772,0.0951513574464394,0.7813141830540835
0.0199617108703772,0.095324833029751,0.7812073924288686
0.019985057900635,0.095324833029751,0.781185279801772
0.019985057900635,0.0955850464047185,0.7811481269367204
0.020078446021666,0.0955850464047185,0.7810270122269679
0.020078446021666,0.095845259779686,0.7809312916261185
0.0201017930519237,0.095845259779686,0.780924616442583
0.0201017930519237,0.0960187353629976,0.7808836879559677
0.0201251400821815,0.0960187353629976,0.7808679970757977
0.0201251400821815,0.0962789487379651,0.7807544872990634
0.0201951811729548,0.0962789487379651,0.780688941044947
0.0201951811729548,0.0964524243212767,0.7806445841710267
0.0202418752334703,0.0964524243212767,0.7805543220526213
0.0202418752334703,0.0966258999045884,0.780443447627886
0.0202885692939858,0.0966258999045884,0.7804135430071527
0.0202885692939858,0.0967126376962442,0.7802152456088536
0.0204286514755323,0.0967126376962442,0.7800030342418274
0.0204286514755323,0.0967993754879,0.7799649068641488
0.02045199850579,0.0967993754879,0.779938959543304
0.02045199850579,0.0968861132795559,0.7799187464098041
0.0204753455360478,0.0968861132795559,0.7798771117850338
0.0204753455360478,0.0974065400294908,0.7797211125464258
0.0205220395965633,0.0974065400294908,0.7797094791266566
0.0205220395965633,0.0974932778211466,0.7796374980127354
0.020545386626821,0.0974932778211466,0.7796025736267351
0.020545386626821,0.0975800156128025,0.779583232682194
0.0205687336570788,0.0975800156128025,0.7795821204364651
0.0205687336570788,0.0977534911961141,0.7795041990084676
0.0206154277175943,0.0977534911961141,0.7794979369904615
0.0206154277175943,0.0978402289877699,0.7794682500199701
0.0206621217781098,0.0978402289877699,0.7793382657233745
0.0206621217781098,0.0979269667794257,0.7792778683557642
0.0207088158386253,0.0979269667794257,0.7791501652828151
0.0207088158386253,0.0981004423627374,0.779066242973291
0.0207555098991408,0.0981004423627374,0.7789715814693854
0.0207555098991408,0.0981871801543932,0.778961422124469
0.0208022039596563,0.0981871801543932,0.7789350128098019
0.0208022039596563,0.098273917946049,0.77889237527394
0.020825550989914,0.098273917946049,0.7788613937840408
0.020825550989914,0.0984473935293607,0.7788025653274027
0.0208488980201718,0.0984473935293607,0.7787757195985374
0.0208488980201718,0.0989678202792957,0.7785753732824243
0.0208722450504295,0.0989678202792957,0.7785717020546692
0.0208722450504295,0.0990545580709515,0.7785691939836777
0.0208955920806873,0.0990545580709515,0.7785669972359268
0.0208955920806873,0.0993147714459189,0.778491882767536
0.020918939110945,0.0993147714459189,0.7784900572216769
0.020918939110945,0.0994015092375748,0.7784868396379486
0.0209656331714605,0.0994015092375748,0.7784693018364327
0.0209656331714605,0.0994882470292306,0.7784554972237542
0.021012327231976,0.0994882470292306,0.7783831238902804
0.021012327231976,0.0995749848208864,0.7783690138630321
0.0210356742622338,0.0995749848208864,0.7783260869118332
0.0210356742622338,0.0997484604041981,0.7782417854680226
0.0210823683227493,0.0997484604041981,0.7780867339195596
0.0210823683227493,0.0998351981958539,0.7780631847170207
0.021105715353007,0.0998351981958539,0.7780597506440446
0.021105715353007,0.0999219359875097,0.7780305728783088
0.0211524094135226,0.0999219359875097,0.7778416969265187
0.0211524094135226,0.1000086737791655,0.7778295067650032
0.0211757564437803,0.1000086737791655,0.7778241347330273
0.0211757564437803,0.100268887154133,0.7777514038574027
0.0212457975345536,0.100268887154133,0.7776726774717457
0.0212457975345536,0.1005291005291005,0.7776121982021077
0.0212691445648113,0.1005291005291005,0.7776110976614212
0.0212691445648113,0.1008760516957238,0.7775142901685193
0.0214092267463578,0.1008760516957238,0.7774255604471756
0.0214092267463578,0.1009627894873796,0.7774190039581643
0.0214792678371311,0.1009627894873796,0.7773560051576311
0.0214792678371311,0.1010495272790354,0.777351070652185
0.0215026148673888,0.1010495272790354,0.7773500387533118
0.0215026148673888,0.1012230028623471,0.7773366413064758
0.0215960029884198,0.1012230028623471,0.7772796873789629
0.0215960029884198,0.1015699540289704,0.7772342751280056
0.0217827792304818,0.1015699540289704,0.777094683874679
0.0217827792304818,0.1016566918206262,0.7770527302889233
0.0218061262607396,0.1016566918206262,0.777038938620338
0.0218061262607396,0.101743429612282,0.7770268764818569
0.0218528203212551,0.101743429612282,0.7768530556517381
0.0218528203212551,0.1018301674039379,0.7768444190425279
0.0218761673515128,0.1018301674039379,0.7768392053231289
0.0218761673515128,0.1019169051955937,0.7768384887621713
0.0218995143817706,0.1019169051955937,0.7768170744965202
0.0218995143817706,0.1020036429872495,0.7767690580353633
0.0219228614120283,0.1020036429872495,0.7767554896171294
0.0219228614120283,0.1021771185705611,0.7767257353993084
0.0219929025028016,0.1021771185705611,0.7767021610028033
0.0219929025028016,0.102263856362217,0.7766904593766112
0.0220162495330593,0.102263856362217,0.7766838702952852
0.0220162495330593,0.1023505941538728,0.776683612901153
0.0220395965633171,0.1023505941538728,0.776668893519178
0.0220395965633171,0.1025240697371844,0.7766583657189535
0.0221096376540904,0.1025240697371844,0.7766175101285729
0.0221096376540904,0.1026108075288403,0.7765942488661884
0.0221329846843481,0.1026108075288403,0.776593083348154
0.0221329846843481,0.1026975453204961,0.7765394802706448
0.0221563317146059,0.1026975453204961,0.7765113318562522
0.0221563317146059,0.1029577586954636,0.7764138608988823
0.0222030257751214,0.1029577586954636,0.7764072076301372
0.0222030257751214,0.1030444964871194,0.7764035970893269
0.0222497198356369,0.1030444964871194,0.776342562127546
0.0222497198356369,0.1033047098620869,0.7763258712606428
0.0223898020171834,0.1033047098620869,0.7761282734236674
0.0223898020171834,0.103738398820366,0.7760424450256111
0.0224131490474411,0.103738398820366,0.7760144593696396
0.0224131490474411,0.1038251366120218,0.7759888946571935
0.0224364960776989,0.1038251366120218,0.7759571267204419
0.0224364960776989,0.1039118744036776,0.7758410821640943
0.0225065371684721,0.1039118744036776,0.7758073701234505
0.0225065371684721,0.1041720877786451,0.7757306546250812
0.0225298841987299,0.1041720877786451,0.7756938131116512
0.0225298841987299,0.1042588255703009,0.7756759699185768
0.0225532312289876,0.1042588255703009,0.7756409267427303
0.0225532312289876,0.1044323011536126,0.7756018288078397
0.0226232723197609,0.1044323011536126,0.7755745231386871
0.0226232723197609,0.1045190389452684,0.7755384628333362
0.0226466193500186,0.1045190389452684,0.7754839310400083
0.0226466193500186,0.1046057767369242,0.7754224042892601
0.0226699663802764,0.1046057767369242,0.7754213450825392
0.0226699663802764,0.1047792523202359,0.7753922463119164
0.0226933134105341,0.1047792523202359,0.7752835638831432
0.0226933134105341,0.1050394656952034,0.7751492598918956
0.0227166604407919,0.1050394656952034,0.7751030783180812
0.0227166604407919,0.1051262034868592,0.7751020516004353
0.0227867015315651,0.1051262034868592,0.7748956368438216
0.0227867015315651,0.105212941278515,0.7748906358370021
0.0228567426223384,0.105212941278515,0.7748755921022321
0.0228567426223384,0.1053864168618267,0.7748070958366241
0.0229034366828539,0.1053864168618267,0.774785845404133
0.0229034366828539,0.1054731546534825,0.7747812006659928
0.0229267837131116,0.1054731546534825,0.7747335289660405
0.0229267837131116,0.1055598924451383,0.7747298558598588
0.0229501307433694,0.1055598924451383,0.7747202541736792
0.0229501307433694,0.10573336802845,0.7746775038595469
0.0230435188644004,0.10573336802845,0.7746232159927049
0.0230435188644004,0.1058201058201058,0.7746229339553317
0.0230902129249159,0.1058201058201058,0.7746061686719277
0.0230902129249159,0.1063405325700407,0.7744034832802119
0.0231369069854314,0.1063405325700407,0.7743394886929963
0.0231369069854314,0.1064272703616966,0.7742402037291297
0.0231602540156892,0.1064272703616966,0.774201052500676
0.0231602540156892,0.1065140081533524,0.7741957600102547
0.0231836010459469,0.1065140081533524,0.7741776574695172
0.0231836010459469,0.1066007459450082,0.7741472931762488
0.0232536421367202,0.1066007459450082,0.7741019715210777
0.0232536421367202,0.1067742215283198,0.7740598052541531
0.0232769891669779,0.1067742215283198,0.7740414186709955
0.0232769891669779,0.1070344349032873,0.7740249704637674
0.0233236832274934,0.1070344349032873,0.7739423267174595
0.0233236832274934,0.1071211726949431,0.7739070326653841
0.0233703772880089,0.1071211726949431,0.7738215143483828
0.0233703772880089,0.107207910486599,0.7737965627564496
0.0233937243182667,0.107207910486599,0.7737774066008807
0.0233937243182667,0.1073813860699106,0.7736977290098556
0.0234170713485244,0.1073813860699106,0.7736580355087063
0.0234170713485244,0.1074681238615664,0.7736124342851374
0.0235338064998132,0.1074681238615664,0.7735495823114398
0.0235338064998132,0.1076415994448781,0.7735172913387844
0.0235571535300709,0.1076415994448781,0.7735138530224779
0.0235571535300709,0.1077283372365339,0.7734914427527033
0.0236038475905864,0.1077283372365339,0.7734182098718625
0.0236038475905864,0.1078150750281897,0.7733970239185387
0.0236271946208442,0.1078150750281897,0.7733747963361798
0.0236271946208442,0.1080752884031572,0.7732675221810736
0.0236505416511019,0.1080752884031572,0.7732569048911437
0.0236505416511019,0.1082487639864689,0.7732208456739641
0.0237439297721329,0.1082487639864689,0.773138135167879
0.0237439297721329,0.1083355017781247,0.7730908956533715
0.0238139708629062,0.1083355017781247,0.7730192362886096
0.0238139708629062,0.1085089773614363,0.772998090935384
0.0238373178931639,0.1085089773614363,0.7729894297647137
0.0238373178931639,0.1085957151530922,0.7729719361640705
0.0238840119536794,0.1085957151530922,0.7729290813347023
0.0238840119536794,0.1088559285280596,0.7728439348171793
0.0239073589839372,0.1088559285280596,0.7728284415270612
0.0239073589839372,0.1090294041113713,0.7728094933479781
0.0239307060141949,0.1090294041113713,0.7727766021957139
0.0239307060141949,0.1091161419030271,0.7727741445687177
0.0239540530444527,0.1091161419030271,0.7727648163338657
0.0239540530444527,0.1092028796946829,0.7727325640639859
0.0241641763167725,0.1092028796946829,0.7724970261837241
0.0241641763167725,0.1093763552779946,0.772489469638207
0.0241875233470302,0.1093763552779946,0.7724515736003217
0.0241875233470302,0.1094630930696504,0.7723927719452257
0.024210870377288,0.1094630930696504,0.7722856975341347
0.024210870377288,0.1098100442362737,0.772121708467196
0.0242809114680612,0.1098100442362737,0.7719772832237359
0.0242809114680612,0.1098967820279295,0.7719296004395505
0.0243276055285767,0.1098967820279295,0.7718909348021366
0.0243276055285767,0.1099835198195853,0.7718709704068102
0.0243742995890922,0.1099835198195853,0.7718557634495355
0.0243742995890922,0.1103304709862087,0.7717779646249067
0.02439764661935,0.1103304709862087,0.7717483179511915
0.02439764661935,0.1104172087778645,0.7717341657381716
0.0244209936496077,0.1104172087778645,0.7717160978150738
0.0244209936496077,0.1107641599444878,0.7715613521651434
0.0244443406798655,0.1107641599444878,0.7715591116024293
0.0244443406798655,0.1109376355277994,0.7715132124754779
0.0244676877101232,0.1109376355277994,0.7714981468374422
0.0244676877101232,0.1110243733194552,0.7714957946394458
0.024584422861412,0.1110243733194552,0.7714117545273738
0.024584422861412,0.1111111111111111,0.7714049380667972
0.0246311169219275,0.1111111111111111,0.7713830094135774
0.0246311169219275,0.1111978489027669,0.7713395283465151
0.024677810982443,0.1111978489027669,0.7713021587558053
0.024677810982443,0.1113713244860785,0.7712977784616892
0.0247011580127007,0.1113713244860785,0.7712585981628225
0.0247011580127007,0.1114580622777344,0.7712423252356544
0.0247478520732162,0.1114580622777344,0.771202586016026
0.0247478520732162,0.1115448000693902,0.7711828796136102
0.0248178931639895,0.1115448000693902,0.7710828113516692
0.0248178931639895,0.111631537861046,0.7710158650627794
0.0248412401942472,0.111631537861046,0.770972717849295
0.0248412401942472,0.1118050134443577,0.77096489731181
0.0248879342547627,0.1118050134443577,0.7709071926712748
0.0248879342547627,0.1118917512360135,0.770904661582305
0.0249346283152782,0.1118917512360135,0.770868362853043
0.0249346283152782,0.1119784890276693,0.770859649238584
0.024957975345536,0.1119784890276693,0.770846548688601
0.024957975345536,0.1120652268193251,0.7708423777875615
0.0250280164363093,0.1120652268193251,0.7708285931735934
0.0250280164363093,0.112151964610981,0.7708035982338808
0.0250980575270825,0.112151964610981,0.7706564425629
0.0250980575270825,0.1122387024026368,0.7706246701715534
0.0251214045573403,0.1122387024026368,0.7706240818814702
0.0251214045573403,0.1123254401942926,0.7705922181630263
0.025144751587598,0.1123254401942926,0.770569624193812
0.025144751587598,0.1124121779859484,0.7705383724126643
0.025238139708629,0.1124121779859484,0.7704624311361659
0.025238139708629,0.1127591291525717,0.7703843180849468
0.0253081807994023,0.1127591291525717,0.7702916240272883
0.0253081807994023,0.1130193425275392,0.7700819331701529
0.025424915950691,0.1130193425275392,0.7699972711998985
0.025424915950691,0.1133662936941625,0.769856437722586
0.0255416511019798,0.1133662936941625,0.7696766500038503
0.0255416511019798,0.1135397692774742,0.7696447607314088
0.025611692192753,0.1135397692774742,0.7695617620257689
0.025611692192753,0.1137132448607858,0.7694482744608211
0.0256817332835263,0.1137132448607858,0.7693578112549655
0.0256817332835263,0.1137999826524416,0.769331899469632
0.025798468434815,0.1137999826524416,0.7692320524284096
0.025798468434815,0.1140601960274091,0.7691185889515079
0.0258218154650728,0.1140601960274091,0.7690965541236963
0.0258218154650728,0.1141469338190649,0.7690726008987009
0.0258685095255883,0.1141469338190649,0.7690128700645106
0.0258685095255883,0.1143204094023766,0.7689841282810785
0.025891856555846,0.1143204094023766,0.7689450309526888
0.025891856555846,0.1144071471940324,0.7689366010485472
0.0259385506163616,0.1144071471940324,0.7688860111146453
0.0259385506163616,0.1144938849856882,0.7688584716580864
0.0259618976466193,0.1144938849856882,0.7688380759452145
0.0259618976466193,0.114580622777344,0.7688355768551867
0.0259852446768771,0.114580622777344,0.7688305354802393
0.0259852446768771,0.1146673605689999,0.7687913875488972
0.0260085917071348,0.1146673605689999,0.7687591841149957
0.0260085917071348,0.1153612629022465,0.7684893185180761
0.0261720209189391,0.1153612629022465,0.7684236292383441
0.0261720209189391,0.1155347384855581,0.7683551345548634
0.0261953679491968,0.1155347384855581,0.7683389014010271
0.0261953679491968,0.1157949518605256,0.768251612334218
0.0262420620097123,0.1157949518605256,0.7682083574821224
0.0262420620097123,0.1158816896521814,0.7681965866464291
0.0262654090399701,0.1158816896521814,0.7681757377971519
0.0262654090399701,0.1159684274438372,0.7681651330107527
0.0263121031004856,0.1159684274438372,0.7681144641165563
0.0263121031004856,0.1168358053603955,0.76789610016982
0.0263354501307433,0.1168358053603955,0.7678638368565205
0.0263354501307433,0.1171827565270188,0.767766011219013
0.0264521852820321,0.1171827565270188,0.7676632459109668
0.0264521852820321,0.1172694943186746,0.7676495094373
0.0264755323122898,0.1172694943186746,0.7676112135220801
0.0264755323122898,0.1173562321103304,0.7676095738274519
0.0265455734030631,0.1173562321103304,0.76749001025089
0.0265455734030631,0.1176164454852979,0.7674393123348973
0.0266389615240941,0.1176164454852979,0.7672700929080317
0.0266389615240941,0.1181368722352328,0.7671174049567484
0.0266856555846096,0.1181368722352328,0.7670472465977944
0.0266856555846096,0.1182236100268887,0.7670434993772909
0.0267556966753828,0.1182236100268887,0.7669100997661596
0.0267556966753828,0.1183103478185445,0.7668896781424029
0.0267790437056406,0.1183103478185445,0.7668889135410353
0.0267790437056406,0.1183970856102003,0.766863053957961
0.0268023907358983,0.1183970856102003,0.7668570499004124
0.0268023907358983,0.1184838234018561,0.7668495430309592
0.0268490847964138,0.1184838234018561,0.766623416026592
0.0268490847964138,0.118570561193512,0.7666226637491917
0.0269658199477026,0.118570561193512,0.7664692395550156
0.0269658199477026,0.1186572989851678,0.7664474100696232
0.0269891669779604,0.1186572989851678,0.7664009918955497
0.0269891669779604,0.1187440367768236,0.7663950436760122
0.0270358610384759,0.1187440367768236,0.766303853804239
0.0270358610384759,0.1189175123601353,0.7662930230980913
0.0270825550989914,0.1189175123601353,0.7662489171707264
0.0270825550989914,0.1192644635267586,0.7661036148335757
0.0271059021292491,0.1192644635267586,0.7660961339704301
0.0271059021292491,0.1193512013184144,0.7660958084161886
0.0271992902502801,0.1193512013184144,0.7660358110287733
0.0271992902502801,0.119524676901726,0.7660306486397177
0.0272226372805379,0.119524676901726,0.7660224025182178
0.0272226372805379,0.1196114146933819,0.7660165873411696
0.0272926783713111,0.1196114146933819,0.7659068814421786
0.0272926783713111,0.1196981524850377,0.7658860793264014
0.0273160254015689,0.1196981524850377,0.7658647394009066
0.0273160254015689,0.1198716280683493,0.7658566473922772
0.0273393724318266,0.1198716280683493,0.7658517094538487
0.0273393724318266,0.1202185792349726,0.7657841180636893
0.0273627194620844,0.1202185792349726,0.7657740630411874
0.0273627194620844,0.1203053170266285,0.7657534164700244
0.0274094135225999,0.1203053170266285,0.7657004027276967
0.0274094135225999,0.1203920548182843,0.7655478436253141
0.0274561075831154,0.1203920548182843,0.7655129681090725
0.0274561075831154,0.1206522681932518,0.7654245255144541
0.0275028016436309,0.1206522681932518,0.7654096673519686
0.0275028016436309,0.1207390059849076,0.7653988423435003
0.0275728427344041,0.1207390059849076,0.7653276050744064
0.0275728427344041,0.1210859571515309,0.7652737596178528
0.0276662308554351,0.1210859571515309,0.7651687107340213
0.0276662308554351,0.1212594327348425,0.7651264414764486
0.0276895778856929,0.1212594327348425,0.7650682394951638
0.0276895778856929,0.1214329083181542,0.7650115770491432
0.0277829660067239,0.1214329083181542,0.7649520742979706
0.0277829660067239,0.12151964610981,0.7649341265471259
0.0278763541277549,0.12151964610981,0.7649214113415954
0.0278763541277549,0.1216931216931216,0.7648678081101816
0.0278997011580127,0.1216931216931216,0.7648512584930853
0.0278997011580127,0.1217798594847775,0.7648462708481005
0.0279463952185282,0.1217798594847775,0.7647229669552401
0.0279463952185282,0.1221268106514008,0.764626274429045
0.0279697422487859,0.1221268106514008,0.7645730620960225
0.0279697422487859,0.1225604996096799,0.7644309112123955
0.0280164363093014,0.1225604996096799,0.7644028616590847
0.0280164363093014,0.1226472374013357,0.7644027532511406
0.0280631303698169,0.1226472374013357,0.7643227691765176
0.0280631303698169,0.1228207129846474,0.764288742668369
0.0280864774000747,0.1228207129846474,0.7642335098425773
0.0280864774000747,0.1229074507763032,0.7642323943235886
0.0281098244303324,0.1229074507763032,0.764215364705131
0.0281098244303324,0.1230809263596148,0.7641944237183066
0.0282032125513634,0.1230809263596148,0.7640180130234503
0.0282032125513634,0.1231676641512707,0.7640117140632624
0.0283666417631677,0.1231676641512707,0.7638555258395185
0.0283666417631677,0.1233411397345823,0.7638105143819021
0.0284833769144564,0.1233411397345823,0.7636828132130332
0.0284833769144564,0.1234278775262381,0.7636626096491776
0.0285067239447142,0.1234278775262381,0.7636579637047435
0.0285067239447142,0.123514615317894,0.7636579000775647
0.0285534180052297,0.123514615317894,0.7636280762214542
0.0285534180052297,0.1237748286928614,0.7636129425830568
0.0285767650354874,0.1237748286928614,0.7635883607680547
0.0285767650354874,0.1238615664845173,0.7635150275950194
0.0286468061262607,0.1238615664845173,0.7634437232597779
0.0286468061262607,0.1243819932344522,0.7633137600908216
0.0286701531565184,0.1243819932344522,0.7633114573224177
0.0286701531565184,0.124468731026108,0.7632634155916977
0.0287168472170339,0.124468731026108,0.7631123419824671
0.0287168472170339,0.1245554688177639,0.7630956539893565
0.0287868883078072,0.1245554688177639,0.7630273605016631
0.0287868883078072,0.1249024199843872,0.7628539621047405
0.028810235338065,0.1249024199843872,0.762849492405955
0.028810235338065,0.1252493711510105,0.7627247793480206
0.0288802764288382,0.1252493711510105,0.7626698312902412
0.0288802764288382,0.1255095845259779,0.7626101343172309
0.0289269704893537,0.1255095845259779,0.7625921636755271
0.0289269704893537,0.1256830601092896,0.7625797045712195
0.0289503175196115,0.1256830601092896,0.7625683785082968
0.0289503175196115,0.1258565356926012,0.762526048689522
0.0289736645498692,0.1258565356926012,0.7625079759650282
0.0289736645498692,0.1259432734842571,0.7624552863265439
0.029090399701158,0.1259432734842571,0.7624099130887037
0.029090399701158,0.1260300112759129,0.7624052737559462
0.0291370937616735,0.1260300112759129,0.7622938136020826
0.0291370937616735,0.1261167490675687,0.7622812370000743
0.0291604407919312,0.1261167490675687,0.7622508113084588
0.0291604407919312,0.1262034868592245,0.7621782079345812
0.0292071348524467,0.1262034868592245,0.7620883749101186
0.0292071348524467,0.1262902246508803,0.7620796717624442
0.0293005229734777,0.1262902246508803,0.7619971045905325
0.0293005229734777,0.1263769624425362,0.7619621175910771
0.029370564064251,0.1263769624425362,0.7619167073399762
0.029370564064251,0.126463700234192,0.7618601053457228
0.0293939110945087,0.126463700234192,0.7618132539966278
0.0293939110945087,0.1266371758175037,0.7617970632576205
0.029463952185282,0.1266371758175037,0.7617166377135427
0.029463952185282,0.1267239136091595,0.7617038847191084
0.0294872992155397,0.1267239136091595,0.7616793825380468
0.0294872992155397,0.1269841269841269,0.7616326659570288
0.0295806873365707,0.1269841269841269,0.7615623777111247
0.0295806873365707,0.1270708647757828,0.7615446190357135
0.0296040343668285,0.1270708647757828,0.7615378263274293
0.0296040343668285,0.1271576025674386,0.761518178722483
0.0296740754576017,0.1271576025674386,0.761436865623167
0.0296740754576017,0.1272443403590944,0.7614343079254924
0.029744116548375,0.1272443403590944,0.7614037192117986
0.029744116548375,0.1273310781507503,0.7613913366530833
0.0297674635786328,0.1273310781507503,0.7613621168467806
0.0297674635786328,0.1274178159424061,0.7613375336311109
0.0297908106088905,0.1274178159424061,0.7612569685077486
0.0297908106088905,0.1275045537340619,0.7612549646640172
0.0298141576391483,0.1275045537340619,0.761208282675565
0.0298141576391483,0.1275912915257177,0.7611197890177087
0.0298608516996638,0.1275912915257177,0.761050649243797
0.0298608516996638,0.1276780293173735,0.7610497061109165
0.0298841987299215,0.1276780293173735,0.7610278733712729
0.0298841987299215,0.1277647671090294,0.7609942926947357
0.0299542398206948,0.1277647671090294,0.7609754303171863
0.0299542398206948,0.1278515049006852,0.7609600196516383
0.0300009338812103,0.1278515049006852,0.760948500423893
0.0300009338812103,0.127938242692341,0.7609168757944478
0.030024280911468,0.127938242692341,0.760911135257969
0.030024280911468,0.1283719316506201,0.7608213608119963
0.0300476279417258,0.1283719316506201,0.7608102414733446
0.0300476279417258,0.1285454072339318,0.76079536004234
0.0300943220022413,0.1285454072339318,0.760748168041728
0.0300943220022413,0.1286321450255876,0.7607268503974667
0.0302344041837878,0.1286321450255876,0.7606381799751457
0.0302344041837878,0.1288923584005551,0.7606201686315379
0.0302810982443033,0.1288923584005551,0.7605630835430013
0.0302810982443033,0.1292393095671784,0.760415517631202
0.030304445274561,0.1292393095671784,0.7604150839456005
0.030304445274561,0.1293260473588342,0.7604038110427511
0.0304211804258498,0.1293260473588342,0.7603007207433882
0.0304211804258498,0.12941278515049,0.7602899584472623
0.0304445274561075,0.12941278515049,0.7602867211418574
0.0304445274561075,0.1296729985254575,0.760238369679194
0.030491221516623,0.1296729985254575,0.7602206628713264
0.030491221516623,0.1302801630670483,0.7600658033034853
0.0305145685468808,0.1302801630670483,0.759996136114923
0.0305145685468808,0.1303669008587041,0.7599741522716066
0.0305612626073963,0.1303669008587041,0.7599548175971714
0.0305612626073963,0.1304536386503599,0.7599181179319642
0.030584609637654,0.1304536386503599,0.7599153628520694
0.030584609637654,0.1307138520253274,0.7598842626724434
0.0307013447889428,0.1307138520253274,0.7598183102722722
0.0307013447889428,0.1308005898169832,0.7598160329036192
0.0308180799402316,0.1308005898169832,0.7597770173709806
0.0308180799402316,0.1309740654002949,0.7597673960579395
0.0308414269704893,0.1309740654002949,0.7597431447071936
0.0308414269704893,0.1310608031919507,0.7597022691992362
0.0308647740007471,0.1310608031919507,0.7597012148782005
0.0308647740007471,0.1312342787752624,0.7596700144706027
0.0309348150915203,0.1312342787752624,0.7595720666351047
0.0309348150915203,0.131407754358574,0.7595158466208576
0.0309581621217781,0.131407754358574,0.7594595925039634
0.0309581621217781,0.1314944921502298,0.7594584237977283
0.0311215913335823,0.1314944921502298,0.7592837296910734
0.0311215913335823,0.1317547055251973,0.759062485673882
0.0311449383638401,0.1317547055251973,0.7590513934884371
0.0311449383638401,0.1318414433168531,0.7590173900820568
0.0311682853940978,0.1318414433168531,0.7589913900847869
0.0311682853940978,0.1319281811085089,0.758986574301258
0.0312149794546133,0.1319281811085089,0.7589673866502091
0.0312149794546133,0.1320149189001648,0.758963137447983
0.0312383264848711,0.1320149189001648,0.7589571176215075
0.0312383264848711,0.1321883944834764,0.7589290044643093
0.0312616735151288,0.1321883944834764,0.7588299655025019
0.0312616735151288,0.1322751322751322,0.7588052657549818
0.0313083675756443,0.1322751322751322,0.7587815937207834
0.0313083675756443,0.1323618700667881,0.758775065065759
0.0313317146059021,0.1323618700667881,0.7587205558622854
0.0313317146059021,0.1324486078584439,0.7587079529120738
0.0313550616361598,0.1324486078584439,0.7587049717092325
0.0313550616361598,0.1327088212334114,0.7586687757904195
0.0314251027269331,0.1327088212334114,0.7585743942598402
0.0314251027269331,0.1329690346083788,0.7585314599147608
0.0314484497571908,0.1329690346083788,0.7584879917264924
0.0314484497571908,0.1330557724000347,0.7584658943834586
0.0314717967874486,0.1330557724000347,0.7584462120816899
0.0314717967874486,0.1331425101916905,0.7584323148708456
0.0315184908479641,0.1331425101916905,0.7584076000419009
0.0315184908479641,0.1332292479833463,0.7583847313670089
0.0315651849084796,0.1332292479833463,0.7583747423152434
0.0315651849084796,0.1333159857750021,0.7583331044097651
0.0316118789689951,0.1333159857750021,0.7582796225024768
0.0316118789689951,0.133402723566658,0.7581812242814586
0.0316352259992528,0.133402723566658,0.7581367795750537
0.0316352259992528,0.1335761991499696,0.7580881998495682
0.0317052670900261,0.1335761991499696,0.7580409889679296
0.0317052670900261,0.1336629369416254,0.7579995944129277
0.0317519611505416,0.1336629369416254,0.7579975918616144
0.0317519611505416,0.1338364125249371,0.7578836215965317
0.0317986552110571,0.1338364125249371,0.7578564008717418
0.0317986552110571,0.1339231503165929,0.7578460569019521
0.0318220022413149,0.1339231503165929,0.7578351351175747
0.0318220022413149,0.1340098881082487,0.757827244012129
0.0318920433320881,0.1340098881082487,0.7577859391227727
0.0318920433320881,0.1344435770665278,0.7576378974688289
0.0319854314531191,0.1344435770665278,0.7574993904159637
0.0319854314531191,0.1345303148581837,0.757497229980618
0.0320087784833769,0.1345303148581837,0.757490063691772
0.0320087784833769,0.1346170526498395,0.7574851057517518
0.0320554725438924,0.1346170526498395,0.7574387495486954
0.0320554725438924,0.1347905282331511,0.7574053210227218
0.0321021666044079,0.1347905282331511,0.7573934975187508
0.0321021666044079,0.134877266024807,0.7573789747480194
0.0321255136346656,0.134877266024807,0.757376896348801
0.0321255136346656,0.1349640038164628,0.7572971778066655
0.0321955547254389,0.1349640038164628,0.7572320763040136
0.0321955547254389,0.1350507416081186,0.757224789470372
0.0322422487859544,0.1350507416081186,0.7572038796907963
0.0322422487859544,0.1352242171914303,0.7571883692072783
0.0322655958162121,0.1352242171914303,0.7571759093758603
0.0322655958162121,0.1353109549830861,0.7570595353600338
0.0323589839372431,0.1353109549830861,0.7569078141624899
0.0323589839372431,0.1353976927747419,0.7568865466676231
0.0324523720582741,0.1353976927747419,0.7567896346811641
0.0324523720582741,0.1354844305663977,0.7567835160033813
0.0325691072095629,0.1354844305663977,0.7566264627812169
0.0325691072095629,0.1355711683580536,0.756614741555295
0.0325924542398207,0.1355711683580536,0.7565923629389331
0.0325924542398207,0.1356579061497094,0.7565280679318467
0.0326158012700784,0.1356579061497094,0.7564891300720207
0.0326158012700784,0.1360048573163327,0.7564214114962378
0.0326624953305939,0.1360048573163327,0.756413924598055
0.0326624953305939,0.1360915951079885,0.7563612234661092
0.0327558834516249,0.1360915951079885,0.7562337401502521
0.0327558834516249,0.1362650706913002,0.7561830129173226
0.0329426596936869,0.1362650706913002,0.7559867698481981
0.0329426596936869,0.1366120218579235,0.755849053475816
0.0330127007844602,0.1366120218579235,0.7557616814333928
0.0330127007844602,0.1366987596495793,0.755740797897604
0.0330360478147179,0.1366987596495793,0.7557403291860507
0.0330360478147179,0.1368722352328909,0.7556127677656095
0.0330593948449757,0.1368722352328909,0.7556012673634515
0.0330593948449757,0.1369589730245468,0.75559239145001
0.0331294359357489,0.1369589730245468,0.7555372538883633
0.0331294359357489,0.1371324486078584,0.755491816570145
0.0331761299962644,0.1371324486078584,0.7552927950354691
0.0331761299962644,0.1372191863995142,0.7552894981201943
0.0331994770265222,0.1372191863995142,0.7552872516715293
0.0331994770265222,0.1373926619828259,0.7551625690606679
0.0332228240567799,0.1373926619828259,0.755137130871329
0.0332228240567799,0.1375661375661375,0.7551290681214757
0.0332461710870377,0.1375661375661375,0.755127291446223
0.0332461710870377,0.1377396131494492,0.7550985946841722
0.0332928651475532,0.1377396131494492,0.7550576633269863
0.0332928651475532,0.1379998265244167,0.7550374266067421
0.0333162121778109,0.1379998265244167,0.7550336840130336
0.0333162121778109,0.1382600398993841,0.7549717613219726
0.0333629062383264,0.1382600398993841,0.7549537441887532
0.0333629062383264,0.1383467776910399,0.7549405358781924
0.0334096002988419,0.1383467776910399,0.7549000815018231
0.0334096002988419,0.1384335154826958,0.754883478965442
0.0334562943593574,0.1384335154826958,0.7548637350001481
0.0334562943593574,0.1385202532743516,0.7547724927535796
0.0334796413896152,0.1385202532743516,0.7547224043000335
0.0334796413896152,0.1386069910660074,0.7547214754384816
0.0335730295106462,0.1386069910660074,0.7546529518219857
0.0335730295106462,0.1388672044409749,0.7546239015439915
0.0336197235711617,0.1388672044409749,0.7545648348049163
0.0336197235711617,0.1389539422326307,0.7545560126560251
0.0336664176316772,0.1389539422326307,0.7545542136265021
0.0336664176316772,0.1391274178159424,0.7544602910235036
0.0337598057527082,0.1391274178159424,0.7543802743422089
0.0337598057527082,0.139300893399254,0.7542928044278849
0.0338531938737392,0.139300893399254,0.754246628317282
0.0338531938737392,0.1394743689825657,0.7542133882129349
0.033876540903997,0.1394743689825657,0.7542005781368062
0.033876540903997,0.139821320149189,0.7541578098293417
0.0339232349645125,0.139821320149189,0.7541310158174057
0.0339232349645125,0.1404284846907797,0.7540000387938542
0.0340166230855435,0.1404284846907797,0.7539323078441372
0.0340166230855435,0.1405152224824356,0.7538961144457025
0.0340399701158012,0.1405152224824356,0.7538820958687675
0.0340399701158012,0.1406019602740914,0.7538617607233287
0.034063317146059,0.1406019602740914,0.753820012052744
0.034063317146059,0.1406886980657472,0.7537919851231136
0.0341100112065745,0.1406886980657472,0.7537656148385832
0.0341100112065745,0.140775435857403,0.7537539567456913
0.03415670526709,0.140775435857403,0.7537370192357178
0.03415670526709,0.1409489114407147,0.7536790442213166
0.0341800522973477,0.1409489114407147,0.753641876156405
0.0341800522973477,0.1412091248156821,0.7535385249606293
0.0342033993276055,0.1412091248156821,0.7535068694184095
0.0342033993276055,0.141295862607338,0.7534438666890325
0.0342734404183787,0.141295862607338,0.7534066886171734
0.0342734404183787,0.1414693381906496,0.7533691217430786
0.0342967874486365,0.1414693381906496,0.7533564943693223
0.0342967874486365,0.1416428137739613,0.7532455436120813
0.034343481509152,0.1416428137739613,0.7532323219174564
0.034343481509152,0.1418162893572729,0.7532148646266332
0.0343668285394097,0.1418162893572729,0.7532015561691249
0.0343668285394097,0.1419030271489288,0.7531873345342829
0.0343901755696675,0.1419030271489288,0.7531776277672366
0.0343901755696675,0.142249978315552,0.7530385914463633
0.0344135225999252,0.142249978315552,0.7529838096822776
0.0344135225999252,0.1423367161072079,0.7529717306556338
0.034436869630183,0.1423367161072079,0.7529702446836961
0.034436869630183,0.1425101916905195,0.752970187867124
0.0344602166604407,0.1425101916905195,0.7529446925168183
0.0344602166604407,0.1425969294821754,0.7529411282950569
0.0344835636906985,0.1425969294821754,0.7529177436716874
0.0344835636906985,0.1428571428571428,0.7528684984800252
0.034530257751214,0.1428571428571428,0.7528661941335447
0.034530257751214,0.1429438806487986,0.7528600396947877
0.0345769518117295,0.1429438806487986,0.7528525514722388
0.0345769518117295,0.1430306184404545,0.7528457025405371
0.0346469929025028,0.1430306184404545,0.7527424526742559
0.0346469929025028,0.1432040940237661,0.752662628573465
0.0346936869630183,0.1432040940237661,0.7526537661412442
0.0346936869630183,0.1433775696070778,0.7526250352291322
0.034810422114307,0.1433775696070778,0.7525030364175893
0.034810422114307,0.1434643073987336,0.7524673211340345
0.0348337691445648,0.1434643073987336,0.7524673131616137
0.0348337691445648,0.1435510451903894,0.752466965831702
0.0348571161748225,0.1435510451903894,0.7524436163272272
0.0348571161748225,0.1436377829820452,0.7524103816461907
0.034903810235338,0.1436377829820452,0.7523986932275121
0.034903810235338,0.1439847341486685,0.7523742268589055
0.0349505042958535,0.1439847341486685,0.7523546859636173
0.0349505042958535,0.1440714719403244,0.7523317313904874
0.0349738513261113,0.1440714719403244,0.7523262283425382
0.0349738513261113,0.144244947523636,0.7522676200787957
0.034997198356369,0.144244947523636,0.7522412327854758
0.034997198356369,0.1446786364819151,0.7521111525731698
0.0350905864774,0.1446786364819151,0.7518484212871801
0.0350905864774,0.1448521120652268,0.7518141858674305
0.0351372805379155,0.1448521120652268,0.7518056615832562
0.0351372805379155,0.1451990632318501,0.7517555441772172
0.0351606275681733,0.1451990632318501,0.7517286133680382
0.0351606275681733,0.1453725388151617,0.7516931334774796
0.035183974598431,0.1453725388151617,0.7516779846434274
0.035183974598431,0.1454592766068176,0.7516759390605136
0.0352306686589465,0.1454592766068176,0.751653895557317
0.0352306686589465,0.1456327521901292,0.7515744902545796
0.0352540156892043,0.1456327521901292,0.7515638941413607
0.0352540156892043,0.145719489981785,0.7515618908221586
0.035277362719462,0.145719489981785,0.7515218544675565
0.035277362719462,0.1458062277734408,0.7515205542319405
0.0353007097497198,0.1458062277734408,0.7514997980651421
0.0353007097497198,0.1458929655650967,0.7514955235533729
0.0354174449010085,0.1458929655650967,0.7514012689998186
0.0354174449010085,0.1460664411484083,0.7513830737349345
0.0354407919312663,0.1460664411484083,0.7513572794525736
0.0354407919312663,0.1461531789400642,0.7513431179799446
0.035464138961524,0.1461531789400642,0.7513028400792789
0.035464138961524,0.1464133923150316,0.751253869571936
0.0354874859917818,0.1464133923150316,0.7512057410934216
0.0354874859917818,0.1465001301066874,0.7512021303796625
0.0355108330220396,0.1465001301066874,0.7511632380822306
0.0355108330220396,0.1465868678983433,0.7511628233402461
0.0356742622338438,0.1465868678983433,0.7509914071566515
0.0356742622338438,0.1467603434816549,0.7509677853041236
0.0357676503548748,0.1467603434816549,0.7509424115180755
0.0357676503548748,0.1468470812733107,0.7509133750898577
0.0357909973851326,0.1468470812733107,0.7508923936799751
0.0357909973851326,0.1469338190649666,0.7508904108664074
0.0358376914456481,0.1469338190649666,0.7508235376839416
0.0358376914456481,0.1471072946482782,0.750763840846945
0.0358610384759058,0.1471072946482782,0.750711005750484
0.0358610384759058,0.1471940324399341,0.7507028745741853
0.0359077325364213,0.1471940324399341,0.7506893541587123
0.0359077325364213,0.1472807702315899,0.7506822195232795
0.0360244676877101,0.1472807702315899,0.7505887314637381
0.0360244676877101,0.1474542458149015,0.7505681129650675
0.0360478147179678,0.1474542458149015,0.7505603911849363
0.0360478147179678,0.1475409836065573,0.7505365416766638
0.0360711617482256,0.1475409836065573,0.7505001283127113
0.0360711617482256,0.1480614103564923,0.7504191741972552
0.0360945087784833,0.1480614103564923,0.7503705715040708
0.0360945087784833,0.1481481481481481,0.7503578973649592
0.0361878968995143,0.1481481481481481,0.7503423939310501
0.0361878968995143,0.1483216237314598,0.7502985655023693
0.0362112439297721,0.1483216237314598,0.75029849508403
0.0362112439297721,0.1484083615231156,0.7502455600968325
0.0363279790810608,0.1484083615231156,0.7500869503790666
0.0363279790810608,0.1484950993147714,0.7500783987886998
0.0363513261113186,0.1484950993147714,0.7500609123188522
0.0363513261113186,0.1485818371064272,0.7500293395193571
0.0363746731415763,0.1485818371064272,0.7500242703261335
0.0363746731415763,0.1486685748980831,0.7500221017992833
0.0364914082928651,0.1486685748980831,0.7498528085989198
0.0364914082928651,0.1487553126897389,0.7498406416438866
0.0366314904744116,0.1487553126897389,0.7495899017208815
0.0366314904744116,0.1491022638563622,0.749543997722332
0.0366548375046694,0.1491022638563622,0.7495214431957595
0.0366548375046694,0.1494492150229855,0.7493851109583722
0.0367015315651849,0.1494492150229855,0.7493497340181686
0.0367015315651849,0.1496226906062971,0.7493382784839191
0.0367248785954426,0.1496226906062971,0.749318151892927
0.0367248785954426,0.1497961661896088,0.7492987980336074
0.0367949196862159,0.1497961661896088,0.7492112139291296
0.0367949196862159,0.1499696417729204,0.7491024048948012
0.0368416137467314,0.1499696417729204,0.7489965367838936
0.0368416137467314,0.1500563795645763,0.7489893707422223
0.0368649607769891,0.1500563795645763,0.7489637018827575
0.0368649607769891,0.1501431173562321,0.7489356733003989
0.0369583488980201,0.1501431173562321,0.7488591724370421
0.0369583488980201,0.1503165929395437,0.7488226565174032
0.0370283899887934,0.1503165929395437,0.7487907725766278
0.0370283899887934,0.1504033307311995,0.7487869056109058
0.0372385132611131,0.1504033307311995,0.7486652333333867
0.0372385132611131,0.1504900685228554,0.7486394669945489
0.0372618602913709,0.1504900685228554,0.7486113993872427
0.0372618602913709,0.1505768063145112,0.7486063930404326
0.0373085543518864,0.1505768063145112,0.748587075284737
0.0373085543518864,0.1507502818978228,0.7485728423496156
0.0373785954426596,0.1507502818978228,0.7484240995152787
0.0373785954426596,0.1512707086477578,0.748354408678121
0.0374486365334329,0.1512707086477578,0.7483156215355125
0.0374486365334329,0.1514441842310694,0.7482362879571636
0.0374719835636907,0.1514441842310694,0.748229196623952
0.0374719835636907,0.1515309220227253,0.7482244678845665
0.0375186776242062,0.1515309220227253,0.7481952704626565
0.0375186776242062,0.1517043976060369,0.7481170032304798
0.0375420246544639,0.1517043976060369,0.7480789024300506
0.0375420246544639,0.1517911353976927,0.7480744808097719
0.0376821068360104,0.1517911353976927,0.7479936276008935
0.0376821068360104,0.1518778731893486,0.7479779797307181
0.0377288008965259,0.1518778731893486,0.7479566673351619
0.0377288008965259,0.1519646109810044,0.747939169629152
0.0377754949570414,0.1519646109810044,0.7479060077100881
0.0377754949570414,0.152138086564316,0.7478867263701734
0.0377988419872992,0.152138086564316,0.7478774693239838
0.0377988419872992,0.1523115621476277,0.7478019606659623
0.0378221890175569,0.1523115621476277,0.7477572007837066
0.0378221890175569,0.1524850377309393,0.7477349754517191
0.0378688830780724,0.1524850377309393,0.7477169174647424
0.0378688830780724,0.1525717755225951,0.7476776381869124
0.0378922301083302,0.1525717755225951,0.7476774884323678
0.0378922301083302,0.1527452511059068,0.747663238153065
0.0379389241688457,0.1527452511059068,0.7475937461352411
0.0379389241688457,0.1530054644808743,0.747474025415435
0.0379622711991034,0.1530054644808743,0.7474614900549517
0.0379622711991034,0.1530922022725301,0.7474509211832012
0.0380556593201344,0.1530922022725301,0.747404094625197
0.0380556593201344,0.1535258912308092,0.7472665481479128
0.0380790063503922,0.1535258912308092,0.7472440812167374
0.0380790063503922,0.1536993668141209,0.7472127510398472
0.0381957415016809,0.1536993668141209,0.7471784570008804
0.0381957415016809,0.1539595801890884,0.7471152901230951
0.0382891296227119,0.1539595801890884,0.7470403388072753
0.0382891296227119,0.1540463179807442,0.7470372563720604
0.0383124766529697,0.1540463179807442,0.74700001392844
0.0383124766529697,0.1541330557724,0.7469905034928759
0.0383591707134852,0.1541330557724,0.7469422304489146
0.0383591707134852,0.1542197935640558,0.7469191642282589
0.0384058647740007,0.1542197935640558,0.7468960741391053
0.0384058647740007,0.1544800069390233,0.7468226562612885
0.0384292118042585,0.1544800069390233,0.746821463272622
0.0384292118042585,0.154653482522335,0.7467020030062912
0.0384525588345162,0.154653482522335,0.7466526328983225
0.0384525588345162,0.1547402203139908,0.7466346577857459
0.038475905864774,0.1547402203139908,0.7466311645980259
0.038475905864774,0.1549136958973024,0.7465550012972932
0.038569293985805,0.1549136958973024,0.7465196878081626
0.038569293985805,0.1550004336889582,0.7465182018789476
0.0385926410160627,0.1550004336889582,0.7464999493872672
0.0385926410160627,0.1550871714806141,0.7464818030265482
0.0386860291370937,0.1550871714806141,0.7464483982165566
0.0386860291370937,0.1551739092722699,0.7464328503489877
0.0389661935001867,0.1551739092722699,0.7462446774567475
0.0389661935001867,0.1552606470639257,0.7461863495933682
0.0389895405304445,0.1552606470639257,0.7461843403705566
0.0389895405304445,0.1555208604388932,0.7461685646889888
0.0390128875607022,0.1555208604388932,0.7461626670838485
0.0390128875607022,0.1558678116055165,0.7461052300249182
0.0390595816212177,0.1558678116055165,0.7460788998541216
0.0390595816212177,0.1559545493971723,0.7460746064605435
0.0391062756817332,0.1559545493971723,0.7460641101585253
0.0391062756817332,0.1560412871888281,0.7460530610412301
0.039129622711991,0.1560412871888281,0.7460399415856173
0.039129622711991,0.156128024980484,0.7460065440745778
0.0391529697422487,0.156128024980484,0.7460045581157384
0.0391529697422487,0.1562147627721398,0.7459931201079361
0.0391996638027642,0.1562147627721398,0.7459555847852088
0.0391996638027642,0.1563015005637956,0.7459539991012444
0.039223010833022,0.1563015005637956,0.7459129356730627
0.039223010833022,0.1563882383554514,0.7459035473865194
0.0394331341053418,0.1563882383554514,0.7457634760756529
0.0394331341053418,0.1567351895220747,0.7457111507026191
0.0394798281658573,0.1567351895220747,0.7456460155414202
0.0394798281658573,0.1568219273137306,0.7456275517064629
0.039596563317146,0.1568219273137306,0.7454552721810084
0.039596563317146,0.1569086651053864,0.7454508330556877
0.0397599925289503,0.1569086651053864,0.7450923113000286
0.0397599925289503,0.1569954028970422,0.7450625049812301
0.0398066865894658,0.1569954028970422,0.7450252265071509
0.0398066865894658,0.157082140688698,0.745009521459006
0.0399000747104968,0.157082140688698,0.7449510397994215
0.0399000747104968,0.1571688784803538,0.7449449799895016
0.0399234217407545,0.1571688784803538,0.7449336421379946
0.0399234217407545,0.1572556162720097,0.7448959252783223
0.0399467687710123,0.1572556162720097,0.7448956050787923
0.0399467687710123,0.1573423540636655,0.7448948743963322
0.03997011580127,0.1573423540636655,0.7448931294519279
0.03997011580127,0.1574290918553213,0.7448528095387241
0.0399934628315278,0.1574290918553213,0.7448527916843228
0.0399934628315278,0.1575158296469772,0.7448354425150069
0.0400168098617855,0.1575158296469772,0.7448016221142097
0.0400168098617855,0.1576893052302888,0.7447543335635605
0.0400868509525588,0.1576893052302888,0.7447169034731903
0.0400868509525588,0.1577760430219446,0.7446913258466912
0.0401335450130743,0.1577760430219446,0.7446611492584415
0.0401335450130743,0.1578627808136004,0.7446358716827617
0.040156892043332,0.1578627808136004,0.7446043171876604
0.040156892043332,0.1579495186052563,0.7445875444417607
0.0402035861038475,0.1579495186052563,0.7445574656279592
0.0402035861038475,0.1580362563969121,0.7445533454378166
0.040250280164363,0.1580362563969121,0.7444979946344883
0.040250280164363,0.1583832075635354,0.744441631580282
0.0402969742248785,0.1583832075635354,0.7443948590241556
0.0402969742248785,0.1584699453551912,0.7443457149274988
0.0403670153156518,0.1584699453551912,0.7443073704073344
0.0403670153156518,0.1588168965218145,0.7442418991703161
0.0404137093761673,0.1588168965218145,0.7442357872075898
0.0404137093761673,0.1589036343134703,0.744227918933394
0.0404370564064251,0.1589036343134703,0.7442249530700082
0.0404370564064251,0.1589903721051262,0.7442167895481409
0.0405070974971983,0.1589903721051262,0.7440746945349629
0.0405070974971983,0.159077109896782,0.7440361692048961
0.0405537915577138,0.159077109896782,0.7439747723785333
0.0405537915577138,0.1591638476884378,0.7439545855695229
0.0405771385879716,0.1591638476884378,0.743891041034308
0.0405771385879716,0.1592505854800937,0.7438754862502426
0.0406705267090026,0.1592505854800937,0.7437757187627185
0.0406705267090026,0.1593373232717495,0.7437349881439552
0.0406938737392603,0.1593373232717495,0.7437253555641911
0.0406938737392603,0.1594240610634053,0.7437031196572621
0.0407405677997758,0.1594240610634053,0.7436476742210294
0.0407405677997758,0.1596842744383728,0.7436037969086113
0.0407872618602913,0.1596842744383728,0.7435610378059995
0.0407872618602913,0.1599444878133402,0.7435135700141597
0.0408106088905491,0.1599444878133402,0.7435000587008589
0.0408106088905491,0.1600312256049961,0.7434638192303166
0.0408339559208068,0.1600312256049961,0.7434403625522679
0.0408339559208068,0.1602047011883077,0.7434265798736399
0.0408573029510646,0.1602047011883077,0.7434078463108827
0.0408573029510646,0.1603781767716194,0.7433822048262948
0.0409039970115801,0.1603781767716194,0.7432587577326719
0.0409039970115801,0.160551652354931,0.7431946177595377
0.0409740381023533,0.160551652354931,0.743127149576035
0.0409740381023533,0.1607251279382427,0.7430700534865924
0.0410440791931266,0.1607251279382427,0.7430035035795775
0.0410440791931266,0.1608118657298985,0.7429921103663901
0.0411608143444153,0.1608118657298985,0.7428915995816632
0.0411608143444153,0.1609853413132101,0.742856125954393
0.0412075084049308,0.1609853413132101,0.7428012780859446
0.0412075084049308,0.1612455546881776,0.7427288938864063
0.0412775494957041,0.1612455546881776,0.7427080733157952
0.0412775494957041,0.1613322924798334,0.7426932864554509
0.0413008965259618,0.1613322924798334,0.7426886051965335
0.0413008965259618,0.1614190302714893,0.7426652030739553
0.0413242435562196,0.1614190302714893,0.7426489984170175
0.0413242435562196,0.1615057680631451,0.7426285395743032
0.0413475905864774,0.1615057680631451,0.7426213116501601
0.0413475905864774,0.1616792436464567,0.7425967455985092
0.0413942846469929,0.1616792436464567,0.7425507487079004
0.0413942846469929,0.1617659814381125,0.7425047758397966
0.0414409787075084,0.1617659814381125,0.7424734012296024
0.0414409787075084,0.16202619481308,0.7424034376187322
0.0414643257377661,0.16202619481308,0.7423658442167691
0.0414643257377661,0.1621129326047359,0.7423600636395311
0.0415110197982816,0.1621129326047359,0.7423323256700971
0.0415110197982816,0.1621996703963917,0.7423020470521883
0.0415577138587971,0.1621996703963917,0.7422733029680733
0.0415577138587971,0.1623731459797033,0.7422035881129467
0.0415810608890549,0.1623731459797033,0.7421923827674302
0.0415810608890549,0.1626333593546708,0.742153782552467
0.0416044079193126,0.1626333593546708,0.7421520500810082
0.0416044079193126,0.1628068349379824,0.7421083921005709
0.0417211430706014,0.1628068349379824,0.7419695510578936
0.0417211430706014,0.1628935727296383,0.7418650906878024
0.0417444901008591,0.1628935727296383,0.7418640970891632
0.0417444901008591,0.1629803105212941,0.7418612107167575
0.0417678371311169,0.1629803105212941,0.7418210056267052
0.0417678371311169,0.1634139994795732,0.741678890221172
0.0417911841613746,0.1634139994795732,0.7416682329944373
0.0417911841613746,0.1635874750628849,0.74165884274169
0.0418145311916324,0.1635874750628849,0.7416453855144275
0.0418145311916324,0.1636742128545407,0.7415866996930012
0.0418378782218901,0.1636742128545407,0.7415861649449682
0.0418378782218901,0.164021164021164,0.7415689781525034
0.0418612252521479,0.164021164021164,0.7415335205681105
0.0418612252521479,0.1641079018128198,0.7414891685964276
0.0418845722824056,0.1641079018128198,0.7414849813085266
0.0418845722824056,0.1641946396044756,0.7414677676908153
0.0419312663429211,0.1641946396044756,0.7414625725947377
0.0419312663429211,0.1642813773961315,0.7414182527921189
0.0420246544639521,0.1642813773961315,0.7412538306751688
0.0420246544639521,0.1643681151877873,0.7412323012255055
0.0420946955547254,0.1643681151877873,0.7412092271182451
0.0420946955547254,0.1644548529794431,0.7412083497477282
0.0421180425849831,0.1644548529794431,0.7411677459715558
0.0421180425849831,0.1647150663544106,0.7411055953367025
0.0421647366454986,0.1647150663544106,0.7410644975630375
0.0421647366454986,0.1648018041460664,0.741060943537444
0.0422114307060141,0.1648018041460664,0.7410391260504345
0.0422114307060141,0.1649752797293781,0.7410178305204296
0.0422581247665296,0.1649752797293781,0.7410038668789796
0.0422581247665296,0.1650620175210339,0.7409586189112541
0.0422814717967874,0.1650620175210339,0.7409401079187875
0.0422814717967874,0.1654089686876572,0.7408694945686654
0.0423048188270452,0.1654089686876572,0.7408238191713707
0.0423048188270452,0.165495706479313,0.7408217024389294
0.0423748599178184,0.165495706479313,0.7407457969214595
0.0423748599178184,0.1655824442709688,0.740731486476893
0.0424915950691072,0.1655824442709688,0.7406561458304637
0.0424915950691072,0.1658426576459363,0.7406018177204057
0.0425616361598804,0.1658426576459363,0.7405787730906237
0.0425616361598804,0.1659293954375921,0.7405571862722173
0.0426083302203959,0.1659293954375921,0.7405387492069502
0.0426083302203959,0.166016133229248,0.74052417684671
0.0426316772506537,0.166016133229248,0.7404417030464632
0.0426316772506537,0.1661896088125596,0.7404224404422317
0.0427017183414269,0.1661896088125596,0.7403959113035254
0.0427017183414269,0.1662763466042154,0.7403754134667232
0.0427250653716847,0.1662763466042154,0.7403541200007997
0.0427250653716847,0.1663630843958712,0.7403289736898849
0.0428184534927157,0.1663630843958712,0.7402390760774948
0.0428184534927157,0.1664498221875271,0.7402307824521777
0.0428418005229734,0.1664498221875271,0.7402039677979844
0.0428418005229734,0.1665365599791829,0.7402023994425475
0.0428884945834889,0.1665365599791829,0.7401663551336375
0.0428884945834889,0.1666232977708387,0.7401521880579345
0.0429118416137467,0.1666232977708387,0.740117338528774
0.0429118416137467,0.1670569867291178,0.7399726267493314
0.0429351886440044,0.1670569867291178,0.7399219183610686
0.0429351886440044,0.1671437245207737,0.7398895283185349
0.0429585356742622,0.1671437245207737,0.7398793060575588
0.0429585356742622,0.1672304623124295,0.7398778481996195
0.0429818827045199,0.1672304623124295,0.7398717180111762
0.0429818827045199,0.1673172001040853,0.7398513225226648
0.0430752708255509,0.1673172001040853,0.7397739867318764
0.0430752708255509,0.1676641512707086,0.7396859925617851
0.0431920059768397,0.1676641512707086,0.7396124238650352
0.0431920059768397,0.1677508890623644,0.739608252677221
0.0434721703399327,0.1677508890623644,0.7393494231235139
0.0434721703399327,0.1679243646456761,0.7393379351469173
0.0435655584609637,0.1679243646456761,0.739305593810084
0.0435655584609637,0.1680111024373319,0.7393007103078364
0.0435889054912215,0.1680111024373319,0.7392708819032727
0.0435889054912215,0.1680978402289877,0.7391988322869422
0.0436589465819947,0.1680978402289877,0.7391490598537391
0.0436589465819947,0.1681845780206436,0.7391445492395976
0.0436822936122525,0.1681845780206436,0.7391326591493808
0.0436822936122525,0.168444791395611,0.7391103608854949
0.0437056406425102,0.168444791395611,0.739105208576307
0.0437056406425102,0.1685315291872668,0.739080561732736
0.0437523347030257,0.1685315291872668,0.738953704227402
0.0437523347030257,0.1686182669789227,0.7389451982546339
0.0438457228240567,0.1686182669789227,0.7388989447069958
0.0438457228240567,0.1688784803538902,0.7387673493829665
0.0438690698543145,0.1688784803538902,0.7387443851353386
0.0438690698543145,0.168965218145546,0.7387314286437079
0.0439391109450877,0.168965218145546,0.7386879808086169
0.0439391109450877,0.1691386937288576,0.7386780741601149
0.0439624579753455,0.1691386937288576,0.738645302722297
0.0439624579753455,0.1694856448954809,0.7385973326553579
0.0439858050056032,0.1694856448954809,0.7385795479454228
0.0439858050056032,0.1695723826871367,0.7385577186873706
0.0440791931266342,0.1695723826871367,0.7384652747805174
0.0440791931266342,0.1696591204787926,0.7384585463291241
0.044102540156892,0.1696591204787926,0.7384117086351001
0.044102540156892,0.1698325960621042,0.7383013147847499
0.0441258871871497,0.1698325960621042,0.7382810259466379
0.0441258871871497,0.1699193338537601,0.7382793588952636
0.0441492342174075,0.1699193338537601,0.7382686514761378
0.0441492342174075,0.1700060716454159,0.7382684325685699
0.0442426223384385,0.1700060716454159,0.7382218229787103
0.0442426223384385,0.1700928094370717,0.7381742269456333
0.0442659693686963,0.1700928094370717,0.7381463725403988
0.0442659693686963,0.170439760603695,0.7379757018737383
0.044289316398954,0.170439760603695,0.7379689801965963
0.044289316398954,0.1706132361870067,0.737939461533534
0.044382704519985,0.1706132361870067,0.737897094596083
0.044382704519985,0.1711336629369416,0.7378351980244399
0.0444060515502428,0.1711336629369416,0.7378059351729263
0.0444060515502428,0.1713071385202532,0.737757300507019
0.0444527456107583,0.1713071385202532,0.7376705636112934
0.0444527456107583,0.1713938763119091,0.7376400087175355
0.0445227867015315,0.1713938763119091,0.7375954819489858
0.0445227867015315,0.1714806141035649,0.7375953249203521
0.0445461337317893,0.1714806141035649,0.7375924675057204
0.0445461337317893,0.1715673518952207,0.7375475813917001
0.0445928277923048,0.1715673518952207,0.7375099212513666
0.0445928277923048,0.1716540896868765,0.7374954463556873
0.0446161748225625,0.1716540896868765,0.7374866831643807
0.0446161748225625,0.1718275652701882,0.7374595207908827
0.0447095629435935,0.1718275652701882,0.7373923725748563
0.0447095629435935,0.171914303061844,0.7373881398208482
0.0447329099738513,0.171914303061844,0.737327457479313
0.0447329099738513,0.1720010408534998,0.7373199572834327
0.044756257004109,0.1720010408534998,0.7372746551212335
0.044756257004109,0.1721745164368115,0.7371811195076594
0.04484964512514,0.1721745164368115,0.7371335087611335
0.04484964512514,0.1726082053950906,0.7370656121335566
0.0448729921553978,0.1726082053950906,0.7370572027558888
0.0448729921553978,0.1730418943533697,0.7370079643869185
0.0449196862159133,0.1730418943533697,0.7369840830200511
0.0449196862159133,0.173388845519993,0.7368968378865776
0.0449663802764288,0.173388845519993,0.736893605249478
0.0449663802764288,0.1734755833116489,0.7368728594098013
0.0449897273066865,0.1734755833116489,0.7368584143886184
0.0449897273066865,0.1736490588949605,0.7367925554731175
0.045036421367202,0.1736490588949605,0.7367783480677639
0.045036421367202,0.1737357966866163,0.7367728458502282
0.0450597683974598,0.1737357966866163,0.7367686244493363
0.0450597683974598,0.1738225344782721,0.7367614344120474
0.0450831154277176,0.1738225344782721,0.7366495535951161
0.0450831154277176,0.1739960100615838,0.7366027702520574
0.0451064624579753,0.1739960100615838,0.7365771380303029
0.0451064624579753,0.1743429612282071,0.7365104167376666
0.0451765035487486,0.1743429612282071,0.7364130576685302
0.0451765035487486,0.1746899123948304,0.7363325805723611
0.0452231976092641,0.1746899123948304,0.7363300400604157
0.0452231976092641,0.1747766501864862,0.736321591531156
0.0453165857302951,0.1747766501864862,0.7362567098986577
0.0453165857302951,0.1750368635614537,0.7362448164727161
0.0454333208815838,0.1750368635614537,0.7361612200253027
0.0454333208815838,0.1751236013531095,0.7361470936508225
0.0454566679118416,0.1751236013531095,0.7361285457777448
0.0454566679118416,0.175383814728077,0.7360943015572997
0.0455500560328726,0.175383814728077,0.7360385261518114
0.0455500560328726,0.1754705525197328,0.7360248690896132
0.0455967500933881,0.1754705525197328,0.7360106900822398
0.0455967500933881,0.1759909792696678,0.7358930941895703
0.0456667911841613,0.1759909792696678,0.7358387275887153
0.0456667911841613,0.1765114060196027,0.7357327717654256
0.0457134852446768,0.1765114060196027,0.7357245779687778
0.0457134852446768,0.1765981438112585,0.7357232811963033
0.0457368322749346,0.1765981438112585,0.7357150620455426
0.0457368322749346,0.1771185705611935,0.7356403118345293
0.0457601793051923,0.1771185705611935,0.7356082993433062
0.0457601793051923,0.1772053083528493,0.7355562975228767
0.0457835263354501,0.1772053083528493,0.7355529393058389
0.0457835263354501,0.177378783936161,0.7355325123218542
0.0458068733657078,0.177378783936161,0.735469100916095
0.0458068733657078,0.1776389973111284,0.7353997534741501
0.0458302203959656,0.1776389973111284,0.7353883818358418
0.0458302203959656,0.1777257351027842,0.735368203249948
0.0458535674262233,0.1777257351027842,0.7353309260018042
0.0458535674262233,0.1778124728944401,0.7353124136617265
0.0458769144564811,0.1778124728944401,0.7352937959267073
0.0458769144564811,0.1778992106860959,0.7352764898391622
0.0459002614867388,0.1778992106860959,0.7352610008582332
0.0459002614867388,0.1782461618527192,0.735115057012905
0.0459236085169966,0.1782461618527192,0.7351078236857373
0.0459236085169966,0.1784196374360308,0.7350681118830215
0.0459469555472543,0.1784196374360308,0.7350542537019356
0.0459469555472543,0.1787665886026541,0.7349412495937024
0.0459936496077698,0.1787665886026541,0.7348605539612867
0.0459936496077698,0.1789400641859658,0.7348235010139055
0.0460169966380276,0.1789400641859658,0.7348229778053881
0.0460169966380276,0.1790268019776216,0.7348205887454109
0.0460403436682854,0.1790268019776216,0.7347632164792579
0.0460403436682854,0.1791135397692774,0.734755945416507
0.0460636906985431,0.1791135397692774,0.7347420861595216
0.0460636906985431,0.1792002775609333,0.7347169852406374
0.0460870377288009,0.1792002775609333,0.7347002203196099
0.0460870377288009,0.1792870153525891,0.7346943112141506
0.0461337317893164,0.1792870153525891,0.7346567642458621
0.0461337317893164,0.1793737531442449,0.7346431834426349
0.0461570788195741,0.1793737531442449,0.7345723765223503
0.0461570788195741,0.1794604909359007,0.7345457657442785
0.0461804258498319,0.1794604909359007,0.7345092180695547
0.0461804258498319,0.1795472287275566,0.7345049186748092
0.0462037728800896,0.1795472287275566,0.7344913292884601
0.0462037728800896,0.1796339665192124,0.7344814625810607
0.0462271199103474,0.1796339665192124,0.7344472521988219
0.0462271199103474,0.1797207043108682,0.7344471353608728
0.0462504669406051,0.1797207043108682,0.734436441198768
0.0462504669406051,0.1800676554774915,0.7343504272454584
0.0462738139708629,0.1800676554774915,0.7343258435247723
0.0462738139708629,0.1801543932691473,0.7343035314036094
0.0463905491221516,0.1801543932691473,0.7341719055075804
0.0463905491221516,0.1802411310608032,0.7341676859624626
0.0464372431826671,0.1802411310608032,0.7341327344836324
0.0464372431826671,0.180327868852459,0.7340815693151925
0.0464605902129249,0.180327868852459,0.7340785355705977
0.0464605902129249,0.1804146066441148,0.7340606285806792
0.0465306313036981,0.1804146066441148,0.7340291952332318
0.0465306313036981,0.1805013444357706,0.7340142963529939
0.0465773253642136,0.1805013444357706,0.7340128184704788
0.0465773253642136,0.1806748200190823,0.7340116242233732
0.0466240194247291,0.1806748200190823,0.7339537059820249
0.0466240194247291,0.1808482956023939,0.7339161949873959
0.0466707134852446,0.1808482956023939,0.7339066817164493
0.0466707134852446,0.1809350333940498,0.733854992736805
0.0466940605155024,0.1809350333940498,0.7338058359389477
0.0466940605155024,0.1811952467690172,0.7337318608569618
0.0467174075457601,0.1811952467690172,0.7336695432825308
0.0467174075457601,0.1814554601439847,0.7336106644735912
0.0468107956667911,0.1814554601439847,0.7335706494701186
0.0468107956667911,0.1816289357272963,0.733552479445742
0.0468341426970489,0.1816289357272963,0.7335274785364555
0.0468341426970489,0.1817156735189522,0.7335175247181512
0.0468574897273066,0.1817156735189522,0.7335143243694826
0.0468574897273066,0.181802411310608,0.7334910181642664
0.0468808367575644,0.181802411310608,0.733487909867583
0.0468808367575644,0.1820626246855755,0.7334078857914286
0.0469041837878221,0.1820626246855755,0.7333968682330396
0.0469041837878221,0.1821493624772313,0.7333822443204927
0.0469508778483376,0.1821493624772313,0.7333574868531089
0.0469508778483376,0.1822361002688871,0.7333551895276771
0.0469742248785954,0.1822361002688871,0.7333470445443302
0.0469742248785954,0.1823228380605429,0.7332953096949146
0.0469975719088531,0.1823228380605429,0.7332931036896471
0.0469975719088531,0.1824095758521988,0.7332812604807009
0.0471143070601419,0.1824095758521988,0.7331521216425916
0.0471143070601419,0.1826697892271662,0.7330954303341429
0.0471610011206574,0.1826697892271662,0.7330203332434524
0.0471610011206574,0.1827565270188221,0.7330178283705793
0.0472543892416884,0.1827565270188221,0.7329667792689715
0.0472543892416884,0.1828432648104779,0.7329319611451757
0.0473244303324617,0.1828432648104779,0.7329107111329215
0.0473244303324617,0.1829300026021337,0.7328952695560678
0.0473477773627194,0.1829300026021337,0.732836597958072
0.0473477773627194,0.1830167403937895,0.7328316788673253
0.0474645125140082,0.1830167403937895,0.7327238931283725
0.0474645125140082,0.1835371671437245,0.7325834869526905
0.0474878595442659,0.1835371671437245,0.7325784448494651
0.0474878595442659,0.1836239049353803,0.7325517853312963
0.0476512887560702,0.1836239049353803,0.7324563580237455
0.0476512887560702,0.1837106427270361,0.7324276497988929
0.0476979828165857,0.1837106427270361,0.7323775469532512
0.0476979828165857,0.183797380518692,0.7323508979461195
0.0477213298468434,0.183797380518692,0.7323313095338908
0.0477213298468434,0.1838841183103478,0.7323145280829256
0.0477446768771012,0.1838841183103478,0.732314049070587
0.0477446768771012,0.1839708561020036,0.7323137265921829
0.0477680239073589,0.1839708561020036,0.7322766121752062
0.0477680239073589,0.1840575938936594,0.7322544665034736
0.0478147179678744,0.1840575938936594,0.7321825288009309
0.0478147179678744,0.1842310694769711,0.7321692978221542
0.0478380649981322,0.1842310694769711,0.7321677558583146
0.0478380649981322,0.1843178072686269,0.7321456870845114
0.0478614120283899,0.1843178072686269,0.732127683197867
0.0478614120283899,0.184751496226906,0.7320116169824646
0.0478847590586477,0.184751496226906,0.731998274902691
0.0478847590586477,0.1849249718102177,0.7319338689041892
0.0479548001494209,0.1849249718102177,0.7319166595887907
0.0479548001494209,0.1850117096018735,0.7319154545350048
0.048048188270452,0.1850117096018735,0.7318904899148632
0.048048188270452,0.1850984473935293,0.7318862890959383
0.0480948823309675,0.1850984473935293,0.7318550098113135
0.0480948823309675,0.1851851851851851,0.7318542302465881
0.0481882704519985,0.1851851851851851,0.7318025848637681
0.0481882704519985,0.1853586607684968,0.731696891738129
0.048234964512514,0.1853586607684968,0.731683883124812
0.048234964512514,0.1854453985601526,0.7316637136632929
0.0482583115427717,0.1854453985601526,0.7316561835324729
0.0482583115427717,0.1855321363518084,0.7316447966044498
0.0482816585730295,0.1855321363518084,0.7316445422267528
0.0482816585730295,0.1856188741434643,0.7316353890811135
0.0483983937243182,0.1856188741434643,0.7315531118962573
0.0483983937243182,0.1857923497267759,0.7314324936944918
0.048421740754576,0.1857923497267759,0.7314206867699782
0.048421740754576,0.1860525631017434,0.7313580544322527
0.0484684348150915,0.1860525631017434,0.7313043757415949
0.0484684348150915,0.1861393008933992,0.7312106741537034
0.048515128875607,0.1861393008933992,0.7311968449725823
0.048515128875607,0.1866597276433342,0.7310648228791211
0.0485384759058647,0.1866597276433342,0.7310419546591462
0.0485384759058647,0.1869199410183016,0.7309915354454545
0.0485618229361225,0.1869199410183016,0.7309874247028945
0.0485618229361225,0.1870934166016133,0.7309573991742339
0.0486552110571535,0.1870934166016133,0.7309190699251826
0.0486552110571535,0.1872668921849249,0.7308955588002425
0.048701905117669,0.1872668921849249,0.730879037732721
0.048701905117669,0.1873536299765808,0.7308782436522726
0.0487485991781845,0.1873536299765808,0.7308366649504099
0.0487485991781845,0.1874403677682366,0.7308301225256848
0.0487719462084422,0.1874403677682366,0.7307998852187607
0.0487719462084422,0.1876138433515482,0.7307166792708808
0.0488186402689577,0.1876138433515482,0.7306745865887612
0.0488186402689577,0.1877005811432041,0.7306633815885417
0.0488419872992155,0.1877005811432041,0.7306353638380172
0.0488419872992155,0.1877873189348599,0.7306107353225155
0.0489120283899887,0.1877873189348599,0.7305444671511294
0.0489120283899887,0.1878740567265157,0.7305119412728964
0.0490287635412775,0.1878740567265157,0.7304131283228736
0.0490287635412775,0.1880475323098274,0.7303882311227512
0.049075457601793,0.1880475323098274,0.730377313814105
0.049075457601793,0.188221007893139,0.7303554208507739
0.0491454986925663,0.188221007893139,0.7302969297943437
0.0491454986925663,0.1883077456847948,0.7302687660295629
0.0492855808741128,0.1883077456847948,0.7302229682015106
0.0492855808741128,0.1884812212681065,0.7301684026645462
0.0493089279043705,0.1884812212681065,0.7300667826287288
0.0493089279043705,0.188741434643074,0.7300309801337878
0.0493322749346283,0.188741434643074,0.7300126556819524
0.0493322749346283,0.1888281724347298,0.7299938528290975
0.049355621964886,0.1888281724347298,0.7299913891906733
0.049355621964886,0.1889149102263856,0.72998963139617
0.0494256630556593,0.1889149102263856,0.7298754670701143
0.0494256630556593,0.1890016480180414,0.7298752444754391
0.049449010085917,0.1890016480180414,0.7298717952034512
0.049449010085917,0.1890883858096972,0.7298607606216108
0.0494723571161748,0.1890883858096972,0.7298400831413288
0.0494723571161748,0.1892618613930089,0.7297912983140857
0.0494957041464325,0.1892618613930089,0.7297886627124106
0.0494957041464325,0.1896088125596322,0.7297632869756117
0.0496124392977213,0.1896088125596322,0.7296587226535031
0.0496124392977213,0.189695550351288,0.7296511034519453
0.0496824803884945,0.189695550351288,0.7296003272988656
0.0496824803884945,0.1898690259345997,0.7295278403514106
0.0497058274187523,0.1898690259345997,0.729475617442344
0.0497058274187523,0.1899557637262555,0.7294741941421126
0.04972917444901,0.1899557637262555,0.7294652426869683
0.04972917444901,0.190215977101223,0.7294413522629919
0.049822562570041,0.190215977101223,0.7294134840889074
0.049822562570041,0.1903027148928788,0.7293660744969734
0.0498459096002988,0.1903027148928788,0.7293566170790684
0.0498459096002988,0.1903894526845346,0.7293547369357133
0.0498692566305565,0.1903894526845346,0.7293464123605709
0.0498692566305565,0.1904761904761904,0.7293340671388624
0.0498926036608143,0.1904761904761904,0.7292870928249906
0.0498926036608143,0.1906496660595021,0.7292393830204977
0.0499626447515876,0.1906496660595021,0.7292064805782258
0.0499626447515876,0.1907364038511579,0.7292001444533838
0.0500326858423608,0.1907364038511579,0.7291822009443794
0.0500326858423608,0.1908231416428137,0.7291692131156566
0.0500793799028763,0.1908231416428137,0.729125373255354
0.0500793799028763,0.1909098794344696,0.7291219126473861
0.0502194620844228,0.1909098794344696,0.7289687574177992
0.0502194620844228,0.1910833550177812,0.7289451135772453
0.0502428091146806,0.1910833550177812,0.7289102574669476
0.0502428091146806,0.191170092809437,0.7289078756986282
0.0502661561449383,0.191170092809437,0.7289029679584516
0.0502661561449383,0.1913435683927487,0.7288690588212148
0.0503361972357116,0.1913435683927487,0.7288232722749273
0.0503361972357116,0.1914303061844045,0.728797120175779
0.0503828912962271,0.1914303061844045,0.7287145461939366
0.0503828912962271,0.191690519559372,0.7286793567540955
0.0504529323870003,0.191690519559372,0.728645969682574
0.0504529323870003,0.1917772573510278,0.7286438012899273
0.0504996264475158,0.1917772573510278,0.7286309645529873
0.0504996264475158,0.1918639951426836,0.7286100925955201
0.0505463205080313,0.1918639951426836,0.7285388527834527
0.0505463205080313,0.1919507329343394,0.728533063267767
0.0505696675382891,0.1919507329343394,0.7284959390027218
0.0505696675382891,0.1921242085176511,0.728429392520881
0.0505930145685468,0.1921242085176511,0.7284248132248188
0.0505930145685468,0.1922109463093069,0.7284192316802645
0.0506163615988046,0.1922109463093069,0.7284110720241612
0.0506163615988046,0.1922976841009628,0.7284095322677573
0.0507564437803511,0.1922976841009628,0.7281957238281718
0.0507564437803511,0.1927313730592419,0.7280788908510885
0.0508731789316398,0.1927313730592419,0.7278818514454772
0.0508731789316398,0.1929048486425535,0.7278587998909802
0.0509665670526709,0.1929048486425535,0.7278195584083513
0.0509665670526709,0.1929915864342093,0.7278132932058803
0.0510132611131864,0.1929915864342093,0.7277902453280836
0.0510132611131864,0.193165062017521,0.7277203773747771
0.0511066492342174,0.193165062017521,0.7276804161838637
0.0511066492342174,0.1932517998091768,0.7276580015632172
0.0511299962644751,0.1932517998091768,0.7276444313596231
0.0511299962644751,0.1933385376008327,0.7276197096993411
0.0512467314157639,0.1933385376008327,0.7275557179250249
0.0512467314157639,0.1935120131841443,0.7275410384929554
0.0513167725065371,0.1935120131841443,0.7274918961286528
0.0513167725065371,0.1935987509758001,0.7274907364191339
0.0514101606275681,0.1935987509758001,0.7274386033622252
0.0514101606275681,0.1936854887674559,0.727418938142886
0.0514802017183414,0.1936854887674559,0.7273728088699962
0.0514802017183414,0.1938589643507676,0.7272946669546575
0.0515035487485991,0.1938589643507676,0.7272840134986619
0.0515035487485991,0.1940324399340793,0.727267464047691
0.0515502428091146,0.1940324399340793,0.727219822531479
0.0515502428091146,0.1942059155173909,0.7271614697994631
0.0516202838998879,0.1942059155173909,0.7271406425253728
0.0516202838998879,0.1944661288923584,0.7270605867344884
0.0516436309301456,0.1944661288923584,0.727013565207601
0.0516436309301456,0.1945528666840142,0.7270092536644426
0.0517136720209189,0.1945528666840142,0.7269837164123972
0.0517136720209189,0.1948130800589817,0.7268995503037965
0.0517370190511766,0.1948130800589817,0.7268742912432367
0.0517370190511766,0.1948998178506375,0.7268568705019571
0.0518070601419499,0.1948998178506375,0.7268407146889064
0.0518070601419499,0.1949865556422933,0.7268382166761327
0.0518304071722076,0.1949865556422933,0.7268092305964644
0.0518304071722076,0.1950732934339491,0.7268059513486868
0.0518537542024654,0.1950732934339491,0.72680309469707
0.0518537542024654,0.1955069823922283,0.7267605512830155
0.0518771012327232,0.1955069823922283,0.726726135484337
0.0518771012327232,0.1955937201838841,0.7267215471258384
0.0519237952932387,0.1955937201838841,0.7267022422563699
0.0519237952932387,0.1956804579755399,0.7266694467308594
0.0519471423234964,0.1956804579755399,0.7266523228630539
0.0519471423234964,0.1958539335588515,0.726589026155551
0.0519938363840119,0.1958539335588515,0.7265732133797727
0.0519938363840119,0.1960274091421632,0.7265092211306112
0.0520171834142697,0.1960274091421632,0.7265055845835153
0.0520171834142697,0.1962008847254749,0.7265004684777265
0.0520405304445274,0.1962008847254749,0.72649073557712
0.0520405304445274,0.1962876225171307,0.7264855630782333
0.0521105715353007,0.1962876225171307,0.726429863723268
0.0521105715353007,0.1963743603087865,0.7264216146362006
0.0521339185655584,0.1963743603087865,0.7263876340117184
0.0521339185655584,0.1964610981004423,0.7263728560030789
0.0521806126260739,0.1964610981004423,0.7263692948213546
0.0521806126260739,0.196634573683754,0.726348052866771
0.0522039596563317,0.196634573683754,0.726322377915509
0.0522039596563317,0.1967213114754098,0.7263174309831795
0.0522273066865894,0.1967213114754098,0.7262598687884263
0.0522273066865894,0.1968080492670656,0.7262519376193659
0.0523673888681359,0.1968080492670656,0.7261682202034826
0.0523673888681359,0.1969815248503773,0.7260520512792594
0.0523907358983937,0.1969815248503773,0.7260468243165139
0.0523907358983937,0.1970682626420331,0.7260123302221566
0.0524607769891669,0.1970682626420331,0.7259485457835876
0.0524607769891669,0.1971550004336889,0.7259334745297268
0.0525541651101979,0.1971550004336889,0.7257955080796754
0.0525541651101979,0.1972417382253447,0.725794850283394
0.0526242062009712,0.1972417382253447,0.7257669576711376
0.0526242062009712,0.1974152138086564,0.7257608240035365
0.0527409413522599,0.1974152138086564,0.7256732727921604
0.0527409413522599,0.1975019516003122,0.7256710449115651
0.0527876354127754,0.1975019516003122,0.7256148911482376
0.0527876354127754,0.198109116141903,0.7254315096914532
0.0528109824430332,0.198109116141903,0.7254235141238756
0.0528109824430332,0.1981958539335588,0.72534963621583
0.0528343294732909,0.1981958539335588,0.7253220512769891
0.0528343294732909,0.1982825917252146,0.7253138704028069
0.052927717594322,0.1982825917252146,0.7252523002287748
0.052927717594322,0.1986295428918379,0.7251683231233315
0.053021105715353,0.1986295428918379,0.7250661148549031
0.053021105715353,0.1987162806834937,0.7250258020715672
0.0530444527456107,0.1987162806834937,0.725023191958668
0.0530444527456107,0.1988030184751496,0.7249689717107553
0.0531611878968995,0.1988030184751496,0.7248781890568174
0.0531611878968995,0.1990632318501171,0.7248127314085222
0.0531845349271572,0.1990632318501171,0.7247677508447787
0.0531845349271572,0.1993234452250845,0.724742956817051
0.053207881957415,0.1993234452250845,0.724666466501009
0.053207881957415,0.1994101830167404,0.7246616413216692
0.0532312289876727,0.1994101830167404,0.7246463574996567
0.0532312289876727,0.1994969208083962,0.7245755976433168
0.0532545760179305,0.1994969208083962,0.7245716729016061
0.0532545760179305,0.199583658600052,0.7245629132428548
0.053301270078446,0.199583658600052,0.7244773566603717
0.053301270078446,0.1996703963917078,0.7244733523312729
0.0533246171087037,0.1996703963917078,0.7244270566400954
0.0533246171087037,0.1997571341833637,0.7244252528509572
0.0534180052297347,0.1997571341833637,0.7243083306254391
0.0534180052297347,0.1999306097666753,0.7242899107667837
0.0535113933507657,0.1999306097666753,0.7242394435377562
0.0535113933507657,0.2000173475583311,0.7242231457594357
0.0535347403810235,0.2000173475583311,0.7241563561854865
0.0535347403810235,0.200104085349987,0.7241386907655822
0.053581434441539,0.200104085349987,0.7241157688616553
0.053581434441539,0.2004510365166102,0.7240965407491806
0.0537448636533432,0.2004510365166102,0.7239731271843164
0.0537448636533432,0.2006245120999219,0.7239175171062218
0.053768210683601,0.2006245120999219,0.7239134043449441
0.053768210683601,0.2007112498915777,0.7238995499734426
0.0539082928651475,0.2007112498915777,0.7237445709848627
0.0539082928651475,0.2008847254748894,0.7237325206932022
0.053954986925663,0.2008847254748894,0.7236751463265487
0.053954986925663,0.2009714632665452,0.7236350782624195
0.0540016809861785,0.2009714632665452,0.7236034360591388
0.0540016809861785,0.201058201058201,0.7235864586889813
0.054141763167725,0.201058201058201,0.7234959424373562
0.054141763167725,0.2011449388498568,0.7234404884686858
0.0541651101979828,0.2011449388498568,0.7234259226076942
0.0541651101979828,0.2013184144331685,0.7234023083500354
0.054235151288756,0.2013184144331685,0.7233191334161598
0.054235151288756,0.2014051522248243,0.7233004636179523
0.0542818453492715,0.2014051522248243,0.723237890121834
0.0542818453492715,0.2017521033914476,0.7231661517309669
0.0543051923795293,0.2017521033914476,0.7231480645771516
0.0543051923795293,0.2018388411831034,0.7231419656475336
0.0543518864400448,0.2018388411831034,0.72312135671093
0.0543518864400448,0.2019255789747593,0.7231002846006636
0.054421927530818,0.2019255789747593,0.7230414290820146
0.054421927530818,0.2022725301413826,0.7229755378616683
0.054515315651849,0.2022725301413826,0.7229585979317463
0.054515315651849,0.20253274351635,0.7229230523418106
0.0545620097123645,0.20253274351635,0.7228611313938589
0.0545620097123645,0.2026194813080059,0.7228314004013394
0.0545853567426223,0.2026194813080059,0.722822751538282
0.0545853567426223,0.2027929568913175,0.72279391228606
0.05460870377288,0.2027929568913175,0.7227714041069606
0.05460870377288,0.2028796946829733,0.7226519492259817
0.0546320508031378,0.2028796946829733,0.7226302099424201
0.0546320508031378,0.2029664324746292,0.7226170863822623
0.0546787448636533,0.2029664324746292,0.7225873075890232
0.0546787448636533,0.203053170266285,0.7225865017005306
0.0547721329846843,0.203053170266285,0.7225441969150731
0.0547721329846843,0.2033133836412524,0.7225218606814691
0.0547954800149421,0.2033133836412524,0.7225191599013756
0.0547954800149421,0.2034001214329083,0.7225169865461925
0.0548188270451998,0.2034001214329083,0.7225059564531362
0.0548188270451998,0.2036603348078758,0.722489167685749
0.0548421740754576,0.2036603348078758,0.7224473315782078
0.0548421740754576,0.2038338103911874,0.7224250528598661
0.0548655211057153,0.2038338103911874,0.7224187044915847
0.0548655211057153,0.2040072859744991,0.7223676376883972
0.0549122151662308,0.2040072859744991,0.7223376470892133
0.0549122151662308,0.2040940237661549,0.7222939640868172
0.0549589092267463,0.2040940237661549,0.7222772662136714
0.0549589092267463,0.2041807615578107,0.7222623057641195
0.0549822562570041,0.2041807615578107,0.7222549543622206
0.0549822562570041,0.2042674993494665,0.7222529560286115
0.0550056032872618,0.2042674993494665,0.7222474790516817
0.0550056032872618,0.204527712724434,0.7222032358973656
0.0550289503175196,0.204527712724434,0.7221823028858934
0.0550289503175196,0.2046144505160898,0.7221699149287768
0.0550522973477773,0.2046144505160898,0.7221619184627366
0.0550522973477773,0.2047011883077457,0.7221521860631128
0.0550756443780351,0.2047011883077457,0.7221126085601678
0.0550756443780351,0.2047879260994015,0.7221061383199532
0.0551690324990661,0.2047879260994015,0.722083087835311
0.0551690324990661,0.2052216150576806,0.7219963145524072
0.0552390735898393,0.2052216150576806,0.721960775432553
0.0552390735898393,0.2053083528493364,0.7219342318492191
0.0552624206200971,0.2053083528493364,0.7219040766664035
0.0552624206200971,0.2053950906409923,0.7218806421523547
0.0553091146806126,0.2053950906409923,0.721843182072393
0.0553091146806126,0.2056553040159597,0.72179229823535
0.0553324617108703,0.2056553040159597,0.7217775115819367
0.0553324617108703,0.2058287795992714,0.7217589857870224
0.0553558087411281,0.2058287795992714,0.7217569044187322
0.0553558087411281,0.2059155173909272,0.7217176995528143
0.0554958909226746,0.2059155173909272,0.7216236410720438
0.0554958909226746,0.2064359441408621,0.721530868121737
0.0555425849831901,0.2064359441408621,0.7215032278987739
0.0555425849831901,0.206522681932518,0.7214745884970913
0.0556593201344788,0.206522681932518,0.7213693789942421
0.0556593201344788,0.2066094197241738,0.7213632694424363
0.0557293612252521,0.2066094197241738,0.7213384956181388
0.0557293612252521,0.2067828953074854,0.721267317508699
0.0557527082555098,0.2067828953074854,0.7212569010691146
0.0557527082555098,0.2068696330991413,0.7212566205003497
0.0558694434067986,0.2068696330991413,0.7211866540859019
0.0558694434067986,0.2071298464741087,0.7211560674639512
0.0559861785580874,0.2071298464741087,0.7211135804908466
0.0559861785580874,0.2073033220574204,0.7210933495283748
0.0561029137093761,0.2073033220574204,0.7210450750913396
0.0561029137093761,0.207476797640732,0.7210101108928163
0.0561262607396339,0.207476797640732,0.7210084695463864
0.0561262607396339,0.2076502732240437,0.7209778402940668
0.0561963018304071,0.2076502732240437,0.720952345512385
0.0561963018304071,0.2077370110156995,0.7209445018620351
0.0562196488606649,0.2077370110156995,0.7209368677195802
0.0562196488606649,0.2078237488073553,0.7209335521552352
0.0562429958909226,0.2078237488073553,0.720923221138873
0.0562429958909226,0.2079104865990111,0.7209206999458835
0.0562663429211804,0.2079104865990111,0.7209015235402194
0.0562663429211804,0.207997224390667,0.7208968076732931
0.0563130369816959,0.207997224390667,0.7208863322674937
0.0563130369816959,0.2080839621823228,0.7208602174773815
0.0563830780724691,0.2080839621823228,0.7208461116773186
0.0563830780724691,0.2082574377656345,0.7208358860608963
0.0565465072842734,0.2082574377656345,0.7207105457682472
0.0565465072842734,0.2084309133489461,0.720698058259869
0.0566398954053044,0.2084309133489461,0.7205368856112906
0.0566398954053044,0.2086043889322577,0.7205006617561158
0.0566865894658199,0.2086043889322577,0.7204705256184041
0.0566865894658199,0.2086911267239136,0.7204675472025999
0.0567799775868509,0.2086911267239136,0.7204034618130255
0.0567799775868509,0.2087778645155694,0.7203894878451184
0.0568033246171087,0.2087778645155694,0.720369509655076
0.0568033246171087,0.2088646023072252,0.7203375088198071
0.0568266716473664,0.2088646023072252,0.7203041014182641
0.0568266716473664,0.208951340098881,0.7203009494404953
0.0568733657078819,0.208951340098881,0.7202005186110714
0.0568733657078819,0.2092115534738485,0.7201612766419991
0.0569667538289129,0.2092115534738485,0.7201029450067966
0.0569667538289129,0.2092982912655044,0.7200924263087446
0.0571301830407172,0.2092982912655044,0.7199465360731901
0.0571301830407172,0.2097319802237835,0.7199250269862458
0.0572002241314904,0.2097319802237835,0.7199178122135066
0.0572002241314904,0.2098187180154393,0.7199113349014326
0.0572235711617482,0.2098187180154393,0.7198927689019072
0.0572235711617482,0.2099054558070951,0.7198917148639749
0.0572469181920059,0.2099054558070951,0.7198697838870238
0.0572469181920059,0.2100789313904068,0.7198617736458759
0.0572702652222637,0.2100789313904068,0.7198573470112943
0.0572702652222637,0.2101656691820626,0.7198367450901207
0.0573169592827792,0.2101656691820626,0.7198061027018205
0.0573169592827792,0.2102524069737184,0.7197947238613763
0.0573870003735524,0.2102524069737184,0.7197732643301733
0.0573870003735524,0.2105126203486859,0.7197029244569175
0.0574103474038102,0.2105126203486859,0.7196607522830887
0.0574103474038102,0.2105993581403417,0.7196058037305386
0.0574570414643257,0.2105993581403417,0.7195828701505148
0.0574570414643257,0.2106860959319975,0.719580468990116
0.0575270825550989,0.2106860959319975,0.7195053531091261
0.0575270825550989,0.2108595715153092,0.7194689025717498
0.0575737766156145,0.2108595715153092,0.7194592129998726
0.0575737766156145,0.210946309306965,0.7194504245863887
0.0576438177063877,0.210946309306965,0.719376769949964
0.0576438177063877,0.2110330470986208,0.7193570005908665
0.057713858797161,0.2110330470986208,0.7193163125825378
0.057713858797161,0.2111197848902767,0.7193071655813525
0.0577372058274187,0.2111197848902767,0.7193036657562639
0.0577372058274187,0.2114667360569,0.7192091734231466
0.0577605528576765,0.2114667360569,0.7191870307124368
0.0577605528576765,0.2115534738485558,0.7191771927992507
0.0578772880089652,0.2115534738485558,0.7191183926437674
0.0578772880089652,0.2116402116402116,0.7190695495813824
0.0579473290997385,0.2116402116402116,0.7190442651361667
0.0579473290997385,0.2117269494318674,0.7190397419084122
0.0579706761299962,0.2117269494318674,0.7190345372343606
0.0579706761299962,0.2118136872235232,0.7190223237379112
0.0580407172207695,0.2118136872235232,0.7189753163862369
0.0580407172207695,0.2119004250151791,0.7189406643583167
0.0580640642510272,0.2119004250151791,0.7189279492708578
0.0580640642510272,0.2121606383901466,0.7188650790501876
0.058087411281285,0.2121606383901466,0.7188078417500492
0.058087411281285,0.2123341139734582,0.7188013613065329
0.0581107583115427,0.2123341139734582,0.7187730356801578
0.0581107583115427,0.212420851765114,0.7187702160105386
0.0582975345536047,0.212420851765114,0.7186389179668544
0.0582975345536047,0.2125075895567698,0.7185908875893084
0.0584843107956667,0.2125075895567698,0.7184251344370551
0.0584843107956667,0.212941278515049,0.7183767124785013
0.0585310048561822,0.212941278515049,0.7183562804810624
0.0585310048561822,0.2130280163067048,0.7183443925132065
0.05855435188644,0.2130280163067048,0.7183391673664572
0.05855435188644,0.2132014918900164,0.7183066579682401
0.0585776989166978,0.2132014918900164,0.718305427735881
0.0585776989166978,0.2133749674733281,0.7182865798028748
0.0586944340679865,0.2133749674733281,0.7182452827150838
0.0586944340679865,0.2134617052649839,0.7182277451151442
0.058741128128502,0.2134617052649839,0.7181935783872868
0.058741128128502,0.2136351808482956,0.7181580608737743
0.0587644751587598,0.2136351808482956,0.7181455167432458
0.0587644751587598,0.2138086564316072,0.7181023831114933
0.0588111692192753,0.2138086564316072,0.7181009131412663
0.0588111692192753,0.213895394223263,0.7181006543380476
0.058834516249533,0.213895394223263,0.7180814936615354
0.058834516249533,0.2139821320149189,0.7180486898916503
0.0588578632797908,0.2139821320149189,0.7180456038969332
0.0588578632797908,0.2140688698065747,0.7180387446082694
0.0589512514008218,0.2140688698065747,0.7179665248428327
0.0589512514008218,0.2141556075982305,0.7179062042696376
0.0591847217033993,0.2141556075982305,0.7177481238714862
0.0591847217033993,0.2142423453898863,0.7177461145654951
0.0593714979454613,0.2142423453898863,0.717626774820771
0.0593714979454613,0.214415820973198,0.7176097297873631
0.0594415390362345,0.214415820973198,0.7175577935835571
0.0594415390362345,0.2145892965565096,0.7174630810302931
0.0595582741875233,0.2145892965565096,0.7174029306688618
0.0595582741875233,0.2148495099314771,0.7173567428613289
0.0595816212177811,0.2148495099314771,0.7173458250989688
0.0595816212177811,0.2149362477231329,0.7173400679652557
0.0596049682480388,0.2149362477231329,0.7173400365058421
0.0596049682480388,0.2150229855147888,0.7173353071005724
0.0596283152782966,0.2150229855147888,0.7173171996170025
0.0596283152782966,0.2151964610981004,0.717299277155018
0.0596516623085543,0.2151964610981004,0.7172798024869795
0.0596516623085543,0.215369936681412,0.7172739037711025
0.0598617855808741,0.215369936681412,0.7170709440473753
0.0598617855808741,0.2155434122647237,0.7170514924306367
0.0598851326111318,0.2155434122647237,0.7170480288679211
0.0598851326111318,0.215890363431347,0.7169986719907937
0.0599318266716473,0.215890363431347,0.7169465943404352
0.0599318266716473,0.2159771012230028,0.7169428697464921
0.0599785207321628,0.2159771012230028,0.7168899045318946
0.0599785207321628,0.2160638390146587,0.7168798218896484
0.0600018677624206,0.2160638390146587,0.7168753949012423
0.0600018677624206,0.2161505768063145,0.7168550850173004
0.0600252147926783,0.2161505768063145,0.7168316605841085
0.0600252147926783,0.2162373145979703,0.7168110841151014
0.0600719088531938,0.2162373145979703,0.7168071741723359
0.0600719088531938,0.2163240523896261,0.7168046191926003
0.0602353380649981,0.2163240523896261,0.7166653390999023
0.0602353380649981,0.2164107901812819,0.7166333954984625
0.0602820321255136,0.2164107901812819,0.7165987299672
0.0602820321255136,0.2165842657645936,0.7165227764334039
0.0603287261860291,0.2165842657645936,0.7165159356412416
0.0603287261860291,0.2169312169312169,0.716505163494155
0.0603987672768023,0.2169312169312169,0.7164649085029922
0.0603987672768023,0.2171046925145285,0.7164323773276231
0.0604221143070601,0.2171046925145285,0.7164303069899502
0.0604221143070601,0.2171914303061844,0.7164242609407898
0.0604454613373178,0.2171914303061844,0.7164078942069685
0.0604454613373178,0.2172781680978402,0.7164015705955895
0.0604921553978334,0.2172781680978402,0.7163564442680979
0.0604921553978334,0.217364905889496,0.7163375013446787
0.0605388494583489,0.217364905889496,0.7163113600936901
0.0605388494583489,0.2174516436811518,0.7163080604375064
0.0605621964886066,0.2174516436811518,0.7162570257015095
0.0605621964886066,0.2175383814728077,0.716200737570755
0.0605855435188644,0.2175383814728077,0.716197546559682
0.0605855435188644,0.2177985948477751,0.7161544701450613
0.0606088905491221,0.2177985948477751,0.7161438594198192
0.0606088905491221,0.217885332639431,0.7161367616512335
0.0606555846096376,0.217885332639431,0.7161022508845944
0.0606555846096376,0.2180588082227426,0.716063933479538
0.0607723197609264,0.2180588082227426,0.7160232940666722
0.0607723197609264,0.2181455460143984,0.7160191001170193
0.0608190138214419,0.2181455460143984,0.7159804502825405
0.0608190138214419,0.2182322838060543,0.7159077113474133
0.0608657078819574,0.2182322838060543,0.7158645548270103
0.0608657078819574,0.2184057593893659,0.715853790779361
0.0609124019424729,0.2184057593893659,0.715791029734496
0.0609124019424729,0.2187527105559892,0.7156894173289519
0.0609357489727306,0.2187527105559892,0.7156500790498592
0.0609357489727306,0.2190996617226125,0.7155712100490097
0.0610291370937616,0.2190996617226125,0.7155422751385374
0.0610291370937616,0.2192731373059241,0.7155262403941187
0.0611692192753081,0.2192731373059241,0.7154359005787255
0.0611692192753081,0.21935987509758,0.7154335029578829
0.0611925663055659,0.21935987509758,0.7154259263825233
0.0611925663055659,0.2194466128892358,0.7153930112142268
0.0612626073963391,0.2194466128892358,0.7153241756815911
0.0612626073963391,0.2195333506808916,0.7152974381870695
0.0613326484871124,0.2195333506808916,0.7152441575839827
0.0613326484871124,0.2198803018475149,0.7151983368083329
0.0613559955173701,0.2198803018475149,0.7151946339337736
0.0613559955173701,0.2199670396391707,0.7151895704359935
0.0613793425476279,0.2199670396391707,0.7151891085641799
0.0613793425476279,0.2204007285974499,0.7150896570647713
0.0614493836384011,0.2204007285974499,0.7150497194772176
0.0614493836384011,0.2204874663891057,0.7150302666839733
0.0615661187896899,0.2204874663891057,0.7149627063027797
0.0615661187896899,0.2205742041807615,0.7149342805993579
0.0616128128502054,0.2205742041807615,0.7148975356288223
0.0616128128502054,0.2207476797640732,0.7148647619429698
0.0617062009712364,0.2207476797640732,0.7148015307904461
0.0617062009712364,0.220834417555729,0.7147993594326154
0.0617295480014942,0.220834417555729,0.7147880153232473
0.0617295480014942,0.2210946309306965,0.7147441063427816
0.0617528950317519,0.2210946309306965,0.7147425875273032
0.0617528950317519,0.2211813687223523,0.7147378113510654
0.0617995890922674,0.2211813687223523,0.7147199685910072
0.0617995890922674,0.221354844305664,0.7146948504480124
0.0618696301830407,0.221354844305664,0.7146737233833456
0.0618696301830407,0.2214415820973198,0.7146522313621926
0.0619630183040717,0.2214415820973198,0.7145881463439636
0.0619630183040717,0.2215283198889756,0.7145046500672083
0.0619863653343294,0.2215283198889756,0.7144963553192372
0.0619863653343294,0.2217885332639431,0.7144421815543411
0.0620330593948449,0.2217885332639431,0.7144122642227457
0.0620330593948449,0.2218752710555989,0.7143841580343264
0.0620797534553604,0.2218752710555989,0.7143130004736301
0.0620797534553604,0.2219620088472547,0.7143115835553919
0.0621731415763914,0.2219620088472547,0.7142653559904086
0.0621731415763914,0.2221354844305664,0.7142397831527394
0.0622198356369069,0.2221354844305664,0.7142021278405405
0.0622198356369069,0.2222222222222222,0.7141817639610715
0.0622431826671647,0.2222222222222222,0.714153438430932
0.0622431826671647,0.222308960013878,0.7140681097701846
0.0622665296974224,0.222308960013878,0.7140119687556843
0.0622665296974224,0.2226559111805013,0.71396593183085
0.0623132237579379,0.2226559111805013,0.7139320176917776
0.0623132237579379,0.2231763379304362,0.7137983080076353
0.0623599178184534,0.2231763379304362,0.7137778664033937
0.0623599178184534,0.2232630757220921,0.7137468829960532
0.0624066118789689,0.2232630757220921,0.713716454367767
0.0624066118789689,0.2233498135137479,0.7137044007655476
0.0624299589092267,0.2233498135137479,0.7136766232465428
0.0624299589092267,0.2234365513054037,0.7136673590188091
0.0624533059394845,0.2234365513054037,0.713647028022154
0.0624533059394845,0.2235232890970596,0.7136303132594952
0.0625,0.2235232890970596,0.713593285439325
0.0625,0.2236100268887154,0.7135734153443624
0.062593388121031,0.2236100268887154,0.7135421373620574
0.062593388121031,0.2239569780553387,0.7134345785489551
0.0626400821815465,0.2239569780553387,0.7134002060749411
0.0626400821815465,0.2240437158469945,0.7133873147095067
0.062686776242062,0.2240437158469945,0.7133507261893821
0.062686776242062,0.2242171914303062,0.713316133457384
0.0627101232723197,0.2242171914303062,0.7133158285272356
0.0627101232723197,0.2244774048052736,0.7132671025874371
0.062780164363093,0.2244774048052736,0.7131958647161805
0.062780164363093,0.2247376181802411,0.7130930714516017
0.0628968995143817,0.2247376181802411,0.7129766736490624
0.0628968995143817,0.2248243559718969,0.7129759044267663
0.0629435935748972,0.2248243559718969,0.712919961711924
0.0629435935748972,0.2249110937635527,0.7129157060168896
0.0630136346656705,0.2249110937635527,0.7128912455977463
0.0630136346656705,0.2249978315552086,0.7128837425985886
0.0630836757564437,0.2249978315552086,0.7128354745564716
0.0630836757564437,0.2251713071385202,0.7128007635767594
0.063153716847217,0.2251713071385202,0.712681490945363
0.063153716847217,0.2253447827218319,0.7125553096712125
0.0632004109077325,0.2253447827218319,0.7125164045484049
0.0632004109077325,0.2256049960967993,0.7124942810069694
0.063247104968248,0.2256049960967993,0.7124658558977679
0.063247104968248,0.2256917338884552,0.7124442167722917
0.0632704519985057,0.2256917338884552,0.7124208310462051
0.0632704519985057,0.225778471680111,0.7124081696069343
0.0633171460590212,0.225778471680111,0.7123751340428564
0.0633171460590212,0.2258652094717668,0.7123526438072005
0.0633638401195368,0.2258652094717668,0.7123403700847314
0.0633638401195368,0.2259519472634227,0.7123353416055351
0.0633871871497945,0.2259519472634227,0.7123297879556075
0.0633871871497945,0.2261254228467343,0.71230631474493
0.06343388121031,0.2261254228467343,0.7122827009865629
0.06343388121031,0.2262121606383901,0.7122789675629935
0.0634572282405678,0.2262121606383901,0.7122787122665458
0.0634572282405678,0.2263856362217018,0.7122673013147018
0.0634805752708255,0.2263856362217018,0.712258988883842
0.0634805752708255,0.2265591118050134,0.7122295327773234
0.063620657452372,0.2265591118050134,0.7121032443449802
0.063620657452372,0.2266458495966692,0.7120856942024578
0.0636440044826298,0.2266458495966692,0.712065529099537
0.0636440044826298,0.2269060629716367,0.7120116803058689
0.0637373926036608,0.2269060629716367,0.7118350704125599
0.0637373926036608,0.2269928007632925,0.7118311139162965
0.0637607396339185,0.2269928007632925,0.7118302477808056
0.0637607396339185,0.2271662763466042,0.7118201999119942
0.0638774747852073,0.2271662763466042,0.7117396516311243
0.0638774747852073,0.22725301413826,0.7117251132466854
0.063900821815465,0.22725301413826,0.7117229120585673
0.063900821815465,0.2273397519299158,0.7117144882744908
0.0640175569667538,0.2273397519299158,0.7116170527276728
0.0640175569667538,0.2274264897215717,0.7116158525667002
0.0640642510272693,0.2274264897215717,0.7115881996654171
0.0640642510272693,0.2276867030965391,0.711525219712259
0.0641109450877848,0.2276867030965391,0.7114952967085897
0.0641109450877848,0.2280336542631624,0.7114200191245936
0.0641342921180425,0.2280336542631624,0.7114149803185084
0.0641342921180425,0.2282071298464741,0.7113891498286504
0.0642043332088158,0.2282071298464741,0.7113512251268826
0.0642043332088158,0.2283806054297857,0.7112828372946105
0.0642276802390735,0.2283806054297857,0.7112823723788002
0.0642276802390735,0.2284673432214415,0.7112710642740879
0.0642510272693313,0.2284673432214415,0.7112694491432073
0.0642510272693313,0.2285540810130974,0.7112621765517673
0.0642743742995891,0.2285540810130974,0.7112575084638375
0.0642743742995891,0.2286408188047532,0.7112514192193359
0.0642977213298468,0.2286408188047532,0.7112418625672167
0.0642977213298468,0.2289877699713765,0.7112142436820137
0.0644378035113933,0.2289877699713765,0.7111466500700857
0.0644378035113933,0.2291612455546881,0.7110701256272532
0.0644611505416511,0.2291612455546881,0.7110585984554894
0.0644611505416511,0.2293347211379998,0.7109996335671998
0.0646245797534553,0.2293347211379998,0.7109392439392541
0.0646245797534553,0.2294214589296556,0.7109159889259724
0.0646479267837131,0.2294214589296556,0.710914693233005
0.0646479267837131,0.2295949345129673,0.7109007396443798
0.0647179678744863,0.2295949345129673,0.7108541466502687
0.0647179678744863,0.2299418856795906,0.7107584710957795
0.0647413149047441,0.2299418856795906,0.7107180008441638
0.0647413149047441,0.2300286234712464,0.7106766903805892
0.0648113559955173,0.2300286234712464,0.7106292342757815
0.0648113559955173,0.230202099054558,0.7106146017123438
0.0648347030257751,0.230202099054558,0.7106093996991087
0.0648347030257751,0.2302888368462139,0.7105474058692389
0.0648580500560328,0.2302888368462139,0.7105439945245788
0.0648580500560328,0.2303755746378697,0.7105311369140405
0.0649047441165483,0.2303755746378697,0.7105154289480944
0.0649047441165483,0.2304623124295255,0.7105080717075005
0.0649280911468061,0.2304623124295255,0.7104906794481511
0.0649280911468061,0.2305490502211813,0.7104711040012213
0.0650214792678371,0.2305490502211813,0.710410754165367
0.0650214792678371,0.230722525804493,0.7103828001956958
0.0650448262980948,0.230722525804493,0.7103610485700316
0.0650448262980948,0.2308092635961488,0.7103588597321493
0.0651148673888681,0.2308092635961488,0.7102162097867372
0.0651148673888681,0.2308960013878046,0.710212851594237
0.0652082555098991,0.2308960013878046,0.7101489180057938
0.0652082555098991,0.2310694769711163,0.7101156384456926
0.0652549495704146,0.2310694769711163,0.7100527670559774
0.0652549495704146,0.2311562147627721,0.7100482750655243
0.0652782966006724,0.2311562147627721,0.7100449196528806
0.0652782966006724,0.2312429525544279,0.7100388379063405
0.0653249906611879,0.2312429525544279,0.7100360179491378
0.0653249906611879,0.2313296903460837,0.7100340357846506
0.0653483376914456,0.2313296903460837,0.7100183695861888
0.0653483376914456,0.2314164281377396,0.7100075369711596
0.0653716847217034,0.2314164281377396,0.7099924037018097
0.0653716847217034,0.2315031659293954,0.7099898300115832
0.0654183787822189,0.2315031659293954,0.7099493404151774
0.0654183787822189,0.2315899037210512,0.7099364328693583
0.0654650728427344,0.2315899037210512,0.7099323929294492
0.0654650728427344,0.2318501170960187,0.7098726594515232
0.0656051550242809,0.2318501170960187,0.7098149030308449
0.0656051550242809,0.2319368548876745,0.7097853996896323
0.0656985431453119,0.2319368548876745,0.7097473276652915
0.0656985431453119,0.2320235926793303,0.7097394057362743
0.0657452372058274,0.2320235926793303,0.7096794271717155
0.0657452372058274,0.2322838060542978,0.7096682518902915
0.0658386253268584,0.2322838060542978,0.7096316168232409
0.0658386253268584,0.2323705438459536,0.7096305534274565
0.0658853193873739,0.2323705438459536,0.7096090487092747
0.0658853193873739,0.2324572816376095,0.7095764088767706
0.0659086664176316,0.2324572816376095,0.7095336779306172
0.0659086664176316,0.2326307572209211,0.7094937635934182
0.0659320134478894,0.2326307572209211,0.7094733660787256
0.0659320134478894,0.232717495012577,0.7093971699575119
0.0660487485991781,0.232717495012577,0.7093365151275373
0.0660487485991781,0.2328042328042328,0.709314813139708
0.0661421367202091,0.2328042328042328,0.7092233494521023
0.0661421367202091,0.2328909705958886,0.7092020307107565
0.0662121778109824,0.2328909705958886,0.7091033677140444
0.0662121778109824,0.233671610720791,0.7089980129191947
0.0662355248412401,0.233671610720791,0.7089869211346256
0.0662355248412401,0.2337583485124468,0.7089826759420748
0.0662588718714979,0.2337583485124468,0.708971163740779
0.0662588718714979,0.2338450863041027,0.7089672620632191
0.0663055659320134,0.2338450863041027,0.7089308402452967
0.0663055659320134,0.2339318240957585,0.7089143093443855
0.0664456481135599,0.2339318240957585,0.7088428500161361
0.0664456481135599,0.2340185618874143,0.7088333411113801
0.0665623832648487,0.2340185618874143,0.7087659027829596
0.0665623832648487,0.2341052996790701,0.7087558726457455
0.0667024654463952,0.2341052996790701,0.7086897547894733
0.0667024654463952,0.234192037470726,0.7086590050354789
0.0667725065371684,0.234192037470726,0.7085827659280729
0.0667725065371684,0.2343655130540376,0.7085391081452002
0.0668658946581994,0.2343655130540376,0.7085173209535187
0.0668658946581994,0.2344522508456934,0.7085053383148223
0.0669592827792304,0.2344522508456934,0.7084385630430732
0.0669592827792304,0.2346257264290051,0.7083795357354559
0.0670059768397459,0.2346257264290051,0.7083233635257264
0.0670059768397459,0.2347992020123167,0.7082962249228512
0.0670293238700037,0.2347992020123167,0.7082916897104782
0.0670293238700037,0.2348859398039726,0.7082784849259487
0.0671460590212924,0.2348859398039726,0.7081991980064601
0.0671460590212924,0.2349726775956284,0.7081757208238818
0.0671694060515502,0.2349726775956284,0.7081013168084607
0.0671694060515502,0.2350594153872842,0.7080907295217198
0.0673094882330967,0.2350594153872842,0.7080317660961692
0.0673094882330967,0.23514615317894,0.7079934485248589
0.0673561822936122,0.23514615317894,0.7079747179021492
0.0673561822936122,0.2352328909705958,0.7079658681337015
0.0675196115054165,0.2352328909705958,0.7078261526564469
0.0675196115054165,0.2353196287622517,0.707802007461276
0.0675429585356742,0.2353196287622517,0.7077950829856376
0.0675429585356742,0.2354063665539075,0.7077741070594804
0.0676363466567052,0.2354063665539075,0.7077178800654818
0.0676363466567052,0.2354931043455633,0.7077095877894244
0.067659693686963,0.2354931043455633,0.7076994347070877
0.067659693686963,0.2355798421372192,0.7076715930035529
0.0676830407172207,0.2355798421372192,0.7076657567140074
0.0676830407172207,0.2357533177205308,0.7075963560739245
0.0677764288382517,0.2357533177205308,0.707544346391124
0.0677764288382517,0.2359267933038424,0.707507111688322
0.0677997758685095,0.2359267933038424,0.7074967357531937
0.0677997758685095,0.2360135310954983,0.7074878530513452
0.0678698169592827,0.2360135310954983,0.7074734981444181
0.0678698169592827,0.2361870066788099,0.7074661419047188
0.0679632050803137,0.2361870066788099,0.7074243875917203
0.0679632050803137,0.2362737444704657,0.7074237814921209
0.068033246171087,0.2362737444704657,0.707370211971766
0.068033246171087,0.2364472200537774,0.7073438840619131
0.0680565932013447,0.2364472200537774,0.7073400752057386
0.0680565932013447,0.2365339578454332,0.707339716783534
0.0681032872618603,0.2365339578454332,0.7073175094369324
0.0681032872618603,0.236620695637089,0.707299195372065
0.0681499813223757,0.236620695637089,0.7072681295004297
0.0681499813223757,0.2367941712204007,0.707228947904428
0.0682900635039223,0.2367941712204007,0.7071631070102767
0.0682900635039223,0.2372278601786798,0.7070130293686188
0.06831341053418,0.2372278601786798,0.7069879418649845
0.06831341053418,0.2373145979703357,0.7069456514870105
0.068406798655211,0.2373145979703357,0.7068794067205919
0.068406798655211,0.2374880735536473,0.7068614255398342
0.0684534927157265,0.2374880735536473,0.7068521337497462
0.0684534927157265,0.2375748113453031,0.7068429550309749
0.0685468808367575,0.2375748113453031,0.7067404684982288
0.0685468808367575,0.2376615491369589,0.7067149014813336
0.068593574897273,0.2376615491369589,0.7066861067780155
0.068593574897273,0.2378350247202706,0.7066256214979574
0.0686169219275308,0.2378350247202706,0.7066096260989384
0.0686169219275308,0.2380085003035822,0.7065871762090729
0.0686636159880463,0.2380085003035822,0.7065518759043824
0.0686636159880463,0.2381819758868939,0.7065412232709359
0.0687103100485618,0.2381819758868939,0.7065261704601918
0.0687103100485618,0.2383554514702055,0.7065108161793083
0.068780351139335,0.2383554514702055,0.7064915695501068
0.068780351139335,0.238615664845173,0.706485963593634
0.068873739260366,0.238615664845173,0.7064130466275479
0.068873739260366,0.2387891404284847,0.7063929367731496
0.0688970862906238,0.2387891404284847,0.706374298511736
0.0688970862906238,0.2388758782201405,0.7063484041509016
0.069153903623459,0.2388758782201405,0.7062103312144835
0.069153903623459,0.2390493538034521,0.7061802928831138
0.0692706387747478,0.2390493538034521,0.7059498132017269
0.0692706387747478,0.2391360915951079,0.7059414072308291
0.0692939858050056,0.2391360915951079,0.7059310792666165
0.0692939858050056,0.2392228293867638,0.7059215610049197
0.0694107209562943,0.2392228293867638,0.705844385306573
0.0694107209562943,0.2393095671784196,0.7058361343788495
0.0695041090773253,0.2393095671784196,0.7057988764987151
0.0695041090773253,0.2393963049700754,0.7057955217906631
0.0695508031378408,0.2393963049700754,0.705786141330639
0.0695508031378408,0.2394830427617313,0.70575898373933
0.0695741501680986,0.2394830427617313,0.7057456606144465
0.0695741501680986,0.2396565183450429,0.7056920852208165
0.0695974971983563,0.2396565183450429,0.7056873811741706
0.0695974971983563,0.2399167317200104,0.7056443312227405
0.0696441912588718,0.2399167317200104,0.7055787855524813
0.0696441912588718,0.240090207303322,0.7055277164062108
0.0697142323496451,0.240090207303322,0.7055022406772864
0.0697142323496451,0.2403504206782895,0.7054716032605655
0.0697842734404183,0.2403504206782895,0.7054366023012362
0.0697842734404183,0.2404371584699453,0.7054148202881463
0.0698309675009338,0.2404371584699453,0.7053911015178664
0.0698309675009338,0.2405238962616011,0.705357831323631
0.0698543145311916,0.2405238962616011,0.7053567449497347
0.0698543145311916,0.2407841096365686,0.7052638699037288
0.0698776615614493,0.2407841096365686,0.7052561928097962
0.0698776615614493,0.2411310608031919,0.7052116906392625
0.0699477026522226,0.2411310608031919,0.7052085770932692
0.0699477026522226,0.2412177985948477,0.7052058577042035
0.0702979081060889,0.2412177985948477,0.7050238589850273
0.0702979081060889,0.2413045363865036,0.7050127731534683
0.0703212551363466,0.2413045363865036,0.7050124491456986
0.0703212551363466,0.2413912741781594,0.7050094565983449
0.0703679491968621,0.2413912741781594,0.7049893186677638
0.0703679491968621,0.2414780119698152,0.7049888273611296
0.0703912962271199,0.2414780119698152,0.7049310685470094
0.0703912962271199,0.241564749761471,0.7049232799142594
0.0704379902876354,0.241564749761471,0.7048970492748938
0.0704379902876354,0.2417382253447827,0.7047888120719404
0.0704846843481509,0.2417382253447827,0.704781418268707
0.0704846843481509,0.2418249631364385,0.704777476021846
0.0705313784086664,0.2418249631364385,0.7047489823198642
0.0705313784086664,0.2419984387197502,0.704733158807156
0.0705780724691819,0.2419984387197502,0.7046584610294033
0.0705780724691819,0.2421719143030618,0.7046435372927513
0.0706948076204706,0.2421719143030618,0.7045601680176529
0.0706948076204706,0.2423453898863735,0.7045238977108266
0.0707181546507284,0.2423453898863735,0.7044730432304392
0.0707181546507284,0.2424321276780293,0.7044709861738669
0.0708582368322749,0.2424321276780293,0.7043446191497091
0.0708582368322749,0.2426056032613409,0.704300351419469
0.0708815838625326,0.2426056032613409,0.7042982953847898
0.0708815838625326,0.2426923410529967,0.7042949806645018
0.0709049308927904,0.2426923410529967,0.7042932122276053
0.0709049308927904,0.2428658166363084,0.7042330993662702
0.0709282779230481,0.2428658166363084,0.7042279792390973
0.0709282779230481,0.2429525544279642,0.704211903285177
0.0709516249533059,0.2429525544279642,0.7042094577994722
0.0709516249533059,0.2430392922196201,0.7041457475451363
0.0709983190138214,0.2430392922196201,0.7040908771486531
0.0709983190138214,0.2431260300112759,0.70406831821565
0.0710450130743369,0.2431260300112759,0.7040605128057082
0.0710450130743369,0.2432127678029317,0.7039793540020434
0.0710683601045946,0.2432127678029317,0.7039713766736031
0.0710683601045946,0.2432995055945875,0.7039554844265444
0.0710917071348524,0.2432995055945875,0.7039436524272297
0.0710917071348524,0.2434729811778992,0.7039291828607959
0.0711150541651102,0.2434729811778992,0.7039289304250276
0.0711150541651102,0.243559718969555,0.7038956008204291
0.0711850952558834,0.243559718969555,0.7038631606951478
0.0711850952558834,0.2436464567612108,0.703858432823474
0.0712084422861412,0.2436464567612108,0.7038357307611245
0.0712084422861412,0.2437331945528666,0.7037954397146828
0.0712317893163989,0.2437331945528666,0.7037924146553349
0.0712317893163989,0.2438199323445225,0.7037705905162764
0.0712551363466567,0.2438199323445225,0.7037364364858143
0.0712551363466567,0.24408014571949,0.7036367988303603
0.0712784833769144,0.24408014571949,0.7036142564512124
0.0712784833769144,0.2443403590944574,0.703532490863441
0.0713018304071722,0.2443403590944574,0.7035286890851281
0.0713018304071722,0.2445138346777691,0.7035169506597512
0.0713251774374299,0.2445138346777691,0.7034577601125965
0.0713251774374299,0.2446005724694249,0.703428712190689
0.0713952185282032,0.2446005724694249,0.7033446271357751
0.0713952185282032,0.2447740480527366,0.7033061434229708
0.0714185655584609,0.2447740480527366,0.7032796282206135
0.0714185655584609,0.2448607858443924,0.7032741901777324
0.0714419125887187,0.2448607858443924,0.7032733493387704
0.0714419125887187,0.2449475236360482,0.70326464696681
0.0714652596189764,0.2449475236360482,0.7032585919753056
0.0714652596189764,0.245034261427704,0.7032457086105305
0.0715586477400074,0.245034261427704,0.7031731025840289
0.0715586477400074,0.2451209992193598,0.7031484688332861
0.0716520358610384,0.2451209992193598,0.7031220869637184
0.0716520358610384,0.2452077370110157,0.7031112819441199
0.0716987299215539,0.2452077370110157,0.7030965278230168
0.0716987299215539,0.2452944748026715,0.7030887482356782
0.0717220769518117,0.2452944748026715,0.7030624872598774
0.0717220769518117,0.2453812125943273,0.7030620904272409
0.0719088531938737,0.2453812125943273,0.7028425062668272
0.0719088531938737,0.245554688177639,0.7028078811444873
0.0719322002241314,0.245554688177639,0.7027649806264029
0.0719322002241314,0.2458149015526064,0.7027334013929194
0.0719555472543892,0.2458149015526064,0.702733391745934
0.0719555472543892,0.2459016393442623,0.702728679614693
0.0720022413149047,0.2459016393442623,0.7026962729326677
0.0720022413149047,0.2460751149275739,0.7026724962556694
0.0720489353754202,0.2460751149275739,0.7026442123926915
0.0720489353754202,0.2463353283025414,0.7025728130467087
0.0720956294359357,0.2463353283025414,0.702555320291012
0.0720956294359357,0.2464220660941972,0.7025533706757559
0.072165670526709,0.2464220660941972,0.7025023642761965
0.072165670526709,0.246508803885853,0.7024993453486486
0.0722123645872245,0.246508803885853,0.7024743095005238
0.0722123645872245,0.2466822794691647,0.7023579437570906
0.07225905864774,0.2466822794691647,0.7023257208197159
0.07225905864774,0.2469424928441322,0.702235502807111
0.0722824056779977,0.2469424928441322,0.7022096223859923
0.0722824056779977,0.247029230635788,0.7021949285202785
0.0723757937990287,0.247029230635788,0.702137883017255
0.0723757937990287,0.2471159684274438,0.7021352088857278
0.0723991408292865,0.2471159684274438,0.7021217884498365
0.0723991408292865,0.2472027062190996,0.7021160751098882
0.072445834889802,0.2472027062190996,0.7020807837098045
0.072445834889802,0.2472894440107554,0.7020723530807633
0.0724691819200597,0.2472894440107554,0.7020635420925609
0.0724691819200597,0.2474629195940671,0.7020179503611406
0.0725158759805752,0.2474629195940671,0.7019706635708023
0.0725158759805752,0.2475496573857229,0.7019558695096413
0.0726793051923795,0.2475496573857229,0.7018049663691284
0.0726793051923795,0.2476363951773788,0.7017971729317315
0.072725999252895,0.2476363951773788,0.7017749265312703
0.072725999252895,0.2477231329690346,0.7017396834153464
0.072819387373926,0.2477231329690346,0.7016024412515425
0.072819387373926,0.247983346344002,0.7015859038693697
0.0728427344041837,0.247983346344002,0.7015696132418366
0.0728427344041837,0.2480700841356579,0.7015627299857872
0.0728660814344415,0.2480700841356579,0.70156223337335
0.0728660814344415,0.2482435597189695,0.701544815177574
0.073006163615988,0.2482435597189695,0.701466931354586
0.073006163615988,0.2483302975106253,0.7014575380688919
0.0730528576765035,0.2483302975106253,0.7014408956927285
0.0730528576765035,0.2484170353022812,0.7014408361478455
0.0730762047067613,0.2484170353022812,0.7014403202048785
0.0730762047067613,0.248503773093937,0.7013868147377623
0.0731228987672768,0.248503773093937,0.7013838652712953
0.0731228987672768,0.2485905108855928,0.7013763858052464
0.0732162868883078,0.2485905108855928,0.7012895172710114
0.0732162868883078,0.2486772486772486,0.701249436217094
0.0732396339185655,0.2486772486772486,0.7012084485822635
0.0732396339185655,0.2489374620522161,0.7011614838262084
0.073286327979081,0.2489374620522161,0.7011341980768413
0.073286327979081,0.2490241998438719,0.7011059577487593
0.073379716100112,0.2490241998438719,0.7010497650982647
0.073379716100112,0.2491109376355278,0.7010497478833635
0.073473104221143,0.2491109376355278,0.700977774764803
0.073473104221143,0.2492844132188394,0.7009704583142493
0.0734964512514008,0.2492844132188394,0.7009361720198609
0.0734964512514008,0.2493711510104952,0.7009112601376851
0.0736131864026895,0.2493711510104952,0.7008469375390327
0.0736131864026895,0.249457888802151,0.700846788181726
0.0736365334329473,0.249457888802151,0.700833816616111
0.0736365334329473,0.2496313643854627,0.7008013859698113
0.073659880463205,0.2496313643854627,0.700763736669523
0.073659880463205,0.2497181021771185,0.7007345900877886
0.0737299215539783,0.2497181021771185,0.7006884443263893
0.0737299215539783,0.2498048399687744,0.7006772423812822
0.0738933507657825,0.2498048399687744,0.7005895157138511
0.0738933507657825,0.2498915777604302,0.7005894427440333
0.0740100859170713,0.2498915777604302,0.7005333073474107
0.0740100859170713,0.249978315552086,0.7005327277266763
0.0740334329473291,0.249978315552086,0.7005303105191755
0.0740334329473291,0.2500650533437418,0.7005262960551473
0.0740801270078446,0.2500650533437418,0.7005185355241579
0.0740801270078446,0.2501517911353977,0.7005016819788359
0.0741268210683601,0.2501517911353977,0.700486191532149
0.0741268210683601,0.2502385289270535,0.7004634815454147
0.0741501680986178,0.2502385289270535,0.7004083820687286
0.0741501680986178,0.2504120045103651,0.7003773975292635
0.0742202091893911,0.2504120045103651,0.7003023147564528
0.0742202091893911,0.2505854800936768,0.7003017512816643
0.0742902502801643,0.2505854800936768,0.7002705673359714
0.0742902502801643,0.2506722178853326,0.7002623909400569
0.0743369443406798,0.2506722178853326,0.7002497013571508
0.0743369443406798,0.2507589556769884,0.7002393147223678
0.0744069854314531,0.2507589556769884,0.7001581484550174
0.0744069854314531,0.2509324312603001,0.7001328502480476
0.0744536794919686,0.2509324312603001,0.700096653595446
0.0744536794919686,0.2510191690519559,0.70007871771313
0.0745470676129996,0.2510191690519559,0.699979550711668
0.0745470676129996,0.2511926446352676,0.6999626249288402
0.0746171087037728,0.2511926446352676,0.6999195092725001
0.0746171087037728,0.251452858010235,0.6999003296338242
0.0746638027642883,0.251452858010235,0.6998827733357278
0.0746638027642883,0.2515395958018909,0.6998599493578136
0.0746871497945461,0.2515395958018909,0.6998530153237021
0.0746871497945461,0.2516263335935467,0.6998350189316234
0.0747338438550616,0.2516263335935467,0.6998198788938861
0.0747338438550616,0.2517998091768583,0.6997905856174416
0.0747571908853193,0.2517998091768583,0.6997886145237688
0.0747571908853193,0.2518865469685142,0.6997820338552563
0.0750373552484124,0.2518865469685142,0.6995798263749697
0.0750373552484124,0.2520600225518258,0.699553805163162
0.0750607022786701,0.2520600225518258,0.6995487421905244
0.0750607022786701,0.2521467603434816,0.6994935493598029
0.0751540903997011,0.2521467603434816,0.6993995774342568
0.0751540903997011,0.2522334981351374,0.6993815606595956
0.0752007844602166,0.2522334981351374,0.6993785199269738
0.0752007844602166,0.2523202359267933,0.6993632383966715
0.0753408666417631,0.2523202359267933,0.6992289369074254
0.0753408666417631,0.2524069737184491,0.6992099150388219
0.0753875607022786,0.2524069737184491,0.6991329007261896
0.0753875607022786,0.2526671870934166,0.6991208989840401
0.0754342547627941,0.2526671870934166,0.6991147438142642
0.0754342547627941,0.2527539248850724,0.6991076262186593
0.0755276428838251,0.2527539248850724,0.698927709514382
0.0755276428838251,0.2530141382600399,0.6988438164838888
0.0756443780351139,0.2530141382600399,0.6988117609566771
0.0756443780351139,0.2531008760516957,0.69881055369565
0.0756677250653716,0.2531008760516957,0.6988017267443384
0.0756677250653716,0.2532743516350074,0.6987948984882495
0.0756910720956294,0.2532743516350074,0.6987854817322341
0.0756910720956294,0.2533610894266632,0.6987534786522016
0.0757844602166604,0.2533610894266632,0.6986780140989971
0.0757844602166604,0.253447827218319,0.6986779876310455
0.0758078072469181,0.253447827218319,0.6986494727443766
0.0758078072469181,0.2535345650099748,0.6986430535094754
0.0759245423982069,0.2535345650099748,0.6985872084507396
0.0759245423982069,0.2537947783849423,0.6985317831799556
0.0759945834889802,0.2537947783849423,0.6984719791323462
0.0759945834889802,0.2539682539682539,0.6984681472673142
0.0760646245797534,0.2539682539682539,0.6984266216811279
0.0760646245797534,0.2541417295515656,0.698377889963566
0.0761813597310422,0.2541417295515656,0.6983399248022106
0.0761813597310422,0.2542284673432214,0.6983372050859468
0.0762980948823309,0.2542284673432214,0.6982371309411972
0.0762980948823309,0.254401942926533,0.6981952989710363
0.0763914830033619,0.254401942926533,0.698119409925166
0.0763914830033619,0.2545754185098447,0.6980042363179486
0.0764148300336197,0.2545754185098447,0.6979736142718169
0.0764148300336197,0.2548356318848122,0.6979483342953186
0.0764615240941352,0.2548356318848122,0.6979032097523802
0.0764615240941352,0.2550958452597797,0.6978618522097091
0.0764848711243929,0.2550958452597797,0.6978616608837437
0.0764848711243929,0.2551825830514355,0.6978443801722438
0.0765549122151662,0.2551825830514355,0.6978039679138872
0.0765549122151662,0.2552693208430913,0.6977981210944642
0.0765782592454239,0.2552693208430913,0.6977786968850614
0.0765782592454239,0.2553560586347471,0.6977747181093001
0.0766949943967127,0.2553560586347471,0.6976119418956217
0.0766949943967127,0.255442796426403,0.6976077449697624
0.0767416884572282,0.255442796426403,0.6975815283508717
0.0767416884572282,0.2555295342180588,0.697551315302464
0.0767650354874859,0.2555295342180588,0.6975474750032884
0.0767650354874859,0.2556162720097146,0.6975337381625945
0.0768117295480015,0.2556162720097146,0.6975140026592839
0.0768117295480015,0.2557030098013704,0.6974997363139099
0.0769051176690325,0.2557030098013704,0.6974790348989754
0.0769051176690325,0.2557897475930263,0.6974553254804392
0.076951811729548,0.2557897475930263,0.6974413088655937
0.076951811729548,0.2558764853846821,0.6974295095456762
0.0769751587598057,0.2558764853846821,0.6974021300649829
0.0769751587598057,0.2559632231763379,0.6973721928570457
0.0769985057900635,0.2559632231763379,0.6973625063179565
0.0769985057900635,0.2560499609679937,0.6973569653971404
0.077045199850579,0.2560499609679937,0.697286640887048
0.077045199850579,0.2561366987596495,0.6972788902567318
0.0771619350018677,0.2561366987596495,0.697203946981399
0.0771619350018677,0.2562234365513054,0.6971844128440003
0.0771852820321255,0.2562234365513054,0.6971806154597027
0.0771852820321255,0.2563101743429612,0.6971715196689081
0.0772086290623832,0.2563101743429612,0.6971682549609215
0.0772086290623832,0.2564836499262728,0.697143863880261
0.0772553231228987,0.2564836499262728,0.6970529282765987
0.0772553231228987,0.2565703877179287,0.6970324450217001
0.0773020171834142,0.2565703877179287,0.696976402107194
0.0773020171834142,0.2566571255095845,0.6969631473495599
0.077325364213672,0.2566571255095845,0.6969530534672317
0.077325364213672,0.2568306010928962,0.6968845582880525
0.0773954053044452,0.2568306010928962,0.6968572391926686
0.0773954053044452,0.2570908144678636,0.6968192765873837
0.0774887934254762,0.2570908144678636,0.6967747447163044
0.0774887934254762,0.2571775522595195,0.6967506806830521
0.077512140455734,0.2571775522595195,0.6967448389959148
0.077512140455734,0.2572642900511753,0.6967273919719078
0.0776522226372805,0.2572642900511753,0.6966355142292133
0.0776522226372805,0.2575245034261427,0.6966017970676983
0.0777456107583115,0.2575245034261427,0.6965539310603293
0.0777456107583115,0.2577847168011102,0.6965179918758916
0.0778389988793425,0.2577847168011102,0.6964278128446644
0.0778389988793425,0.2581316679677335,0.6963838702066715
0.0778623459096003,0.2581316679677335,0.6963837483756332
0.0778623459096003,0.258391881342701,0.6963737625330084
0.0779090399701158,0.258391881342701,0.6963291891033623
0.0779090399701158,0.2584786191343568,0.6963236465464482
0.0780024280911468,0.2584786191343568,0.696312946941445
0.0780024280911468,0.2585653569260127,0.6963108906546707
0.0780491221516623,0.2585653569260127,0.6962638762474538
0.0780491221516623,0.2586520947176685,0.6962575227835344
0.07807246918192,0.2586520947176685,0.6962426691616529
0.07807246918192,0.2588255703009801,0.696178312894884
0.0780958162121778,0.2588255703009801,0.6961759396946083
0.0780958162121778,0.2589123080926359,0.6961713143658586
0.0781191632424355,0.2589123080926359,0.6960992691558978
0.0781191632424355,0.2589990458842918,0.6960901355365794
0.0782358983937243,0.2589990458842918,0.6960268168544383
0.0782358983937243,0.2590857836759476,0.6960059756113026
0.078259245423982,0.2590857836759476,0.6959967330898412
0.078259245423982,0.2591725214676034,0.6959949709640634
0.0783993276055285,0.2591725214676034,0.6959208851556744
0.0783993276055285,0.2592592592592592,0.6958779190749967
0.0785160627568173,0.2592592592592592,0.6958347395312537
0.0785160627568173,0.2593459970509151,0.6958237293135103
0.0785861038475905,0.2593459970509151,0.6957900522060352
0.0785861038475905,0.2594327348425709,0.6957864592318992
0.0786327979081061,0.2594327348425709,0.6957237208641961
0.0786327979081061,0.2595194726342267,0.6957115943905794
0.0787495330593948,0.2595194726342267,0.6955989573561603
0.0787495330593948,0.2596929482175383,0.6955845825084589
0.0790530444527456,0.2596929482175383,0.6953986208382106
0.0790530444527456,0.2597796860091942,0.6953364773609978
0.0791230855435188,0.2597796860091942,0.6952901983655297
0.0791230855435188,0.2600398993841616,0.6951363291442092
0.0792398206948076,0.2600398993841616,0.6950775669642126
0.0792398206948076,0.2601266371758175,0.6950751291493472
0.0792631677250653,0.2601266371758175,0.6950618125216871
0.0792631677250653,0.2602133749674733,0.6950514181129428
0.0793098617855808,0.2602133749674733,0.6949827221059612
0.0793098617855808,0.2603001127591292,0.6949472524571826
0.0793799028763541,0.2603001127591292,0.6949081223876583
0.0793799028763541,0.2604735883424408,0.6948923132370743
0.0794032499066118,0.2604735883424408,0.6948829601697016
0.0794032499066118,0.2605603261340966,0.694865959523437
0.0794732909973851,0.2605603261340966,0.6948332297783526
0.0794732909973851,0.2606470639257524,0.6948318669378805
0.0796834142697048,0.2606470639257524,0.6947309490657205
0.0796834142697048,0.2609072773007199,0.6946654053564105
0.0797067612999626,0.2609072773007199,0.6946466025892718
0.0797067612999626,0.2610807528840316,0.694619075957039
0.0797301083302204,0.2610807528840316,0.6946125234933903
0.0797301083302204,0.2612542284673432,0.6945592328172634
0.0798234964512514,0.2612542284673432,0.6945156585186307
0.0798234964512514,0.261340966258999,0.6945153072475443
0.0798468434815091,0.261340966258999,0.6944899895684731
0.0798468434815091,0.2616879174256223,0.6944147321610162
0.0798701905117669,0.2616879174256223,0.6944124558232914
0.0798701905117669,0.261861393008934,0.6943814684396856
0.0800336197235711,0.261861393008934,0.6942162162769059
0.0800336197235711,0.2620348685922456,0.694148043587971
0.0800803137840866,0.2620348685922456,0.6941211959702809
0.0800803137840866,0.2623818197588689,0.6940666651324141
0.0801036608143444,0.2623818197588689,0.6940590580288115
0.0801036608143444,0.2624685575505248,0.6940503848573968
0.0801270078446021,0.2624685575505248,0.6940183249739147
0.0801270078446021,0.2625552953421806,0.6940066614563662
0.0801970489353754,0.2625552953421806,0.6939426721151165
0.0801970489353754,0.2626420331338364,0.6939397489588456
0.0802437429958909,0.2626420331338364,0.6939176263679241
0.0802437429958909,0.2629022465088039,0.6938984256090489
0.0803604781471796,0.2629022465088039,0.6938635417499193
0.0803604781471796,0.2629889843004597,0.6938350907153199
0.0804538662682106,0.2629889843004597,0.693750321126045
0.0804538662682106,0.2630757220921155,0.6937494988020377
0.0804772132984684,0.2630757220921155,0.6937282224492272
0.0804772132984684,0.2631624598837713,0.6936991863745673
0.0805239073589839,0.2631624598837713,0.6936701355764292
0.0805239073589839,0.263335935467083,0.6936331542287733
0.0805706014194994,0.263335935467083,0.6936178208134276
0.0805706014194994,0.2634226732587388,0.6935937581301667
0.0807106836010459,0.2634226732587388,0.6935533713515563
0.0807106836010459,0.2635961488420504,0.6934397979969866
0.0807340306313037,0.2635961488420504,0.693438483976603
0.0807340306313037,0.2637696244253621,0.693396821027647
0.0807573776615614,0.2637696244253621,0.6933858462440587
0.0807573776615614,0.2638563622170179,0.6933634281111045
0.0808040717220769,0.2638563622170179,0.6933218677503927
0.0808040717220769,0.2641165755919854,0.6932839437235054
0.0808274187523347,0.2641165755919854,0.6932822194262991
0.0808274187523347,0.2642033133836412,0.6932818538255787
0.0808974598431079,0.2642033133836412,0.6932021163767934
0.0808974598431079,0.2642900511752971,0.6931816185301356
0.0809208068733657,0.2642900511752971,0.6931814369628511
0.0809208068733657,0.2645502645502645,0.6931707756343883
0.0809908479641389,0.2645502645502645,0.693096831971663
0.0809908479641389,0.2647237401335762,0.6930497090748844
0.0810608890549122,0.2647237401335762,0.6929990218193889
0.0810608890549122,0.2648972157168878,0.6929180907040876
0.0810842360851699,0.2648972157168878,0.6928851231273736
0.0810842360851699,0.2650706913001995,0.6928591748305615
0.0811309301456854,0.2650706913001995,0.6928452813789999
0.0811309301456854,0.2652441668835111,0.6927542369780394
0.0811542771759432,0.2652441668835111,0.6927514206049401
0.0811542771759432,0.2655043802584786,0.6927030260375289
0.0811776242062009,0.2655043802584786,0.6926962576895319
0.0811776242062009,0.2656778558417902,0.692683852733493
0.0812009712364587,0.2656778558417902,0.6926677954614485
0.0812009712364587,0.265764593633446,0.6926341656701753
0.0813177063877474,0.265764593633446,0.6926013740071043
0.0813177063877474,0.2658513314251019,0.6925831157432565
0.0814811355995517,0.2658513314251019,0.6924372902960003
0.0814811355995517,0.2661982825917252,0.6923803905215664
0.0815745237205827,0.2661982825917252,0.6923522160270386
0.0815745237205827,0.2663717581750369,0.6922845623726706
0.0816212177810982,0.2663717581750369,0.6922280776205465
0.0816212177810982,0.2664584959666927,0.692227023751989
0.0816912588718715,0.2664584959666927,0.692182252471984
0.0816912588718715,0.2665452337583485,0.6921542018061309
0.081737952932387,0.2665452337583485,0.6921252555358816
0.081737952932387,0.2667187093416601,0.692121193108466
0.0817612999626447,0.2667187093416601,0.6921090131372378
0.0817612999626447,0.266805447133316,0.6920963969915497
0.0819013821441912,0.266805447133316,0.6919409164865862
0.0819013821441912,0.2668921849249718,0.6919390625736632
0.0819714232349645,0.2668921849249718,0.6919266621782673
0.0819714232349645,0.2669789227166276,0.691909988477446
0.0821581994770265,0.2669789227166276,0.6918381122480111
0.0821581994770265,0.2670656605082834,0.6918348096272644
0.0821815465072842,0.2670656605082834,0.6918312340667652
0.0821815465072842,0.2671523982999393,0.6918211946008368
0.0825084049308927,0.2671523982999393,0.6915746451350342
0.0825084049308927,0.2672391360915951,0.6915536974125915
0.0825317519611505,0.2672391360915951,0.6915365402026259
0.0825317519611505,0.2673258738832509,0.6915140708029663
0.0826017930519237,0.2673258738832509,0.6914980659161196
0.0826017930519237,0.2674993494665625,0.6914857437624508
0.0826251400821815,0.2674993494665625,0.6914664513667613
0.0826251400821815,0.2675860872582184,0.6914616910336838
0.0826484871124393,0.2675860872582184,0.6914315325363665
0.0826484871124393,0.2676728250498742,0.6914012956887523
0.0826951811729548,0.2676728250498742,0.6913395389511674
0.0826951811729548,0.2677595628415301,0.6913366503797331
0.0827885692939858,0.2677595628415301,0.6912843056984328
0.0827885692939858,0.2680197762164975,0.6912493945335592
0.0828819574150168,0.2680197762164975,0.691225601797487
0.0828819574150168,0.2681065140081533,0.6912171572410413
0.0831154277175943,0.2681065140081533,0.6911343276552611
0.0831154277175943,0.2681932517998092,0.6911294993791595
0.083138774747852,0.2681932517998092,0.6911254614496631
0.083138774747852,0.2683667273831208,0.691095754553981
0.0832088158386253,0.2683667273831208,0.6910460279874435
0.0832088158386253,0.2684534651747766,0.6910351755253662
0.083232162868883,0.2684534651747766,0.6910175031815893
0.083232162868883,0.2685402029664325,0.6909874467731543
0.0832788569293985,0.2685402029664325,0.6909746623170033
0.0832788569293985,0.2687136785497441,0.6909516855469764
0.0833488980201718,0.2687136785497441,0.6908776120725908
0.0833488980201718,0.2689738919247116,0.6908285054715172
0.083418939110945,0.2689738919247116,0.690747852568951
0.083418939110945,0.2690606297163674,0.6907458151949288
0.0834656331714606,0.2690606297163674,0.6907293813228372
0.0834656331714606,0.2691473675080232,0.6907090871181907
0.0835590212924916,0.2691473675080232,0.690625662533906
0.0835590212924916,0.2693208430913349,0.6906212316669866
0.083605715353007,0.2693208430913349,0.6906001175438573
0.083605715353007,0.2694075808829907,0.6905875020840548
0.0836290623832648,0.2694075808829907,0.690586751137248
0.0836290623832648,0.2695810564663023,0.6905783565638582
0.0836757564437803,0.2695810564663023,0.6905556896615346
0.0836757564437803,0.269754532049614,0.6905230699372196
0.0837457975345536,0.269754532049614,0.6904430564726627
0.0837457975345536,0.2698412698412698,0.6904227210249396
0.0837691445648113,0.2698412698412698,0.69041324526628
0.0837691445648113,0.2699280076329257,0.6904068661866011
0.0837924915950691,0.2699280076329257,0.6904054064142089
0.0837924915950691,0.2700147454245815,0.6903867024529045
0.0838158386253268,0.2700147454245815,0.6903845353294928
0.0838158386253268,0.2701014832162373,0.6903833834278413
0.0838391856555846,0.2701014832162373,0.6903455436791763
0.0838391856555846,0.2701882210078931,0.6903432781008176
0.0839092267463578,0.2701882210078931,0.6903167658632043
0.0839092267463578,0.2702749587995489,0.690296539731056
0.0839325737766156,0.2702749587995489,0.6902935086767654
0.0839325737766156,0.2705351721745164,0.690265481044366
0.0839559208068733,0.2705351721745164,0.690256990709113
0.0839559208068733,0.2706219099661722,0.6902250172773023
0.0840026148673888,0.2706219099661722,0.6901783292953987
0.0840026148673888,0.2707086477578281,0.6901434421348707
0.0840726559581621,0.2707086477578281,0.6900984960664265
0.0840726559581621,0.2711423367161072,0.690053088482748
0.0841193500186776,0.2711423367161072,0.6899959058117646
0.0841193500186776,0.2714892878827305,0.6899059308353693
0.0841426970489353,0.2714892878827305,0.6899044563885663
0.0841426970489353,0.2715760256743863,0.6899040538712173
0.0843528203212551,0.2715760256743863,0.6897251897719363
0.0843528203212551,0.2718362390493538,0.6896850399321433
0.0843761673515128,0.2718362390493538,0.6896831363513131
0.0843761673515128,0.2720097146326654,0.6896738923362977
0.0843995143817706,0.2720097146326654,0.6896721622339861
0.0843995143817706,0.2720964524243213,0.6896684399978854
0.0844228614120283,0.2720964524243213,0.6896517718615925
0.0844228614120283,0.2722699280076329,0.6896336104086507
0.0845162495330593,0.2722699280076329,0.6895652493466513
0.0845162495330593,0.2723566657992887,0.6895646201166008
0.0846563317146059,0.2723566657992887,0.689407523264274
0.0846563317146059,0.2724434035909446,0.6894035155531713
0.0847497198356369,0.2724434035909446,0.6893640819325814
0.0847497198356369,0.2725301413826004,0.6893425486613212
0.0848197609264101,0.2725301413826004,0.6893346485140749
0.0848197609264101,0.2726168791742562,0.6893276882214506
0.0848664549869256,0.2726168791742562,0.6893211500574443
0.0848664549869256,0.272703616965912,0.6893186128105508
0.0849131490474411,0.272703616965912,0.6892999527446466
0.0849131490474411,0.2727903547575678,0.6892979834545114
0.0849598431079566,0.2727903547575678,0.6892646345508378
0.0849598431079566,0.2730505681325353,0.6891883454428736
0.0850765782592454,0.2730505681325353,0.6891304220247989
0.0850765782592454,0.273224043715847,0.6890976642882294
0.0850999252895031,0.273224043715847,0.6890875880878607
0.0850999252895031,0.2733107815075028,0.689064764547606
0.0851466193500186,0.2733107815075028,0.6890349471575632
0.0851466193500186,0.2733975192991586,0.6890089345137627
0.0851699663802764,0.2733975192991586,0.6889770944599998
0.0851699663802764,0.2734842570908145,0.6889662226228315
0.0852166604407919,0.2734842570908145,0.688929680225506
0.0852166604407919,0.2736577326741261,0.688921601878318
0.0852400074710496,0.2736577326741261,0.6888906056207325
0.0852400074710496,0.2737444704657819,0.6888864066208545
0.0852633545013074,0.2737444704657819,0.688883651208618
0.0852633545013074,0.2740046838407494,0.6888456411718554
0.0853333955920806,0.2740046838407494,0.6888318593080309
0.0853333955920806,0.2740914216324052,0.6887874032963358
0.0853800896525961,0.2740914216324052,0.688775244228891
0.0853800896525961,0.274178159424061,0.6887596970043273
0.0856602540156892,0.274178159424061,0.6885672527414504
0.0856602540156892,0.2742648972157169,0.6885454035607633
0.0856836010459469,0.2742648972157169,0.6885383884868913
0.0856836010459469,0.2743516350073727,0.6885301170989876
0.0857069480762047,0.2743516350073727,0.6885233656143863
0.0857069480762047,0.2744383727990285,0.688512712528345
0.0858236832274934,0.2744383727990285,0.6884698816277548
0.0858236832274934,0.2746118483823402,0.6884458955784233
0.0859871124392977,0.2746118483823402,0.6883596831808074
0.0859871124392977,0.274698586173996,0.6882877419920572
0.0860104594695554,0.274698586173996,0.6882621222815972
0.0860104594695554,0.2747853239656518,0.688235681857221
0.0860805005603287,0.2747853239656518,0.6882134734399478
0.0860805005603287,0.2749587995489634,0.6881429642061514
0.0861505416511019,0.2749587995489634,0.6880548727680285
0.0861505416511019,0.2751322751322751,0.6880380314421436
0.0862205827418752,0.2751322751322751,0.6879905397306574
0.0862205827418752,0.2753057507155868,0.6879477996366532
0.0862439297721329,0.2753057507155868,0.6879392194874788
0.0862439297721329,0.2753924885072426,0.6879117254150966
0.0863373178931639,0.2753924885072426,0.6878061989348156
0.0863373178931639,0.2755659640905542,0.6877616959375028
0.0863606649234217,0.2755659640905542,0.6876477692867382
0.0863606649234217,0.2756527018822101,0.6876406475730208
0.0863840119536795,0.2756527018822101,0.6875455381626865
0.0863840119536795,0.2757394396738659,0.6875195663895333
0.0864073589839372,0.2757394396738659,0.6875069066512791
0.0864073589839372,0.2758261774655217,0.6875030459516116
0.0864540530444527,0.2758261774655217,0.6874694108456577
0.0864540530444527,0.2759129152571775,0.6874685986578175
0.0864774000747105,0.2759129152571775,0.6874674904812219
0.0864774000747105,0.2759996530488334,0.6874505355758129
0.0865240941352259,0.2759996530488334,0.6873997246212015
0.0865240941352259,0.2760863908404892,0.6873988909522435
0.0865707881957415,0.2760863908404892,0.6873543107700927
0.0865707881957415,0.276173128632145,0.6873387097625733
0.0866641763167725,0.276173128632145,0.6873046390726005
0.0866641763167725,0.2762598664238008,0.6873017743006266
0.086710870377288,0.2762598664238008,0.687200677678768
0.086710870377288,0.2766068175904241,0.6871259117389543
0.0867342174075457,0.2766068175904241,0.6871139030059612
0.0867342174075457,0.2768670309653916,0.6870661779432153
0.086804258498319,0.2768670309653916,0.6870517525056137
0.086804258498319,0.2769537687570474,0.6870441895713968
0.0870143817706387,0.2769537687570474,0.6868222710145089
0.0870143817706387,0.277127244340359,0.6867666690664072
0.087084422861412,0.277127244340359,0.686743765827146
0.087084422861412,0.2772139821320149,0.6867408852923611
0.0871077698916697,0.2772139821320149,0.6867357691555045
0.0871077698916697,0.2774741955069824,0.6867200204516799
0.0872245050429585,0.2774741955069824,0.6866771686859248
0.0872245050429585,0.277647671090294,0.6866327527669227
0.087457975345536,0.277647671090294,0.6864671677979473
0.087457975345536,0.2777344088819499,0.6864606488845899
0.0874813223757938,0.2777344088819499,0.6864560800920678
0.0874813223757938,0.2780813600485731,0.6863151683828229
0.0875980575270825,0.2780813600485731,0.6862779963426955
0.0875980575270825,0.278168097840229,0.6862708143094096
0.087738139708629,0.278168097840229,0.6861942863925474
0.087738139708629,0.2782548356318848,0.6861853252520067
0.0877848337691445,0.2782548356318848,0.6861678450128486
0.0877848337691445,0.2786017867985081,0.6861014015406475
0.0878081807994023,0.2786017867985081,0.6860842792216199
0.0878081807994023,0.2786885245901639,0.6860707940784683
0.0878548748599178,0.2786885245901639,0.6860591067763102
0.0878548748599178,0.2791222135484431,0.6860186244252484
0.0878782218901755,0.2791222135484431,0.6860100770207349
0.0878782218901755,0.2792956891317547,0.6859621714655597
0.0879482629809488,0.2792956891317547,0.6859242816360276
0.0879482629809488,0.2793824269234105,0.6859112604921966
0.088111692192753,0.2793824269234105,0.6857865837974859
0.088111692192753,0.2797293780900338,0.685716923892228
0.0881583862532685,0.2797293780900338,0.6856907404356075
0.0881583862532685,0.2799028536733455,0.6856717399901109
0.088205080313784,0.2799028536733455,0.6856458297460329
0.088205080313784,0.2799895914650013,0.6856410237841937
0.088298468434815,0.2799895914650013,0.685619030490402
0.088298468434815,0.2800763292566571,0.685601273846095
0.0883218154650728,0.2800763292566571,0.6855705848905475
0.0883218154650728,0.2804232804232804,0.6855107440776068
0.0883451624953306,0.2804232804232804,0.6855018295240667
0.0883451624953306,0.2805100182149362,0.685496444955158
0.0883685095255883,0.2805100182149362,0.6854926743445517
0.0883685095255883,0.280596756006592,0.6854823283072282
0.0884385506163616,0.280596756006592,0.685443471797164
0.0884385506163616,0.2806834937982479,0.685436672012563
0.0888587971610011,0.2806834937982479,0.6851442606164908
0.0888587971610011,0.2808569693815595,0.6851222947266298
0.0888821441912588,0.2808569693815595,0.6851026707120422
0.0888821441912588,0.2812039205481828,0.6850553390356326
0.0889054912215166,0.2812039205481828,0.6850410632109948
0.0889054912215166,0.2812906583398387,0.6850262241758185
0.0889521852820321,0.2812906583398387,0.684993432460896
0.0889521852820321,0.2813773961314945,0.6849806867164852
0.0889755323122898,0.2813773961314945,0.6849587504842739
0.0889755323122898,0.2814641339231503,0.6849582338968814
0.0889988793425476,0.2814641339231503,0.6849449104718113
0.0889988793425476,0.2815508717148061,0.684932547435932
0.0890455734030631,0.2815508717148061,0.6849102694695228
0.0890455734030631,0.2817243472981178,0.6848931334184225
0.0890922674635786,0.2817243472981178,0.6847865998318344
0.0890922674635786,0.2819845606730852,0.6847746639477414
0.0891156144938363,0.2819845606730852,0.6847657496982109
0.0891156144938363,0.2820712984647411,0.6847618515845653
0.0891389615240941,0.2820712984647411,0.6846790113254626
0.0891389615240941,0.2822447740480527,0.6845654533098837
0.0891623085543518,0.2822447740480527,0.6845466634129864
0.0891623085543518,0.2823315118397085,0.6845370253804834
0.0891856555846096,0.2823315118397085,0.6845275889679874
0.0891856555846096,0.2825049874230202,0.6845034463601241
0.0892090026148673,0.2825049874230202,0.6844689761652667
0.0892090026148673,0.282591725214676,0.6844624490390043
0.0892323496451251,0.282591725214676,0.6844514879449412
0.0892323496451251,0.2826784630063318,0.68442725081911
0.0893023907358984,0.2826784630063318,0.6842859349817414
0.0893023907358984,0.2828519385896435,0.6842328238821621
0.0893490847964139,0.2828519385896435,0.6842168108625603
0.0893490847964139,0.2829386763812993,0.6842061215228662
0.0893724318266716,0.2829386763812993,0.6841922272942891
0.0893724318266716,0.283112151964611,0.6841205334924902
0.0893957788569294,0.283112151964611,0.6840990531888886
0.0893957788569294,0.2831988897562668,0.6840867638825611
0.0894891669779604,0.2831988897562668,0.6840265469400681
0.0894891669779604,0.2834591031312343,0.684006279753415
0.0895825550989914,0.2834591031312343,0.6839064153443565
0.0895825550989914,0.2835458409228901,0.6839025694559414
0.0896059021292491,0.2835458409228901,0.6838812402734897
0.0896059021292491,0.2836325787145459,0.6838745343508661
0.0897459843107956,0.2836325787145459,0.6838384676364857
0.0897459843107956,0.2837193165062017,0.6838322705345447
0.0898160254015689,0.2837193165062017,0.6838148724415543
0.0898160254015689,0.2838060542978576,0.683793271950401
0.0898393724318266,0.2838060542978576,0.6837797602920032
0.0898393724318266,0.2839795298811692,0.6837724883571585
0.0898860664923421,0.2839795298811692,0.6837623080786999
0.0898860664923421,0.2841530054644808,0.683752606635349
0.0899327605528576,0.2841530054644808,0.6837317340920912
0.0899327605528576,0.2842397432561367,0.6837237040612514
0.0899561075831154,0.2842397432561367,0.6837236252654904
0.0899561075831154,0.2843264810477925,0.6837127480278649
0.0899794546133731,0.2843264810477925,0.683708802986448
0.0899794546133731,0.2844999566311041,0.6836775803083435
0.0900961897646619,0.2844999566311041,0.6836166420799871
0.0900961897646619,0.28458669442276,0.6836098682080716
0.0901195367949196,0.28458669442276,0.683603773265906
0.0901195367949196,0.2847601700060716,0.6835928286049805
0.0901428838251774,0.2847601700060716,0.6835766530636367
0.0901428838251774,0.2849336455893833,0.6835515483737039
0.0901662308554352,0.2849336455893833,0.6834942877594194
0.0901662308554352,0.2851071211726949,0.683471509320837
0.0903063130369817,0.2851071211726949,0.6833765911400079
0.0903063130369817,0.2851938589643508,0.6833550299641077
0.0903530070974972,0.2851938589643508,0.6833280089471474
0.0903530070974972,0.2852805967560066,0.6833034223848452
0.0903763541277549,0.2852805967560066,0.6832991069030397
0.0903763541277549,0.2853673345476624,0.683268487868518
0.0904463952185282,0.2853673345476624,0.683216747503303
0.0904463952185282,0.2854540723393182,0.6831995667616337
0.0905397833395592,0.2854540723393182,0.6831648394639965
0.0905397833395592,0.2856275479226299,0.6831145253961384
0.0905864774000747,0.2856275479226299,0.6830868803513614
0.0905864774000747,0.2858877612975973,0.6830292211974845
0.0907032125513634,0.2858877612975973,0.6829691972993039
0.0907032125513634,0.286061236880909,0.6829428025145587
0.0908666417631677,0.286061236880909,0.682883315232603
0.0908666417631677,0.2861479746725648,0.6828360202200924
0.0908899887934254,0.2861479746725648,0.6828245989394591
0.0908899887934254,0.2863214502558764,0.6827950389027522
0.0909600298841987,0.2863214502558764,0.6827753517154027
0.0909600298841987,0.2864081880475323,0.6827537327793854
0.0909833769144564,0.2864081880475323,0.6827399419213263
0.0909833769144564,0.2864949258391881,0.6827377681537239
0.0910767650354874,0.2864949258391881,0.6826749126278224
0.0910767650354874,0.286581663630844,0.6826677789152256
0.0911234590960029,0.286581663630844,0.6826572829806874
0.0911234590960029,0.2866684014224998,0.6826501629400366
0.0911468061262607,0.2866684014224998,0.6826452747820191
0.0911468061262607,0.2869286147974672,0.6826123595281803
0.0911935001867762,0.2869286147974672,0.6826107136517683
0.0911935001867762,0.2870153525891231,0.6825701691437965
0.0912168472170339,0.2870153525891231,0.6825618421446802
0.0912168472170339,0.2871888281724347,0.6825422658371789
0.0912868883078072,0.2871888281724347,0.6825373450452313
0.0912868883078072,0.2874490415474022,0.6825089956993176
0.0915437056406425,0.2874490415474022,0.6823409202367088
0.0915437056406425,0.287535779339058,0.6823264876352622
0.091590399701158,0.287535779339058,0.6822991427065253
0.091590399701158,0.2877092549223696,0.6822742092595343
0.0916604407919312,0.2877092549223696,0.6822378123558255
0.0916604407919312,0.2878827305056813,0.6821470008792642
0.0917071348524467,0.2878827305056813,0.6821119789451907
0.0917071348524467,0.2879694682973371,0.6820886125162311
0.09177717594322,0.2879694682973371,0.6819826726175038
0.09177717594322,0.2882296816723046,0.6819651359585208
0.0918005229734777,0.2882296816723046,0.6819553326569818
0.0918005229734777,0.2883164194639604,0.6819537442491577
0.0918472170339932,0.2883164194639604,0.6819342400276031
0.0918472170339932,0.288489895047272,0.6818963637308688
0.0919406051550242,0.288489895047272,0.6818464034103549
0.0919406051550242,0.2885766328389279,0.6818408449869152
0.0920106462457975,0.2885766328389279,0.6818259159647098
0.0920106462457975,0.2887501084222396,0.6817811338927436
0.0922908106088905,0.2887501084222396,0.6816324170306717
0.0922908106088905,0.2889235840055512,0.6816291789511406
0.0923608516996638,0.2889235840055512,0.6815946087923395
0.0923608516996638,0.289010321797207,0.681593384365472
0.0923841987299215,0.289010321797207,0.6815688241993054
0.0923841987299215,0.2890970595888629,0.6815660066702769
0.092430892790437,0.2890970595888629,0.6815306842121156
0.092430892790437,0.2891837973805187,0.6815218647977721
0.0925476279417258,0.2891837973805187,0.6814745604199071
0.0925476279417258,0.2892705351721745,0.6814680814898146
0.0925709749719835,0.2892705351721745,0.6814441356013974
0.0925709749719835,0.2894440107554861,0.681418007241539
0.092617669032499,0.2894440107554861,0.6813952170588649
0.092617669032499,0.2896174863387978,0.6813782197755748
0.09271105715353,0.2896174863387978,0.6813368516024185
0.09271105715353,0.2897042241304536,0.6813306511029871
0.092804445274561,0.2897042241304536,0.6812158060363416
0.092804445274561,0.2898776997137653,0.6812091707561936
0.0928511393350765,0.2898776997137653,0.6811601785444946
0.0928511393350765,0.2900511752970769,0.681148658658957
0.0930145685468808,0.2900511752970769,0.68103316265791
0.0930145685468808,0.2901379130887327,0.6809575338968494
0.0931079566679118,0.2901379130887327,0.6809326165349081
0.0931079566679118,0.2902246508803885,0.6809314373000936
0.0931779977586851,0.2902246508803885,0.6808336370281243
0.0931779977586851,0.2903113886720444,0.6808214074136401
0.0932013447889428,0.2903113886720444,0.6808060108874063
0.0932013447889428,0.2903981264637002,0.6807962253114763
0.0932246918192006,0.2903981264637002,0.6807901845130139
0.0932246918192006,0.2904848642553561,0.6807862535447091
0.0932947329099738,0.2904848642553561,0.6807351127443537
0.0932947329099738,0.2906583398386677,0.6806460526839411
0.0933180799402316,0.2906583398386677,0.6806312596228796
0.0933180799402316,0.2907450776303235,0.6806297861215267
0.0933414269704893,0.2907450776303235,0.6806262595121104
0.0933414269704893,0.2908318154219793,0.6806111837880199
0.0935748972730668,0.2908318154219793,0.6804420008746472
0.0935748972730668,0.2910920287969468,0.6804161340785891
0.0935982443033246,0.2910920287969468,0.6804065636274259
0.0935982443033246,0.2911787665886026,0.680405864330369
0.0936215913335823,0.2911787665886026,0.6804024441135634
0.0936215913335823,0.2912655043802585,0.6803945750759788
0.0937149794546133,0.2912655043802585,0.6803568025125546
0.0937149794546133,0.2913522421719143,0.6803520357107766
0.0938083675756443,0.2913522421719143,0.6803168262320396
0.0938083675756443,0.2915257177552259,0.680295754536034
0.0938784086664176,0.2915257177552259,0.6802590667143863
0.0938784086664176,0.2916991933385376,0.680228081904978
0.0939251027269331,0.2916991933385376,0.6802135793110976
0.0939251027269331,0.2920461445051609,0.6801125767638823
0.0939484497571908,0.2920461445051609,0.6801019232324415
0.0939484497571908,0.2921328822968167,0.6800943360070948
0.0939717967874486,0.2921328822968167,0.6800797594944399
0.0939717967874486,0.2922196200884725,0.6800687003609642
0.0940184908479641,0.2922196200884725,0.6800588979845896
0.0940184908479641,0.2923063578801284,0.6800498804344548
0.0941118789689951,0.2923063578801284,0.6799865374759784
0.0941118789689951,0.2923930956717842,0.6799678577075741
0.0941585730295106,0.2923930956717842,0.6799117222394895
0.0941585730295106,0.2925665712550958,0.6797888628297603
0.0941819200597684,0.2925665712550958,0.6797883617566549
0.0941819200597684,0.2927400468384075,0.679762652982439
0.0942286141202839,0.2927400468384075,0.6797248760399747
0.0942286141202839,0.2929135224217191,0.6796876606118076
0.0942519611505416,0.2929135224217191,0.6796819174006725
0.0942519611505416,0.2930002602133749,0.6796772897518873
0.0944153903623459,0.2930002602133749,0.6795535696208304
0.0944153903623459,0.2930869980050308,0.6795126566439458
0.0944387373926036,0.2930869980050308,0.6795109353567963
0.0944387373926036,0.2931737357966866,0.6795074732598948
0.0944854314531191,0.2931737357966866,0.6794935607159535
0.0944854314531191,0.2934339491716541,0.6794450080750699
0.0945321255136346,0.2934339491716541,0.6794351146872429
0.0945321255136346,0.2935206869633099,0.6794262677126792
0.0945788195741501,0.2935206869633099,0.6793977420846499
0.0945788195741501,0.2936074247549657,0.6793393010272977
0.0946255136346656,0.2936074247549657,0.6793118136451544
0.0946255136346656,0.2938676381299332,0.6792528598447088
0.0947189017556966,0.2938676381299332,0.6792099480753864
0.0947189017556966,0.2941278515049007,0.6791529153192004
0.0947889428464699,0.2941278515049007,0.6791311524941385
0.0947889428464699,0.2942145892965565,0.679107230653218
0.0948356369069854,0.2942145892965565,0.6790903384240127
0.0948356369069854,0.2943013270882123,0.67908382721311
0.0948589839372431,0.2943013270882123,0.6790682289350083
0.0948589839372431,0.2943880648798682,0.6790666984276572
0.0948823309675009,0.2943880648798682,0.6790500403383712
0.0948823309675009,0.2945615404631798,0.6790028594788398
0.0949056779977586,0.2945615404631798,0.6790027918048149
0.0949056779977586,0.2947350160464914,0.6789311171234427
0.0949523720582741,0.2947350160464914,0.6789158819606345
0.0949523720582741,0.2948217538381473,0.678900726804682
0.0950224131490474,0.2948217538381473,0.6788863822685043
0.0950224131490474,0.2949952294214589,0.6788240589036638
0.0950691072095629,0.2949952294214589,0.6788089274528417
0.0950691072095629,0.2951687050047706,0.6787287804424712
0.0951158012700784,0.2951687050047706,0.6786849302270843
0.0951158012700784,0.295428918379738,0.6786108316734498
0.0952091893911094,0.295428918379738,0.6785450357921137
0.0952091893911094,0.2955156561713938,0.6785151744942605
0.0952558834516249,0.2955156561713938,0.6785063136668663
0.0952558834516249,0.2957758695463613,0.6784165990088924
0.0952792304818827,0.2957758695463613,0.6783894861570783
0.0952792304818827,0.295949345129673,0.6783780125247958
0.0953025775121404,0.295949345129673,0.6783779531717785
0.0953025775121404,0.2960360829213288,0.67837582157059
0.0953259245423982,0.2960360829213288,0.6783553986891977
0.0953259245423982,0.2961228207129846,0.678352157391751
0.0953726186029137,0.2961228207129846,0.6783441107014114
0.0953726186029137,0.2962095585046405,0.6783376176236694
0.0954193126634292,0.2962095585046405,0.6783248769205015
0.0954193126634292,0.2962962962962963,0.6782948770487673
0.0954660067239447,0.2962962962962963,0.6782786419102436
0.0954660067239447,0.2963830340879521,0.6782457819685341
0.0956060889054912,0.2963830340879521,0.678132894137106
0.0956060889054912,0.2964697718796079,0.6781191844566039
0.0956761299962644,0.2964697718796079,0.6780183704019571
0.0956761299962644,0.2965565096712638,0.6779964339856484
0.0957228240567799,0.2965565096712638,0.6779862424133918
0.0957228240567799,0.2966432474629196,0.6779802800908266
0.0958162121778109,0.2966432474629196,0.6779517784112052
0.0958162121778109,0.2967299852545754,0.6779482951341576
0.0958395592080687,0.2967299852545754,0.6779136940005273
0.0958395592080687,0.2968167230462312,0.6779011199899719
0.0958629062383264,0.2968167230462312,0.6778671093796527
0.0958629062383264,0.2969901986295429,0.6778626423343929
0.0959096002988419,0.2969901986295429,0.6778521891449463
0.0959096002988419,0.2970769364211987,0.6778382232999429
0.0959562943593574,0.2970769364211987,0.6778155962748484
0.0959562943593574,0.2972504120045103,0.6778078473705975
0.096002988419873,0.2972504120045103,0.6777887322411116
0.096002988419873,0.2973371497961662,0.6777875598960919
0.0960263354501307,0.2973371497961662,0.6777859018173391
0.0960263354501307,0.2976841009627894,0.6777545739115454
0.0961430706014195,0.2976841009627894,0.6776036433751788
0.0961430706014195,0.2977708387544453,0.6776008614741418
0.0961664176316772,0.2977708387544453,0.6775815602358146
0.0961664176316772,0.2978575765461011,0.6775340529278816
0.0962131116921927,0.2978575765461011,0.6775291533668781
0.0962131116921927,0.2982045277127244,0.677488384312524
0.096283152782966,0.2982045277127244,0.6773978043110633
0.096283152782966,0.2984647410876919,0.6773385250114552
0.0964232349645125,0.2984647410876919,0.6772413636343296
0.0964232349645125,0.2985514788793477,0.6772163692418187
0.0965166230855435,0.2985514788793477,0.677125555486007
0.0965166230855435,0.2986382166710035,0.6771003271613625
0.0966100112065745,0.2986382166710035,0.677010690725397
0.0966100112065745,0.2987249544626594,0.677002164609406
0.0966800522973477,0.2987249544626594,0.6769379637450748
0.0966800522973477,0.298898430045971,0.6769245863355836
0.0967267463578632,0.298898430045971,0.6768792382156366
0.0967267463578632,0.2989851678376268,0.6768446353853783
0.096750093388121,0.2989851678376268,0.6767443914313996
0.096750093388121,0.2990719056292826,0.676675112832452
0.0968201344788942,0.2990719056292826,0.6766100936189934
0.0968201344788942,0.2991586434209385,0.6765971758989895
0.096843481509152,0.2991586434209385,0.6765939050314882
0.096843481509152,0.2993321190042501,0.676583081114501
0.0969135225999252,0.2993321190042501,0.6765698552477712
0.0969135225999252,0.2995055945875618,0.6765325155057582
0.096936869630183,0.2995055945875618,0.6765273922660815
0.096936869630183,0.2995923323792176,0.6765085149823808
0.0970536047814717,0.2995923323792176,0.6764595939195153
0.0970536047814717,0.2996790701708735,0.6764054628478595
0.0970769518117295,0.2996790701708735,0.6763957604989466
0.0970769518117295,0.2997658079625293,0.676394582110911
0.0971703399327605,0.2997658079625293,0.676343981920039
0.0971703399327605,0.2998525457541851,0.6763398900368321
0.0971936869630183,0.2998525457541851,0.6762878444580285
0.0971936869630183,0.3000260213374967,0.6762744295514159
0.0972403810235338,0.3000260213374967,0.6762427386724736
0.0972403810235338,0.3004597102957759,0.6761857939104972
0.0973804632050803,0.3004597102957759,0.6761307363694196
0.0973804632050803,0.3005464480874317,0.6761181568987236
0.0974271572655958,0.3005464480874317,0.6761088325652831
0.0974271572655958,0.3007199236707433,0.6760772643679807
0.0974738513261113,0.3007199236707433,0.6760416278320018
0.0974738513261113,0.3008066614623991,0.6760293335300825
0.097497198356369,0.3008066614623991,0.6760153210054853
0.097497198356369,0.3011536126290224,0.6759651570265368
0.0975205453866268,0.3011536126290224,0.6759555858273951
0.0975205453866268,0.3013270882123341,0.675945712804397
0.0975438924168845,0.3013270882123341,0.6759417575828226
0.0975438924168845,0.3014138260039899,0.6759344612554148
0.0976139335076578,0.3014138260039899,0.6758637142779902
0.0976139335076578,0.3015873015873015,0.6758522916912859
0.0976606275681733,0.3015873015873015,0.6758166835243196
0.0976606275681733,0.3016740393789574,0.6758117664853625
0.0977540156892043,0.3016740393789574,0.6757851089360707
0.0977540156892043,0.3017607771706132,0.6757603594225132
0.097777362719462,0.3017607771706132,0.675750393107245
0.097777362719462,0.3018475149622691,0.6757278685477671
0.097964138961524,0.3018475149622691,0.6756012351513934
0.097964138961524,0.3019342527539249,0.6755941064325912
0.0982676503548748,0.3019342527539249,0.6753726555291254
0.0982676503548748,0.3020209905455807,0.6753687453059711
0.0983843855061636,0.3020209905455807,0.6753293280675634
0.0983843855061636,0.3021077283372365,0.6753238886017782
0.0984310795666791,0.3021077283372365,0.6753000245950619
0.0984310795666791,0.3021944661288923,0.6752480488369064
0.0985478147179678,0.3021944661288923,0.6751718169564438
0.0985478147179678,0.3024546795038598,0.6751633601035931
0.0985945087784833,0.3024546795038598,0.6751481412170914
0.0985945087784833,0.3027148928788273,0.6750370028993775
0.0986178558087411,0.3027148928788273,0.6750281833842733
0.0986178558087411,0.3028016306704831,0.6750151750848178
0.0986645498692566,0.3028016306704831,0.6749547176625115
0.0986645498692566,0.3028883684621389,0.6749513576547942
0.0988046320508031,0.3028883684621389,0.6748740815226446
0.0988046320508031,0.3029751062537947,0.6748693466658471
0.0988513261113186,0.3029751062537947,0.6748470616293408
0.0988513261113186,0.3034087952120739,0.6747958103586401
0.0989447142323496,0.3034087952120739,0.6747550133978715
0.0989447142323496,0.3034955330037297,0.674752156149806
0.0990381023533806,0.3034955330037297,0.674685130581419
0.0990381023533806,0.3035822707953855,0.6746795239183905
0.0990614493836384,0.3035822707953855,0.6746477358877805
0.0990614493836384,0.3036690085870414,0.6746333289544343
0.0990847964138961,0.3036690085870414,0.6746265092525249
0.0990847964138961,0.3037557463786972,0.6746264631611378
0.0991314904744116,0.3037557463786972,0.6746156432504686
0.0991314904744116,0.303842484170353,0.674601069096007
0.0991781845349271,0.303842484170353,0.6745652104028765
0.0991781845349271,0.3039292219620088,0.6745615784592534
0.0992015315651849,0.3039292219620088,0.674558813649512
0.0992015315651849,0.3041026975453205,0.6744995267413306
0.0992248785954426,0.3041026975453205,0.67449202365095
0.0992248785954426,0.3041894353369763,0.6744752148210141
0.0993649607769891,0.3041894353369763,0.6743518951468668
0.0993649607769891,0.3043629109202879,0.6743406885007548
0.0994583488980201,0.3043629109202879,0.674262605314301
0.0994583488980201,0.3044496487119438,0.6742527618531822
0.0995750840493089,0.3044496487119438,0.674132114506186
0.0995750840493089,0.3047098620869112,0.6740689331146525
0.0995984310795666,0.3047098620869112,0.6740371826434033
0.0995984310795666,0.3047965998785671,0.6740229741858796
0.0996451251400821,0.3047965998785671,0.6740126903375103
0.0996451251400821,0.3049700754618787,0.6739908260027214
0.0997852073216286,0.3049700754618787,0.6739232479458532
0.0997852073216286,0.3051435510451903,0.673895978485828
0.0998552484124019,0.3051435510451903,0.6738706326139303
0.0998552484124019,0.3052302888368462,0.6738587997209771
0.0998785954426596,0.3052302888368462,0.6738512089324669
0.0998785954426596,0.305317026628502,0.6738303213712941
0.1000186776242062,0.305317026628502,0.6737450863783143
0.1000186776242062,0.3054037644201579,0.6737437625331981
0.1002288008965259,0.3054037644201579,0.6736657245625497
0.1002288008965259,0.3055772400034695,0.6736611505711766
0.1002754949570414,0.3055772400034695,0.6736423993701823
0.1002754949570414,0.3057507155867812,0.6735910502771194
0.1003455360478147,0.3057507155867812,0.6735485298413496
0.1003455360478147,0.3060109289617486,0.673519732790901
0.1004389241688457,0.3060109289617486,0.6734335325478631
0.1004389241688457,0.3060976667534044,0.6734229438161461
0.1004622711991034,0.3060976667534044,0.6733941939605286
0.1004622711991034,0.3061844045450603,0.6733499955304221
0.1004856182293612,0.3061844045450603,0.673310185302472
0.1004856182293612,0.3063578801283719,0.6733044708181073
0.1005323122898767,0.3063578801283719,0.6732806449113407
0.1005323122898767,0.3064446179200277,0.673254760940061
0.1005556593201344,0.3064446179200277,0.673247941073589
0.1005556593201344,0.3065313557116836,0.6732393480311063
0.1006490474411654,0.3065313557116836,0.6731782500559598
0.1006490474411654,0.3066180935033394,0.6731487861070413
0.1006957415016809,0.3066180935033394,0.6731423709278077
0.1006957415016809,0.3068783068783068,0.673100976654862
0.1007190885319387,0.3068783068783068,0.6730823000592383
0.1007190885319387,0.3069650446699627,0.673075923462978
0.1007424355621964,0.3069650446699627,0.6730747031946285
0.1007424355621964,0.3070517824616185,0.6730739094013716
0.1007891296227119,0.3070517824616185,0.673063819621954
0.1007891296227119,0.3072252580449301,0.6730165691222304
0.1008124766529697,0.3072252580449301,0.6730129963682608
0.1008124766529697,0.307311995836586,0.6730027121775639
0.1008591707134852,0.307311995836586,0.672997746335023
0.1008591707134852,0.3073987336282418,0.6729748031566058
0.100882517743743,0.3073987336282418,0.6729662213539487
0.100882517743743,0.3076589470032093,0.6729167673479941
0.1009525588345162,0.3076589470032093,0.672860483521246
0.1009525588345162,0.3079191603781768,0.672835747987294
0.100975905864774,0.3079191603781768,0.6727880515103193
0.100975905864774,0.3080058981698326,0.6727629813704323
0.1010926410160627,0.3080058981698326,0.672693805186413
0.1010926410160627,0.3080926359614884,0.672678488193291
0.101162682106836,0.3080926359614884,0.6726070238150372
0.101162682106836,0.3082661115448,0.6726012257258978
0.1012327231976092,0.3082661115448,0.6725506434823372
0.1012327231976092,0.3083528493364559,0.6725340904212255
0.1013027642883825,0.3083528493364559,0.6725066965724976
0.1013027642883825,0.3084395871281117,0.6725059036524913
0.1013261113186402,0.3084395871281117,0.6724828973523422
0.1013261113186402,0.3086130627114233,0.672472842988712
0.1014194994396712,0.3086130627114233,0.6723962165722026
0.1014194994396712,0.3086998005030792,0.6723636471746024
0.10153623459096,0.3086998005030792,0.6722930866384532
0.10153623459096,0.308786538294735,0.6722918011268759
0.1015829286514755,0.308786538294735,0.6722659322753053
0.1015829286514755,0.3089600138780466,0.6721802709297694
0.1016062756817332,0.3089600138780466,0.6721267655552822
0.1016062756817332,0.3090467516697024,0.6721154827586158
0.101629622711991,0.3090467516697024,0.6721094080459877
0.101629622711991,0.3092202272530141,0.6720737769593499
0.1016529697422487,0.3092202272530141,0.6720576446407993
0.1016529697422487,0.30930696504467,0.672052553843739
0.1016763167725065,0.30930696504467,0.6720436404545698
0.1016763167725065,0.3093937028363258,0.6720385527067154
0.1016996638027643,0.3093937028363258,0.6720319314072825
0.1016996638027643,0.3096539162112932,0.6720158882442522
0.1017463578632797,0.3096539162112932,0.6719809700598073
0.1017463578632797,0.3098273917946049,0.6719421556858882
0.1018864400448263,0.3098273917946049,0.6718694732312408
0.1018864400448263,0.3099141295862607,0.6718568817249787
0.101909787075084,0.3099141295862607,0.6718369459895792
0.101909787075084,0.3100008673779165,0.6718173530387137
0.1019331341053418,0.3100008673779165,0.6718052458878243
0.1019331341053418,0.3101743429612282,0.6717905920488403
0.1019564811355995,0.3101743429612282,0.6717846555231491
0.1019564811355995,0.3104345563361956,0.6717616069792958
0.102003175196115,0.3104345563361956,0.671742397816393
0.102003175196115,0.3105212941278515,0.6717384949031653
0.1020498692566305,0.3105212941278515,0.6717258015346509
0.1020498692566305,0.3106947697111631,0.6717016735854587
0.1020732162868883,0.3106947697111631,0.6716888797495146
0.1020732162868883,0.3107815075028189,0.6716613304277224
0.102096563317146,0.3107815075028189,0.6716356631636065
0.102096563317146,0.3109549830861306,0.6716126762275437
0.1021199103474038,0.3109549830861306,0.6715848265415062
0.1021199103474038,0.3110417208777865,0.671577904645329
0.1023533806499813,0.3110417208777865,0.6713948626158892
0.1023533806499813,0.3111284586694423,0.6713857037256119
0.102376727680239,0.3111284586694423,0.6713824774854026
0.102376727680239,0.3114754098360656,0.6713260994469393
0.1024234217407545,0.3114754098360656,0.6713135024701344
0.1024234217407545,0.3115621476277214,0.6713128686239678
0.1025168098617855,0.3115621476277214,0.6712542537286547
0.1025168098617855,0.3116488854193772,0.6712323373671305
0.1027035861038476,0.3116488854193772,0.6710742656507063
0.1027035861038476,0.311735623211033,0.6710740126519594
0.1029370564064251,0.311735623211033,0.6709374402329654
0.1029370564064251,0.3118223610026889,0.6709373238231324
0.1029604034366828,0.3118223610026889,0.6709271557998001
0.1029604034366828,0.3119090987943447,0.6709018167393757
0.1030070974971983,0.3119090987943447,0.6708655787602937
0.1030070974971983,0.3120825743776563,0.6708436575407796
0.1030304445274561,0.3120825743776563,0.6708396780824266
0.1030304445274561,0.312256049960968,0.6707889092023108
0.1031938737392603,0.312256049960968,0.6707054857729777
0.1031938737392603,0.3123427877526238,0.6706752027286407
0.1032639148300336,0.3123427877526238,0.6706233034691178
0.1032639148300336,0.3124295255442796,0.6706153667996919
0.1033339559208068,0.3124295255442796,0.6705543158840228
0.1033339559208068,0.3125162633359354,0.6704681068226832
0.1033573029510646,0.3125162633359354,0.6704598254246881
0.1033573029510646,0.3126897389192471,0.6704162922715617
0.1034039970115801,0.3126897389192471,0.6703912192977877
0.1034039970115801,0.3127764767109029,0.670376188224121
0.1034506910720956,0.3127764767109029,0.6703019576518903
0.1034506910720956,0.3128632145025588,0.6702933996228309
0.1036141202838999,0.3128632145025588,0.6701998905983171
0.1036141202838999,0.3129499522942146,0.6701988471734758
0.1037308554351886,0.3129499522942146,0.6701702151418922
0.1037308554351886,0.3130366900858704,0.67016964843549
0.1038008965259619,0.3130366900858704,0.6701334481860337
0.1038008965259619,0.3131234278775262,0.6701271287470923
0.1038242435562196,0.3131234278775262,0.6701041273376545
0.1038242435562196,0.3132101656691821,0.6700959089403133
0.1039643257377661,0.3132101656691821,0.6699089867537029
0.1039643257377661,0.3132969034608379,0.6698513971827953
0.1040343668285394,0.3132969034608379,0.6697523345320966
0.1040343668285394,0.3134703790441495,0.6696988928240993
0.1040577138587971,0.3134703790441495,0.6696873211514148
0.1040577138587971,0.3136438546274612,0.6696790377674264
0.1040810608890549,0.3136438546274612,0.6696457387161447
0.1040810608890549,0.313730592419117,0.6696455339049434
0.1041044079193126,0.313730592419117,0.6696401583376738
0.1041044079193126,0.3138173302107728,0.669635492627328
0.1041744490100859,0.3138173302107728,0.6695632383810552
0.1041744490100859,0.3139908057940845,0.6695488110796789
0.1042444901008591,0.3139908057940845,0.6694909208670937
0.1042444901008591,0.3140775435857403,0.6694859886633433
0.1042911841613746,0.3140775435857403,0.6694725944160947
0.1042911841613746,0.3141642813773961,0.6694500771727112
0.1043145311916324,0.3141642813773961,0.6694353363736067
0.1043145311916324,0.3142510191690519,0.6694348257965689
0.1045246544639521,0.3142510191690519,0.6693263012935895
0.1045246544639521,0.3143377569607077,0.6693198132353719
0.1045480014942099,0.3143377569607077,0.6693197161972961
0.1045480014942099,0.3144244947523636,0.6693058302461581
0.1045713485244676,0.3144244947523636,0.6692993421773547
0.1045713485244676,0.3145979703356752,0.6692684693995232
0.1046180425849832,0.3145979703356752,0.6692626214074627
0.1046180425849832,0.314684708127331,0.6692592138837651
0.1046413896152409,0.314684708127331,0.6692569797439951
0.1046413896152409,0.3147714459189869,0.6692268498716613
0.1047114307060142,0.3147714459189869,0.669190005444227
0.1047114307060142,0.3149449215022985,0.669129404305401
0.1047347777362719,0.3149449215022985,0.6691040250820885
0.1047347777362719,0.3150316592939544,0.6690965874333201
0.1048048188270452,0.3150316592939544,0.6690554984794539
0.1048048188270452,0.3151183970856102,0.6690496680169836
0.1048281658573029,0.3151183970856102,0.669044184480212
0.1048281658573029,0.315205134877266,0.669037871613095
0.1050382891296227,0.315205134877266,0.6689787269956506
0.1050382891296227,0.3152918726689218,0.6689405636923331
0.1051783713111692,0.3152918726689218,0.6688039202301463
0.1051783713111692,0.3153786104605777,0.6687730558928027
0.1052017183414269,0.3153786104605777,0.6687695087918517
0.1052017183414269,0.3154653482522335,0.668723142511491
0.1052484124019424,0.3154653482522335,0.6686887929243448
0.1052484124019424,0.3155520860438893,0.6686870568645396
0.1052717594322002,0.3155520860438893,0.6686486102723512
0.1052717594322002,0.3156388238355451,0.6686329668250561
0.1053184534927157,0.3156388238355451,0.6686030666082619
0.1053184534927157,0.3157255616272009,0.6686030183465408
0.1054585356742622,0.3157255616272009,0.6684976564459524
0.1054585356742622,0.3158122994188568,0.6684948048645829
0.1055285767650354,0.3158122994188568,0.6684840862946089
0.1055285767650354,0.3158990372105126,0.6684775210903143
0.1055752708255509,0.3158990372105126,0.6684388698321133
0.1055752708255509,0.3160725127938242,0.6683834561472461
0.1057153530070975,0.3160725127938242,0.6682981383417479
0.1057153530070975,0.3163327261687917,0.6682786158002731
0.1057853940978707,0.3163327261687917,0.6682088048104704
0.1057853940978707,0.3165062017521033,0.6681953867153239
0.1059254762794172,0.3165062017521033,0.6681470693973567
0.1059254762794172,0.3165929395437592,0.6681273984152579
0.105948823309675,0.3165929395437592,0.668114779822839
0.105948823309675,0.3167664151270709,0.6680360898969551
0.1061122525214792,0.3167664151270709,0.667946395629501
0.1061122525214792,0.3171133662936942,0.6678928741361609
0.106135599551737,0.3171133662936942,0.6678799443386606
0.106135599551737,0.3172868418770058,0.6678486383671061
0.1061589465819947,0.3172868418770058,0.6678443768235633
0.1061589465819947,0.3173735796686616,0.6678369088360934
0.106228987672768,0.3173735796686616,0.667791658890128
0.106228987672768,0.3174603174603174,0.6677863336260366
0.106322375793799,0.3174603174603174,0.6677271104188988
0.106322375793799,0.3176337930436291,0.6676159615494215
0.1063457228240567,0.3176337930436291,0.667609074639375
0.1063457228240567,0.3177205308352849,0.6676001313833055
0.1063924168845722,0.3177205308352849,0.6675715874455852
0.1063924168845722,0.3178072686269407,0.6675702945061941
0.1064858050056032,0.3178072686269407,0.6675418474651811
0.1064858050056032,0.3178940064185966,0.6675354709041728
0.106509152035861,0.3178940064185966,0.6675126230204538
0.106509152035861,0.3179807442102524,0.6674715285989015
0.1065324990661188,0.3179807442102524,0.667466158264679
0.1065324990661188,0.3180674820019082,0.667460694749222
0.1065558460963765,0.3180674820019082,0.6674554106335437
0.1065558460963765,0.318154219793564,0.6674494734999945
0.106695928277923,0.318154219793564,0.6673338483970679
0.106695928277923,0.3183276953768757,0.6673084295722063
0.1067192753081808,0.3183276953768757,0.6672870658847775
0.1067192753081808,0.3184144331685315,0.6672784666865574
0.106789316398954,0.3184144331685315,0.6672022810612305
0.106789316398954,0.3185011709601874,0.6671916110565274
0.1069293985805005,0.3185011709601874,0.6671609261324607
0.1069293985805005,0.3185879087518432,0.6671527897793541
0.106976092641016,0.3185879087518432,0.6671384922359085
0.106976092641016,0.318674646543499,0.6671333296823418
0.1070227867015315,0.318674646543499,0.6670839767629984
0.1070227867015315,0.3188481221268106,0.6670788584305474
0.1070928277923048,0.3188481221268106,0.6670470239286711
0.1070928277923048,0.3191083355017781,0.666999828395942
0.1071161748225625,0.3191083355017781,0.6669997764325573
0.1071161748225625,0.3191950732934339,0.6669701126207247
0.1071395218528203,0.3191950732934339,0.6669640225187611
0.1071395218528203,0.3192818110850898,0.6669359742635701
0.107162868883078,0.3192818110850898,0.6669053435580441
0.107162868883078,0.3193685488767456,0.6669014893677117
0.1071862159133358,0.3193685488767456,0.6668966979492991
0.1071862159133358,0.3194552866684014,0.66689471052654
0.1072095629435935,0.3194552866684014,0.6668785899012131
0.1072095629435935,0.3195420244600572,0.6668784300430631
0.1072329099738513,0.3195420244600572,0.6668683675100144
0.1072329099738513,0.319628762251713,0.6668680966651899
0.1073262980948823,0.319628762251713,0.6668338387838664
0.1073262980948823,0.3198889756266805,0.6668115005998452
0.1074196862159133,0.3198889756266805,0.6667503930780814
0.1074196862159133,0.3199757134183363,0.6667428584095998
0.107443033246171,0.3199757134183363,0.666737755285794
0.107443033246171,0.320149189001648,0.6667250532101541
0.1074897273066865,0.320149189001648,0.6667100865971987
0.1074897273066865,0.3202359267933038,0.666704247496872
0.1076298094882331,0.3202359267933038,0.6665962115959496
0.1076298094882331,0.3204094023766154,0.6665858813119562
0.1076531565184908,0.3204094023766154,0.6665828808995745
0.1076531565184908,0.3204961401682713,0.6665766503693256
0.1077465446395218,0.3204961401682713,0.6665273474286686
0.1077465446395218,0.3205828779599271,0.6665234555322865
0.1078866268210683,0.3205828779599271,0.6664320830170475
0.1078866268210683,0.320669615751583,0.6664310809094728
0.1079099738513261,0.320669615751583,0.6663986071926755
0.1079099738513261,0.3207563535432388,0.6663637860682803
0.1079333208815838,0.3207563535432388,0.6663612142672843
0.1079333208815838,0.3208430913348946,0.6663609051290342
0.1079800149420993,0.3208430913348946,0.6663047432432954
0.1079800149420993,0.3209298291265504,0.6662709935732818
0.1080267090026148,0.3209298291265504,0.6662485899494075
0.1080267090026148,0.3210165669182062,0.6662452267048946
0.1081901382144191,0.3210165669182062,0.6661183466832845
0.1081901382144191,0.3211033047098621,0.6661080878528727
0.1083302203959656,0.3211033047098621,0.6659944736678588
0.1083302203959656,0.3211900425015179,0.6659816702699402
0.1084002614867388,0.3211900425015179,0.6659314156545724
0.1084002614867388,0.3212767802931737,0.6659169468499763
0.1084236085169966,0.3212767802931737,0.665863267878468
0.1084236085169966,0.3217104692514528,0.6657945498908886
0.1084936496077698,0.3217104692514528,0.6657558890822675
0.1084936496077698,0.3217972070431086,0.6657448267032636
0.1085169966380276,0.3217972070431086,0.66573210975364
0.1085169966380276,0.3218839448347645,0.6657284742981414
0.1086103847590586,0.3218839448347645,0.6657024195568226
0.1086103847590586,0.3219706826264203,0.6656843993106563
0.1086570788195741,0.3219706826264203,0.6656799458520175
0.1086570788195741,0.3220574204180761,0.6656755047008178
0.1087738139708629,0.3220574204180761,0.6656050737182568
0.1087738139708629,0.3221441582097319,0.6655829235525358
0.1088205080313784,0.3221441582097319,0.6655700347508073
0.1088205080313784,0.3223176337930436,0.665557361268194
0.1088905491221516,0.3223176337930436,0.6655158546281341
0.1088905491221516,0.3224043715846995,0.6654472254968644
0.1090072842734404,0.3224043715846995,0.6653482463107357
0.1090072842734404,0.3224911093763553,0.6652946661687258
0.1091006723944714,0.3224911093763553,0.6652494300164268
0.1091006723944714,0.3225778471680111,0.6652444460846791
0.1091240194247291,0.3225778471680111,0.6652418527448221
0.1091240194247291,0.3226645849596669,0.6652225069595472
0.1092641016062756,0.3226645849596669,0.6651833928449085
0.1092641016062756,0.3227513227513227,0.6651733291619917
0.1094508778483377,0.3227513227513227,0.665081798173619
0.1094508778483377,0.3228380605429786,0.6650748041532544
0.1094742248785954,0.3228380605429786,0.6650681363027775
0.1094742248785954,0.3229247983346344,0.6650636971108048
0.1095442659693687,0.3229247983346344,0.6650176952345903
0.1095442659693687,0.3230115361262902,0.665014455091764
0.1095909600298842,0.3230115361262902,0.6649901367984026
0.1095909600298842,0.323098273917946,0.6649835621388229
0.1097310422114307,0.323098273917946,0.6648938228692262
0.1097310422114307,0.3231850117096019,0.6648936214398506
0.1100579006350392,0.3231850117096019,0.6646118139836577
0.1100579006350392,0.3233584872929135,0.664585569276883
0.1100812476652969,0.3233584872929135,0.664563821406301
0.1100812476652969,0.3237921762511926,0.6645237912095185
0.1101045946955547,0.3237921762511926,0.6645121930394255
0.1101045946955547,0.3238789140428484,0.6645093838758434
0.1101746357863279,0.3238789140428484,0.6645017450252679
0.1101746357863279,0.3239656518345043,0.6644868727796713
0.1102213298468434,0.3239656518345043,0.6644816745332622
0.1102213298468434,0.3241391274178159,0.6644620014170821
0.1103380649981322,0.3241391274178159,0.6643873065568544
0.1103380649981322,0.3243993407927834,0.6643535334874979
0.1104081060889054,0.3243993407927834,0.6642430533399386
0.1104081060889054,0.3246595541677509,0.6641866907346123
0.1104314531191632,0.3246595541677509,0.6641856774186279
0.1104314531191632,0.3247462919594067,0.6641775129009281
0.110454800149421,0.3247462919594067,0.664177314463295
0.110454800149421,0.3249197675427183,0.6641141546573264
0.110548188270452,0.3249197675427183,0.6640531365641253
0.110548188270452,0.3250065053343742,0.6640130109007408
0.1106649234217407,0.3250065053343742,0.6638916999605647
0.1106649234217407,0.32509324312603,0.6638803361322735
0.110734964512514,0.32509324312603,0.6638618837896177
0.110734964512514,0.3254401942926533,0.6638353405815813
0.1107816585730295,0.3254401942926533,0.663812859201659
0.1107816585730295,0.3255269320843091,0.6637712345462066
0.1108050056032872,0.3255269320843091,0.6637549008868115
0.1108050056032872,0.3256136698759649,0.6637122192717912
0.1108750466940605,0.3256136698759649,0.6636942231250973
0.1108750466940605,0.3257871454592766,0.6636728382106895
0.111015128875607,0.3257871454592766,0.663595092350122
0.111015128875607,0.326047358834244,0.6635759105257721
0.1110618229361225,0.326047358834244,0.6635263427528388
0.1110618229361225,0.3262208344175557,0.6635114766559949
0.1110851699663802,0.3262208344175557,0.6634651764836221
0.1110851699663802,0.3263943100008674,0.6634109929076761
0.111108516996638,0.3263943100008674,0.6634015894123115
0.111108516996638,0.3266545233758348,0.6633271969015532
0.1112252521479267,0.3266545233758348,0.6632119703152601
0.1112252521479267,0.3267412611674907,0.6631927556330472
0.1112485991781845,0.3267412611674907,0.6631887947262578
0.1112485991781845,0.3268279989591465,0.6631686860492723
0.1112952932387,0.3268279989591465,0.663157290798186
0.1112952932387,0.3269147367508023,0.6631293258596176
0.111388681359731,0.3269147367508023,0.6630561529350061
0.111388681359731,0.3270014745424581,0.6630223224390093
0.1114353754202465,0.3270014745424581,0.662995690707838
0.1114353754202465,0.3270882123341139,0.6629942407387486
0.111482069480762,0.3270882123341139,0.6629764895527523
0.111482069480762,0.3271749501257698,0.6629166680706642
0.111575457601793,0.3271749501257698,0.6628765218054654
0.111575457601793,0.3272616879174256,0.6628605769960748
0.1115988046320508,0.3272616879174256,0.6628517823759451
0.1115988046320508,0.3273484257090814,0.6628324823947374
0.1116454986925663,0.3273484257090814,0.6628118220268484
0.1116454986925663,0.3275219012923931,0.6627975481538462
0.1116921927530818,0.3275219012923931,0.6627614424186739
0.1116921927530818,0.3277821146673605,0.662622635507121
0.1117155397833395,0.3277821146673605,0.662587864347043
0.1117155397833395,0.3278688524590163,0.6625732426639497
0.111762233843855,0.3278688524590163,0.6625722405214084
0.111762233843855,0.3279555902506722,0.6625696720768292
0.1118789689951438,0.3279555902506722,0.6625037119498921
0.1118789689951438,0.3281290658339839,0.6624993246169089
0.1119723571161748,0.3281290658339839,0.6624733480972049
0.1119723571161748,0.3283025414172955,0.66246806174612
0.1119957041464325,0.3283025414172955,0.662454260303178
0.1119957041464325,0.3283892792089513,0.6624310888493682
0.1120190511766903,0.3283892792089513,0.6623858321773922
0.1120190511766903,0.328562754792263,0.6623561102522468
0.112042398206948,0.328562754792263,0.6623530990048405
0.112042398206948,0.3286494925839188,0.6623475325120896
0.1120657452372058,0.3286494925839188,0.6623374491372277
0.1120657452372058,0.3287362303755746,0.6623129137788175
0.1122058274187523,0.3287362303755746,0.6622068978408941
0.1122058274187523,0.3288229681672304,0.6622028331181034
0.112322562570041,0.3288229681672304,0.6621320802146315
0.112322562570041,0.3289964437505421,0.6621229708816463
0.1123692566305566,0.3289964437505421,0.6620917033480873
0.1123692566305566,0.3290831815421979,0.6620743147176567
0.1123926036608143,0.3290831815421979,0.6620720428567353
0.1123926036608143,0.3291699193338537,0.6620569429825721
0.1125560328726186,0.3291699193338537,0.6618855384419102
0.1125560328726186,0.3292566571255096,0.6618705006215142
0.1125793799028763,0.3292566571255096,0.6618662449896111
0.1125793799028763,0.3293433949171654,0.6618623472829241
0.1127895031751961,0.3293433949171654,0.6616872553469453
0.1127895031751961,0.329516870500477,0.6616820017588011
0.1128128502054538,0.329516870500477,0.6616704004523044
0.1128128502054538,0.3296036082921328,0.6616528749339718
0.1128361972357116,0.3296036082921328,0.66164502260236
0.1128361972357116,0.3297770838754445,0.6615966518161152
0.1128595442659693,0.3297770838754445,0.6615259847152852
0.1128595442659693,0.3298638216671004,0.661510294055196
0.1128828912962271,0.3298638216671004,0.6614939608883257
0.1128828912962271,0.330037297250412,0.6614607670483019
0.1130696675382891,0.330037297250412,0.6613731224586501
0.1130696675382891,0.3301240350420678,0.6613665671820457
0.1132097497198356,0.3301240350420678,0.6613081635469198
0.1132097497198356,0.3302107728337236,0.6613078138053414
0.1133498319013821,0.3302107728337236,0.6612586665934665
0.1133498319013821,0.3304709862086911,0.6612268534682785
0.1134432200224131,0.3304709862086911,0.6612068204288413
0.1134432200224131,0.3305577240003469,0.6612048861577368
0.1134899140829286,0.3305577240003469,0.6611938646456883
0.1134899140829286,0.3306444617920028,0.6611921937733984
0.1135132611131864,0.3306444617920028,0.6611802351766968
0.1135132611131864,0.3307311995836586,0.6611781981712
0.1135833022039596,0.3307311995836586,0.6610950057371916
0.1135833022039596,0.3308179373753144,0.6610928378974188
0.1136066492342174,0.3308179373753144,0.661078257734697
0.1136066492342174,0.3309046751669702,0.6610748075349274
0.1136299962644751,0.3309046751669702,0.6610635484877923
0.1136299962644751,0.330991412958626,0.6610507439179903
0.1136533432947329,0.330991412958626,0.6610394191441008
0.1136533432947329,0.3310781507502819,0.6610233020932318
0.1137233843855061,0.3310781507502819,0.6609598833031773
0.1137233843855061,0.3311648885419377,0.6609277118546939
0.1138868135973104,0.3311648885419377,0.6608261855685529
0.1138868135973104,0.3312516263335935,0.6608197159580446
0.1140268957788569,0.3312516263335935,0.6607486794885369
0.1140268957788569,0.3313383641252493,0.6607281982409317
0.1141669779604034,0.3313383641252493,0.6606585552631483
0.1141669779604034,0.331511839708561,0.6606455986928383
0.1142370190511767,0.331511839708561,0.6606321037917084
0.1142370190511767,0.3315985775002168,0.6606237810377542
0.1142837131116921,0.3315985775002168,0.6605763543064197
0.1142837131116921,0.3316853152918727,0.660573737685281
0.1144704893537542,0.3316853152918727,0.6604420508633666
0.1144704893537542,0.3317720530835285,0.6604144180230365
0.1144938363840119,0.3317720530835285,0.6604090039981553
0.1144938363840119,0.3318587908751843,0.6603935917617607
0.1145872245050429,0.3318587908751843,0.6603148519701582
0.1145872245050429,0.3319455286668401,0.6602980377639162
0.1146572655958162,0.3319455286668401,0.6602062114646001
0.1146572655958162,0.332032266458496,0.6601995243575003
0.1147506537168472,0.332032266458496,0.6601534252576449
0.1147506537168472,0.3321190042501518,0.660140482741882
0.1148440418378782,0.3321190042501518,0.6601062508293429
0.1148440418378782,0.3322924798334634,0.6600041737851182
0.1148673888681359,0.3322924798334634,0.6599958302465394
0.1148673888681359,0.3324659554167751,0.6599387129043721
0.1149140829286514,0.3324659554167751,0.6599331514839342
0.1149140829286514,0.3325526932084309,0.6599315093188801
0.1149607769891669,0.3325526932084309,0.6599065305026541
0.1149607769891669,0.3326394310000867,0.6599037098976401
0.115147553231229,0.3326394310000867,0.6598198489330319
0.115147553231229,0.3328996443750542,0.6597791606867237
0.1151709002614867,0.3328996443750542,0.6597791203773017
0.1151709002614867,0.3330731199583658,0.6597646259516211
0.1152876354127755,0.3330731199583658,0.6597262364124935
0.1152876354127755,0.3332465955416775,0.6597172939013224
0.1153109824430332,0.3332465955416775,0.6597112952206107
0.1153109824430332,0.3333333333333333,0.6596487386018378
0.115334329473291,0.3333333333333333,0.6596412778546731
0.115334329473291,0.3334200711249891,0.6595842273361312
0.1153810235338065,0.3334200711249891,0.6595619874810459
0.1153810235338065,0.3335068089166449,0.6595514573394038
0.1154510646245797,0.3335068089166449,0.659509648346765
0.1154510646245797,0.3335935467083008,0.6595058836038235
0.1154744116548375,0.3335935467083008,0.6594877376102881
0.1154744116548375,0.3336802844999566,0.6594864125608058
0.115521105715353,0.3336802844999566,0.6594605949269452
0.115521105715353,0.3338537600832683,0.6594472659229542
0.1155444527456107,0.3338537600832683,0.6594354550205087
0.1155444527456107,0.3339404978749241,0.659434461152147
0.1155911468061262,0.3339404978749241,0.659417151013248
0.1155911468061262,0.3341139734582357,0.6594086989253269
0.1156611878968995,0.3341139734582357,0.6593886617195563
0.1156611878968995,0.3342007112498916,0.6593556392343416
0.1157779230481882,0.3342007112498916,0.6593064941038904
0.1157779230481882,0.334460924624859,0.6592912873593515
0.1158479641389615,0.334460924624859,0.6592294358240396
0.1158479641389615,0.3345476624165149,0.6592075539266125
0.1159180052297347,0.3345476624165149,0.6591915303700748
0.1159180052297347,0.3346344002081707,0.6591897144645944
0.1159646992902502,0.3346344002081707,0.6591478736319045
0.1159646992902502,0.3347211379998265,0.6591415762941412
0.115988046320508,0.3347211379998265,0.6591204104733093
0.115988046320508,0.3348946135831381,0.6590784164144425
0.1160347403810235,0.3348946135831381,0.6590623101396562
0.1160347403810235,0.3350680891664498,0.6590343992280409
0.1160580874112812,0.3350680891664498,0.6590312029916763
0.1160580874112812,0.3352415647497614,0.6590236669346673
0.1161514755323123,0.3352415647497614,0.6589431337311724
0.1161514755323123,0.3353283025414173,0.6589319336619395
0.11617482256257,0.3353283025414173,0.6589147666329714
0.11617482256257,0.3354150403330731,0.6588951027088151
0.1161981695928277,0.3354150403330731,0.6588716854234444
0.1161981695928277,0.3356752537080406,0.6588540886887955
0.1162448636533433,0.3356752537080406,0.6588254389404418
0.1162448636533433,0.3358487292913522,0.6588129634859853
0.116268210683601,0.3358487292913522,0.6587939932523399
0.116268210683601,0.3359354670830081,0.658783159380827
0.1163149047441165,0.3359354670830081,0.6587602897490388
0.1163149047441165,0.3360222048746639,0.6587599130067537
0.1164783339559208,0.3360222048746639,0.6586537020509375
0.1164783339559208,0.3361089426663197,0.6586312739300537
0.1165717220769518,0.3361089426663197,0.6585961464448667
0.1165717220769518,0.3361956804579755,0.6585888256121393
0.1167118042584983,0.3361956804579755,0.6585079216032775
0.1167118042584983,0.3363691560412872,0.6584870794753417
0.116828539409787,0.3363691560412872,0.6583939560918264
0.116828539409787,0.336455893832943,0.6583896033173557
0.1168518864400448,0.336455893832943,0.6583682913061846
0.1168518864400448,0.3365426316245988,0.6583680628716468
0.116921927530818,0.3365426316245988,0.6583078061007313
0.116921927530818,0.3366293694162546,0.6583004412364208
0.117015315651849,0.3366293694162546,0.6582348354597555
0.117015315651849,0.3368028449995663,0.6581685802713049
0.1170386626821068,0.3368028449995663,0.658124171303464
0.1170386626821068,0.3368895827912221,0.6580810617156121
0.1172721329846843,0.3368895827912221,0.6579550410694793
0.1172721329846843,0.3369763205828779,0.657952985242007
0.1173655211057153,0.3369763205828779,0.6578843568544523
0.1173655211057153,0.3370630583745337,0.6578734976760013
0.1174355621964886,0.3370630583745337,0.657845714778216
0.1174355621964886,0.3372365339578454,0.6578394012076239
0.1174589092267463,0.3372365339578454,0.6578346074876315
0.1174589092267463,0.3374100095411571,0.6577958248511995
0.1174822562570041,0.3374100095411571,0.6577758028138769
0.1174822562570041,0.3376702229161245,0.6577648277879873
0.1175056032872618,0.3376702229161245,0.6577479932541932
0.1175056032872618,0.3377569607077804,0.6577228310393389
0.1175289503175196,0.3377569607077804,0.6577128203810232
0.1175289503175196,0.3378436984994362,0.6577079834781433
0.1178091146806126,0.3378436984994362,0.6575415999107703
0.1178091146806126,0.3381039118744037,0.6575077358407966
0.1178324617108703,0.3381039118744037,0.6574754504776792
0.1178324617108703,0.3381906496660595,0.6574700270235604
0.1178558087411281,0.3381906496660595,0.657442114367051
0.1178558087411281,0.3382773874577153,0.6574405181064312
0.1179491968621591,0.3382773874577153,0.6573977145442863
0.1179491968621591,0.3384508630410269,0.6573841531049537
0.1179725438924168,0.3384508630410269,0.6573835005971906
0.1179725438924168,0.3385376008326828,0.6573679359886477
0.1179958909226746,0.3385376008326828,0.6573430092784269
0.1179958909226746,0.3386243386243386,0.6573402383892393
0.1180659320134479,0.3386243386243386,0.657314313922183
0.1180659320134479,0.3387110764159944,0.6573110425202255
0.1181359731042211,0.3387110764159944,0.65724232272875
0.1181359731042211,0.3387978142076502,0.6572371886663437
0.1181593201344789,0.3387978142076502,0.6572004281769177
0.1181593201344789,0.3389712897909619,0.6571567492044019
0.1182293612252521,0.3389712897909619,0.6571071580394807
0.1182293612252521,0.3390580275826177,0.6570780568426604
0.1182527082555099,0.3390580275826177,0.6570696549293855
0.1182527082555099,0.3392315031659293,0.6570441229509734
0.1182994023160254,0.3392315031659293,0.6568919412774505
0.1182994023160254,0.3394917165408969,0.6568573003997227
0.1183460963765409,0.3394917165408969,0.6568276240429346
0.1183460963765409,0.3395784543325527,0.6568093413127638
0.1183694434067986,0.3395784543325527,0.6568083379287726
0.1183694434067986,0.3396651921242085,0.6568073419847411
0.1184628315278296,0.3396651921242085,0.6567072136905328
0.1184628315278296,0.3397519299158643,0.656696004137753
0.1184861785580874,0.3397519299158643,0.6566884056960672
0.1184861785580874,0.3398386677075202,0.6566883765965641
0.1185795666791184,0.3398386677075202,0.6566590620818311
0.1185795666791184,0.3400121432908318,0.6566562150024582
0.1187429958909226,0.3400121432908318,0.6565046748907162
0.1187429958909226,0.3400988810824876,0.6564536481796163
0.1188597310422114,0.3400988810824876,0.6563705150241972
0.1188597310422114,0.3401856188741434,0.6563682641116544
0.1189531191632424,0.3401856188741434,0.656228131832381
0.1189531191632424,0.3402723566657993,0.6562202701021971
0.1189764661935001,0.3402723566657993,0.656205853561886
0.1189764661935001,0.3403590944574551,0.6562048519377912
0.1190465072842734,0.3403590944574551,0.6561596407027894
0.1190465072842734,0.3404458322491109,0.6561368488904982
0.1191165483750466,0.3404458322491109,0.6561155990449177
0.1191165483750466,0.3405325700407667,0.656111508949321
0.1191632424355622,0.3405325700407667,0.6561035683736657
0.1191632424355622,0.3407060456240784,0.6560754098531848
0.1193266716473664,0.3407060456240784,0.6559718881366687
0.1193266716473664,0.3407927834157342,0.6559660351869927
0.1193500186776242,0.3407927834157342,0.6559609590595992
0.1193500186776242,0.3409662589990458,0.6559268935908276
0.1194434067986552,0.3409662589990458,0.6558769492313172
0.1194434067986552,0.3410529967907017,0.6558717955159405
0.1195367949196862,0.3410529967907017,0.6558069817673291
0.1195367949196862,0.3411397345823575,0.6558015428930551
0.1195601419499439,0.3411397345823575,0.6557843348539221
0.1195601419499439,0.3413132101656692,0.6557499619853864
0.1196068360104594,0.3413132101656692,0.6557383004029737
0.1196068360104594,0.341399947957325,0.6557173312878206
0.1198403063130369,0.341399947957325,0.6556626811632861
0.1198403063130369,0.3414866857489808,0.6556622078317627
0.1199336944340679,0.3414866857489808,0.6556013070853737
0.1199336944340679,0.3415734235406366,0.6555798266024743
0.1201905117669032,0.3415734235406366,0.6553846301631142
0.1201905117669032,0.3417468991239483,0.6553777973721854
0.120213858797161,0.3417468991239483,0.6553742584818271
0.120213858797161,0.3418336369156041,0.655373172436809
0.1203539409787075,0.3418336369156041,0.6553034310316304
0.1203539409787075,0.3420071124989158,0.6552662034474246
0.1204706761299962,0.3420071124989158,0.6552168490769779
0.1204706761299962,0.3421805880822274,0.6551927389643749
0.1205173701905117,0.3421805880822274,0.6551180669015552
0.1205173701905117,0.3422673258738832,0.6550953971762165
0.1205640642510272,0.3422673258738832,0.6550128957827265
0.1205640642510272,0.342354063665539,0.6549578635240363
0.120587411281285,0.342354063665539,0.654956122833622
0.120587411281285,0.3424408014571949,0.654913468717059
0.120680799402316,0.3424408014571949,0.6548588348422082
0.120680799402316,0.3426142770405065,0.6548308932198519
0.1208208815838625,0.3426142770405065,0.6546573169504122
0.1208208815838625,0.3427010148321623,0.6546492569796405
0.1208442286141202,0.3427010148321623,0.6546128827492329
0.1208442286141202,0.3427877526238182,0.6546126788252553
0.1210310048561822,0.3427877526238182,0.6545060709128402
0.1210310048561822,0.3429612282071298,0.6544829725082553
0.12105435188644,0.3429612282071298,0.6544450361217227
0.12105435188644,0.3432214415820973,0.6544023636472742
0.1211010459469555,0.3432214415820973,0.654375950361918
0.1211010459469555,0.3433081793737531,0.6543696661939914
0.1211243929772133,0.3433081793737531,0.6543228946641418
0.1211243929772133,0.343394917165409,0.6543208372471867
0.1211710870377288,0.343394917165409,0.6542989801486147
0.1211710870377288,0.3434816549570648,0.6542754828375085
0.1212644751587598,0.3434816549570648,0.654200773843597
0.1212644751587598,0.3435683927487206,0.6541995112761754
0.1212878221890175,0.3435683927487206,0.6541749450283525
0.1212878221890175,0.3436551305403764,0.6541706978496731
0.1213111692192753,0.3436551305403764,0.6541589375329516
0.1213111692192753,0.3437418683320322,0.6541543119417563
0.1214045573403063,0.3437418683320322,0.6541310625543293
0.1214045573403063,0.3438286061236881,0.6540715967480697
0.121427904370564,0.3438286061236881,0.654067750536451
0.121427904370564,0.3439153439153439,0.6540437330743696
0.1215913335823683,0.3439153439153439,0.6539210813832799
0.1215913335823683,0.3440020817069997,0.6538960266687963
0.121614680612626,0.3440020817069997,0.6538908854578296
0.121614680612626,0.3440888194986555,0.6538764709092126
0.1216613746731415,0.3440888194986555,0.6538615407711738
0.1216613746731415,0.3442622950819672,0.6537911949255315
0.1217547627941725,0.3442622950819672,0.6537285736432497
0.1217547627941725,0.344349032873623,0.6537254010348974
0.1218248038849458,0.344349032873623,0.6536761425727424
0.1218248038849458,0.3444357706652788,0.6536662871516906
0.1218481509152035,0.3444357706652788,0.6536615263137937
0.1218481509152035,0.3445225084569346,0.6536234755532372
0.1218714979454613,0.3445225084569346,0.6536220871237552
0.1218714979454613,0.3446092462485905,0.6536207904391746
0.121894844975719,0.3446092462485905,0.6536137291906009
0.121894844975719,0.3447827218319022,0.6535594040711155
0.1219181920059768,0.3447827218319022,0.6535433018692807
0.1219181920059768,0.344869459623558,0.6535358543416767
0.1219415390362345,0.344869459623558,0.6535293444157518
0.1219415390362345,0.3449561974152138,0.6535287411962621
0.1219882330967501,0.3449561974152138,0.6535247851855108
0.1219882330967501,0.3451296729985255,0.6535075267771817
0.1220349271572655,0.3451296729985255,0.6533848621715936
0.1220349271572655,0.3452164107901813,0.6533839382769548
0.1221049682480388,0.3452164107901813,0.6533598777397309
0.1221049682480388,0.3453031485818371,0.6533500290722883
0.1221283152782966,0.3453031485818371,0.6533409979831533
0.1221283152782966,0.3453898863734929,0.6533161334629505
0.1221983563690698,0.3453898863734929,0.6532701774165808
0.1221983563690698,0.3454766241651487,0.6532484927977391
0.1222217033993276,0.3454766241651487,0.6532203608068351
0.1222217033993276,0.3455633619568046,0.6532080213551256
0.1222450504295853,0.3455633619568046,0.6531993293496625
0.1222450504295853,0.3456500997484604,0.6531977042751518
0.1222917444901008,0.3456500997484604,0.6531942346705071
0.1222917444901008,0.3457368375401162,0.6531772959045374
0.1223150915203586,0.3457368375401162,0.6531708874677
0.1223150915203586,0.3459103131234279,0.6531294309098676
0.1223617855808741,0.3459103131234279,0.6531114440565511
0.1223617855808741,0.3459970509150837,0.6531072091507781
0.1223851326111318,0.3459970509150837,0.653100753517544
0.1223851326111318,0.3460837887067395,0.6530702523494716
0.1224318266716473,0.3460837887067395,0.6530491252481373
0.1224318266716473,0.3461705264983953,0.653029191919178
0.1224551737019051,0.3461705264983953,0.653027412703991
0.1224551737019051,0.3462572642900511,0.6530227402175037
0.1224785207321628,0.3462572642900511,0.6529878495854167
0.1224785207321628,0.3464307398733628,0.652974603684783
0.1225952558834516,0.3464307398733628,0.6529400473068416
0.1225952558834516,0.3465174776650186,0.6529272878728283
0.1226186029137093,0.3465174776650186,0.6529071398132579
0.1226186029137093,0.3466909532483303,0.6528900511711893
0.1227119910347403,0.3466909532483303,0.6528288750077413
0.1227119910347403,0.3467776910399861,0.6527835250549527
0.1227586850952558,0.3467776910399861,0.6527628059115194
0.1227586850952558,0.3470379044149536,0.652721613553688
0.1228520732162868,0.3470379044149536,0.6527065063941823
0.1228520732162868,0.3471246422066094,0.6526729940395792
0.1230388494583488,0.3471246422066094,0.6524836057217186
0.1230388494583488,0.3472113799982652,0.6524703490786098
0.1230855435188644,0.3472113799982652,0.6523975775170974
0.1230855435188644,0.3474715933732327,0.6523266375092162
0.1231088905491221,0.3474715933732327,0.6523219863320213
0.1231088905491221,0.3475583311648885,0.6522846872355086
0.1231555846096376,0.3475583311648885,0.6522587357402949
0.1231555846096376,0.3476450689565443,0.6522431264298991
0.1232022786701531,0.3476450689565443,0.6521892121695998
0.1232022786701531,0.3477318067482002,0.652182388957317
0.1232489727306686,0.3477318067482002,0.6521460333299847
0.1232489727306686,0.347818544539856,0.6521108587577713
0.1233890549122151,0.347818544539856,0.6520132084628637
0.1233890549122151,0.3479052823315118,0.6519685176986598
0.1234124019424729,0.3479052823315118,0.6519652472963857
0.1234124019424729,0.3479920201231676,0.6519522764196393
0.1234357489727306,0.3479920201231676,0.6519447338001307
0.1234357489727306,0.3481654957064793,0.6519277022036494
0.1234590960029884,0.3481654957064793,0.6519080617705773
0.1234590960029884,0.3482522334981351,0.6518992167475395
0.1235291370937616,0.3482522334981351,0.6518137967685141
0.1235291370937616,0.3484257090814467,0.6517626048373062
0.1235524841240194,0.3484257090814467,0.6517609959423853
0.1235524841240194,0.3486859224564143,0.6517105447823488
0.1235758311542771,0.3486859224564143,0.6516967693137641
0.1235758311542771,0.3489461358313817,0.6516461333011441
0.1236925663055659,0.3489461358313817,0.6515463705467375
0.1236925663055659,0.3490328736230375,0.6515356929008769
0.1237159133358236,0.3490328736230375,0.6515187509848552
0.1237159133358236,0.3492063492063492,0.6514980334471023
0.1238793425476279,0.3492063492063492,0.6514481520474114
0.1238793425476279,0.349293086998005,0.6514453153108404
0.1239260366081434,0.349293086998005,0.6514434843000594
0.1239260366081434,0.3493798247896608,0.6514275455695722
0.1239727306686589,0.3493798247896608,0.651368064553139
0.1239727306686589,0.3494665625813167,0.6513671029064279
0.1240194247291744,0.3494665625813167,0.6512944558508043
0.1240194247291744,0.3496400381646283,0.6512805520917272
0.1241128128502054,0.3496400381646283,0.6512452883193116
0.1241128128502054,0.3497267759562841,0.6512369890654803
0.1242062009712364,0.3497267759562841,0.6511866035271707
0.1242062009712364,0.3498135137479399,0.651170197602462
0.1242995890922674,0.3498135137479399,0.6511313543002799
0.1242995890922674,0.3499869893312516,0.6510999226574634
0.1243229361225252,0.3499869893312516,0.6510972318962405
0.1243229361225252,0.3500737271229074,0.6510822325957067
0.1243929772132984,0.3500737271229074,0.6510483436381662
0.1243929772132984,0.3503339404978749,0.651015887674375
0.1244396712738139,0.3503339404978749,0.6509779790872743
0.1244396712738139,0.3505074160811866,0.6509494498559696
0.1245564064251027,0.3505074160811866,0.6508587539414532
0.1245564064251027,0.3505941538728424,0.6508585661040094
0.1246031004856182,0.3505941538728424,0.6508261046080592
0.1246031004856182,0.3510278428311215,0.6507364029715883
0.1246497945461337,0.3510278428311215,0.6507101483664783
0.1246497945461337,0.3511145806227773,0.6507045752950302
0.1246731415763914,0.3511145806227773,0.6506866930682136
0.1246731415763914,0.3512013184144332,0.6506697887956734
0.1247198356369069,0.3512013184144332,0.650661577118741
0.1247198356369069,0.351288056206089,0.6506490082816965
0.1247431826671647,0.351288056206089,0.6506025291947738
0.1247431826671647,0.3513747939977448,0.650590443794995
0.1247665296974224,0.3513747939977448,0.6505371258693271
0.1247665296974224,0.3514615317894006,0.6505337550129517
0.1248365707881957,0.3514615317894006,0.6504379634272551
0.1248365707881957,0.3516350073727123,0.6504330685414795
0.124906611878969,0.3516350073727123,0.65038254939743
0.124906611878969,0.3518084829560239,0.6503739596735634
0.1249533059394844,0.3518084829560239,0.650307390760764
0.1249533059394844,0.3518952207476797,0.6503058925714311
0.125,0.3518952207476797,0.6502765423492789
0.125,0.3519819585393356,0.6502691653906583
0.1250700410907732,0.3519819585393356,0.6501941510296017
0.1250700410907732,0.3520686963309914,0.6501913161083689
0.1251167351512887,0.3520686963309914,0.6501723765580307
0.1251167351512887,0.352242171914303,0.6501618417810298
0.125186776242062,0.352242171914303,0.6501189595803596
0.125186776242062,0.3523289097059588,0.6501082754596168
0.1253268584236085,0.3523289097059588,0.6499917262894657
0.1253268584236085,0.3524156474976147,0.6499845227190628
0.1253502054538662,0.3524156474976147,0.6499538944673487
0.1253502054538662,0.3525023852892705,0.6499294154402117
0.1255136346656705,0.3525023852892705,0.6497782335396454
0.1255136346656705,0.3525891230809264,0.6497763240269538
0.125560328726186,0.3525891230809264,0.649765715718195
0.125560328726186,0.3526758608725822,0.6497638364672242
0.1256070227867015,0.3526758608725822,0.6497626724943129
0.1256070227867015,0.3528493364558938,0.649752799173426
0.125653716847217,0.3528493364558938,0.6497016309359247
0.125653716847217,0.3529360742475496,0.649691282168614
0.125747104968248,0.3529360742475496,0.6496489398152687
0.125747104968248,0.3531095498308613,0.6495978056447119
0.1257704519985057,0.3531095498308613,0.6495850929970477
0.1257704519985057,0.3531962876225171,0.649556848350181
0.1258171460590212,0.3531962876225171,0.6495470123826621
0.1258171460590212,0.3533697632058288,0.6494979105145835
0.1258638401195368,0.3533697632058288,0.6494824978119486
0.1258638401195368,0.3534565009974846,0.6494773510422713
0.1258871871497945,0.3534565009974846,0.6494772700593744
0.1258871871497945,0.3535432387891404,0.64943943731793
0.1259105341800523,0.3535432387891404,0.6494331641788613
0.1259105341800523,0.3538034521641079,0.649419462675109
0.126027269331341,0.3538034521641079,0.6493853043062376
0.126027269331341,0.3538901899557637,0.6493610189730887
0.1260506163615988,0.3538901899557637,0.6493371732750874
0.1260506163615988,0.3541504033307312,0.649282377463039
0.126120657452372,0.3541504033307312,0.6492231533562616
0.126120657452372,0.354237141122387,0.6492207230247955
0.1261673515128875,0.354237141122387,0.6491943532521856
0.1261673515128875,0.3543238789140428,0.6491856149402295
0.1261906985431453,0.3543238789140428,0.6491616911693281
0.1261906985431453,0.3544973544973545,0.6491037225748083
0.126214045573403,0.3544973544973545,0.6490952128297711
0.126214045573403,0.3545840922890103,0.6490691205108664
0.1262373926036608,0.3545840922890103,0.649067130804935
0.1262373926036608,0.3546708300806661,0.6489986738279608
0.1264708629062383,0.3546708300806661,0.6488473736009057
0.1264708629062383,0.354757567872322,0.6488382595073962
0.1266109450877848,0.354757567872322,0.6487814962776153
0.1266109450877848,0.3548443056639778,0.6487766319097601
0.1267510272693313,0.3548443056639778,0.6486698517766614
0.1267510272693313,0.3549310434556336,0.6486660195726545
0.1267743742995891,0.3549310434556336,0.6486538277334419
0.1267743742995891,0.3550177812472894,0.6486231619976237
0.1267977213298468,0.3550177812472894,0.6486190586383973
0.1267977213298468,0.3551045190389452,0.6485754198676986
0.1268210683601046,0.3551045190389452,0.6485614066743463
0.1268210683601046,0.3551912568306011,0.6485474750805158
0.1268677624206201,0.3551912568306011,0.6485398602294907
0.1268677624206201,0.3552779946222569,0.6485306904210915
0.1271245797534553,0.3552779946222569,0.6483270255640773
0.1271245797534553,0.3553647324139127,0.6483221792165221
0.1272880089652596,0.3553647324139127,0.6482097622447438
0.1272880089652596,0.3556249457888802,0.6481873263205523
0.1273113559955173,0.3556249457888802,0.6481857965111661
0.1273113559955173,0.355711683580536,0.6481795477334573
0.1273580500560328,0.355711683580536,0.6481597365569776
0.1273580500560328,0.3558851591638476,0.6481286465645595
0.1274047441165483,0.3558851591638476,0.6480590290360967
0.1274047441165483,0.3559718969555035,0.6480537899796917
0.1274280911468061,0.3559718969555035,0.6480476028075898
0.1274280911468061,0.3560586347471593,0.6480254819394297
0.1276615614493836,0.3560586347471593,0.6478394832796395
0.1276615614493836,0.356232110330471,0.6478138796672035
0.1277316025401569,0.356232110330471,0.6477842380153626
0.1277316025401569,0.3563188481221268,0.6477834821405272
0.1277549495704146,0.3563188481221268,0.6477379545183927
0.1277549495704146,0.3565790614970943,0.647721836214512
0.1278483376914456,0.3565790614970943,0.647685246328767
0.1278483376914456,0.3567525370804059,0.6476647238111081
0.1279884198729921,0.3567525370804059,0.6475872907750242
0.1279884198729921,0.3569260126637176,0.6475736514473209
0.1281285020545386,0.3569260126637176,0.6474693007047875
0.1281285020545386,0.3570127504553734,0.6474535956938958
0.1281751961150541,0.3570127504553734,0.6473683983081026
0.1281751961150541,0.357186226038685,0.6473533829058351
0.1282919312663429,0.357186226038685,0.6473147963871785
0.1282919312663429,0.3573597016219967,0.6472910028437853
0.1285254015689204,0.3573597016219967,0.6471527058399307
0.1285254015689204,0.3574464394136525,0.6471250773337582
0.1288522599925289,0.3574464394136525,0.6469037936747184
0.1288522599925289,0.3575331772053083,0.6469011474185455
0.1288756070227867,0.3575331772053083,0.6468736750587398
0.1288756070227867,0.35770665278862,0.6468621102567376
0.1288989540530444,0.35770665278862,0.6468533479639851
0.1288989540530444,0.3577933905802758,0.6468492023681527
0.1290156892043332,0.3577933905802758,0.6468042202281274
0.1290156892043332,0.3578801283719316,0.6467979671157758
0.1291090773253642,0.3578801283719316,0.6467356713358428
0.1291090773253642,0.3579668661635874,0.6467350848085556
0.1291557713858797,0.3579668661635874,0.6467050774536525
0.1291557713858797,0.3580536039552433,0.646696484423697
0.1291791184161374,0.3580536039552433,0.6466923700211741
0.1291791184161374,0.3584005551218666,0.6466194575967847
0.1292725065371684,0.3584005551218666,0.6465440059648594
0.1292725065371684,0.3584872929135224,0.6465345612475777
0.1292958535674262,0.3584872929135224,0.6464994377818903
0.1292958535674262,0.3585740307051782,0.6464836466362619
0.1293892416884572,0.3585740307051782,0.6464631451869298
0.1293892416884572,0.3590077196634573,0.6464300050698751
0.1296460590212925,0.3590077196634573,0.6462132227817305
0.1296460590212925,0.3590944574551132,0.6462057659063847
0.1297161001120657,0.3590944574551132,0.6461273176481308
0.1297161001120657,0.359181195246769,0.6461002407693961
0.1297394471423235,0.359181195246769,0.6460989123853601
0.1297394471423235,0.3592679330384248,0.6460452376581692
0.129786141202839,0.3592679330384248,0.6460199859041889
0.129786141202839,0.3593546708300806,0.6460167765186846
0.1299495704146432,0.3593546708300806,0.6459228981376373
0.1299495704146432,0.3594414086217365,0.6459204874461046
0.1300896525961897,0.3594414086217365,0.6458176006642702
0.1300896525961897,0.3597883597883597,0.6457638026081187
0.1302297347777362,0.3597883597883597,0.6456898061014018
0.1302297347777362,0.3598750975800156,0.6456748689505111
0.130253081807994,0.3598750975800156,0.6456696504215673
0.130253081807994,0.3599618353716714,0.6456191910033758
0.1302764288382517,0.3599618353716714,0.6456023847577999
0.1302764288382517,0.3600485731633273,0.6456011376447228
0.1302997758685095,0.3600485731633273,0.6455963686926185
0.1302997758685095,0.3601353109549831,0.6455694067055343
0.1303698169592828,0.3601353109549831,0.6455447946097269
0.1303698169592828,0.3602220487466389,0.6455322333516254
0.130439858050056,0.3602220487466389,0.6455144411021333
0.130439858050056,0.3603087865382947,0.6455039299109651
0.1304632050803137,0.3603087865382947,0.6454985502240312
0.1304632050803137,0.3603955243299505,0.6454922168207244
0.130626634292118,0.3603955243299505,0.6454029560970433
0.130626634292118,0.3604822621216064,0.6453937366917
0.1307667164736645,0.3604822621216064,0.6452869129640686
0.1307667164736645,0.3605689999132622,0.6452789697310388
0.13081341053418,0.3605689999132622,0.645272590120358
0.13081341053418,0.3607424754965738,0.6452306639912851
0.1308367575644378,0.3607424754965738,0.6452103462430145
0.1308367575644378,0.3608292132882297,0.6451512864645899
0.1308834516249533,0.3608292132882297,0.6451335062793209
0.1308834516249533,0.3609159510798855,0.645124009481713
0.1310468808367575,0.3609159510798855,0.6450455112040672
0.1310468808367575,0.3611761644548529,0.6449857812087251
0.1314204333208815,0.3611761644548529,0.6448105234261192
0.1314204333208815,0.3612629022465088,0.644809622935456
0.1314671273813971,0.3612629022465088,0.6447845400367664
0.1314671273813971,0.3613496400381646,0.6447720993111807
0.1316772506537168,0.3613496400381646,0.6446556140773108
0.1316772506537168,0.3615231156214762,0.6446314765812189
0.1317239447142323,0.3615231156214762,0.6445800880734538
0.1317239447142323,0.3616098534131321,0.6445676611789899
0.1318173328352633,0.3616098534131321,0.6445111384632674
0.1318173328352633,0.3616965912047879,0.6444967854705821
0.1318873739260366,0.3616965912047879,0.6444764811862993
0.1318873739260366,0.3617833289964438,0.6444697504719344
0.1319574150168098,0.3617833289964438,0.644447291256772
0.1319574150168098,0.3618700667880996,0.6444270863828566
0.1319807620470676,0.3618700667880996,0.6444268941689815
0.1319807620470676,0.3619568045797554,0.644400962330991
0.1320274561075831,0.3619568045797554,0.6443755380397622
0.1320274561075831,0.362130280163067,0.6443426768768887
0.1320974971983563,0.362130280163067,0.6443204014829549
0.1320974971983563,0.3623904935380345,0.6442806140210644
0.1321208442286141,0.3623904935380345,0.6442718221692825
0.1321208442286141,0.362650706913002,0.6442336043395658
0.1321441912588718,0.362650706913002,0.6442326619637615
0.1321441912588718,0.3627374447046578,0.6442323339865923
0.1324477026522226,0.3627374447046578,0.6440248426342517
0.1324477026522226,0.3628241824963136,0.6440239098426388
0.1324710496824803,0.3628241824963136,0.6440095686870035
0.1324710496824803,0.3629109202879694,0.6440062943578739
0.1325177437429958,0.3629109202879694,0.6439823785467119
0.1325177437429958,0.3629976580796253,0.6439727837554788
0.1325410907732536,0.3629976580796253,0.6439550301220243
0.1325410907732536,0.3630843958712811,0.6439470089237902
0.1326811729548001,0.3630843958712811,0.6438686249363783
0.1326811729548001,0.3631711336629369,0.6438388003496365
0.1327979081060889,0.3631711336629369,0.6437783912639905
0.1327979081060889,0.3632578714545927,0.6437587420752386
0.1330080313784086,0.3632578714545927,0.6436364907704384
0.1330080313784086,0.3633446092462486,0.6436188986492604
0.1330780724691819,0.3633446092462486,0.6435686222388213
0.1330780724691819,0.3634313470379044,0.6435682682506301
0.1332181546507284,0.3634313470379044,0.6435358392044093
0.1332181546507284,0.3635180848295602,0.6435338670963239
0.1332415016809861,0.3635180848295602,0.6434871218944778
0.1332415016809861,0.3637782982045277,0.6434534839509696
0.1332881957415017,0.3637782982045277,0.6434278192109351
0.1332881957415017,0.3638650359961835,0.643385609617369
0.1333582368322749,0.3638650359961835,0.643335902153962
0.1333582368322749,0.3639517737878394,0.6433340788038018
0.1333815838625326,0.3639517737878394,0.6433180220840795
0.1333815838625326,0.3642119871628068,0.6433074030511106
0.1334516249533059,0.3642119871628068,0.6432042286436093
0.1334516249533059,0.3642987249544626,0.6431945012911386
0.1334983190138214,0.3642987249544626,0.6431902575073247
0.1334983190138214,0.3643854627461185,0.64314486320203
0.1336150541651102,0.3643854627461185,0.6431180487587876
0.1336150541651102,0.3644722005377743,0.6431052684284917
0.1338018304071722,0.3644722005377743,0.6429641084495792
0.1338018304071722,0.3645589383294301,0.6429426579787263
0.1338251774374299,0.3645589383294301,0.642921701472561
0.1338251774374299,0.3646456761210859,0.6428997562068905
0.1338952185282032,0.3646456761210859,0.6428811924689353
0.1338952185282032,0.3647324139127418,0.6428786412142633
0.1339185655584609,0.3647324139127418,0.6428769080661125
0.1339185655584609,0.3648191517043976,0.6428644592932332
0.1339419125887187,0.3648191517043976,0.6428595461017882
0.1339419125887187,0.3649058894960534,0.6428336259705785
0.1340119536794919,0.3649058894960534,0.6428163864587052
0.1340119536794919,0.3649926272877092,0.6428125049931908
0.1341053418005229,0.3649926272877092,0.6427470995682795
0.1341053418005229,0.365079365079365,0.6427228944175019
0.1341520358610384,0.365079365079365,0.6427045564195116
0.1341520358610384,0.3651661028710209,0.6427031738159628
0.1342687710123272,0.3651661028710209,0.6426124297764614
0.1342687710123272,0.3652528406626767,0.6425875044199549
0.1344322002241315,0.3652528406626767,0.6425039305384942
0.1344322002241315,0.3653395784543325,0.6425038267627754
0.1344555472543892,0.3653395784543325,0.6424822298083963
0.1344555472543892,0.3654263162459883,0.6424510521579657
0.134478894284647,0.3654263162459883,0.6424502040250197
0.134478894284647,0.3655997918293,0.6424143027155247
0.1345022413149047,0.3655997918293,0.6424109873546298
0.1345022413149047,0.3656865296209558,0.6424106563898099
0.1345489353754202,0.3656865296209558,0.6423933604080259
0.1345489353754202,0.3657732674126117,0.6423821700740033
0.1345956294359357,0.3657732674126117,0.6423774423555177
0.1345956294359357,0.3658600052042675,0.6423750993244343
0.1348290997385132,0.3658600052042675,0.6422319234030316
0.1348290997385132,0.3659467429959233,0.6422224439591238
0.1348991408292865,0.3659467429959233,0.6421609687883044
0.1348991408292865,0.3660334807875791,0.6421554106037657
0.134945834889802,0.3660334807875791,0.6421390762000785
0.134945834889802,0.3662069563708908,0.642108555065922
0.1350158759805752,0.3662069563708908,0.6420875101442147
0.1350158759805752,0.3663804319542024,0.6420536392098986
0.135039223010833,0.3663804319542024,0.642042212477282
0.135039223010833,0.3664671697458582,0.6419908320769162
0.1350859170713485,0.3664671697458582,0.641959515320891
0.1350859170713485,0.3665539075375141,0.6419409631387774
0.1351092641016062,0.3665539075375141,0.6419352584849602
0.1351092641016062,0.3666406453291699,0.6419181957927929
0.1351559581621217,0.3666406453291699,0.6418737149477123
0.1351559581621217,0.3667273831208257,0.64186368235793
0.1352026522226372,0.3667273831208257,0.6418463149940639
0.1352026522226372,0.3668141209124815,0.6418455654456925
0.135319387373926,0.3668141209124815,0.6418072266921135
0.135319387373926,0.3669008587041374,0.6417958755413329
0.135599551737019,0.3669008587041374,0.6416713151913025
0.135599551737019,0.3671610720791048,0.6416505622878004
0.1357162868883078,0.3671610720791048,0.6415564541971182
0.1357162868883078,0.3672478098707606,0.6415520780732908
0.1357396339185655,0.3672478098707606,0.6415457852530974
0.1357396339185655,0.3674212854540723,0.6415090564413084
0.1358563690698543,0.3674212854540723,0.6414903360653927
0.1358563690698543,0.3675080232457282,0.6414771686123604
0.135879716100112,0.3675080232457282,0.6414594346291729
0.135879716100112,0.367594761037384,0.6414431950615789
0.1359497571908853,0.367594761037384,0.6413660073442137
0.1359497571908853,0.3679417122040073,0.6412155563612141
0.135973104221143,0.3679417122040073,0.6411996676717545
0.135973104221143,0.3681151877873189,0.6411895886190714
0.1360197982816585,0.3681151877873189,0.6411664275295872
0.1360197982816585,0.3682019255789747,0.6411642512402502
0.1360431453119163,0.3682019255789747,0.6411632026479762
0.1360431453119163,0.3682886633706306,0.6411489186023294
0.1362065745237206,0.3682886633706306,0.6410870414327154
0.1362065745237206,0.3683754011622864,0.6410769352108161
0.1363233096750093,0.3683754011622864,0.6409745041556061
0.1363233096750093,0.3684621389539422,0.6409474917713249
0.1363933507657826,0.3684621389539422,0.6408909798046567
0.1363933507657826,0.368548876745598,0.6408667591475862
0.1364400448262981,0.368548876745598,0.6408613700897712
0.1364400448262981,0.3686356145372539,0.640851143527903
0.1366034740381023,0.3686356145372539,0.6407579617043985
0.1366034740381023,0.3687223523289097,0.6407311798047662
0.1366268210683601,0.3687223523289097,0.6406852328319335
0.1366268210683601,0.3688090901205655,0.6406604877034854
0.1366501680986178,0.3688090901205655,0.64065881766326
0.1366501680986178,0.3688958279122213,0.6406328837200733
0.1366968621591333,0.3688958279122213,0.6406258701450904
0.1366968621591333,0.3689825657038771,0.640597854889909
0.1367669032499066,0.3689825657038771,0.6405844071624931
0.1367669032499066,0.3692427790788447,0.6405740380916196
0.1368135973104221,0.3692427790788447,0.6405510701697685
0.1368135973104221,0.3693295168705005,0.6405352593411069
0.1368602913709376,0.3693295168705005,0.6405301768806305
0.1368602913709376,0.3694162546621563,0.6405078064437352
0.1369069854314531,0.3694162546621563,0.6405057199569447
0.1369069854314531,0.3695029924538121,0.6404729437399919
0.1369770265222263,0.3695029924538121,0.6404157506671988
0.1369770265222263,0.3695897302454679,0.6404102681240449
0.1370003735524841,0.3695897302454679,0.6404069363637335
0.1370003735524841,0.3696764680371238,0.6403935864230816
0.1370237205827418,0.3696764680371238,0.6403420388078331
0.1370237205827418,0.3697632058287796,0.6403256072594581
0.1370937616735151,0.3697632058287796,0.6402921114442975
0.1370937616735151,0.3698499436204354,0.6402831109642535
0.1372338438550616,0.3698499436204354,0.6401749635048011
0.1372338438550616,0.3699366814120912,0.640158068232265
0.1374206200971236,0.3699366814120912,0.640067919914689
0.1374206200971236,0.3700234192037471,0.6400658514480149
0.1374439671273813,0.3700234192037471,0.6400596130121137
0.1374439671273813,0.3701101569954029,0.6400579098810033
0.1375607022786701,0.3701101569954029,0.6400026452494536
0.1375607022786701,0.3701968947870587,0.6399972646991712
0.1375840493089279,0.3701968947870587,0.6399909436477857
0.1375840493089279,0.3702836325787145,0.6399634675932151
0.1376307433694434,0.3702836325787145,0.63991479110978
0.1376307433694434,0.3703703703703703,0.6398764388483626
0.1376540903997011,0.3703703703703703,0.6398633277725465
0.1376540903997011,0.3704571081620262,0.6398137109678532
0.1378642136720209,0.3704571081620262,0.6397376599042963
0.1378642136720209,0.370543845953682,0.6397265393805323
0.1378875607022786,0.370543845953682,0.6397112415082937
0.1378875607022786,0.3708040593286495,0.6396604646058488
0.1379576017930519,0.3708040593286495,0.639642495023788
0.1379576017930519,0.3708907971203053,0.6396334900970041
0.1380276428838251,0.3708907971203053,0.6396116742629032
0.1380276428838251,0.3710642727036169,0.639601749244208
0.1380509899140829,0.3710642727036169,0.6396013991246954
0.1380509899140829,0.3711510104952727,0.639587682037055
0.1380976839745984,0.3711510104952727,0.6395800103930177
0.1380976839745984,0.3712377482869286,0.6395630006796929
0.1383078072469181,0.3712377482869286,0.6394127793358121
0.1383078072469181,0.3713244860785844,0.6394062846887529
0.1384245423982069,0.3713244860785844,0.6392669206633228
0.1384245423982069,0.3714979616618961,0.6392550459154595
0.1384478894284647,0.3714979616618961,0.6392364150705241
0.1384478894284647,0.3715846994535519,0.6392272824919135
0.1386580127007844,0.3715846994535519,0.6391828937975612
0.1386580127007844,0.3716714372452077,0.6391764095434589
0.1386813597310422,0.3716714372452077,0.6391451087083179
0.1386813597310422,0.3718449128285194,0.6391018601328042
0.1387747478520732,0.3718449128285194,0.639064389234557
0.1387747478520732,0.3719316506201752,0.6390459783040547
0.1388214419125887,0.3719316506201752,0.6390259228446444
0.1388214419125887,0.3721051262034868,0.6390128934170232
0.1389381770638774,0.3721051262034868,0.6389455489899878
0.1389381770638774,0.3721918639951427,0.6389161583495047
0.1389615240941352,0.3721918639951427,0.6389081114465847
0.1389615240941352,0.3723653395784543,0.6388556878813506
0.1389848711243929,0.3723653395784543,0.6388516801825267
0.1389848711243929,0.3724520773701101,0.6388431318709787
0.1390549122151662,0.3724520773701101,0.6388198442220909
0.1390549122151662,0.3725388151617659,0.6388097708690623
0.1390782592454239,0.3725388151617659,0.6388080163500918
0.1390782592454239,0.3726255529534218,0.6387848476695115
0.139171647366455,0.3726255529534218,0.6387223785567502
0.139171647366455,0.3729725041200451,0.6386636787321744
0.1391949943967127,0.3729725041200451,0.6386547172144392
0.1391949943967127,0.3731459797033568,0.6386264374704588
0.139265035487486,0.3731459797033568,0.638572090345173
0.139265035487486,0.3733194552866684,0.6385252919561455
0.1392883825177437,0.3733194552866684,0.6384895118149876
0.1392883825177437,0.37349293086998,0.6384612543450053
0.1393117295480015,0.37349293086998,0.6384516132088924
0.1393117295480015,0.3735796686616359,0.6384485965020319
0.1393350765782592,0.3735796686616359,0.6384330679345799
0.1393350765782592,0.3736664064532917,0.6384270182466475
0.1393817706387747,0.3736664064532917,0.638409233371855
0.1393817706387747,0.3737531442449475,0.6383800096359661
0.1394284646992902,0.3737531442449475,0.638342421887526
0.1394284646992902,0.3739266198282592,0.6383334720900329
0.139451811729548,0.3739266198282592,0.638332719280123
0.139451811729548,0.374013357619915,0.6382948889407243
0.1394985057900635,0.374013357619915,0.6382418868871437
0.1394985057900635,0.3741868332032266,0.638229337554213
0.139545199850579,0.3741868332032266,0.6381844115497038
0.139545199850579,0.3743603087865383,0.6381760064336339
0.1395685468808367,0.3743603087865383,0.6381620151288627
0.1395685468808367,0.3744470465781941,0.6381288172566327
0.1396619350018677,0.3744470465781941,0.6380559393429742
0.1396619350018677,0.3745337843698499,0.6380474549185075
0.139731976092641,0.3745337843698499,0.6380292160774548
0.139731976092641,0.3747072599531616,0.6380128842420567
0.1397786701531565,0.3747072599531616,0.6379967807825496
0.1397786701531565,0.3747939977448174,0.6379816614812036
0.1398020171834142,0.3747939977448174,0.6379493726065821
0.1398020171834142,0.3748807355364732,0.6379055960113216
0.139825364213672,0.3748807355364732,0.637902950264891
0.139825364213672,0.3749674733281291,0.6378924173882434
0.1398487112439297,0.3749674733281291,0.6378561670057382
0.1398487112439297,0.3750542111197849,0.6378409721137768
0.1398954053044452,0.3750542111197849,0.6378319460031263
0.1398954053044452,0.3751409489114407,0.6378251572912503
0.1400588345162495,0.3751409489114407,0.6377369670679156
0.1400588345162495,0.3752276867030965,0.6376921907201725
0.1402456107583115,0.3752276867030965,0.6375742643271186
0.1402456107583115,0.3753144244947524,0.6375730807464908
0.1403156518490848,0.3753144244947524,0.6375026997248747
0.1403156518490848,0.375487900078064,0.6374914409848347
0.140385692939858,0.375487900078064,0.6374334383780771
0.140385692939858,0.3756613756613756,0.6373930194338818
0.1404090399701158,0.3756613756613756,0.6373873726993877
0.1404090399701158,0.3757481134530315,0.6373797516302647
0.140479081060889,0.3757481134530315,0.6373039429801848
0.140479081060889,0.3758348512446873,0.6372956576276798
0.1406191632424355,0.3758348512446873,0.6372447677384012
0.1406191632424355,0.3760083268279989,0.6372135818912789
0.1406892043332088,0.3760083268279989,0.6372030035983547
0.1406892043332088,0.3760950646196548,0.6371989893481532
0.140759245423982,0.3760950646196548,0.6371615829900883
0.140759245423982,0.3762685402029664,0.6371450294294989
0.140946021666044,0.3762685402029664,0.6370706104843659
0.140946021666044,0.376442015786278,0.6370663268839405
0.1410160627568173,0.376442015786278,0.6370274144708388
0.1410160627568173,0.3765287535779339,0.6370251517937006
0.1411561449383638,0.3765287535779339,0.6369215611683676
0.1411561449383638,0.3767022291612455,0.6368901918202204
0.141226186029137,0.3767022291612455,0.6368612297549926
0.141226186029137,0.3767889669529013,0.6368546953135947
0.1413896152409413,0.3767889669529013,0.6367378038984237
0.1413896152409413,0.3768757047445572,0.6367270762647539
0.1414129622711991,0.3768757047445572,0.6367211637173783
0.1414129622711991,0.3770491803278688,0.6366956330579527
0.1414596563317146,0.3770491803278688,0.636694008784846
0.1414596563317146,0.3771359181195247,0.6366554318586157
0.1415997385132611,0.3771359181195247,0.6365097325548001
0.1415997385132611,0.3772226559111805,0.6365021374182174
0.1416697796040343,0.3772226559111805,0.6364661749447768
0.1416697796040343,0.3773093937028363,0.6364634562828717
0.1417398206948076,0.3773093937028363,0.6363691069414614
0.1417398206948076,0.377482869286148,0.6363618073667627
0.1418098617855809,0.377482869286148,0.6363328901485679
0.1418098617855809,0.3776563448694596,0.6362910420388457
0.1419966380276429,0.3776563448694596,0.6362172365269299
0.1419966380276429,0.3778298204527712,0.6361931280874429
0.1420666791184161,0.3778298204527712,0.6361845626386302
0.1420666791184161,0.3779165582444271,0.6361792892005483
0.1420900261486739,0.3779165582444271,0.6361366002651244
0.1420900261486739,0.3780900338277387,0.63612660195874
0.1422301083302204,0.3780900338277387,0.6359228590053262
0.1422301083302204,0.3781767716193945,0.6359227302699743
0.1422768023907359,0.3781767716193945,0.6358776725091972
0.1422768023907359,0.3782635094110504,0.635853640024018
0.1423234964512514,0.3782635094110504,0.6358188149728914
0.1423234964512514,0.3783502472027062,0.6358082726216465
0.1423468434815091,0.3783502472027062,0.635772930967812
0.1423468434815091,0.3785237227860178,0.6357543679575725
0.1423701905117669,0.3785237227860178,0.635746118676981
0.1423701905117669,0.3787839361609853,0.6357180996592018
0.1424635786327979,0.3787839361609853,0.6356734866609975
0.1424635786327979,0.3788706739526412,0.6356690353847887
0.1425569667538289,0.3788706739526412,0.6356121135735949
0.1425569667538289,0.378957411744297,0.6355907132433212
0.1426036608143444,0.378957411744297,0.6355692901409584
0.1426036608143444,0.3791308873276086,0.6355138869280192
0.1426270078446021,0.3791308873276086,0.635513617130077
0.1426270078446021,0.3793911007025761,0.6354663528777309
0.1426970489353754,0.3793911007025761,0.6354286209039728
0.1426970489353754,0.3794778384942319,0.6354262573498626
0.1427670900261486,0.3794778384942319,0.6353904507754599
0.1427670900261486,0.3795645762858877,0.6353816703590788
0.1428137840866641,0.3795645762858877,0.6353583591189667
0.1428137840866641,0.3796513140775436,0.6353525561206068
0.1428838251774374,0.3796513140775436,0.6352779002087443
0.1428838251774374,0.3797380518691994,0.6351968969988213
0.1429071722076952,0.3797380518691994,0.6351954171779473
0.1429071722076952,0.3798247896608552,0.6351790437736133
0.1431406425102727,0.3798247896608552,0.6350830060332096
0.1431406425102727,0.3800850030358227,0.6350374171573219
0.1431873365707882,0.3800850030358227,0.6350121243597989
0.1431873365707882,0.3801717408274785,0.6349919090344018
0.1432807246918192,0.3801717408274785,0.6349027978182065
0.1432807246918192,0.3802584786191343,0.6349009315801324
0.1433741128128502,0.3802584786191343,0.6348799351271475
0.1433741128128502,0.3803452164107901,0.6348758194731374
0.1434441539036234,0.3803452164107901,0.634851554145302
0.1434441539036234,0.3806054297857577,0.6347827533231739
0.1434675009338812,0.3806054297857577,0.6347821448473853
0.1434675009338812,0.3806921675774135,0.6347583758009312
0.1434908479641389,0.3806921675774135,0.6347529351749446
0.1434908479641389,0.3807789053690693,0.6347472552670005
0.1436075831154277,0.3807789053690693,0.6346969961549569
0.1436075831154277,0.3808656431607251,0.6346837985601168
0.1437009712364587,0.3808656431607251,0.6346159222755696
0.1437009712364587,0.3809523809523809,0.6345966713766995
0.1437476652969742,0.3809523809523809,0.6345358432460342
0.1437476652969742,0.3811258565356926,0.6345229227881213
0.1438177063877475,0.3811258565356926,0.634494788109828
0.1438177063877475,0.3812125943273484,0.6344931169826488
0.1438410534180052,0.3812125943273484,0.6344811999142926
0.1438410534180052,0.3816462832856275,0.6344047140871838
0.1439344415390362,0.3816462832856275,0.634373871867181
0.1439344415390362,0.3818197588689392,0.6343593159565497
0.1441212177810982,0.3818197588689392,0.6341884192896566
0.1441212177810982,0.381906496660595,0.6341748350588171
0.1441912588718715,0.381906496660595,0.634095006518048
0.1441912588718715,0.3819932344522508,0.63405956215644
0.1442146059021292,0.3819932344522508,0.6340584390776269
0.1442146059021292,0.3820799722439066,0.6340299706432377
0.1442846469929025,0.3820799722439066,0.6339550253485342
0.1442846469929025,0.3821667100355625,0.6339531873278724
0.14451811729548,0.3821667100355625,0.6338174160640642
0.14451811729548,0.3822534478272183,0.6338071395865965
0.1445414643257377,0.3822534478272183,0.6338049425472703
0.1445414643257377,0.3823401856188741,0.6337986106281055
0.1445648113559955,0.3823401856188741,0.6337952576797525
0.1445648113559955,0.3826003989938416,0.633771198712012
0.1446348524467687,0.3826003989938416,0.6337322401254737
0.1446348524467687,0.3826871367854974,0.6337305215298261
0.1447515875980575,0.3826871367854974,0.6336268738517816
0.1447515875980575,0.3829473501604649,0.6335811017910482
0.144798281658573,0.3829473501604649,0.6335356896291715
0.144798281658573,0.3831208257437765,0.6334424194627197
0.1449150168098618,0.3831208257437765,0.6333493297596466
0.1449150168098618,0.3832075635354324,0.633344931622392
0.1449617108703773,0.3832075635354324,0.633293231918485
0.1449617108703773,0.383381039118744,0.6332543139838807
0.1450550989914082,0.383381039118744,0.6331906310795357
0.1450550989914082,0.3834677769103998,0.6331888983869371
0.1451484871124393,0.3834677769103998,0.6331495162009253
0.1451484871124393,0.3838147280770231,0.6331081149081742
0.1451951811729548,0.3838147280770231,0.6330764481388359
0.1451951811729548,0.3839014658686789,0.6330716760872372
0.1453819574150168,0.3839014658686789,0.6330276911254429
0.1453819574150168,0.3841616792436464,0.6330103752460299
0.1454053044452745,0.3841616792436464,0.6329398659609549
0.1454053044452745,0.3842484170353022,0.6328656404864517
0.1454286514755323,0.3842484170353022,0.6328652537818371
0.1454286514755323,0.3844218926186139,0.6328132451766713
0.14545199850579,0.3844218926186139,0.6328068015568917
0.14545199850579,0.3845086304102698,0.6327923751455964
0.1454753455360478,0.3845086304102698,0.6327920342337665
0.1454753455360478,0.3846821059935814,0.6327622971303167
0.145545386626821,0.3846821059935814,0.632712809358406
0.145545386626821,0.384855581576893,0.6326961195424178
0.1455687336570788,0.384855581576893,0.6326579861064946
0.1455687336570788,0.3850290571602047,0.6326491985386873
0.1455920806873365,0.3850290571602047,0.6326384384002166
0.1455920806873365,0.3851157949518605,0.6326314373698925
0.1456854688083675,0.3851157949518605,0.6325450497582876
0.1456854688083675,0.3852025327435163,0.6325317920890519
0.145732162868883,0.3852025327435163,0.6325162975359016
0.145732162868883,0.3852892705351722,0.6324829650790733
0.1457555098991408,0.3852892705351722,0.6324802501803425
0.1457555098991408,0.3854627461184838,0.6324580015231334
0.1457788569293985,0.3854627461184838,0.632442454381573
0.1457788569293985,0.3855494839101396,0.6324036642572681
0.1458022039596563,0.3855494839101396,0.6324028557737519
0.1458022039596563,0.3856362217017954,0.6323924446803952
0.1458488980201718,0.3856362217017954,0.6323664320923065
0.1458488980201718,0.3857229594934513,0.6323389906460974
0.1459656331714605,0.3857229594934513,0.6323136354030983
0.1459656331714605,0.3858964350767629,0.6322852091287912
0.1461057153530071,0.3858964350767629,0.6321391495346729
0.1461057153530071,0.3861566484517304,0.6320971104634283
0.1461524094135226,0.3861566484517304,0.6320572346638746
0.1461524094135226,0.3862433862433862,0.6320305005067623
0.1462457975345536,0.3862433862433862,0.6319742561185602
0.1462457975345536,0.3863301240350421,0.6319602467067711
0.1463625326858423,0.3863301240350421,0.6318213167286371
0.1463625326858423,0.3865035996183537,0.6318097507907834
0.1463858797161001,0.3865035996183537,0.631808232201416
0.1463858797161001,0.3865903374100095,0.6317955767051908
0.1464092267463578,0.3865903374100095,0.6317907400628318
0.1464092267463578,0.3867638129933212,0.6317766297652898
0.1464325737766156,0.3867638129933212,0.6317607762727375
0.1464325737766156,0.3870240263682886,0.6317184354864035
0.1464559208068733,0.3870240263682886,0.6316814599607514
0.1464559208068733,0.3871107641599445,0.631676382473155
0.1465026148673888,0.3871107641599445,0.6316273395160028
0.1465026148673888,0.3872842397432561,0.6316073976207124
0.1465493089279043,0.3872842397432561,0.6315481711660164
0.1465493089279043,0.3873709775349119,0.631533167221616
0.1466660440791931,0.3873709775349119,0.6314761418351382
0.1466660440791931,0.3875444531182236,0.6314395513043022
0.1467594322002241,0.3875444531182236,0.6313589423929633
0.1467594322002241,0.3876311909098794,0.6313490477726174
0.1468761673515128,0.3876311909098794,0.6313078542870125
0.1468761673515128,0.3877179287015352,0.6313056924226136
0.1470162495330594,0.3877179287015352,0.6311905887089151
0.1470162495330594,0.3878914042848469,0.6311512527881363
0.1471096376540904,0.3878914042848469,0.6311400883861653
0.1471096376540904,0.3879781420765027,0.6311294657415931
0.1471796787448636,0.3879781420765027,0.6310641531163215
0.1471796787448636,0.3881516176598144,0.6310280595507183
0.1472964138961524,0.3881516176598144,0.630963098896649
0.1472964138961524,0.388325093243126,0.6308839839081464
0.1473197609264101,0.388325093243126,0.6308824787413059
0.1473197609264101,0.3884118310347818,0.6308776775845238
0.1473664549869256,0.3884118310347818,0.6307997964725083
0.1473664549869256,0.3884985688264377,0.6307986060255065
0.1475765782592454,0.3884985688264377,0.6306636101441125
0.1475765782592454,0.3885853066180935,0.6306555271329872
0.1475999252895031,0.3885853066180935,0.6306454723534227
0.1475999252895031,0.3886720444097493,0.6306431058070374
0.1476699663802764,0.3886720444097493,0.6306176946481465
0.1476699663802764,0.3887587822014051,0.6305894430532313
0.1477400074710496,0.3887587822014051,0.6304664252770651
0.1477400074710496,0.388845519993061,0.6304627078768432
0.1477633545013074,0.388845519993061,0.6304505977275058
0.1477633545013074,0.3889322577847168,0.6304460924052518
0.1478800896525962,0.3889322577847168,0.630332690471297
0.1478800896525962,0.3890189955763726,0.6303118393920866
0.1479034366828539,0.3890189955763726,0.6302931694054874
0.1479034366828539,0.3891057333680284,0.6302876303647108
0.1479267837131117,0.3891057333680284,0.6302809551004118
0.1479267837131117,0.3891924711596842,0.630269579999793
0.1479501307433694,0.3891924711596842,0.6302647325048831
0.1479501307433694,0.3892792089513401,0.6302529285663057
0.1479734777736271,0.3892792089513401,0.6302521660601916
0.1479734777736271,0.3894526845346517,0.6302081835388735
0.1480902129249159,0.3894526845346517,0.6301141277467133
0.1480902129249159,0.3895394223263075,0.6300932101151819
0.1481369069854314,0.3895394223263075,0.6300718193700312
0.1481369069854314,0.3896261601179634,0.6300646680389623
0.1482302951064624,0.3896261601179634,0.6300151664362439
0.1482302951064624,0.3897128979096192,0.6299968673757553
0.1483003361972357,0.3897128979096192,0.629929007409165
0.1483003361972357,0.3898863734929308,0.6298367093588333
0.1483470302577512,0.3898863734929308,0.6298207813868721
0.1483470302577512,0.3899731112845866,0.6297951764053042
0.1485104594695554,0.3899731112845866,0.6297284649872065
0.1485104594695554,0.3900598490762425,0.629724534501352
0.1485338064998132,0.3900598490762425,0.6297025351869907
0.1485338064998132,0.3902333246595542,0.6296621247696015
0.1486505416511019,0.3902333246595542,0.6296031261534207
0.1486505416511019,0.39032006245121,0.6296019812228077
0.1486738886813597,0.39032006245121,0.62959974081897
0.1486738886813597,0.3904068002428658,0.6295894498824026
0.1487205827418752,0.3904068002428658,0.6295665978916796
0.1487205827418752,0.3905802758261775,0.6295618605072084
0.1487906238326485,0.3905802758261775,0.6295359910838283
0.1487906238326485,0.3906670136178333,0.6294878552581309
0.1488139708629062,0.3906670136178333,0.6294762409097296
0.1488139708629062,0.3907537514094891,0.6294633086264042
0.1488840119536794,0.3907537514094891,0.6293569254281748
0.1488840119536794,0.3908404892011449,0.6293554673924988
0.1490007471049682,0.3908404892011449,0.629258488511088
0.1490007471049682,0.3909272269928007,0.6292556143374505
0.149024094135226,0.3909272269928007,0.6292142594285519
0.149024094135226,0.3910139647844566,0.6292063507168266
0.1490474411654837,0.3910139647844566,0.6291749912897013
0.1490474411654837,0.391274178159424,0.6291420461686599
0.1490941352259992,0.391274178159424,0.6291374389589568
0.1490941352259992,0.3913609159510799,0.6291270757853764
0.1491641763167725,0.3913609159510799,0.6290891835433088
0.1491641763167725,0.3915343915343915,0.6290547409622576
0.1492809114680612,0.3915343915343915,0.6288826590099852
0.1492809114680612,0.3916211293260473,0.628876510475223
0.1493509525588345,0.3916211293260473,0.6288445139472336
0.1493509525588345,0.3917078671177031,0.6287908328491867
0.1494209936496077,0.3917078671177031,0.6287836248227698
0.1494209936496077,0.391794604909359,0.6287739760021793
0.1495610758311542,0.391794604909359,0.6287191738640934
0.1495610758311542,0.3921415560759823,0.6286426814289214
0.1496544639521853,0.3921415560759823,0.6285766641706958
0.1496544639521853,0.3922282938676381,0.6285589898975307
0.149677810982443,0.3922282938676381,0.6285091392116903
0.149677810982443,0.3923150316592939,0.6285071486012411
0.1497478520732162,0.3923150316592939,0.6284649963724527
0.1497478520732162,0.3924017694509498,0.6284634720194122
0.149771199103474,0.3924017694509498,0.628443447892288
0.149771199103474,0.3924885072426056,0.6284265871888058
0.1498412401942473,0.3924885072426056,0.6283912785232995
0.1498412401942473,0.3927487206175731,0.6283816430425525
0.149864587224505,0.3927487206175731,0.6283716708428669
0.149864587224505,0.3930089339925405,0.6283481077636366
0.1499813223757937,0.3930089339925405,0.6282947939887655
0.1499813223757937,0.3930956717841963,0.6282931987684481
0.1500980575270825,0.3930956717841963,0.6282383055277705
0.1500980575270825,0.3931824095758522,0.6281931185772964
0.150144751587598,0.3931824095758522,0.6281586828093348
0.150144751587598,0.393269147367508,0.6281290979371981
0.1501680986178558,0.393269147367508,0.62811815978726
0.1501680986178558,0.3933558851591638,0.6281152763934139
0.1501914456481135,0.3933558851591638,0.6281085895399228
0.1501914456481135,0.3935293607424755,0.6280541374472457
0.1502614867388868,0.3935293607424755,0.628038433259282
0.1502614867388868,0.3936160985341313,0.6280272081498856
0.150424915950691,0.3936160985341313,0.6279270073804577
0.150424915950691,0.393789574117443,0.627922500189606
0.1504482629809488,0.393789574117443,0.6279204090020938
0.1504482629809488,0.3938763119090988,0.6279178126736313
0.1505416511019798,0.3938763119090988,0.6278260265721248
0.1505416511019798,0.3939630497007546,0.6278141701733693
0.150705080313784,0.3939630497007546,0.6277570653296278
0.150705080313784,0.3940497874924104,0.6277493457959138
0.1510319387373926,0.3940497874924104,0.6275353604064962
0.1510319387373926,0.3941365252840663,0.6274821412359161
0.1510552857676503,0.3941365252840663,0.6274770165635982
0.1510552857676503,0.3942232630757221,0.6274241525280568
0.1511486738886813,0.3942232630757221,0.6273528510342248
0.1511486738886813,0.3943100008673779,0.6273427531510176
0.1511953679491968,0.3943100008673779,0.627334445783569
0.1511953679491968,0.3943967386590337,0.6273116792355968
0.1513821441912588,0.3943967386590337,0.6272681013632877
0.1513821441912588,0.3948304276173128,0.6272000868491976
0.1514054912215166,0.3948304276173128,0.6271993715413018
0.1514054912215166,0.3949171654089687,0.6271834430389117
0.1514755323122898,0.3949171654089687,0.6271752593481397
0.1514755323122898,0.3950039032006245,0.6271696389839594
0.1515689204333208,0.3950039032006245,0.6270608015875646
0.1515689204333208,0.3950906409922803,0.6270463736395313
0.1516156144938363,0.3950906409922803,0.6270272511153594
0.1516156144938363,0.3951773787839361,0.6269975582251692
0.1517090026148674,0.3951773787839361,0.6269054763025295
0.1517090026148674,0.3953508543672478,0.6268826386629863
0.1518023907358984,0.3953508543672478,0.6268091657367298
0.1518023907358984,0.3956110677422152,0.6267455064855806
0.1518724318266716,0.3956110677422152,0.6267054783666923
0.1518724318266716,0.3957845433255269,0.6266603604170875
0.1519891669779604,0.3957845433255269,0.6266020051336151
0.1519891669779604,0.3958712811171828,0.6265770784797302
0.1521059021292491,0.3958712811171828,0.6264629099779162
0.1521059021292491,0.3960447567004944,0.6264297403893736
0.1521292491595069,0.3960447567004944,0.626412369417956
0.1521292491595069,0.396218232283806,0.6264071921273098
0.1521992902502801,0.396218232283806,0.6263691781314098
0.1521992902502801,0.3963049700754619,0.6263626794636583
0.1524094135225999,0.3963049700754619,0.6261998336340739
0.1524094135225999,0.3963917078671177,0.6261913533909513
0.1524327605528576,0.3963917078671177,0.6261882594389694
0.1524327605528576,0.3964784456587735,0.6261841887495843
0.1525494957041464,0.3964784456587735,0.6261285745528691
0.1525494957041464,0.3965651834504293,0.6261250185798893
0.1525961897646619,0.3965651834504293,0.6261182569082184
0.1525961897646619,0.396738659033741,0.6261039004696827
0.1526428838251774,0.396738659033741,0.6260931910292249
0.1526428838251774,0.3969988724087084,0.6260489313634103
0.1526895778856929,0.3969988724087084,0.6260183480165262
0.1526895778856929,0.3970856102003643,0.6260132105105813
0.1527596189764662,0.3970856102003643,0.6259778538779529
0.1527596189764662,0.3971723479920201,0.6259409021223579
0.1527829660067239,0.3971723479920201,0.6259368569733252
0.1527829660067239,0.3972590857836759,0.6259243832291771
0.1528296600672394,0.3972590857836759,0.6258445806817964
0.1528296600672394,0.3973458235753317,0.6258421749648262
0.1528530070974972,0.3973458235753317,0.6258282385240542
0.1528530070974972,0.3975192991586434,0.6257880603417012
0.1529463952185282,0.3975192991586434,0.6257270925156218
0.1529463952185282,0.3976060369502992,0.625695231628961
0.1530397833395592,0.3976060369502992,0.6256554636068568
0.1530397833395592,0.3976927747419551,0.6256455040257025
0.1530864774000747,0.3976927747419551,0.6256232071487668
0.1530864774000747,0.3978662503252667,0.6255974400648026
0.1531331714605902,0.3978662503252667,0.6255812345952523
0.1531331714605902,0.3980397259085784,0.6255757340285106
0.1532499066118789,0.3980397259085784,0.6255158554641933
0.1532499066118789,0.39821320149189,0.6255047121313044
0.1532732536421367,0.39821320149189,0.6254824430272568
0.1532732536421367,0.3982999392835458,0.625481491542019
0.1533899887934254,0.3982999392835458,0.6254045005288309
0.1533899887934254,0.3984734148668575,0.6253930813844755
0.1534600298841987,0.3984734148668575,0.6253303792932481
0.1534600298841987,0.3985601526585133,0.6253065032554965
0.1534833769144565,0.3985601526585133,0.6253025436914295
0.1534833769144565,0.3987336282418249,0.6252768559970052
0.1535300709749719,0.3987336282418249,0.6252541132286287
0.1535300709749719,0.3989071038251366,0.6252468487847205
0.1535534180052297,0.3989071038251366,0.6252271417557531
0.1535534180052297,0.3989938416167924,0.6252084876870014
0.1536001120657452,0.3989938416167924,0.6251373571269505
0.1536001120657452,0.3990805794084482,0.6251259635671138
0.1536935001867762,0.3990805794084482,0.6250719317418649
0.1536935001867762,0.399167317200104,0.6250505728592926
0.1538569293985805,0.399167317200104,0.6249720222660949
0.1538569293985805,0.3992540549917599,0.6249717784408737
0.1538802764288382,0.3992540549917599,0.6249668058414759
0.1538802764288382,0.3993407927834157,0.6249614864655589
0.1539269704893537,0.3993407927834157,0.624947302508914
0.1539269704893537,0.3994275305750716,0.6249349927676979
0.1542071348524467,0.3994275305750716,0.6248032316147538
0.1542071348524467,0.3995142683667274,0.6247755516217679
0.1542538289129622,0.3995142683667274,0.6247336438017067
0.1542538289129622,0.3996010061583832,0.6247256666993742
0.1544172581247665,0.3996010061583832,0.6246843839730878
0.1544172581247665,0.399687743950039,0.6246799334708185
0.1544406051550242,0.399687743950039,0.6246544431041068
0.1544406051550242,0.3997744817416948,0.624650110785264
0.154463952185282,0.3997744817416948,0.6246226080515207
0.154463952185282,0.3998612195333507,0.6246057784565897
0.1546273813970863,0.3998612195333507,0.6245498754919834
0.1546273813970863,0.3999479573250065,0.6245391035147405
0.154650728427344,0.3999479573250065,0.6245373609061557
0.154650728427344,0.4000346951166623,0.6245368621198923
0.1546974224878595,0.4000346951166623,0.6245294764996185
0.1546974224878595,0.4002949084916298,0.6245087223044276
0.154744116548375,0.4002949084916298,0.6244573358610144
0.154744116548375,0.4003816462832856,0.624452242338289
0.1548608516996638,0.4003816462832856,0.6243832470274082
0.1548608516996638,0.4004683840749414,0.6243796814819147
0.154930892790437,0.4004683840749414,0.6243430516022134
0.154930892790437,0.4006418596582531,0.6243357491533656
0.1549542398206948,0.4006418596582531,0.6242931087614965
0.1549542398206948,0.4007285974499089,0.6242923738248736
0.1550476279417258,0.4007285974499089,0.6242531247436978
0.1550476279417258,0.4008153352415647,0.6242330981657199
0.1551410160627568,0.4008153352415647,0.6241432068421875
0.1551410160627568,0.4009020730332205,0.6241399198685409
0.1551877101232723,0.4009020730332205,0.6241282075782504
0.1551877101232723,0.4011622864081881,0.6241250384550088
0.1553511393350765,0.4011622864081881,0.624034877305323
0.1553511393350765,0.4012490241998439,0.6240301688786803
0.1557246918192006,0.4012490241998439,0.623735626232782
0.1557246918192006,0.4013357619914997,0.6237339086829068
0.1559114680612626,0.4013357619914997,0.6235428436981973
0.1559114680612626,0.4014224997831555,0.6235302792892098
0.1559815091520358,0.4014224997831555,0.623466565867056
0.1559815091520358,0.4015092375748113,0.6234644023568814
0.1560282032125513,0.4015092375748113,0.6234190599640411
0.1560282032125513,0.4015959753664672,0.6234037794599059
0.1560748972730668,0.4015959753664672,0.6233724799571981
0.1560748972730668,0.4017694509497788,0.6233524268786148
0.1561215913335823,0.4017694509497788,0.6233274019644037
0.1561215913335823,0.4018561887414346,0.6233233230225643
0.1561449383638401,0.4018561887414346,0.6233074949641787
0.1561449383638401,0.4019429265330905,0.623270515994214
0.1561916324243556,0.4019429265330905,0.623255693478424
0.1561916324243556,0.4020296643247463,0.6232310538199424
0.1562149794546133,0.4020296643247463,0.6232171145717493
0.1562149794546133,0.4021164021164021,0.6232108863887379
0.1563083675756443,0.4021164021164021,0.6231125943885588
0.1563083675756443,0.4022031399080579,0.6231113281090688
0.1563550616361599,0.4022031399080579,0.6230862597956439
0.1563550616361599,0.4022898776997137,0.6230586737325494
0.1564717967874486,0.4022898776997137,0.6230207313281533
0.1564717967874486,0.4023766154913696,0.6230107544911041
0.1565651849084796,0.4023766154913696,0.6229654255754202
0.1565651849084796,0.4024633532830254,0.6229616284427362
0.1566118789689951,0.4024633532830254,0.6229430749412967
0.1566118789689951,0.4025500910746812,0.6229370636291847
0.1567052670900261,0.4025500910746812,0.6228870743390608
0.1567052670900261,0.4027235666579929,0.6228475121866993
0.1567519611505416,0.4027235666579929,0.622845121874898
0.1567519611505416,0.4028970422413045,0.6228361931877242
0.1567986552110571,0.4028970422413045,0.6228096645721211
0.1567986552110571,0.4029837800329603,0.6228053433496507
0.1568920433320881,0.4029837800329603,0.6227724570363155
0.1568920433320881,0.4032439934079278,0.6227403725213093
0.1569387373926036,0.4032439934079278,0.6227076183893547
0.1569387373926036,0.4034174689912395,0.62269411576191
0.1569620844228614,0.4034174689912395,0.622691316677674
0.1569620844228614,0.4035042067828953,0.6226842572275323
0.1570554725438924,0.4035042067828953,0.6225987733900449
0.1570554725438924,0.4035909445745511,0.6225951858235814
0.1570788195741501,0.4035909445745511,0.6225877208948977
0.1570788195741501,0.4036776823662069,0.6225810669138987
0.1571722076951811,0.4036776823662069,0.6224937228657852
0.1571722076951811,0.4037644201578628,0.6224783632133637
0.1573589839372431,0.4037644201578628,0.6223459474613728
0.1573589839372431,0.4038511579495186,0.6223266891202319
0.1573823309675009,0.4038511579495186,0.6223197712639194
0.1573823309675009,0.4039378957411744,0.622316294847475
0.1574056779977586,0.4039378957411744,0.6222989439918636
0.1574056779977586,0.4040246335328302,0.6222880918615248
0.1574990661187897,0.4040246335328302,0.622217912730545
0.1574990661187897,0.4041113713244861,0.622196068740536
0.1575224131490474,0.4041113713244861,0.6221921477450199
0.1575224131490474,0.4041981091161419,0.6221716937670845
0.1577558834516249,0.4041981091161419,0.6220221694569051
0.1577558834516249,0.4042848469077977,0.6220057991049368
0.1578259245423982,0.4042848469077977,0.6219771116214299
0.1578259245423982,0.4044583224911093,0.6219655164809208
0.1581294359357489,0.4044583224911093,0.6217681227465786
0.1581294359357489,0.4047185358660768,0.6217054602864238
0.1582461710870377,0.4047185358660768,0.6216715664473327
0.1582461710870377,0.4048052736577326,0.6216649244116252
0.1583395592080687,0.4048052736577326,0.621610940358551
0.1583395592080687,0.4048920114493885,0.6215843265405895
0.1584562943593574,0.4048920114493885,0.6215139335012252
0.1584562943593574,0.4050654870327001,0.6214965166350954
0.1585263354501307,0.4050654870327001,0.6214374264137945
0.1585263354501307,0.405152224824356,0.6214330456978666
0.1585496824803885,0.405152224824356,0.6214055444362715
0.1585496824803885,0.4052389626160118,0.6213977351917561
0.1586197235711617,0.4052389626160118,0.6213246685410815
0.1586197235711617,0.4053257004076676,0.6213061871209077
0.158689764661935,0.4053257004076676,0.6212867903444677
0.158689764661935,0.4054124381993234,0.6212639905350915
0.1587131116921927,0.4054124381993234,0.6212389686732824
0.1587131116921927,0.4054991759909793,0.6212308906747767
0.1587364587224505,0.4054991759909793,0.6211957391867095
0.1587364587224505,0.4055859137826351,0.6211784117642901
0.1588531938737392,0.4055859137826351,0.6211143323684252
0.1588531938737392,0.4056726515742909,0.6211135861781314
0.1588998879342547,0.4056726515742909,0.6210379926533486
0.1588998879342547,0.4058461271576025,0.6210206511902353
0.1589232349645125,0.4058461271576025,0.6210130920554506
0.1589232349645125,0.4060196027409142,0.6209709476769805
0.1590399701158012,0.4060196027409142,0.620927893002216
0.1590399701158012,0.40610634053257,0.6209085088511161
0.159063317146059,0.40610634053257,0.620897404381746
0.159063317146059,0.4063665539075375,0.6208844281728191
0.1590866641763167,0.4063665539075375,0.6208661472145276
0.1590866641763167,0.4065400294908491,0.6208428046026362
0.1591100112065745,0.4065400294908491,0.6208392339852213
0.1591100112065745,0.4066267672825049,0.6208276972416684
0.1592267463578632,0.4066267672825049,0.6207790439813741
0.1592267463578632,0.4067135050741608,0.6207738728193457
0.1592734404183788,0.4067135050741608,0.6207239317941351
0.1592734404183788,0.4068002428658166,0.6207172593758736
0.1592967874486365,0.4068002428658166,0.6207168478005753
0.1592967874486365,0.4068869806574725,0.6207090863952589
0.1593668285394097,0.4068869806574725,0.6206697497616667
0.1593668285394097,0.4069737184491283,0.6206605417893227
0.1593901755696675,0.4069737184491283,0.6206589967813392
0.1593901755696675,0.4070604562407841,0.6206181143781431
0.1594135225999252,0.4070604562407841,0.620602883058196
0.1594135225999252,0.4071471940324399,0.6205728589488066
0.1594835636906985,0.4071471940324399,0.6205483499621716
0.1594835636906985,0.4073206696157516,0.6205331825247351
0.1596469929025028,0.4073206696157516,0.6204880061264967
0.1596469929025028,0.4074074074074074,0.6204746139280004
0.1598337691445648,0.4074074074074074,0.62043370607249
0.1598337691445648,0.4074941451990632,0.6204152767515415
0.1599738513261113,0.4074941451990632,0.6203637819344644
0.1599738513261113,0.407580882990719,0.6203373996393876
0.1600438924168845,0.407580882990719,0.6203145539154831
0.1600438924168845,0.4076676207823749,0.6202838097321861
0.1601839745984311,0.4076676207823749,0.6201992354839271
0.1601839745984311,0.4077543585740307,0.6201639989112553
0.1603007097497198,0.4077543585740307,0.6200983548113174
0.1603007097497198,0.4079278341573423,0.6200799820796294
0.1603474038102353,0.4079278341573423,0.6200760272295038
0.1603474038102353,0.4080145719489982,0.6200627540991595
0.1605808741128128,0.4080145719489982,0.6198861103355359
0.1605808741128128,0.408101309740654,0.6198642514283601
0.1607209562943593,0.408101309740654,0.6197990986816961
0.1607209562943593,0.4082747853239656,0.6197813297853353
0.1608376914456481,0.4082747853239656,0.6197259296752211
0.1608376914456481,0.4085349986989331,0.6197042636702641
0.1609310795666791,0.4085349986989331,0.6196486251275832
0.1609310795666791,0.4086217364905889,0.6196460711268388
0.1609777736271946,0.4086217364905889,0.6195762783385759
0.1609777736271946,0.4087084742822447,0.6195338437202323
0.1611645498692566,0.4087084742822447,0.6193494852717558
0.1611645498692566,0.4088819498655564,0.6193347221692656
0.1612579379902876,0.4088819498655564,0.619290466190473
0.1612579379902876,0.4089686876572122,0.6192807241372325
0.1613746731415763,0.4089686876572122,0.6192557948912776
0.1613746731415763,0.4090554254488681,0.6192534734824819
0.1613980201718341,0.4090554254488681,0.6192430961766899
0.1613980201718341,0.4092289010321797,0.6191905400572466
0.1614213672020918,0.4092289010321797,0.6191477629406307
0.1614213672020918,0.4094023766154914,0.6191061135397057
0.1614680612626074,0.4094023766154914,0.6190724067211153
0.1614680612626074,0.4096625899904588,0.6190318273321649
0.1615147553231229,0.4096625899904588,0.6189975730334645
0.1615147553231229,0.4097493277821146,0.6189943507349717
0.1615847964138961,0.4097493277821146,0.6189680546122849
0.1615847964138961,0.4098360655737705,0.6189395041097974
0.1616548375046694,0.4098360655737705,0.6189019356324831
0.1616548375046694,0.4099228033654263,0.6188828162828905
0.1617248785954426,0.4099228033654263,0.6188428286357536
0.1617248785954426,0.4100095411570821,0.618816196461565
0.1617949196862159,0.4100095411570821,0.6187653779133488
0.1617949196862159,0.4100962789487379,0.6187373787341643
0.1618883078072469,0.4100962789487379,0.6186891087486805
0.1618883078072469,0.4101830167403938,0.6186757069861228
0.1619816959282779,0.4101830167403938,0.618619859386889
0.1619816959282779,0.4102697545320496,0.6186119166903017
0.1622151662308554,0.4102697545320496,0.6184820640989945
0.1622151662308554,0.4103564923237054,0.6184600684727906
0.1622852073216286,0.4103564923237054,0.6183360979567313
0.1622852073216286,0.410529967907017,0.6183289276357526
0.1624252895031752,0.410529967907017,0.618238542156776
0.1624252895031752,0.4106167056986729,0.6182378386289483
0.1624719835636907,0.4106167056986729,0.618212022733688
0.1624719835636907,0.4107034434903287,0.6182024039027687
0.1625653716847217,0.4107034434903287,0.6181688343071046
0.1625653716847217,0.4107901812819846,0.6181677370638645
0.1626587598057527,0.4107901812819846,0.6181126005377042
0.1626587598057527,0.4108769190736404,0.6180402207938998
0.1626821068360104,0.4108769190736404,0.6180128038520575
0.1626821068360104,0.4113106080319195,0.6179901149134838
0.1627054538662682,0.4113106080319195,0.6179839007700487
0.1627054538662682,0.4113973458235753,0.617962152858393
0.1627521479267837,0.4113973458235753,0.6179360861877551
0.1627521479267837,0.4114840836152311,0.6179330711147994
0.1627988419872992,0.4114840836152311,0.6179186329625543
0.1627988419872992,0.411570821406887,0.6178738012051987
0.1628221890175569,0.411570821406887,0.6178553333380624
0.1628221890175569,0.4116575591985428,0.6178442893242657
0.1629622711991034,0.4116575591985428,0.6178047266923525
0.1629622711991034,0.4117442969901986,0.6177984137535572
0.1630089652596189,0.4117442969901986,0.617780816752548
0.1630089652596189,0.4118310347818544,0.6177691760875369
0.1632190885319387,0.4118310347818544,0.6176368772588501
0.1632190885319387,0.4119177725735102,0.6176174427606118
0.1632657825924542,0.4119177725735102,0.6175939242768705
0.1632657825924542,0.4120045103651661,0.6175918189029967
0.1634992528950317,0.4120045103651661,0.6174575630151096
0.1634992528950317,0.4121779859484777,0.617439090789502
0.163569293985805,0.4121779859484777,0.6173969821071873
0.163569293985805,0.4122647237401335,0.6173962318909794
0.1636159880463205,0.4122647237401335,0.6173440813247398
0.1636159880463205,0.4124381993234452,0.6173184718058522
0.163662682106836,0.4124381993234452,0.6173108621265909
0.163662682106836,0.4126116749067569,0.6172613146590851
0.1637093761673515,0.4126116749067569,0.6171936662540085
0.1637093761673515,0.4126984126984127,0.6171858605692553
0.163756070227867,0.4126984126984127,0.6171401163642996
0.163756070227867,0.4127851504900685,0.6171031710310639
0.1637794172581247,0.4127851504900685,0.6170923719683259
0.1637794172581247,0.4128718882817243,0.6170890254337247
0.1639194994396712,0.4128718882817243,0.6170400366529721
0.1639194994396712,0.413045363865036,0.6170005870893767
0.16403623459096,0.413045363865036,0.6169188647118447
0.16403623459096,0.4133055772400035,0.6169021308405573
0.1640595816212177,0.4133055772400035,0.6168964868307854
0.1640595816212177,0.4133923150316593,0.6168835058241687
0.1640829286514755,0.4133923150316593,0.6168833610582745
0.1640829286514755,0.4134790528233151,0.6168779569687601
0.164129622711991,0.4134790528233151,0.6168749219043566
0.164129622711991,0.4136525284066267,0.6168410606710812
0.1641763167725065,0.4136525284066267,0.6168115137756708
0.1641763167725065,0.4137392661982826,0.6168086683503264
0.1641996638027643,0.4137392661982826,0.61680737055374
0.1641996638027643,0.41399947957325,0.616720502527601
0.1642697048935375,0.41399947957325,0.6167016527357729
0.1642697048935375,0.4140862173649058,0.6166965665612087
0.164316398954053,0.4140862173649058,0.6166609847287445
0.164316398954053,0.414519906323185,0.6165993430172292
0.1643630930145685,0.414519906323185,0.6164992330068741
0.1643630930145685,0.4146066441148408,0.6164886162171042
0.1643864400448263,0.4146066441148408,0.6164831049527231
0.1643864400448263,0.4147801196981525,0.6164568327415488
0.164503175196115,0.4147801196981525,0.6164166191517799
0.164503175196115,0.4148668574898083,0.6164054713388352
0.1645265222263728,0.4148668574898083,0.616404960285077
0.1645265222263728,0.4149535952814641,0.6163996724944254
0.1645498692566305,0.4149535952814641,0.6163868460879973
0.1645498692566305,0.4152138086564316,0.6163164210715608
0.1645732162868883,0.4152138086564316,0.6162912071741588
0.1645732162868883,0.4153872842397432,0.6162746224711517
0.1646432573776615,0.4153872842397432,0.616244849281478
0.1646432573776615,0.4154740220313991,0.6162426299900211
0.1646666044079193,0.4154740220313991,0.6162096425324537
0.1646666044079193,0.4155607598230549,0.6161925307695391
0.164783339559208,0.4155607598230549,0.6160722262680691
0.164783339559208,0.4158209731980223,0.6160192258652328
0.1648066865894658,0.4158209731980223,0.6160105802361484
0.1648066865894658,0.4159077109896782,0.6160105433487038
0.1648300336197235,0.4159077109896782,0.6159639304532842
0.1648300336197235,0.4160811865729898,0.6159311118302955
0.1649000747104968,0.4160811865729898,0.615915106637524
0.1649000747104968,0.4161679243646456,0.6159068106269039
0.1650401568920433,0.4161679243646456,0.6158368781761068
0.1650401568920433,0.4162546621563015,0.6158296198418044
0.1651101979828166,0.4162546621563015,0.615808670451421
0.1651101979828166,0.4163413999479573,0.6158007308288715
0.1651802390735898,0.4163413999479573,0.6157339771965427
0.1651802390735898,0.4164281377396131,0.6157049202028968
0.1652035861038475,0.4164281377396131,0.6156797167892599
0.1652035861038475,0.416514875531269,0.6156716395218551
0.1652969742248786,0.416514875531269,0.6156315873818863
0.1652969742248786,0.4167750889062364,0.615612792895728
0.1653436682853941,0.4167750889062364,0.6156035942176159
0.1653436682853941,0.4168618266978923,0.6155554611700965
0.1654137093761673,0.4168618266978923,0.6155183150108605
0.1654137093761673,0.4169485644895481,0.6155153643722129
0.1654837504669406,0.4169485644895481,0.6154797260199176
0.1654837504669406,0.4172955156561714,0.6154283841929435
0.1655070974971983,0.4172955156561714,0.6154279366230844
0.1655070974971983,0.4173822534478272,0.6154244238807705
0.1655304445274561,0.4173822534478272,0.6154242793683171
0.1655304445274561,0.417468991239483,0.6154208103094958
0.1657872618602913,0.417468991239483,0.6153382730922262
0.1657872618602913,0.4175557290311388,0.6153099305454867
0.1658106088905491,0.4175557290311388,0.6153096304941632
0.1658106088905491,0.4177292046144505,0.6152815345389074
0.1659506910720956,0.4177292046144505,0.6152640130683595
0.1659506910720956,0.4178159424061063,0.6152477033863877
0.1659740381023534,0.4178159424061063,0.6152378840430495
0.1659740381023534,0.4179026801977621,0.6152370684918442
0.1659973851326111,0.4179026801977621,0.615225139020254
0.1659973851326111,0.4180761557810738,0.6151680297411608
0.1661608143444154,0.4180761557810738,0.6150889252054965
0.1661608143444154,0.4181628935727296,0.6150852234790434
0.1663242435562196,0.4181628935727296,0.615024308354287
0.1663242435562196,0.4183363691560413,0.6149875504556832
0.1663475905864774,0.4183363691560413,0.6149613769889939
0.1663475905864774,0.4184231069476971,0.6149525826734292
0.1663709376167351,0.4184231069476971,0.6149502047617259
0.1663709376167351,0.4185098447393529,0.6149348692776055
0.1664876727680239,0.4185098447393529,0.6148232793008521
0.1664876727680239,0.4185965825310088,0.614820661259998
0.1665343668285394,0.4185965825310088,0.6148019485115608
0.1665343668285394,0.4186833203226646,0.6147937938900658
0.1666044079193126,0.4186833203226646,0.6147285107650953
0.1666044079193126,0.4187700581143204,0.6147220583140302
0.1666511019798281,0.4187700581143204,0.6146271759423128
0.1666511019798281,0.4188567959059762,0.614625291322785
0.1666744490100859,0.4188567959059762,0.6146152619453107
0.1666744490100859,0.418943533697632,0.6146081589538563
0.1667911841613746,0.418943533697632,0.6145651967511045
0.1667911841613746,0.4191170092809437,0.6144488869469837
0.1668612252521479,0.4191170092809437,0.6144020595020119
0.1668612252521479,0.4192037470725995,0.6143958731285541
0.1669079193126634,0.4192037470725995,0.6143910092200141
0.1669079193126634,0.4195506982392228,0.6143639908255945
0.1669779604034366,0.4195506982392228,0.614312634057655
0.1669779604034366,0.4197241738225344,0.6143017305363947
0.1672114307060141,0.4197241738225344,0.6140742880736523
0.1672114307060141,0.4198109116141903,0.6140446464976197
0.1672347777362719,0.4198109116141903,0.6140406535992232
0.1672347777362719,0.4198976494058461,0.6140196421603865
0.1673048188270452,0.4198976494058461,0.6139875784185305
0.1673048188270452,0.419984387197502,0.6139686057386488
0.1673515128875607,0.419984387197502,0.6139464886333628
0.1673515128875607,0.4200711249891578,0.613943005852013
0.1673982069480762,0.4200711249891578,0.6138814584497245
0.1673982069480762,0.4201578627808136,0.6138504272576344
0.1674915950691072,0.4201578627808136,0.6138095195117008
0.1674915950691072,0.4203313383641252,0.6137465557927072
0.1677484124019424,0.4203313383641252,0.6136021045987445
0.1677484124019424,0.4205048139474369,0.6135980277455162
0.167795106462458,0.4205048139474369,0.6135948840785513
0.167795106462458,0.4205915517390927,0.6135917662844694
0.1678418005229734,0.4205915517390927,0.6135145609874282
0.1678418005229734,0.4207650273224044,0.6134811994927816
0.1679118416137467,0.4207650273224044,0.6133894334156742
0.1679118416137467,0.4208517651140602,0.6133764602524328
0.168075270825551,0.4208517651140602,0.6133247531025792
0.168075270825551,0.420938502905716,0.6133238737383451
0.1680986178558087,0.420938502905716,0.6133052301034647
0.1680986178558087,0.4210252406973718,0.6132594099645486
0.1681219648860664,0.4210252406973718,0.6132502981223522
0.1681219648860664,0.4211987162806835,0.6132361020769881
0.1681453119163242,0.4211987162806835,0.6132212153812058
0.1681453119163242,0.4213721918639951,0.6131772840709548
0.1682387000373552,0.4213721918639951,0.6131373346418874
0.1682387000373552,0.4214589296556509,0.6131234654466008
0.168262047067613,0.4214589296556509,0.6130726181430906
0.168262047067613,0.4215456674473068,0.6130481436332514
0.1683320881583862,0.4215456674473068,0.6130314031130524
0.1683320881583862,0.4218058808222742,0.6129879674767091
0.168355435188644,0.4218058808222742,0.6129723946307992
0.168355435188644,0.4219793564055859,0.6129650676507312
0.168448823309675,0.4219793564055859,0.612907824765092
0.168448823309675,0.4220660941972417,0.6129072198539114
0.168542211430706,0.4220660941972417,0.6128714736250127
0.168542211430706,0.4221528319888976,0.6128712266559382
0.1686122525214792,0.4221528319888976,0.6128524249355765
0.1686122525214792,0.422413045363865,0.6128123987395032
0.1686822936122525,0.422413045363865,0.612773880887868
0.1686822936122525,0.4224997831555208,0.6127702204990204
0.1687056406425102,0.4224997831555208,0.6127423650666928
0.1687056406425102,0.4225865209471767,0.6127314203080618
0.1687523347030257,0.4225865209471767,0.6127131813391788
0.1687523347030257,0.4226732587388325,0.6127051299601243
0.1689858050056032,0.4226732587388325,0.6125570297585011
0.1689858050056032,0.4227599965304883,0.6125480248325954
0.1690558460963765,0.4227599965304883,0.6125227927365084
0.1690558460963765,0.4229334721138,0.6124861853365139
0.1691258871871498,0.4229334721138,0.6124434971555783
0.1691258871871498,0.4230202099054558,0.6124236108750851
0.169195928277923,0.4230202099054558,0.612355377776387
0.169195928277923,0.4231069476971116,0.6123548576098535
0.1692659693686963,0.4231069476971116,0.612300971724759
0.1692659693686963,0.4231936854887674,0.6122639197016276
0.1693126634292118,0.4231936854887674,0.6122583137173876
0.1693126634292118,0.4232804232804232,0.6121537355528384
0.1693360104594695,0.4232804232804232,0.6121510975331007
0.1693360104594695,0.4234538988637349,0.6121241911755534
0.1694527456107583,0.4234538988637349,0.6120666005782149
0.1694527456107583,0.4236273744470465,0.6120419444065863
0.1695227867015315,0.4236273744470465,0.6119767216591865
0.1695227867015315,0.4237141122387024,0.6119647812302401
0.1695928277923048,0.4237141122387024,0.611951910225647
0.1695928277923048,0.4238008500303582,0.6119405971284473
0.1696395218528203,0.4238008500303582,0.6118288868211561
0.1696395218528203,0.4238875878220141,0.611803514091813
0.169662868883078,0.4238875878220141,0.6117943311712404
0.169662868883078,0.4239743256136699,0.611792175990141
0.1697329099738513,0.4239743256136699,0.6117463993766801
0.1697329099738513,0.4243212767802932,0.6117089010256456
0.169756257004109,0.4243212767802932,0.61170687266658
0.169756257004109,0.4245814901552606,0.6116694582928208
0.1697796040343668,0.4245814901552606,0.6116645502085342
0.1697796040343668,0.4246682279469165,0.6116403397244158
0.1698496451251401,0.4246682279469165,0.6115666347124609
0.1698496451251401,0.4247549657385723,0.6115328805965079
0.1699196862159133,0.4247549657385723,0.6115217895061648
0.1699196862159133,0.4248417035302281,0.6115045215422839
0.1699897273066866,0.4248417035302281,0.611475457847364
0.1699897273066866,0.4249284413218839,0.6114697471550942
0.1700130743369443,0.4249284413218839,0.6114673764978013
0.1700130743369443,0.4251019169051956,0.6114269651041069
0.1701064624579753,0.4251019169051956,0.6113540374558609
0.1701064624579753,0.4251886546968514,0.6113396188373368
0.170129809488233,0.4251886546968514,0.6113299594508692
0.170129809488233,0.425362130280163,0.6113173266527573
0.1701531565184908,0.425362130280163,0.6113061717496184
0.1701531565184908,0.4254488680718188,0.6112989449884104
0.1702465446395218,0.4254488680718188,0.6112713621105689
0.1702465446395218,0.4255356058634747,0.6112504645917851
0.1705033619723571,0.4255356058634747,0.6110609672627516
0.1705033619723571,0.4257958192384422,0.611002102216084
0.1706200971236458,0.4257958192384422,0.610922713505085
0.1706200971236458,0.425882557030098,0.6109010036622238
0.1706667911841613,0.425882557030098,0.6108578505501172
0.1706667911841613,0.4259692948217538,0.6108561571982958
0.1707134852446769,0.4259692948217538,0.6108495806614961
0.1707134852446769,0.4260560326134097,0.6108337399766179
0.1707368322749346,0.4260560326134097,0.6108144967907039
0.1707368322749346,0.4262295081967213,0.6107992327055467
0.1708068733657078,0.4262295081967213,0.6107908396610551
0.1708068733657078,0.4263162459883771,0.6107655071716147
0.1708302203959656,0.4263162459883771,0.6107474595229874
0.1708302203959656,0.4264029837800329,0.6107450176303297
0.1708769144564811,0.4264029837800329,0.6107325831631658
0.1708769144564811,0.4264897215716888,0.6107231185604909
0.1709002614867389,0.4264897215716888,0.6107125398189905
0.1709002614867389,0.4266631971550004,0.6107106868879777
0.1709936496077699,0.4266631971550004,0.6106582130058293
0.1709936496077699,0.4267499349466562,0.6106282152333835
0.1710403436682853,0.4267499349466562,0.6106020581284841
0.1710403436682853,0.4268366727383121,0.6105955853777512
0.1711103847590586,0.4268366727383121,0.6105866725085374
0.1711103847590586,0.4269234105299679,0.6105793897898352
0.1712271199103474,0.4269234105299679,0.6105026962109887
0.1712271199103474,0.4270101483216237,0.6104892326150488
0.1713205080313784,0.4270101483216237,0.6104733188949327
0.1713205080313784,0.427357099488247,0.610443296305821
0.1713672020918939,0.427357099488247,0.6104264613502295
0.1713672020918939,0.4275305750715586,0.6104048108440634
0.1714138961524094,0.4275305750715586,0.6103356600999967
0.1714138961524094,0.4276173128632145,0.6103279205633618
0.1714605902129249,0.4276173128632145,0.6102936315125749
0.1714605902129249,0.4277040506548703,0.6102889906575669
0.1715072842734404,0.4277040506548703,0.610266112652829
0.1715072842734404,0.4277907884465261,0.6102592594624554
0.1716240194247291,0.4277907884465261,0.6102365286584841
0.1716240194247291,0.4279642640298378,0.6102220341909341
0.1717874486365334,0.4279642640298378,0.6101545939332256
0.1717874486365334,0.4281377396131494,0.610112572996248
0.1718107956667912,0.4281377396131494,0.6101073487929958
0.1718107956667912,0.4283112151964611,0.6100916959372671
0.1718574897273067,0.4283112151964611,0.6100709447735806
0.1718574897273067,0.4283979529881169,0.6100706165763803
0.1719041837878221,0.4283979529881169,0.6100475644362443
0.1719041837878221,0.4285714285714285,0.6100296436193762
0.1719742248785954,0.4285714285714285,0.6099852716132472
0.1719742248785954,0.4286581663630844,0.6099758456564671
0.1720209189391109,0.4286581663630844,0.6099556070064671
0.1720209189391109,0.428831641946396,0.6099274183462438
0.1720909600298842,0.428831641946396,0.6098891374319914
0.1720909600298842,0.4289183797380518,0.609874596440702
0.1721143070601419,0.4289183797380518,0.6098744427632632
0.1721143070601419,0.4290051175297077,0.6098724368362571
0.1721376540903997,0.4290051175297077,0.6098680024953691
0.1721376540903997,0.4290918553213635,0.609853128070704
0.1723477773627194,0.4290918553213635,0.6097415503021975
0.1723477773627194,0.4291785931130193,0.6097356117564745
0.1723711243929772,0.4291785931130193,0.6097259262455081
0.1723711243929772,0.4293520686963309,0.6096953152056732
0.1724645125140082,0.4293520686963309,0.609655692327788
0.1724645125140082,0.4294388064879868,0.6096549504597013
0.1725345536047814,0.4294388064879868,0.6096074895081904
0.1725345536047814,0.4295255442796426,0.6096061386744059
0.1726045946955547,0.4295255442796426,0.60956037019464
0.1726045946955547,0.4296122820712985,0.6095570026196994
0.1726512887560702,0.4296122820712985,0.609553647716156
0.1726512887560702,0.4296990198629543,0.6095457168793671
0.1727213298468435,0.4296990198629543,0.609507412839154
0.1727213298468435,0.4297857576546101,0.6094875855433124
0.172768023907359,0.4297857576546101,0.6094460651768709
0.172768023907359,0.4298724954462659,0.6094421109145218
0.1728614120283899,0.4298724954462659,0.6093999598079474
0.1728614120283899,0.4299592332379218,0.6093964386224773
0.1729081060889055,0.4299592332379218,0.609321852233897
0.1729081060889055,0.4300459710295776,0.6092993666412088
0.1729781471796787,0.4300459710295776,0.6092675488875006
0.1729781471796787,0.4301327088212334,0.6092657501627462
0.1730481882704519,0.4301327088212334,0.6092439988357292
0.1730481882704519,0.4302194466128892,0.609239468360121
0.1732116174822562,0.4302194466128892,0.6091529765352282
0.1732116174822562,0.430306184404545,0.6091460702371847
0.173328352633545,0.430306184404545,0.6090648325396779
0.173328352633545,0.4304796599878567,0.609008268391533
0.1733516996638027,0.4304796599878567,0.6089674730533187
0.1733516996638027,0.4305663977795125,0.6089605559911042
0.1733750466940605,0.4305663977795125,0.6089529044360751
0.1733750466940605,0.4307398733628241,0.6089055087604027
0.1734450877848337,0.4307398733628241,0.6088990040724109
0.1734450877848337,0.43082661115448,0.6088933699651595
0.1735384759058647,0.43082661115448,0.6087951476637687
0.1735384759058647,0.4309133489461358,0.6087916277145876
0.1735851699663802,0.4309133489461358,0.6087576574387394
0.1735851699663802,0.4310000867377916,0.6087529094176296
0.1736552110571535,0.4310000867377916,0.6087012366227433
0.1736552110571535,0.431347037904415,0.6086285698995305
0.1736785580874112,0.431347037904415,0.6086283549288722
0.1736785580874112,0.4314337756960708,0.6086256535990846
0.173701905117669,0.4314337756960708,0.6086208064680974
0.173701905117669,0.4316072512793824,0.6086010101047554
0.1737252521479267,0.4316072512793824,0.6085637783085525
0.1737252521479267,0.4316939890710382,0.6085624310573698
0.1737485991781845,0.4316939890710382,0.6085409269862602
0.1737485991781845,0.4317807268626941,0.6085265561719291
0.1738419872992155,0.4317807268626941,0.6084930707329224
0.1738419872992155,0.4318674646543499,0.6084891281798145
0.173888681359731,0.4318674646543499,0.6084795014347233
0.173888681359731,0.4319542024460057,0.6084700530955895
0.1739353754202465,0.4319542024460057,0.6084214228331157
0.1739353754202465,0.4320409402376615,0.6084026067070926
0.1740287635412775,0.4320409402376615,0.6083527715661539
0.1740287635412775,0.4321276780293174,0.6083519734188492
0.174075457601793,0.4321276780293174,0.6083374200209097
0.174075457601793,0.4322144158209732,0.6083195811247283
0.174262233843855,0.4322144158209732,0.6082410239893883
0.174262233843855,0.4323878914042848,0.6082353445222732
0.1744023160254015,0.4323878914042848,0.6081712614647503
0.1744023160254015,0.4325613669875965,0.6081603169961936
0.1744256630556593,0.4325613669875965,0.6081491500888823
0.1744256630556593,0.4326481047792523,0.608148366370219
0.1744723571161748,0.4326481047792523,0.6081418631304415
0.1744723571161748,0.4327348425709081,0.608131039236701
0.1745890922674635,0.4327348425709081,0.60799187680983
0.1745890922674635,0.4328215803625639,0.6079849380128602
0.174635786327979,0.4328215803625639,0.6079597612616562
0.174635786327979,0.4329083181542198,0.6079452223609554
0.1747058274187523,0.4329083181542198,0.6079283460665856
0.1747058274187523,0.4329950559458756,0.6079184211412016
0.1748926036608143,0.4329950559458756,0.6077801702601036
0.1748926036608143,0.4331685315291873,0.6077661797124979
0.1749159506910721,0.4331685315291873,0.6077644833284903
0.1749159506910721,0.4332552693208431,0.6077631629339975
0.1749392977213298,0.4332552693208431,0.6077454540320796
0.1749392977213298,0.4333420071124989,0.6077426684119194
0.1749859917818453,0.4333420071124989,0.6077338417568258
0.1749859917818453,0.4334287449041547,0.6077233041230561
0.1750326858423608,0.4334287449041547,0.6077071594024717
0.1750326858423608,0.4335154826958106,0.6076980618058394
0.1750793799028763,0.4335154826958106,0.6076916505141783
0.1750793799028763,0.433775696070778,0.6076105823807354
0.1752895031751961,0.433775696070778,0.6074395030778826
0.1752895031751961,0.4339491716540897,0.6074224094150814
0.1753128502054538,0.4339491716540897,0.6074187750503721
0.1753128502054538,0.4341226472374013,0.6073958910811912
0.1753361972357116,0.4341226472374013,0.6073788176755295
0.1753361972357116,0.4342093850290571,0.6073755880548268
0.1756163615988046,0.4342093850290571,0.6072044691257414
0.1756163615988046,0.4343828606123688,0.6071900659927052
0.1756397086290624,0.4343828606123688,0.6071459529869455
0.1756397086290624,0.4344695984040246,0.6071069991934728
0.1756864026895779,0.4344695984040246,0.6070866650170026
0.1756864026895779,0.4349032873623037,0.6070198774693232
0.1757097497198356,0.4349032873623037,0.6070195736201365
0.1757097497198356,0.4349900251539595,0.6070100641028091
0.1758031378408666,0.4349900251539595,0.6069800357145464
0.1758031378408666,0.4350767629456154,0.6069701863824832
0.1758965259618976,0.4350767629456154,0.6069299278671295
0.1758965259618976,0.4352502385289271,0.6068622699973962
0.1759665670526709,0.4352502385289271,0.6068025541409727
0.1759665670526709,0.4354237141122387,0.6067580644569054
0.1759899140829286,0.4354237141122387,0.6067485196938185
0.1759899140829286,0.4355104519038945,0.6067381014735223
0.1760833022039596,0.4355104519038945,0.6066867303534542
0.1760833022039596,0.4355971896955503,0.606680654784219
0.1761066492342174,0.4355971896955503,0.6066760186775106
0.1761066492342174,0.4356839274872062,0.6066742467958739
0.1762233843855061,0.4356839274872062,0.6066559799174738
0.1762233843855061,0.435770665278862,0.6066521270743391
0.1762700784460216,0.435770665278862,0.6066256997974473
0.1762700784460216,0.4359441408621736,0.6066028296201387
0.1763167725065371,0.4359441408621736,0.606574741929652
0.1763167725065371,0.4361176164454853,0.6065644333592082
0.1763401195367949,0.4361176164454853,0.6065113152585467
0.1763401195367949,0.4362043542371411,0.6064914923380528
0.1764101606275681,0.4362043542371411,0.6064737716536772
0.1764101606275681,0.4362910920287969,0.6064170344143938
0.1765268957788569,0.4362910920287969,0.6063512037204204
0.1765268957788569,0.4364645676121086,0.6062947329212978
0.1766436309301456,0.4364645676121086,0.6062596367211224
0.1766436309301456,0.4365513054037644,0.6062497077561493
0.1766903249906612,0.4365513054037644,0.6062357935298899
0.1766903249906612,0.436724780987076,0.6061900476610932
0.1767136720209189,0.436724780987076,0.6061834325324389
0.1767136720209189,0.4368115187787318,0.6061831874718553
0.1767370190511767,0.4368115187787318,0.6061801518369112
0.1767370190511767,0.4369849943620435,0.6061726367985796
0.1769471423234964,0.4369849943620435,0.6060535712226103
0.1769471423234964,0.4370717321536994,0.6060507083881879
0.1770872245050429,0.4370717321536994,0.6059986810329528
0.1770872245050429,0.4371584699453552,0.6059966158941676
0.1771339185655584,0.4371584699453552,0.6059891343059957
0.1771339185655584,0.437245207737011,0.605980851706343
0.1772039596563317,0.437245207737011,0.6059182711619777
0.1772039596563317,0.4375054211119785,0.6058861583760566
0.1772273066865894,0.4375054211119785,0.6058739690371042
0.1772273066865894,0.4376788966952901,0.6058637971790102
0.1772973477773627,0.4376788966952901,0.6058243196273617
0.1772973477773627,0.4377656344869459,0.6057906323034781
0.1773673888681359,0.4377656344869459,0.6057577458227599
0.1773673888681359,0.4378523722786018,0.6057424148559802
0.1775541651101979,0.4378523722786018,0.6056671547792774
0.1775541651101979,0.4380258478619134,0.60562988088392
0.1777876354127755,0.4380258478619134,0.6055469974698013
0.1777876354127755,0.4381993234452251,0.605526531959905
0.1780677997758685,0.4381993234452251,0.6053436763013342
0.1780677997758685,0.4383727990285367,0.6053384013904438
0.178207881957415,0.4383727990285367,0.6052839451534573
0.178207881957415,0.4384595368201925,0.6052664543016669
0.178301270078446,0.4384595368201925,0.6052253592083132
0.178301270078446,0.4385462746118483,0.6052235417343198
0.1783713111692192,0.4385462746118483,0.6051696943283927
0.1783713111692192,0.4386330124035042,0.6051665730073905
0.178394658199477,0.4386330124035042,0.6051558308520586
0.178394658199477,0.4388932257784717,0.6051108337798305
0.1784180052297347,0.4388932257784717,0.605108078535597
0.1784180052297347,0.4390667013617833,0.605056674082925
0.178488046320508,0.4390667013617833,0.6050385997502765
0.178488046320508,0.4391534391534391,0.6050321110051642
0.1786281285020545,0.4391534391534391,0.6049069719466909
0.1786281285020545,0.439240176945095,0.6049014318320645
0.1787448636533433,0.439240176945095,0.6048333280586726
0.1787448636533433,0.4394136525284066,0.6047889270757989
0.1788149047441165,0.4394136525284066,0.6047122072380666
0.1788149047441165,0.4395003903200624,0.6046723211378573
0.1788849458348898,0.4395003903200624,0.6046191378309225
0.1788849458348898,0.4395871281117183,0.604606145539055
0.178954986925663,0.4395871281117183,0.6045632191866953
0.178954986925663,0.4396738659033741,0.6045594764329738
0.179048375046694,0.4396738659033741,0.6044960201933821
0.179048375046694,0.4397606036950299,0.6044877189567166
0.1791651101979828,0.4397606036950299,0.6044580884279604
0.1791651101979828,0.4398473414866857,0.6044560818763811
0.179328539409787,0.4398473414866857,0.6043220313825435
0.179328539409787,0.4399340792783415,0.6043056126937596
0.1793518864400448,0.4399340792783415,0.6042928022511058
0.1793518864400448,0.4400208170699974,0.604260039521492
0.1793752334703025,0.4400208170699974,0.6042555893386599
0.1793752334703025,0.4401075548616532,0.6042523690359478
0.1794686215913336,0.4401075548616532,0.6042219953970572
0.1794686215913336,0.440194292653309,0.604210292751985
0.1795853567426223,0.440194292653309,0.6041506529212097
0.1795853567426223,0.4402810304449648,0.6041466456749199
0.1796087037728801,0.4402810304449648,0.6041427892877671
0.1796087037728801,0.4403677682366207,0.6041044129089406
0.1796553978333956,0.4403677682366207,0.6040971826257613
0.1796553978333956,0.4404545060282765,0.6040779589879137
0.1797254389241688,0.4404545060282765,0.6040036557919414
0.1797254389241688,0.4405412438199323,0.6039884887378664
0.1797721329846843,0.4405412438199323,0.6039744924075008
0.1797721329846843,0.4407147194032439,0.6039387596251407
0.1798888681359731,0.4407147194032439,0.6037904015461735
0.1798888681359731,0.4408881949865556,0.6037619341035378
0.1800289503175196,0.4408881949865556,0.6037174707099086
0.1800289503175196,0.4409749327782115,0.6037082253336659
0.1800756443780351,0.4409749327782115,0.6036353207909192
0.1800756443780351,0.4410616705698673,0.6036007445897464
0.1800989914082928,0.4410616705698673,0.6035994178841187
0.1800989914082928,0.4411484083615231,0.603595646252086
0.1801223384385506,0.4411484083615231,0.6035933116078933
0.1801223384385506,0.4412351461531789,0.603587391238607
0.1801923795293238,0.4412351461531789,0.6035463091199905
0.1801923795293238,0.4414086217364906,0.6034682787471848
0.1802390735898393,0.4414086217364906,0.6034449999392009
0.1802390735898393,0.4415820973198022,0.6034306128688873
0.1802624206200971,0.4415820973198022,0.6034250942168446
0.1802624206200971,0.441668835111458,0.6034009960871851
0.1802857676503548,0.441668835111458,0.6033905770153425
0.1802857676503548,0.4417555729031139,0.6033676382340635
0.1805892790437056,0.4417555729031139,0.6032513550826055
0.1805892790437056,0.4419290484864255,0.6032453909625894
0.1806359731042211,0.4419290484864255,0.6032064986667804
0.1806359731042211,0.4423627374447046,0.6031248506488677
0.1807527082555099,0.4423627374447046,0.6030494472274772
0.1807527082555099,0.4424494752363604,0.6030066189193197
0.1807760552857676,0.4424494752363604,0.6029894136865267
0.1807760552857676,0.4425362130280163,0.602983076011706
0.1807994023160254,0.4425362130280163,0.6029730585675317
0.1807994023160254,0.4426229508196721,0.6029627219810187
0.1809628315278296,0.4426229508196721,0.6028990999060464
0.1809628315278296,0.442709688611328,0.6028977168374614
0.1809861785580874,0.442709688611328,0.6028964396446885
0.1809861785580874,0.4427964264029838,0.6028914013568734
0.1810328726186029,0.4427964264029838,0.6028499721719647
0.1810328726186029,0.4431433775696071,0.6027742995447872
0.1810795666791184,0.4431433775696071,0.6027558850764018
0.1810795666791184,0.4432301153612629,0.6027478957086096
0.1811029137093761,0.4432301153612629,0.6027284608960605
0.1811029137093761,0.4433168531529187,0.6027113815161744
0.1811729548001494,0.4433168531529187,0.6026936384236312
0.1811729548001494,0.4434035909445745,0.6026846349201083
0.1812663429211804,0.4434035909445745,0.6026467749493638
0.1812663429211804,0.4434903287362304,0.6026399469917346
0.1812896899514381,0.4434903287362304,0.6026321888597739
0.1812896899514381,0.4435770665278862,0.6026224988357609
0.1813830780724691,0.4435770665278862,0.6025588739846932
0.1813830780724691,0.4437505421111978,0.6025161087404618
0.1814998132237579,0.4437505421111978,0.6024346827183396
0.1814998132237579,0.4440974932778211,0.6023849599579323
0.1815231602540157,0.4440974932778211,0.6023691322404936
0.1815231602540157,0.4442709688611328,0.6023604978836179
0.1816632424355622,0.4442709688611328,0.6023166271338692
0.1816632424355622,0.4443577066527886,0.6023127616482946
0.1817332835263354,0.4443577066527886,0.6022625525432002
0.1817332835263354,0.4444444444444444,0.6022450387985641
0.1818733657078819,0.4444444444444444,0.6021238801069411
0.1818733657078819,0.4445311822361003,0.6020986071412118
0.1819200597683974,0.4445311822361003,0.6020663161974832
0.1819200597683974,0.4446179200277561,0.6020576292563371
0.1819434067986552,0.4446179200277561,0.6020409239563427
0.1819434067986552,0.4447046578194119,0.6020303690376823
0.1820834889802017,0.4447046578194119,0.601974759210606
0.1820834889802017,0.4447913956110677,0.6019639206474616
0.1822235711617482,0.4447913956110677,0.6018832926340306
0.1822235711617482,0.4449648711943794,0.6018557334305347
0.1824336944340679,0.4449648711943794,0.6017668524371291
0.1824336944340679,0.4450516089860352,0.601751114924092
0.1827838998879342,0.4450516089860352,0.6015898500831227
0.1827838998879342,0.445138346777691,0.6015785713047004
0.182807246918192,0.445138346777691,0.6015766399607199
0.182807246918192,0.4452250845693468,0.6015508505999101
0.1828539409787075,0.4452250845693468,0.6015318595598145
0.1828539409787075,0.4453118223610027,0.6015311374030197
0.1828772880089652,0.4453118223610027,0.6015212346015288
0.1828772880089652,0.4453985601526585,0.6015135113490279
0.1830640642510272,0.4453985601526585,0.6014575410801124
0.1830640642510272,0.4454852979443143,0.6014380747748659
0.1831107583115427,0.4454852979443143,0.6014125767054457
0.1831107583115427,0.4458322491109376,0.6013806780932629
0.1832274934628315,0.4458322491109376,0.6013135858233437
0.1832274934628315,0.4459189869025934,0.6012948152625208
0.1832508404930893,0.4459189869025934,0.6012907332230994
0.1832508404930893,0.4460924624859051,0.601284680580193
0.1833442286141202,0.4460924624859051,0.6012480260374213
0.1833442286141202,0.4461792002775609,0.6012275536303241
0.183647740007471,0.4461792002775609,0.6009909803769438
0.183647740007471,0.4462659380692167,0.6009745896872164
0.1839512514008218,0.4462659380692167,0.6007821253320478
0.1839512514008218,0.4463526758608725,0.6007640666616325
0.1839745984310795,0.4463526758608725,0.600742916824393
0.1839745984310795,0.4464394136525284,0.6007208002126505
0.1840679865521105,0.4464394136525284,0.6006788060634893
0.1840679865521105,0.4465261514441842,0.6006438441320258
0.184114680612626,0.4465261514441842,0.6006331181947665
0.184114680612626,0.4466128892358401,0.6006296066413845
0.1844648860664923,0.4466128892358401,0.6004041082944631
0.1844648860664923,0.4466996270274959,0.6004035033066695
0.1845582741875233,0.4466996270274959,0.6003307696348772
0.1845582741875233,0.4467863648191517,0.6003071993240978
0.1846283152782966,0.4467863648191517,0.6002460268379359
0.1846283152782966,0.4469598404024633,0.6002440181660577
0.1847917444901008,0.4469598404024633,0.6001713562798403
0.1847917444901008,0.4470465781941192,0.6001696449376992
0.1849084796413896,0.4470465781941192,0.6001353829776463
0.1849084796413896,0.447133315985775,0.6001348112201883
0.1850252147926783,0.447133315985775,0.6000563179662655
0.1850252147926783,0.4472200537774308,0.6000337038951216
0.1851186029137093,0.4472200537774308,0.5999914860456312
0.1851186029137093,0.4473067915690866,0.5999739893733156
0.1851886440044826,0.4473067915690866,0.599929095636873
0.1851886440044826,0.4473935293607424,0.599923872923055
0.1852119910347403,0.4473935293607424,0.5999120749620916
0.1852119910347403,0.4474802671523983,0.5999032210967105
0.1852353380649981,0.4474802671523983,0.5999027336277545
0.1852353380649981,0.4475670049440541,0.5999000721452482
0.1852586850952559,0.4475670049440541,0.5998964488437654
0.1852586850952559,0.4476537427357099,0.5998593029967589
0.1853754202465446,0.4476537427357099,0.5998060419062392
0.1853754202465446,0.4477404805273657,0.5998017483344831
0.1853987672768023,0.4477404805273657,0.599787601691049
0.1853987672768023,0.4480006939023332,0.5997533322033375
0.1855855435188644,0.4480006939023332,0.5996148486681354
0.1855855435188644,0.4481741694856448,0.5996010954600128
0.1857022786701531,0.4481741694856448,0.599539899574705
0.1857022786701531,0.4482609072773007,0.5995369395148276
0.1857256257004109,0.4482609072773007,0.5995270381287845
0.1857256257004109,0.4485211206522682,0.5994697377743268
0.1857489727306686,0.4485211206522682,0.599436810037351
0.1857489727306686,0.448607858443924,0.5994177394692768
0.1858423608516996,0.448607858443924,0.5993595112810228
0.1858423608516996,0.4488680718188915,0.5993055293174534
0.1858657078819574,0.4488680718188915,0.5993050227974277
0.1858657078819574,0.4489548096105473,0.5993008411934151
0.1859124019424729,0.4489548096105473,0.5992781540581795
0.1859124019424729,0.4490415474022031,0.5992776837313742
0.1860758311542771,0.4490415474022031,0.5991901719515786
0.1860758311542771,0.4492150229855148,0.5991698335887815
0.1862859544265969,0.4492150229855148,0.5990670082617722
0.1862859544265969,0.4493017607771706,0.5990504768593039
0.1863326484871124,0.4493017607771706,0.5990372657596423
0.1863326484871124,0.4493884985688264,0.5990230373666419
0.1863559955173702,0.4493884985688264,0.5990047197709907
0.1863559955173702,0.4495619741521381,0.5989640862056733
0.1863793425476279,0.4495619741521381,0.5989539062889544
0.1863793425476279,0.4498221875271055,0.5989030325610678
0.1866128128502054,0.4498221875271055,0.5987904339982939
0.1866128128502054,0.4499956631104172,0.598758282264902
0.1867062009712364,0.4499956631104172,0.5987081021888094
0.1867062009712364,0.450082400902073,0.5986868652280225
0.1868229361225252,0.450082400902073,0.5985987096641618
0.1868229361225252,0.4501691386937289,0.5985799303203131
0.1871497945461337,0.4501691386937289,0.5983886160681984
0.1871497945461337,0.4504293520686963,0.598347166379773
0.1871731415763914,0.4504293520686963,0.5983439534512686
0.1871731415763914,0.450602827652008,0.5983387999884335
0.1871964886066492,0.450602827652008,0.5983331683487665
0.1871964886066492,0.4506895654436638,0.598332169821192
0.1872665296974225,0.4506895654436638,0.5982956315852348
0.1872665296974225,0.4507763032353196,0.598257117471263
0.187313223757938,0.4507763032353196,0.5982477910416117
0.187313223757938,0.4510365166102871,0.5982137703461498
0.1873365707881957,0.4510365166102871,0.5981939108010117
0.1873365707881957,0.4511232544019429,0.5981936971093769
0.1873832648487112,0.4511232544019429,0.5981724961023585
0.1873832648487112,0.4512099921935987,0.5981697114859875
0.1874066118789689,0.4512099921935987,0.5981644563501824
0.1874066118789689,0.4512967299852545,0.5981554219411349
0.1878035113933507,0.4512967299852545,0.5978786536124738
0.1878035113933507,0.4513834677769104,0.5978782978412648
0.1878268584236085,0.4513834677769104,0.5978333807156592
0.1878268584236085,0.4514702055685662,0.5978319837078743
0.187966940605155,0.4514702055685662,0.5977877245911702
0.187966940605155,0.451556943360222,0.5977667786386396
0.1881303698169592,0.451556943360222,0.5976597661889357
0.1881303698169592,0.4517304189435337,0.5976232594903953
0.188153716847217,0.4517304189435337,0.5976157536415734
0.188153716847217,0.4518171567351895,0.5976053248013401
0.1882237579379903,0.4518171567351895,0.5975893895757525
0.1882237579379903,0.4519038945268454,0.59757048149715
0.1883171460590212,0.4519038945268454,0.5975438557437797
0.1883171460590212,0.4519906323185012,0.5975244252390375
0.1884105341800523,0.4519906323185012,0.5974647563873283
0.1884105341800523,0.452077370110157,0.5974529054899882
0.18843388121031,0.452077370110157,0.5974393844478056
0.18843388121031,0.4521641079018128,0.5974281166266896
0.1884572282405678,0.4521641079018128,0.5974134195047348
0.1884572282405678,0.4522508456934686,0.5973979600372067
0.1884805752708255,0.4522508456934686,0.59738617828535
0.1884805752708255,0.4523375834851245,0.597385967764553
0.1885039223010833,0.4523375834851245,0.597372884519936
0.1885039223010833,0.4524243212767803,0.5973612814822398
0.188527269331341,0.4524243212767803,0.5973509781725975
0.188527269331341,0.4525110590684361,0.5973186829745787
0.1885506163615988,0.4525110590684361,0.5973109584003525
0.1885506163615988,0.4525977968600919,0.5972920701383155
0.1885739633918565,0.4525977968600919,0.5972878521057579
0.1885739633918565,0.4527712724434036,0.5972659949806356
0.1886673515128875,0.4527712724434036,0.597170703962097
0.1886673515128875,0.4528580102350594,0.5971666863094135
0.188714045573403,0.4528580102350594,0.597162910862269
0.188714045573403,0.4529447480267152,0.5971515817921984
0.1887373926036608,0.4529447480267152,0.5971486909229391
0.1887373926036608,0.453031485818371,0.5971324019629021
0.1887607396339185,0.453031485818371,0.5971159169173131
0.1887607396339185,0.4531182236100269,0.5971080682212675
0.188807433694434,0.4531182236100269,0.5970871609224964
0.188807433694434,0.4532916991933385,0.597036802890374
0.1889241688457228,0.4532916991933385,0.5969899045626286
0.1889241688457228,0.4533784369849943,0.5969722257097074
0.1889708629062383,0.4533784369849943,0.5969556628518904
0.1889708629062383,0.4534651747766501,0.5969434526491897
0.1890409039970115,0.4534651747766501,0.5969177520215072
0.1890409039970115,0.453551912568306,0.596890859574388
0.1891109450877848,0.453551912568306,0.596870831727207
0.1891109450877848,0.4536386503599618,0.596865338316223
0.189180986178558,0.4536386503599618,0.5968485775900434
0.189180986178558,0.4538988637349293,0.5967918157257787
0.1892043332088158,0.4538988637349293,0.5967608030931411
0.1892043332088158,0.4539856015265851,0.5967567620611007
0.1892276802390736,0.4539856015265851,0.5967501939130093
0.1892276802390736,0.454072339318241,0.5967398388795504
0.1892510272693313,0.454072339318241,0.5967327598346885
0.1892510272693313,0.4542458149015526,0.5966963938990643
0.1894844975719088,0.4542458149015526,0.5965937845910889
0.1894844975719088,0.4543325526932084,0.596583479223413
0.1895078446021666,0.4543325526932084,0.59656951930376
0.1895078446021666,0.4545060282765201,0.5965357690073292
0.1895311916324243,0.4545060282765201,0.5965341550966652
0.1895311916324243,0.4545927660681759,0.5965303231064687
0.1895545386626821,0.4545927660681759,0.5965243843352555
0.1895545386626821,0.4546795038598317,0.5964867590144405
0.1896712738139708,0.4546795038598317,0.5964330331449488
0.1896712738139708,0.4548529794431434,0.5964161471349837
0.1897880089652596,0.4548529794431434,0.5963649987438896
0.1897880089652596,0.4549397172347992,0.5963231657881027
0.1898813970862906,0.4549397172347992,0.5962893619073093
0.1898813970862906,0.455026455026455,0.596285200663232
0.1899981322375794,0.455026455026455,0.5962323563235259
0.1899981322375794,0.4551999306097666,0.5962108889516049
0.1900681733283526,0.4551999306097666,0.5961809356384691
0.1900681733283526,0.4553734061930783,0.5961461071734573
0.1902082555098991,0.4553734061930783,0.5960969241780005
0.1902082555098991,0.4554601439847341,0.5960836009008308
0.1902782966006724,0.4554601439847341,0.5960609822967771
0.1902782966006724,0.4555468817763899,0.5960568676167992
0.1905117669032499,0.4555468817763899,0.5959730253578239
0.1905117669032499,0.4556336195680458,0.5959684768576978
0.1905584609637654,0.4556336195680458,0.5959316314277956
0.1905584609637654,0.4557203573597016,0.595888433529175
0.1905818079940231,0.4557203573597016,0.595885264902543
0.1905818079940231,0.4558070951513574,0.5958734170742803
0.1906051550242809,0.4558070951513574,0.5958703629841948
0.1906051550242809,0.4558938329430133,0.595860151983579
0.1907919312663429,0.4558938329430133,0.5957668277173271
0.1907919312663429,0.4560673085263249,0.5957582677522849
0.1908386253268584,0.4560673085263249,0.595705151881808
0.1908386253268584,0.4561540463179807,0.5956906167868613
0.1908853193873739,0.4561540463179807,0.5956127098665048
0.1908853193873739,0.4563275219012924,0.5955756948719553
0.1909553604781471,0.4563275219012924,0.5955335998025766
0.1909553604781471,0.4564142596929482,0.59550101971467
0.1910954426596937,0.4564142596929482,0.5954107261386619
0.1910954426596937,0.456500997484604,0.5954021927091362
0.1911421367202092,0.456500997484604,0.5953776155784388
0.1911421367202092,0.4565877352762598,0.5953597395015344
0.1911654837504669,0.4565877352762598,0.5953555734371305
0.1911654837504669,0.4567612108595715,0.5953184562395436
0.1912355248412402,0.4567612108595715,0.595270449879206
0.1912355248412402,0.4569346864428831,0.5952555407884058
0.1912588718714979,0.4569346864428831,0.5952511921544732
0.1912588718714979,0.457021424234539,0.5952437924453136
0.1914223010833022,0.457021424234539,0.5951747208543078
0.1914223010833022,0.4571081620261948,0.5951741349753923
0.1914456481135599,0.4571081620261948,0.5951472519331185
0.1914456481135599,0.4573683754011622,0.5951189269553476
0.1915156892043332,0.4573683754011622,0.5951024098058044
0.1915156892043332,0.4576285887761298,0.5950915093003238
0.1916090773253642,0.4576285887761298,0.5950577409630813
0.1916090773253642,0.4577153265677856,0.5950567494374817
0.1916324243556219,0.4577153265677856,0.5950456054410409
0.1916324243556219,0.4578020643594414,0.5950432676989541
0.1916557713858797,0.4578020643594414,0.5949852815906684
0.1916557713858797,0.4578888021510972,0.5949818710740229
0.1916791184161374,0.4578888021510972,0.5949801752427161
0.1916791184161374,0.4579755399427531,0.5949796535494689
0.1917958535674262,0.4579755399427531,0.5949430360036627
0.1917958535674262,0.4583224911093763,0.5948835917981856
0.1919359357489727,0.4583224911093763,0.5948562427008062
0.1919359357489727,0.4586694422759996,0.5947924916472216
0.1920293238700037,0.4586694422759996,0.5947566703209488
0.1920293238700037,0.4587561800676554,0.5947477924582945
0.1921694060515502,0.4587561800676554,0.5946477355311435
0.1921694060515502,0.4588429178593113,0.5946353614144525
0.192286141202839,0.4588429178593113,0.5945335130599033
0.192286141202839,0.4589296556509671,0.594528826094365
0.1923561822936122,0.4589296556509671,0.5944961021133464
0.1923561822936122,0.4590163934426229,0.5944943155665046
0.1924262233843855,0.4590163934426229,0.5944801322232682
0.1924262233843855,0.4591031312342787,0.5944771662481976
0.192472917444901,0.4591031312342787,0.5944495864727144
0.192472917444901,0.4591898690259346,0.5944411430450448
0.1925429585356742,0.4591898690259346,0.594409992989813
0.1925429585356742,0.4592766068175904,0.5943901064053567
0.192566305565932,0.4592766068175904,0.5943899330305509
0.192566305565932,0.4595368201925578,0.5943348354328035
0.1926363466567052,0.4595368201925578,0.5943124876063275
0.1926363466567052,0.4596235579842137,0.5943107055826111
0.192753081807994,0.4596235579842137,0.5942351292769996
0.192753081807994,0.4597102957758695,0.5942180938820021
0.192846469929025,0.4597102957758695,0.5941734218858428
0.192846469929025,0.4597970335675254,0.5941621789894183
0.1928698169592828,0.4597970335675254,0.5941584728035614
0.1928698169592828,0.4598837713591812,0.5941576959999219
0.1929165110197983,0.4598837713591812,0.5941392293073996
0.1929165110197983,0.459970509150837,0.5941139272820057
0.1929632050803137,0.459970509150837,0.5941067211680597
0.1929632050803137,0.4600572469424928,0.5940984288801526
0.1929865521105715,0.4600572469424928,0.5940921967802153
0.1929865521105715,0.4602307225258045,0.5940819599217004
0.1930098991408292,0.4602307225258045,0.5940779228452299
0.1930098991408292,0.4603174603174603,0.5940760878696717
0.1930799402316025,0.4603174603174603,0.5940602473637792
0.1930799402316025,0.4605776736924278,0.5940375366854864
0.1931733283526335,0.4605776736924278,0.5939881583206822
0.1931733283526335,0.4606644114840836,0.5939595249826689
0.193220022413149,0.4606644114840836,0.5939307240731715
0.193220022413149,0.4607511492757394,0.5939275247555609
0.1932433694434068,0.4607511492757394,0.5939255685311431
0.1932433694434068,0.4608378870673952,0.5939029766629436
0.1932667164736645,0.4608378870673952,0.593879013118396
0.1932667164736645,0.4610113626507069,0.5938628741805719
0.1933834516249533,0.4610113626507069,0.5938068230944094
0.1933834516249533,0.4610981004423627,0.5938033918379688
0.1935468808367575,0.4610981004423627,0.5936983565123952
0.1935468808367575,0.4611848382340185,0.5936888950562125
0.193593574897273,0.4611848382340185,0.5936437072725891
0.193593574897273,0.461445051608986,0.5936257133876102
0.193686963018304,0.461445051608986,0.5935592133484437
0.193686963018304,0.4617920027756093,0.5934800012502346
0.1937336570788195,0.4617920027756093,0.5934502776388582
0.1937336570788195,0.4618787405672651,0.5934376820854498
0.1937570041090773,0.4618787405672651,0.5934366433626987
0.1937570041090773,0.461965478358921,0.593435753227604
0.193873739260366,0.461965478358921,0.5933654493233723
0.193873739260366,0.4620522161505768,0.5933442136337788
0.1938970862906238,0.4620522161505768,0.5933324078575694
0.1938970862906238,0.4621389539422326,0.593323459587964
0.1941305565932013,0.4621389539422326,0.5932465785821994
0.1941305565932013,0.4622256917338884,0.59324330153912
0.1942239447142323,0.4622256917338884,0.5931800239895793
0.1942239447142323,0.4623124295255443,0.5931777160836882
0.1943173328352633,0.4623124295255443,0.5931381270581833
0.1943173328352633,0.4624859051088559,0.5931031872928043
0.1943406798655211,0.4624859051088559,0.5930907736392832
0.1943406798655211,0.4626593806921675,0.5930673810568752
0.1945508031378408,0.4626593806921675,0.5929878666129051
0.1945508031378408,0.4628328562754792,0.5929770223669162
0.1946208442286141,0.4628328562754792,0.59294066181635
0.1946208442286141,0.462919594067135,0.5929387087330231
0.1946908853193873,0.462919594067135,0.5928625364193283
0.1946908853193873,0.4630063318587908,0.5928615001979907
0.1948776615614494,0.4630063318587908,0.5928240257672224
0.1948776615614494,0.4630930696504467,0.5927769591300376
0.1949010085917071,0.4630930696504467,0.5927678590786406
0.1949010085917071,0.4631798074421025,0.5927626360170513
0.1949243556219649,0.4631798074421025,0.5927269233138845
0.1949243556219649,0.46344002081707,0.5926646373521148
0.1950177437429958,0.46344002081707,0.5926250593643653
0.1950177437429958,0.4635267586087258,0.5926159711209209
0.1950644378035114,0.4635267586087258,0.5926094623725795
0.1950644378035114,0.4636134964003816,0.5926025289939467
0.1951578259245424,0.4636134964003816,0.5925281222798622
0.1951578259245424,0.4637002341920375,0.5925196981833974
0.1952278670153156,0.4637002341920375,0.5924555759595623
0.1952278670153156,0.4639604475670049,0.5924053214625732
0.1953446021666044,0.4639604475670049,0.592324997995604
0.1953446021666044,0.4640471853586607,0.5923062589759883
0.1953912962271199,0.4640471853586607,0.5922982260491909
0.1953912962271199,0.4641339231503166,0.5922678005586036
0.1954846843481509,0.4641339231503166,0.5922361011279872
0.1954846843481509,0.4642206609419724,0.5922322346767619
0.1956714605902129,0.4642206609419724,0.5921174895337427
0.1956714605902129,0.4643073987336282,0.5921005057209103
0.1956948076204706,0.4643073987336282,0.5920867281538645
0.1956948076204706,0.464394136525284,0.5920527565366587
0.1957415016809861,0.464394136525284,0.5920330341762416
0.1957415016809861,0.4644808743169399,0.5920148344758283
0.1957648487112439,0.4644808743169399,0.5920138036476292
0.1957648487112439,0.4647410876919073,0.5919708826128602
0.1958815838625326,0.4647410876919073,0.5918859930254965
0.1958815838625326,0.4648278254835631,0.5918846682841505
0.1959749719835637,0.4648278254835631,0.5918382679706107
0.1959749719835637,0.464914563275219,0.5918299000411419
0.1961150541651102,0.464914563275219,0.5917758946787286
0.1961150541651102,0.4650013010668748,0.5917556442527694
0.1961384011953679,0.4650013010668748,0.5917514183357072
0.1961384011953679,0.4650880388585307,0.5917274668360558
0.1961617482256257,0.4650880388585307,0.5917233457474018
0.1961617482256257,0.4651747766501865,0.5917215244565348
0.1961850952558834,0.4651747766501865,0.5917029916612613
0.1961850952558834,0.4652615144418423,0.5917015152398258
0.1963251774374299,0.4652615144418423,0.5916378379317002
0.1963251774374299,0.465434990025154,0.5916054025494482
0.1963952185282032,0.465434990025154,0.5915678450254747
0.1963952185282032,0.4655217278168098,0.5915609133731562
0.1964185655584609,0.4655217278168098,0.5915446773199018
0.1964185655584609,0.4656084656084656,0.5915320750276984
0.1964419125887187,0.4656084656084656,0.5915233958020734
0.1964419125887187,0.4656952034001214,0.5915214218721695
0.1964652596189764,0.4656952034001214,0.5915117599220174
0.1964652596189764,0.4657819411917772,0.5914907391356101
0.1965119536794919,0.4657819411917772,0.5914549187285851
0.1965119536794919,0.4658686789834331,0.5914537258773478
0.1965586477400074,0.4658686789834331,0.5913534632901689
0.1965586477400074,0.4660421545667447,0.5913462153205149
0.1966053418005229,0.4660421545667447,0.5913217245505967
0.1966053418005229,0.4661288923584005,0.5913055966553955
0.1966753828912962,0.4661288923584005,0.5912539242182167
0.1966753828912962,0.4663023679417122,0.5912386672233646
0.1969088531938737,0.4663023679417122,0.5911117168066149
0.1969088531938737,0.4664758435250238,0.5910821643667825
0.1969555472543892,0.4664758435250238,0.591065711052432
0.1969555472543892,0.4665625813166796,0.5910562298385962
0.197072282405678,0.4665625813166796,0.5909817885612427
0.197072282405678,0.4666493191083355,0.5909808217382637
0.1970956294359357,0.4666493191083355,0.5909782564435163
0.1970956294359357,0.4668227946916471,0.5909540772203641
0.1971189764661935,0.4668227946916471,0.5909507957957005
0.1971189764661935,0.4669095324833029,0.5909289234736819
0.197165670526709,0.4669095324833029,0.5908932120191188
0.197165670526709,0.4669962702749588,0.5908830146345752
0.1972824056779977,0.4669962702749588,0.5908580280009106
0.1972824056779977,0.4670830080666146,0.5908560747873866
0.1973757937990287,0.4670830080666146,0.5908376591768898
0.1973757937990287,0.4671697458582704,0.5908357300284346
0.1974691819200597,0.4671697458582704,0.5908012349039452
0.1974691819200597,0.4672564836499263,0.5908000052534638
0.1974925289503175,0.4672564836499263,0.5907934873277791
0.1974925289503175,0.4673432214415821,0.5907778318483279
0.1975158759805752,0.4673432214415821,0.5907579628906918
0.1975158759805752,0.4674299592332379,0.5907571237807436
0.1976559581621217,0.4674299592332379,0.5906791308489355
0.1976559581621217,0.4676034348165496,0.590651097632537
0.197725999252895,0.4676034348165496,0.59063167402577
0.197725999252895,0.4676901726082054,0.5906219025514623
0.1977493462831527,0.4676901726082054,0.5906182134700029
0.1977493462831527,0.4677769103998612,0.5906029534012035
0.1977726933134105,0.4677769103998612,0.5905916305389096
0.1977726933134105,0.467863648191517,0.5905732098901977
0.197912775494957,0.467863648191517,0.5904949146756695
0.197912775494957,0.4679503859831728,0.5904850071186338
0.1979828165857303,0.4679503859831728,0.5903723961414685
0.1979828165857303,0.4680371237748287,0.5903693782227164
0.1980295106462458,0.4680371237748287,0.5903553557194572
0.1980295106462458,0.4682105993581403,0.5903128216650467
0.1984264101606275,0.4682105993581403,0.5901222054722378
0.1984264101606275,0.468384074941452,0.5901145602432961
0.1984497571908853,0.468384074941452,0.5900877700154072
0.1984497571908853,0.4684708127331078,0.5900845413147889
0.198473104221143,0.4684708127331078,0.5900830618417372
0.198473104221143,0.4685575505247636,0.5900750034025795
0.1985898393724318,0.4685575505247636,0.5900082716998823
0.1985898393724318,0.4686442883164194,0.589982325784496
0.198659880463205,0.4686442883164194,0.5899410060415919
0.198659880463205,0.4687310261080752,0.5899400307917853
0.1987299215539783,0.4687310261080752,0.5899134024872499
0.1987299215539783,0.4688177638997311,0.5898947709430757
0.1988233096750093,0.4688177638997311,0.5898388972584157
0.1988233096750093,0.4689912394830428,0.5898115174604248
0.1988700037355248,0.4689912394830428,0.5897877899929724
0.1988700037355248,0.4692514528580102,0.5897135315710125
0.1989633918565558,0.4692514528580102,0.5896914900746324
0.1989633918565558,0.4693381906496661,0.589674719712278
0.1990100859170713,0.4693381906496661,0.5896665509935007
0.1990100859170713,0.4694249284413219,0.589666052536125
0.1993602913709376,0.4694249284413219,0.5894559467665671
0.1993602913709376,0.4695116662329777,0.5894432050878705
0.1994069854314531,0.4695116662329777,0.5894288662390972
0.1994069854314531,0.4695984040246335,0.5893946429310176
0.1996171087037729,0.4695984040246335,0.5892398356936699
0.1996171087037729,0.4696851418162893,0.5892221427028039
0.1997805379155771,0.4696851418162893,0.5891770923990527
0.1997805379155771,0.4697718796079452,0.5891541723911597
0.1998272319760926,0.4697718796079452,0.5891340254354649
0.1998272319760926,0.4699453551912568,0.5890820744360745
0.2000840493089279,0.4699453551912568,0.588985815133374
0.2000840493089279,0.4700320929829126,0.5889787180259876
0.2002941725812476,0.4700320929829126,0.5888733660357284
0.2002941725812476,0.4702055685662243,0.5888513718533881
0.2003408666417631,0.4702055685662243,0.5888415147189081
0.2003408666417631,0.4702923063578801,0.5888223194927712
0.2003642136720209,0.4702923063578801,0.5888068891677871
0.2003642136720209,0.4704657819411917,0.5887918279305103
0.2003875607022786,0.4704657819411917,0.5887887582971845
0.2003875607022786,0.4705525197328476,0.5887839650658631
0.2005042958535674,0.4705525197328476,0.5887326028574467
0.2005042958535674,0.4706392575245034,0.5887324239865468
0.2005509899140829,0.4706392575245034,0.5887016521103127
0.2005509899140829,0.4708127331078151,0.5886755750045445
0.2005976839745984,0.4708127331078151,0.5886314748699006
0.2005976839745984,0.4708994708994709,0.588627970243019
0.2006210310048561,0.4708994708994709,0.5885790029440156
0.2006210310048561,0.4709862086911267,0.5885642433869167
0.2007611131864027,0.4709862086911267,0.588469126039934
0.2007611131864027,0.4710729464827825,0.5884677311485305
0.2007844602166604,0.4710729464827825,0.5884485487711587
0.2007844602166604,0.4711596842744384,0.5884477052401337
0.2008078072469181,0.4711596842744384,0.588445478100255
0.2008078072469181,0.47133315985775,0.5884386979906382
0.2008311542771759,0.47133315985775,0.588437539900775
0.2008311542771759,0.4714198976494058,0.5884153471317329
0.2009478894284647,0.4714198976494058,0.5883805779626667
0.2009478894284647,0.4715066354410617,0.5883471310123152
0.2010179305192379,0.4715066354410617,0.5883255346539262
0.2010179305192379,0.4716801110243733,0.5882886093847757
0.2011346656705267,0.4716801110243733,0.588245372174903
0.2011346656705267,0.4719403243993408,0.5881751496814674
0.2014381770638774,0.4719403243993408,0.587984021958377
0.2014381770638774,0.4720270621909966,0.5879792039329848
0.2014848711243929,0.4720270621909966,0.5879758431110507
0.2014848711243929,0.4722005377743082,0.5879284088491175
0.201671647366455,0.4722005377743082,0.5878573597703143
0.201671647366455,0.4723740133576199,0.5878334479581881
0.2017416884572282,0.4723740133576199,0.5877798082217818
0.2017416884572282,0.4724607511492757,0.5877719117236606
0.2017883825177437,0.4724607511492757,0.5877404175948919
0.2017883825177437,0.4725474889409315,0.5877333078989984
0.201858423608517,0.4725474889409315,0.5877192159264337
0.201858423608517,0.4726342267325873,0.5877031261567291
0.2019284646992902,0.4726342267325873,0.5876800323666997
0.2019284646992902,0.472807702315899,0.5876469090594622
0.201951811729548,0.472807702315899,0.5876442064898395
0.201951811729548,0.4728944401075549,0.5876400612064553
0.2020218528203212,0.4728944401075549,0.587607884720788
0.2020218528203212,0.4729811778992107,0.5875870096600204
0.2021152409413522,0.4729811778992107,0.587557347435447
0.2021152409413522,0.4731546534825223,0.587524311712679
0.20213858797161,0.4731546534825223,0.5875172309754133
0.20213858797161,0.4732413912741781,0.587515987994087
0.2022086290623832,0.4732413912741781,0.5874970263403334
0.2022086290623832,0.473328129065834,0.5874740686685493
0.2023720582741875,0.473328129065834,0.587420211709929
0.2023720582741875,0.4735016046491456,0.5873905572579319
0.202418752334703,0.4735016046491456,0.5873819660081433
0.202418752334703,0.4735883424408014,0.5873768484421069
0.2025588345162495,0.4735883424408014,0.5873407066062343
0.2025588345162495,0.4736750802324573,0.5873148915755955
0.2028623459096003,0.4736750802324573,0.5871411127940739
0.2028623459096003,0.4737618180241131,0.587134543286207
0.202979081060889,0.4737618180241131,0.5870663946774037
0.202979081060889,0.4739352936074247,0.5870432593056069
0.20307246918192,0.4739352936074247,0.5870004710846541
0.20307246918192,0.4741955069823922,0.5869355771245764
0.2031191632424355,0.4741955069823922,0.5869230058974517
0.2031191632424355,0.474282244774048,0.5869167541752711
0.2034693686963018,0.474282244774048,0.5867057690109121
0.2034693686963018,0.4743689825657038,0.586704669801593
0.2034927157265595,0.4743689825657038,0.5867012782121688
0.2034927157265595,0.4744557203573597,0.5866979910901386
0.2035160627568173,0.4744557203573597,0.5866971260576993
0.2035160627568173,0.4746291959406714,0.5866718427850557
0.2035627568173328,0.4746291959406714,0.5866485986287248
0.2035627568173328,0.4747159337323272,0.5866311492084435
0.2036327979081061,0.4747159337323272,0.5865863462767154
0.2036327979081061,0.474802671523983,0.5865669928127941
0.2037728800896526,0.474802671523983,0.5865268943866591
0.2037728800896526,0.4748894093156388,0.5865157403871646
0.2037962271199103,0.4748894093156388,0.5865152651457575
0.2037962271199103,0.4751496226906063,0.5864694555731924
0.2038195741501681,0.4751496226906063,0.5864676340059664
0.2038195741501681,0.4753230982739179,0.5864646278675343
0.2038896152409413,0.4753230982739179,0.5864344391206671
0.2038896152409413,0.4754098360655737,0.5864207000975863
0.2039129622711991,0.4754098360655737,0.5864199768640788
0.2039129622711991,0.4754965738572296,0.5864093298291815
0.2039596563317146,0.4754965738572296,0.5863975501609016
0.2039596563317146,0.4755833116488854,0.5863909025411249
0.2040530444527456,0.4755833116488854,0.5863254733159918
0.2040530444527456,0.4758435250238529,0.5862962258897053
0.2040997385132611,0.4758435250238529,0.5862710962528165
0.2040997385132611,0.4759302628155087,0.586244867509353
0.2042164736645498,0.4759302628155087,0.5861946791616021
0.2042164736645498,0.4760170006071645,0.586158327205622
0.2043565558460963,0.4760170006071645,0.5861171969409726
0.2043565558460963,0.4761037383988203,0.5860925765879302
0.2044265969368696,0.4761037383988203,0.5860577450824216
0.2044265969368696,0.4763639517737878,0.5860413604489867
0.2045433320881584,0.4763639517737878,0.5859603037242747
0.2045433320881584,0.4764506895654437,0.5859445138392823
0.2045666791184161,0.4764506895654437,0.585925224642488
0.2045666791184161,0.4766241651487553,0.5859139555071329
0.2047768023907359,0.4766241651487553,0.5857569436415567
0.2047768023907359,0.4767109029404111,0.5857353220619372
0.2048234964512514,0.4767109029404111,0.585699645985644
0.2048234964512514,0.476797640732067,0.5856946902062024
0.2048468434815091,0.476797640732067,0.5856925062896059
0.2048468434815091,0.4768843785237228,0.5856897898102258
0.2049635786327979,0.4768843785237228,0.585645892637484
0.2049635786327979,0.4769711163153786,0.5856418178846013
0.2049869256630556,0.4769711163153786,0.5856362833225373
0.2049869256630556,0.4770578541070344,0.5856296132275396
0.2050569667538289,0.4770578541070344,0.585594753710101
0.2050569667538289,0.4772313296903461,0.5855573056406623
0.2051270078446021,0.4772313296903461,0.5855407338145708
0.2051270078446021,0.4774048052736577,0.585496641707331
0.2051503548748599,0.4774048052736577,0.5854918125063875
0.2051503548748599,0.4774915430653135,0.5854690700975524
0.2052203959656331,0.4774915430653135,0.5854424862164416
0.2052203959656331,0.4776650186486252,0.5854212491889264
0.2052437429958909,0.4776650186486252,0.5854185023690406
0.2052437429958909,0.477751756440281,0.5854175524146095
0.2052670900261486,0.477751756440281,0.5854166336039914
0.2052670900261486,0.4778384942319368,0.58541366175077
0.2052904370564064,0.4778384942319368,0.5854045908667665
0.2052904370564064,0.4779252320235926,0.5853837519961697
0.2053604781471796,0.4779252320235926,0.5853597640586151
0.2053604781471796,0.4780119698152485,0.5853326991124403
0.2055005603287261,0.4780119698152485,0.5852136337262865
0.2055005603287261,0.4780987076069043,0.5852068049403817
0.2055706014194994,0.4780987076069043,0.5851662478814836
0.2055706014194994,0.4781854453985601,0.5851525081530131
0.2056406425102727,0.4781854453985601,0.5850881087160515
0.2056406425102727,0.4783589209818718,0.5850315720254475
0.2057106836010459,0.4783589209818718,0.5849728659374801
0.2057106836010459,0.4785323965651834,0.5849448486748028
0.2057573776615614,0.4785323965651834,0.5848956636070836
0.2057573776615614,0.4786191343568393,0.5848868867768121
0.2058040717220769,0.4786191343568393,0.5848482942943422
0.2058040717220769,0.4787058721484951,0.5848254782938269
0.2058741128128502,0.4787058721484951,0.5848208568767059
0.2058741128128502,0.4787926099401509,0.5848092176781557
0.2058974598431079,0.4787926099401509,0.5847934305800819
0.2058974598431079,0.4788793477318067,0.584791745977453
0.2059208068733657,0.4788793477318067,0.5847793934565957
0.2059208068733657,0.4790528233151184,0.5847642423219783
0.2060842360851699,0.4790528233151184,0.584654630669168
0.2060842360851699,0.4791395611067742,0.5846527242229815
0.2061309301456854,0.4791395611067742,0.5846118491170389
0.2061309301456854,0.47922629889843,0.584601574269495
0.2061776242062009,0.47922629889843,0.5845795581600574
0.2061776242062009,0.4793130366900858,0.5845761040219806
0.2062009712364587,0.4793130366900858,0.584568148265576
0.2062009712364587,0.4795732500650533,0.5845015043936446
0.2062476652969742,0.4795732500650533,0.5844893952958226
0.2062476652969742,0.4796599878567091,0.5844753519376528
0.2062710123272319,0.4796599878567091,0.5844700286270423
0.2062710123272319,0.479746725648365,0.584446116710446
0.2063177063877475,0.479746725648365,0.584410767432828
0.2063177063877475,0.4798334634400208,0.5844056336736437
0.2064577885692939,0.4798334634400208,0.5843424977647329
0.2064577885692939,0.4799202012316766,0.584333650365042
0.2064811355995517,0.4799202012316766,0.5843205668366773
0.2064811355995517,0.4800069390233324,0.5842955754754631
0.2065278296600672,0.4800069390233324,0.5842902018969913
0.2065278296600672,0.4800936768149882,0.5842871077719282
0.206551176690325,0.4800936768149882,0.5842727692684603
0.206551176690325,0.4803538901899558,0.584249564868045
0.2065745237205827,0.4803538901899558,0.5842457485444673
0.2065745237205827,0.4806141035649232,0.5842143438572647
0.2065978707508405,0.4806141035649232,0.5842132992464242
0.2065978707508405,0.480700841356579,0.5842111725981329
0.2066679118416137,0.480700841356579,0.5841584830988105
0.2066679118416137,0.4807875791482349,0.5841418612129778
0.2066912588718715,0.4807875791482349,0.5841367175769061
0.2066912588718715,0.4808743169398907,0.5841200184021025
0.206737952932387,0.4808743169398907,0.5841009885320122
0.206737952932387,0.4809610547315465,0.5840810250906491
0.2070648113559955,0.4809610547315465,0.5839301942251254
0.2070648113559955,0.4810477925232023,0.5839285940561689
0.2071348524467687,0.4810477925232023,0.5838898363928039
0.2071348524467687,0.481221268106514,0.5838660728387037
0.2073216286888307,0.481221268106514,0.58381174043906
0.2073216286888307,0.4813080058981698,0.5838112792363368
0.2073449757190885,0.4813080058981698,0.5837972928896011
0.2073449757190885,0.4813947436898256,0.5837962287624847
0.2074150168098618,0.4813947436898256,0.5837818326608357
0.2074150168098618,0.4814814814814814,0.5837806416288285
0.2077185282032125,0.4814814814814814,0.5835788677921601
0.2077185282032125,0.4815682192731373,0.5835366697112445
0.2079286514755323,0.4815682192731373,0.5834754867547429
0.2079286514755323,0.4816549570647931,0.5834712772751298
0.2079986925663055,0.4816549570647931,0.583452031320671
0.2079986925663055,0.4817416948564489,0.5834415359933325
0.2080220395965633,0.4817416948564489,0.583429405080657
0.2080220395965633,0.4818284326481047,0.5834268206319899
0.2080920806873365,0.4818284326481047,0.5833867346076809
0.2080920806873365,0.4819151704397606,0.5833855697296049
0.2081154277175943,0.4819151704397606,0.583382295243369
0.2081154277175943,0.4820019082314164,0.5833758033712899
0.208138774747852,0.4820019082314164,0.58335755449838
0.208138774747852,0.4820886460230723,0.5833272630563956
0.208232162868883,0.4820886460230723,0.5833145050360121
0.208232162868883,0.4821753838147281,0.5833143662689022
0.2083022039596563,0.4821753838147281,0.5832680127029161
0.2083022039596563,0.4822621216063839,0.5832651605837729
0.2083488980201718,0.4822621216063839,0.5831763532351593
0.2083488980201718,0.4823488593980397,0.5831126346543882
0.2083722450504296,0.4823488593980397,0.583102739305893
0.2083722450504296,0.4824355971896955,0.5831005101133797
0.2083955920806873,0.4824355971896955,0.5830972664405654
0.2083955920806873,0.4825223349813514,0.5830951760806489
0.2084889802017183,0.4825223349813514,0.5830394111287494
0.2084889802017183,0.4826090727730072,0.583033720305284
0.2085356742622338,0.4826090727730072,0.582992774968409
0.2085356742622338,0.4827825483563188,0.5829849402147848
0.2086057153530071,0.4827825483563188,0.5829488035942684
0.2086057153530071,0.4828692861479747,0.5829484877279554
0.2086290623832648,0.4828692861479747,0.5829404102006759
0.2086290623832648,0.4830427617312863,0.5829244123243176
0.2086991034740381,0.4830427617312863,0.5829130348706548
0.2086991034740381,0.4831294995229421,0.5828963938059615
0.2087224505042958,0.4831294995229421,0.5828830238867717
0.2087224505042958,0.4832162373145979,0.5828813893709681
0.2087457975345536,0.4832162373145979,0.5828691918813569
0.2087457975345536,0.4833029751062538,0.5828658170082135
0.2088391856555846,0.4833029751062538,0.582797734412265
0.2088391856555846,0.4833897128979096,0.5827695059304068
0.2089092267463578,0.4833897128979096,0.5827551980797184
0.2089092267463578,0.4836499262728771,0.5827047883011913
0.2089325737766156,0.4836499262728771,0.5827000663507943
0.2089325737766156,0.4838234018561887,0.5826678208038132
0.2089559208068733,0.4838234018561887,0.5826575742849387
0.2089559208068733,0.4839968774395004,0.5826557066518183
0.2089792678371311,0.4839968774395004,0.5825832817304262
0.2089792678371311,0.484170353022812,0.5825471290028713
0.2090493089279043,0.484170353022812,0.582483709929976
0.2090493089279043,0.4842570908144679,0.5824733771642191
0.2092127381397086,0.4842570908144679,0.5824064914576166
0.2092127381397086,0.4843438286061237,0.5824023355442275
0.2092360851699664,0.4843438286061237,0.5823729043157191
0.2092360851699664,0.4844305663977795,0.5823636375122101
0.2092594322002241,0.4844305663977795,0.5823519125574117
0.2092594322002241,0.4845173041894353,0.5823330457100002
0.2095162495330594,0.4845173041894353,0.5821928390901777
0.2095162495330594,0.4846040419810911,0.5821879529007618
0.2095629435935748,0.4846040419810911,0.5821501791760059
0.2095629435935748,0.4848642553560586,0.5821487723722705
0.2096096376540904,0.4848642553560586,0.5820960543446048
0.2096096376540904,0.4849509931477144,0.5820952265546839
0.2096329846843481,0.4849509931477144,0.5820877996431149
0.2096329846843481,0.4850377309393703,0.582065155781641
0.2097030257751214,0.4850377309393703,0.5820360469142187
0.2097030257751214,0.4852979443143377,0.5819988940247545
0.2097497198356369,0.4852979443143377,0.5819734598389905
0.2097497198356369,0.4855581576893052,0.5819516761896305
0.2097964138961524,0.4855581576893052,0.5819269764793695
0.2097964138961524,0.485644895480961,0.5818968196404086
0.2098664549869256,0.485644895480961,0.5818850397307378
0.2098664549869256,0.4857316332726168,0.5818668002077194
0.2100532312289876,0.4857316332726168,0.5817544040159546
0.2100532312289876,0.4858183710642727,0.5817539964358924
0.2100765782592454,0.4858183710642727,0.5817463480218892
0.2100765782592454,0.4859051088559285,0.5817422246354802
0.2100999252895031,0.4859051088559285,0.5817099887861804
0.2100999252895031,0.4859918466475844,0.5816851595606811
0.2101232723197609,0.4859918466475844,0.5816789827939373
0.2101232723197609,0.486165322230896,0.5816541722490931
0.2103800896525962,0.486165322230896,0.5814993071139694
0.2103800896525962,0.4862520600225518,0.5814786315820493
0.2104501307433694,0.4862520600225518,0.5814170886190598
0.2104501307433694,0.4863387978142076,0.5813986692038344
0.2105902129249159,0.4863387978142076,0.58131585516081
0.2105902129249159,0.4864255356058635,0.5813041017030787
0.2106369069854314,0.4864255356058635,0.58126333537146
0.2106369069854314,0.4865990111891751,0.5812127563451128
0.2107069480762047,0.4865990111891751,0.5811480595845888
0.2107069480762047,0.4866857489808309,0.581131706060865
0.2108003361972357,0.4866857489808309,0.5810376746000736
0.2108003361972357,0.4868592245641426,0.580991083315064
0.2108236832274934,0.4868592245641426,0.5809864255971822
0.2108236832274934,0.4869459623557984,0.5809798093564348
0.2108703772880089,0.4869459623557984,0.5809594944872762
0.2108703772880089,0.48711943793911,0.580932826423616
0.2109170713485244,0.48711943793911,0.5808890957980123
0.2109170713485244,0.4872061757307659,0.5808709127870024
0.2110338064998132,0.4872061757307659,0.5808552685609871
0.2110338064998132,0.4872929135224217,0.5808455509911525
0.2111972357116174,0.4872929135224217,0.5807487439649996
0.2111972357116174,0.4873796513140775,0.5807251068566501
0.2113606649234217,0.4873796513140775,0.5806254877609132
0.2113606649234217,0.4874663891057333,0.580624242847734
0.2113840119536794,0.4874663891057333,0.580623708127572
0.2113840119536794,0.4875531268973891,0.5806231071934056
0.211617482256257,0.4875531268973891,0.5804773342689871
0.211617482256257,0.487639864689045,0.5804769682280944
0.21189764661935,0.487639864689045,0.5803372991190627
0.21189764661935,0.4877266024807008,0.5803144535942877
0.2119209936496077,0.4877266024807008,0.5803032153475727
0.2119209936496077,0.4879868158556683,0.5802631827195472
0.2120377288008965,0.4879868158556683,0.5802231043077297
0.2120377288008965,0.4880735536473241,0.5802029441493628
0.2121544639521853,0.4880735536473241,0.5801105263224946
0.2121544639521853,0.48816029143898,0.5801103290703823
0.2122011580127007,0.48816029143898,0.5801072708927333
0.2122011580127007,0.4882470292306358,0.5801064551644547
0.2122245050429585,0.4882470292306358,0.5800959721205787
0.2122245050429585,0.4883337670222916,0.5800892698154357
0.2122945461337317,0.4883337670222916,0.5800767775828325
0.2122945461337317,0.4884205048139474,0.5800709525952554
0.2124346283152783,0.4884205048139474,0.5799832246993579
0.2124346283152783,0.4885072426056032,0.5799171755011664
0.2125280164363093,0.4885072426056032,0.5798655864075257
0.2125280164363093,0.4885939803972591,0.5798554703084553
0.2126214045573403,0.4885939803972591,0.5798173042663999
0.2126214045573403,0.4887674559805707,0.5798059687934133
0.2126680986178558,0.4887674559805707,0.5797830467391242
0.2126680986178558,0.4888541937722265,0.5797665084980355
0.2126914456481135,0.4888541937722265,0.5797294689836362
0.2126914456481135,0.4890276693555382,0.579690473237298
0.212738139708629,0.4890276693555382,0.579641739801132
0.212738139708629,0.489114407147194,0.5796411687631529
0.2128081807994023,0.489114407147194,0.5795965244856298
0.2128081807994023,0.4892011449388498,0.5795723258213419
0.2128548748599178,0.4892011449388498,0.5795390608128292
0.2128548748599178,0.4892878827305056,0.5795101002652239
0.2129015689204333,0.4892878827305056,0.5794590280421815
0.2129015689204333,0.4893746205221615,0.5794358971915629
0.2129716100112065,0.4893746205221615,0.5794081226298848
0.2129716100112065,0.4894613583138173,0.5794052569621029
0.2129949570414643,0.4894613583138173,0.5793843425501439
0.2129949570414643,0.489634833897129,0.5793733296764694
0.2130416511019798,0.489634833897129,0.5793697503792548
0.2130416511019798,0.4897215716887848,0.5793624348567135
0.2132984684348151,0.4897215716887848,0.5792055211486489
0.2132984684348151,0.4898083094804406,0.579204996674705
0.2134618976466193,0.4898083094804406,0.5791186651914826
0.2134618976466193,0.4898950472720964,0.5791075154139838
0.2134852446768771,0.4898950472720964,0.5791051825915121
0.2134852446768771,0.4899817850637523,0.5791024016256274
0.2135552857676503,0.4899817850637523,0.5790257276215673
0.2135552857676503,0.4900685228554081,0.5790157551349665
0.2136019798281658,0.4900685228554081,0.5789818037863583
0.2136019798281658,0.4901552606470639,0.5789656283264433
0.2137887560702278,0.4901552606470639,0.5788919475903023
0.2137887560702278,0.4902419984387197,0.578883185048797
0.2138121031004856,0.4902419984387197,0.5788741593142073
0.2138121031004856,0.4903287362303756,0.5788636063428254
0.2138587971610011,0.4903287362303756,0.5788160559265516
0.2138587971610011,0.4904154740220314,0.5788156455029816
0.2139521852820321,0.4904154740220314,0.5787832047917363
0.2139521852820321,0.4905022118136872,0.5787716967186938
0.2139988793425476,0.4905022118136872,0.5787601394089149
0.2139988793425476,0.490588949605343,0.5787511034068696
0.2140689204333208,0.490588949605343,0.5787125714300647
0.2140689204333208,0.4906756873969988,0.5787028650060394
0.2141156144938363,0.4906756873969988,0.5786821804142155
0.2141156144938363,0.4908491629803105,0.5786601330292274
0.2142090026148674,0.4908491629803105,0.5786380662305897
0.2142090026148674,0.4909359007719663,0.578626134196071
0.2143257377661561,0.4909359007719663,0.5785789973539666
0.2143257377661561,0.4910226385636221,0.5785767755967202
0.2143724318266716,0.4910226385636221,0.5785491867446306
0.2143724318266716,0.4911961141469338,0.578530165251393
0.2144424729174449,0.4911961141469338,0.57851486098761
0.2144424729174449,0.4912828519385896,0.5784879295967819
0.2145592080687336,0.4912828519385896,0.5784072900727981
0.2145592080687336,0.4914563275219012,0.5783838808067132
0.2146759432200224,0.4914563275219012,0.5783440753183635
0.2146759432200224,0.4916298031052129,0.5783364097386876
0.2147926783713111,0.4916298031052129,0.5782523189220585
0.2147926783713111,0.4917165408968688,0.5782433056749001
0.2149094135225999,0.4917165408968688,0.5781862795326798
0.2149094135225999,0.4918900164801804,0.5781442156888157
0.2149794546133731,0.4918900164801804,0.5781313861962243
0.2149794546133731,0.4922369676468037,0.5780611095696188
0.2150728427344042,0.4922369676468037,0.5779720316155625
0.2150728427344042,0.4923237054384595,0.5779680139876284
0.2151195367949196,0.4923237054384595,0.5779604704387169
0.2151195367949196,0.4924104432301153,0.5779229438046727
0.2151428838251774,0.4924104432301153,0.5779223097711172
0.2151428838251774,0.4924971810217712,0.5779177494029093
0.2151895778856929,0.4924971810217712,0.5778946090460599
0.2151895778856929,0.4926706566050828,0.577886823687758
0.2152362719462084,0.4926706566050828,0.5778669685482418
0.2152362719462084,0.4927573943967386,0.5778635155612207
0.2155631303698169,0.4927573943967386,0.5777434105238434
0.2155631303698169,0.4928441321883944,0.5777256444600274
0.2157732536421367,0.4928441321883944,0.5775778377148529
0.2157732536421367,0.4929308699800503,0.5775770830434268
0.2157966006723944,0.4929308699800503,0.577572756799675
0.2157966006723944,0.4930176077717061,0.5775590960027616
0.2158432947329099,0.4930176077717061,0.5775434922840246
0.2158432947329099,0.4931043455633619,0.5775417525889289
0.2159833769144565,0.4931043455633619,0.5774897020258594
0.2159833769144565,0.4931910833550177,0.5774677387743348
0.2160534180052297,0.4931910833550177,0.5774117220970466
0.2160534180052297,0.4932778211466736,0.577403804079436
0.2160767650354874,0.4932778211466736,0.5773989681263244
0.2160767650354874,0.4933645589383294,0.5773877936444425
0.2161001120657452,0.4933645589383294,0.5773673011218832
0.2161001120657452,0.4934512967299853,0.5773444818693073
0.2161701531565185,0.4934512967299853,0.5773121921206152
0.2161701531565185,0.4935380345216411,0.5772988984765487
0.216216847217034,0.4935380345216411,0.5771942413223526
0.216216847217034,0.4937982478966085,0.5771877678905599
0.2162868883078072,0.4937982478966085,0.5771419180628494
0.2162868883078072,0.4938849856882644,0.5771191660564909
0.216403623459096,0.4938849856882644,0.5770422701538842
0.216403623459096,0.494058461271576,0.57703381596307
0.2165203586103847,0.494058461271576,0.5770038838658447
0.2165203586103847,0.4941451990632318,0.5769918798443856
0.2166370937616735,0.4941451990632318,0.5769378242839813
0.2166370937616735,0.4942319368548877,0.5769306861446768
0.216683787822189,0.4942319368548877,0.5769057521812646
0.216683787822189,0.4944054124381993,0.5768621710063336
0.2168238700037355,0.4944054124381993,0.576806198426163
0.2168238700037355,0.4944921502298551,0.5768037664307184
0.2168472170339933,0.4944921502298551,0.5767947085762909
0.2168472170339933,0.4945788880215109,0.5767602326937296
0.2169172581247665,0.4945788880215109,0.5767224530810179
0.2169172581247665,0.4946656258131668,0.5766874589375455
0.2169872992155397,0.4946656258131668,0.5766726322791791
0.2169872992155397,0.4947523636048226,0.5766566241160653
0.2171040343668285,0.4947523636048226,0.576620439666703
0.2171040343668285,0.4949258391881342,0.5766155907317446
0.2171273813970863,0.4949258391881342,0.5765871701723415
0.2171273813970863,0.4952727903547576,0.5765039116419515
0.2173141576391483,0.4952727903547576,0.5764291912875443
0.2173141576391483,0.4954462659380692,0.57642512650891
0.2174075457601793,0.4954462659380692,0.5763726243116006
0.2174075457601793,0.495533003729725,0.5763515607646155
0.2175476279417258,0.495533003729725,0.5762666526035282
0.2175476279417258,0.4957064793130367,0.576233300475522
0.2175943220022413,0.4957064793130367,0.5762131780031319
0.2175943220022413,0.4959666926880041,0.5761571371298447
0.2176643630930145,0.4959666926880041,0.5761472710371318
0.2176643630930145,0.4962269060629716,0.5761206862722965
0.21771105715353,0.4962269060629716,0.5760994847823062
0.21771105715353,0.4963136438546274,0.5760864457783983
0.217804445274561,0.4963136438546274,0.5760377916268534
0.217804445274561,0.4964003816462833,0.5760328759344975
0.2178511393350765,0.4964003816462833,0.5759718680137953
0.2178511393350765,0.4964871194379391,0.575967252953141
0.2181079566679118,0.4964871194379391,0.575858008302762
0.2181079566679118,0.4966605950212507,0.5758251831830556
0.2182013447889428,0.4966605950212507,0.5757828122901248
0.2182013447889428,0.4968340706045624,0.5757204784883664
0.2183180799402316,0.4968340706045624,0.5755922131911562
0.2183180799402316,0.497007546187874,0.5755525446894597
0.2183647740007471,0.497007546187874,0.5755479605519169
0.2183647740007471,0.4970942839795298,0.5755340746203734
0.2184581621217781,0.4970942839795298,0.5754715091370289
0.2184581621217781,0.4972677595628415,0.5754417897910653
0.2185282032125513,0.4972677595628415,0.5754275305936682
0.2185282032125513,0.4973544973544973,0.575410815240938
0.2185982443033246,0.4973544973544973,0.5753203966071785
0.2185982443033246,0.4974412351461532,0.5753112654255057
0.2186215913335823,0.4974412351461532,0.5752995045633118
0.2186215913335823,0.4976147107294648,0.575295973175821
0.2186682853940978,0.4976147107294648,0.5752638428676115
0.2186682853940978,0.4977014485211206,0.5752569245925894
0.2188083675756443,0.4977014485211206,0.5752219885852794
0.2188083675756443,0.4977881863127765,0.5752217688659176
0.2189484497571908,0.4977881863127765,0.5751644414451751
0.2189484497571908,0.4979616618960881,0.5751265697429485
0.2190418378782219,0.4979616618960881,0.5750645138656051
0.2190418378782219,0.4980483996877439,0.5750525440855185
0.2191352259992529,0.4980483996877439,0.5749906919460128
0.2191352259992529,0.4981351374793997,0.5749895863732482
0.2191819200597684,0.4981351374793997,0.5749740875515931
0.2191819200597684,0.4983086130627114,0.5749526783379549
0.2192519611505416,0.4983086130627114,0.5749386187079897
0.2192519611505416,0.498482088646023,0.5749360171296323
0.2193220022413149,0.498482088646023,0.5748783266065058
0.2193220022413149,0.4985688264376789,0.5748747364823732
0.2193453492715726,0.4985688264376789,0.5748652456634559
0.2193453492715726,0.4986555642293347,0.5748596731931778
0.2194387373926036,0.4986555642293347,0.5748154396945551
0.2194387373926036,0.4987423020209905,0.5747819393605489
0.2195321255136346,0.4987423020209905,0.5747351392888148
0.2195321255136346,0.4988290398126463,0.5747225255303106
0.2196488606649234,0.4988290398126463,0.5746773066622648
0.2196488606649234,0.4989157776043021,0.5746686199704049
0.2196722076951811,0.4989157776043021,0.5746655737850324
0.2196722076951811,0.499002515395958,0.5746597124367461
0.2196955547254389,0.499002515395958,0.5746454953692878
0.2196955547254389,0.4991759909792697,0.5746185760576646
0.2197655958162122,0.4991759909792697,0.5745486328794992
0.2197655958162122,0.4992627287709255,0.574548442436962
0.2198122898767276,0.4992627287709255,0.5744807910378731
0.2198122898767276,0.4994362043542371,0.5744621603536229
0.2198356369069854,0.4994362043542371,0.5744580483879342
0.2198356369069854,0.499522942145893,0.5744553503814325
0.2199290250280164,0.499522942145893,0.5744112189646144
0.2199290250280164,0.4996096799375488,0.5744025045318065
0.2199757190885319,0.4996096799375488,0.5743458449261696
0.2199757190885319,0.4996964177292046,0.5743274264604972
0.2200691072095629,0.4996964177292046,0.574304706203463
0.2200691072095629,0.5000433688958279,0.5742172225051154
0.2201391483003362,0.5000433688958279,0.5741964534017678
0.2201391483003362,0.5001301066874837,0.5741930452529262
0.2201624953305939,0.5001301066874837,0.574191911559618
0.2201624953305939,0.5002168444791396,0.5741871242763208
0.2205127007844602,0.5002168444791396,0.5740610140288258
0.2205127007844602,0.5003035822707954,0.5740540765194317
0.2205593948449757,0.5003035822707954,0.5740372164118015
0.2205593948449757,0.5003903200624512,0.5740323079471124
0.2206060889054912,0.5003903200624512,0.5740212660840626
0.2206060889054912,0.500477057854107,0.5740134979709103
0.2208395592080687,0.500477057854107,0.5739451343265296
0.2208395592080687,0.5005637956457628,0.5739428977558366
0.2208862532685842,0.5005637956457628,0.5738953189093612
0.2208862532685842,0.5006505334374187,0.5738928766863676
0.2209329473290997,0.5006505334374187,0.5738725580474862
0.2209329473290997,0.5008240090207303,0.5738418257903792
0.221096376540904,0.5008240090207303,0.5737563388785856
0.221096376540904,0.5009107468123861,0.5737561500521817
0.221189764661935,0.5009107468123861,0.5736814780927273
0.221189764661935,0.500997484604042,0.5736759469413756
0.2212364587224505,0.500997484604042,0.5736683413514196
0.2212364587224505,0.5010842223956978,0.5736661601521595
0.2213064998132237,0.5010842223956978,0.5736269500444282
0.2213064998132237,0.5011709601873536,0.5736245509677405
0.2213531938737392,0.5011709601873536,0.5736095139276784
0.2213531938737392,0.5012576979790094,0.5735795050192309
0.2215399701158012,0.5012576979790094,0.5735160225608872
0.2215399701158012,0.5013444357706652,0.5735016588613796
0.22165670526709,0.5013444357706652,0.5734637896964004
0.22165670526709,0.5014311735623211,0.5734545066778821
0.2217033993276055,0.5014311735623211,0.5734382488499574
0.2217033993276055,0.5015179113539769,0.573423841438331
0.2217734404183788,0.5015179113539769,0.5733632219792064
0.2217734404183788,0.5016913869372885,0.5733442134725505
0.221843481509152,0.5016913869372885,0.5732761152553728
0.221843481509152,0.5017781247289445,0.5732760075022526
0.2219135225999252,0.5017781247289445,0.5732506441957357
0.2219135225999252,0.5018648625206003,0.5732490409648119
0.2221469929025028,0.5018648625206003,0.5731176788038861
0.2221469929025028,0.501951600312256,0.5731140222061705
0.2221703399327605,0.501951600312256,0.5731069358901291
0.2221703399327605,0.5020383381039119,0.5730880351481702
0.222310422114307,0.5020383381039119,0.5730338216870273
0.222310422114307,0.5022985514788794,0.5729947015686674
0.2223571161748225,0.5022985514788794,0.5729773165410439
0.2223571161748225,0.5025587648538469,0.5729380277997473
0.2226606275681733,0.5025587648538469,0.5727774881555052
0.2226606275681733,0.5026455026455027,0.5727425861565191
0.222777362719462,0.5026455026455027,0.5726911299703672
0.222777362719462,0.5028189782288143,0.572660740303909
0.2228707508404931,0.5028189782288143,0.5726230662801705
0.2228707508404931,0.5029057160204701,0.5726094858151012
0.2229874859917818,0.5029057160204701,0.5725503047043494
0.2229874859917818,0.502992453812126,0.5725468538381044
0.2230341800522973,0.502992453812126,0.5725003886238803
0.2230341800522973,0.5030791916037818,0.5725002291730008
0.2230575270825551,0.5030791916037818,0.5724975487351192
0.2230575270825551,0.5031659293954376,0.572490652033768
0.2231275681733283,0.5031659293954376,0.5724808047052978
0.2231275681733283,0.5032526671870934,0.5724662624531127
0.2232209562943593,0.5032526671870934,0.5723977591691523
0.2232209562943593,0.5035128805620609,0.5723575991211394
0.2232443033246171,0.5035128805620609,0.5723460153203701
0.2232443033246171,0.5035996183537167,0.5723379632367582
0.2234077325364213,0.5035996183537167,0.5722571346849442
0.2234077325364213,0.5036863561453725,0.572254988177237
0.2235011206574523,0.5036863561453725,0.5722281913275703
0.2235011206574523,0.5038598317286842,0.5722266482434286
0.2235711617482256,0.5038598317286842,0.5721582922571422
0.2235711617482256,0.50394656952034,0.57215674402338
0.2235945087784834,0.50394656952034,0.5721483617400978
0.2235945087784834,0.5040333073119958,0.5721408082772792
0.2236645498692566,0.5040333073119958,0.5720849817498967
0.2236645498692566,0.5041200451036517,0.5720809257825403
0.2237579379902876,0.5041200451036517,0.572031729264165
0.2237579379902876,0.5042067828953075,0.5720141980854212
0.2238980201718341,0.5042067828953075,0.5719619564760321
0.2238980201718341,0.5042935206869633,0.5719335871603344
0.2243649607769891,0.5042935206869633,0.5717591159754827
0.2243649607769891,0.5043802584786191,0.5717569797961028
0.2245984310795666,0.5043802584786191,0.5716957995611534
0.2245984310795666,0.5044669962702749,0.5716925146616938
0.2246918192005977,0.5044669962702749,0.571620744773676
0.2246918192005977,0.5045537340619308,0.5716089288642963
0.2247385132611132,0.5045537340619308,0.5715920399580006
0.2247385132611132,0.5046404718535866,0.5715850418330977
0.2249019424729174,0.5046404718535866,0.5715279123857746
0.2249019424729174,0.5047272096452424,0.571502513904636
0.2249252895031752,0.5047272096452424,0.5714862050573981
0.2249252895031752,0.5048139474368982,0.5714689675049285
0.2249486365334329,0.5048139474368982,0.5714661250596214
0.2249486365334329,0.5049006852285541,0.5714640555229391
0.2249953305939484,0.5049006852285541,0.5714206000987916
0.2249953305939484,0.5050741608118657,0.5714142554004612
0.2250420246544639,0.5050741608118657,0.5713789542894457
0.2250420246544639,0.5051608986035215,0.5713748183588288
0.2251120657452372,0.5051608986035215,0.5713282432404052
0.2251120657452372,0.5053343741868332,0.5713143108309419
0.2252288008965259,0.5053343741868332,0.571223921936374
0.2252288008965259,0.505421111978489,0.5711765758719675
0.2254155771385879,0.505421111978489,0.5709910163392801
0.2254155771385879,0.5055945875618006,0.570980530089376
0.2255556593201344,0.5055945875618006,0.5709348229206271
0.2255556593201344,0.5056813253534564,0.570920899630869
0.22560235338065,0.5056813253534564,0.5709145314760159
0.22560235338065,0.5057680631451124,0.5709080588227464
0.2256723944714232,0.5057680631451124,0.5708901727398012
0.2256723944714232,0.505941538728424,0.5708661894690257
0.2257657825924542,0.505941538728424,0.5708310298760173
0.2257657825924542,0.5060282765200798,0.5708309198888861
0.2258591707134852,0.5060282765200798,0.5707812166481485
0.2258591707134852,0.5061150143117357,0.5707797700422561
0.225882517743743,0.5061150143117357,0.570779736970968
0.225882517743743,0.5062017521033915,0.570776234708652
0.226069293985805,0.5062017521033915,0.5706904375395526
0.226069293985805,0.5062884898950473,0.5706626443028449
0.226256070227867,0.5062884898950473,0.5705808962224771
0.226256070227867,0.5064619654783589,0.5705694189846916
0.2263027642883825,0.5064619654783589,0.5704848802085767
0.2263027642883825,0.5065487032700148,0.5704810846756396
0.2264194994396712,0.5065487032700148,0.5704210246522198
0.2264194994396712,0.5066354410616706,0.5704206643783607
0.2264661935001867,0.5066354410616706,0.5703688610891575
0.2264661935001867,0.5068089166449822,0.5703339597296566
0.2265128875607023,0.5068089166449822,0.5703064697441251
0.2265128875607023,0.5068956544366381,0.5702914255014713
0.226629622711991,0.5068956544366381,0.5702407767651483
0.226629622711991,0.5069823922282939,0.5701812507966959
0.2266763167725065,0.5069823922282939,0.5701505517721431
0.2266763167725065,0.5070691300199497,0.5701449039763858
0.226723010833022,0.5070691300199497,0.5701019437633246
0.226723010833022,0.5072426056032613,0.5700496900710157
0.2267463578632798,0.5072426056032613,0.5700428740743124
0.2267463578632798,0.5073293433949172,0.570032852636325
0.226909787075084,0.5073293433949172,0.5699548929790801
0.226909787075084,0.5075895567698846,0.5699263987632968
0.2269331341053418,0.5075895567698846,0.5699255803592642
0.2269331341053418,0.5077630323531963,0.5699169873072887
0.2270498692566305,0.5077630323531963,0.569872093987748
0.2270498692566305,0.5078497701448521,0.5698623136357641
0.2271432573776615,0.5078497701448521,0.5698492306770735
0.2271432573776615,0.5080232457281637,0.5698350978474915
0.2272366454986925,0.5080232457281637,0.5698092356029908
0.2272366454986925,0.5081967213114754,0.5697569025473143
0.2272599925289503,0.5081967213114754,0.5697469668171524
0.2272599925289503,0.508370196894787,0.56970109699207
0.2273300336197235,0.508370196894787,0.5696579626014779
0.2273300336197235,0.5084569346864429,0.5696499356527327
0.2273533806499813,0.5084569346864429,0.5696322352247538
0.2273533806499813,0.5085436724780987,0.5696291689234527
0.227376727680239,0.5085436724780987,0.5695976779448181
0.227376727680239,0.5086304102697545,0.5695976135903202
0.2276101979828166,0.5086304102697545,0.5694982253161857
0.2276101979828166,0.5087171480614103,0.5694935211571679
0.2276335450130743,0.5087171480614103,0.5694737797168308
0.2276335450130743,0.5088038858530661,0.569466799405099
0.2276568920433321,0.5088038858530661,0.569462617369993
0.2276568920433321,0.508890623644722,0.5694624585735739
0.2276802390735898,0.508890623644722,0.5694360437119224
0.2276802390735898,0.5089773614363778,0.5694322282348043
0.2277035861038475,0.5089773614363778,0.569413615042538
0.2277035861038475,0.5090640992280336,0.5693838693960365
0.2277502801643631,0.5090640992280336,0.5693802414852449
0.2277502801643631,0.5091508370196894,0.5693719129904555
0.2278203212551363,0.5091508370196894,0.5693335602674868
0.2278203212551363,0.5092375748113454,0.5693269460993007
0.2278903623459096,0.5092375748113454,0.5692974885544915
0.2278903623459096,0.509411050394657,0.5692679617039598
0.2279370564064251,0.509411050394657,0.5692191268805278
0.2279370564064251,0.5095845259779685,0.5692186870705269
0.2279604034366828,0.5095845259779685,0.5692116122067533
0.2279604034366828,0.5096712637696245,0.569203102224982
0.2280070974971983,0.5096712637696245,0.56914930646211
0.2280070974971983,0.5097580015612803,0.569130351286641
0.2281705267090026,0.5097580015612803,0.5690912438297387
0.2281705267090026,0.5098447393529361,0.5690809360423859
0.2281938737392603,0.5098447393529361,0.569065628882261
0.2281938737392603,0.5100182149362478,0.5690541322301124
0.2282639148300336,0.5100182149362478,0.5690061730336584
0.2282639148300336,0.5101916905195594,0.5689941892989268
0.2282872618602913,0.5101916905195594,0.568993336640609
0.2282872618602913,0.5104519038945269,0.5689307538547734
0.2283339559208068,0.5104519038945269,0.568916481277584
0.2283339559208068,0.5105386416861827,0.5689070519880193
0.2285207321628689,0.5105386416861827,0.5688195877035254
0.2285207321628689,0.5106253794778385,0.5688163317552304
0.2285907732536421,0.5106253794778385,0.5687375431831162
0.2285907732536421,0.510885592852806,0.5687201704158598
0.2286608143444154,0.510885592852806,0.5687111697739012
0.2286608143444154,0.5109723306444618,0.5687108806389753
0.2289643257377661,0.5109723306444618,0.5685696239367906
0.2289643257377661,0.5111458062277734,0.5685520659490778
0.2289876727680239,0.5111458062277734,0.568541307913626
0.2289876727680239,0.5112325440194293,0.5685228870656112
0.2291044079193126,0.5112325440194293,0.5684811079509307
0.2291044079193126,0.5113192818110851,0.5684760057353047
0.2291977960403436,0.5113192818110851,0.5684538428390173
0.2291977960403436,0.5114060196027409,0.568452533804243
0.2293378782218901,0.5114060196027409,0.5683955429665952
0.2293378782218901,0.5114927573943967,0.5683853816979985
0.2294312663429212,0.5114927573943967,0.5683508493411018
0.2294312663429212,0.5115794951860526,0.5683507079680338
0.2294546133731789,0.5115794951860526,0.5683473809607955
0.2294546133731789,0.5116662329777084,0.5683448894258293
0.2296880836757564,0.5116662329777084,0.568221168072016
0.2296880836757564,0.5117529707693642,0.56820004406633
0.2297114307060141,0.5117529707693642,0.5681977437697289
0.2297114307060141,0.51183970856102,0.5681910900941316
0.2297814717967874,0.51183970856102,0.5680920474719187
0.2297814717967874,0.5119264463526758,0.568087599935605
0.2299215539783339,0.5119264463526758,0.5679883115385924
0.2299215539783339,0.5120131841443317,0.567974037059943
0.2300149420993649,0.5120131841443317,0.5679370053186464
0.2300149420993649,0.5120999219359875,0.5679350715463432
0.2301550242809114,0.5120999219359875,0.5678237066961269
0.2301550242809114,0.512360135310955,0.5678021742873555
0.2302484124019424,0.512360135310955,0.5677879767651747
0.2302484124019424,0.5124468731026108,0.5677817333939787
0.2303184534927157,0.5124468731026108,0.5677546724577254
0.2303184534927157,0.5125336108942666,0.5677463655864402
0.2303418005229734,0.5125336108942666,0.5677385068714076
0.2303418005229734,0.5126203486859224,0.5677306538602249
0.230668658946582,0.5126203486859224,0.5674483868968281
0.230668658946582,0.5127070864775782,0.5674246378679964
0.2307387000373552,0.5127070864775782,0.5673218077907081
0.2307387000373552,0.5127938242692341,0.5673181248044098
0.2308787822189017,0.5127938242692341,0.5672458253768706
0.2308787822189017,0.5128805620608899,0.5672362515819839
0.2309254762794172,0.5128805620608899,0.5672213037406588
0.2309254762794172,0.5129672998525457,0.5672049986218071
0.2309955173701905,0.5129672998525457,0.5671869697152067
0.2309955173701905,0.5130540376442015,0.5671792001668693
0.2310188644004482,0.5130540376442015,0.5671409462498846
0.2310188644004482,0.5132275132275133,0.5671048044969564
0.2311822936122525,0.5132275132275133,0.5670440095951286
0.2311822936122525,0.5134009888108249,0.567022140369455
0.2312756817332835,0.5134009888108249,0.5670027514093399
0.2312756817332835,0.5134877266024807,0.5669852755540639
0.23141576391483,0.5134877266024807,0.5669352147536891
0.23141576391483,0.5136612021857924,0.5669166381145926
0.2314624579753455,0.5136612021857924,0.5668561180524119
0.2314624579753455,0.5139214155607599,0.5668366179898917
0.231509152035861,0.5139214155607599,0.5668158676414409
0.231509152035861,0.5140081533524157,0.5668081061827454
0.2315324990661187,0.5140081533524157,0.5668007021960235
0.2315324990661187,0.5140948911440715,0.5667935094116192
0.2315558460963765,0.5140948911440715,0.5667580793063929
0.2315558460963765,0.5142683667273831,0.5667147196999978
0.2316725812476653,0.5142683667273831,0.5666861191229389
0.2316725812476653,0.514355104519039,0.5666809220253614
0.2317659693686963,0.514355104519039,0.5666337066280356
0.2317659693686963,0.5147020556856623,0.5666263350506046
0.2318360104594695,0.5147020556856623,0.5665678355688596
0.2318360104594695,0.5147887934773181,0.5665416432950051
0.2319060515502428,0.5147887934773181,0.566517069993099
0.2319060515502428,0.5148755312689739,0.5665166413196657
0.2321161748225625,0.5148755312689739,0.566446686807426
0.2321161748225625,0.5149622690606297,0.5664368952379761
0.2322329099738513,0.5149622690606297,0.5663859496047023
0.2322329099738513,0.5151357446439414,0.5663721705924438
0.232256257004109,0.5151357446439414,0.5663536806424337
0.232256257004109,0.5152224824355972,0.5663525398050511
0.2323496451251401,0.5152224824355972,0.5662836734688466
0.2323496451251401,0.515309220227253,0.5662729068685063
0.2323963391856555,0.515309220227253,0.5662309960922318
0.2323963391856555,0.5153959580189088,0.5662299360241625
0.2324663802764288,0.5153959580189088,0.5661989467898945
0.2324663802764288,0.5154826958105647,0.5661961213269936
0.2325364213672021,0.5154826958105647,0.5661550691030908
0.2325364213672021,0.5155694336022205,0.5661420982260944
0.2326531565184908,0.5155694336022205,0.5660900649356506
0.2326531565184908,0.5156561713938763,0.5660860726541959
0.2327698916697796,0.5156561713938763,0.5660540765651696
0.2327698916697796,0.5157429091855321,0.5660470317200327
0.2327932387000373,0.5157429091855321,0.5660332602050595
0.2327932387000373,0.5158296469771879,0.5660157548074751
0.2328632797908106,0.5158296469771879,0.5659880678673948
0.2328632797908106,0.5159163847688438,0.5659735196058284
0.2329099738513261,0.5159163847688438,0.5659436628940777
0.2329099738513261,0.5160031225604996,0.5659387567572474
0.2329333208815838,0.5160031225604996,0.5659336719355561
0.2329333208815838,0.5160898603521554,0.5659286991602376
0.2329566679118416,0.5160898603521554,0.5659173968558471
0.2329566679118416,0.5161765981438112,0.5658995359780317
0.2330033619723571,0.5161765981438112,0.5658742363747044
0.2330033619723571,0.5163500737271229,0.5658721739900863
0.2330734030631303,0.5163500737271229,0.5658211973061369
0.2330734030631303,0.5164368115187787,0.5658184330315648
0.2332368322749346,0.5164368115187787,0.5657449840237101
0.2332368322749346,0.5165235493104345,0.5657422190750072
0.2332601793051923,0.5165235493104345,0.5657218188816462
0.2332601793051923,0.5166102871020903,0.5657200645007023
0.2333535674262233,0.5166102871020903,0.5656889035954515
0.2333535674262233,0.5166970248937462,0.5656783085471528
0.2333769144564811,0.5166970248937462,0.5656775860845817
0.2333769144564811,0.516783762685402,0.5656726474147851
0.2335403436682853,0.516783762685402,0.5655648476836395
0.2335403436682853,0.5168705004770578,0.5655629498855086
0.2335870377288009,0.5168705004770578,0.5655325674675209
0.2335870377288009,0.5169572382687136,0.5655099763849325
0.2336804258498319,0.5169572382687136,0.5654566378664722
0.2336804258498319,0.5170439760603694,0.5654262190437757
0.2337504669406051,0.5170439760603694,0.5654110695241661
0.2337504669406051,0.5171307138520254,0.5653772677781973
0.2337971610011206,0.5171307138520254,0.565350886644352
0.2337971610011206,0.517304189435337,0.5653093624120703
0.2338905491221516,0.517304189435337,0.5652879747146023
0.2338905491221516,0.5173909272269928,0.565276028963304
0.2339372431826671,0.5173909272269928,0.5652560814429404
0.2339372431826671,0.5174776650186487,0.5652523827390106
0.2339839372431826,0.5174776650186487,0.5652322908306069
0.2339839372431826,0.5175644028103045,0.5652239230715363
0.2340539783339559,0.5175644028103045,0.5651952703477998
0.2340539783339559,0.5176511406019603,0.5651941094775155
0.2340773253642136,0.5176511406019603,0.5651763996101486
0.2340773253642136,0.5177378783936161,0.5651728052772038
0.2341473664549869,0.5177378783936161,0.5651374930605799
0.2341473664549869,0.5178246161852719,0.5651194011386056
0.2341940605155024,0.5178246161852719,0.5650645651247295
0.2341940605155024,0.5179113539769278,0.565062741816708
0.2343808367575644,0.5179113539769278,0.5649541867320288
0.2343808367575644,0.5180848295602394,0.564937317439417
0.2344508778483376,0.5180848295602394,0.5649279765554505
0.2344508778483376,0.5181715673518952,0.5649207866866524
0.2344742248785954,0.5181715673518952,0.5648885028949503
0.2344742248785954,0.5183450429352069,0.5648798440823433
0.2344975719088532,0.5183450429352069,0.5648548630200512
0.2344975719088532,0.5184317807268627,0.5648528516929563
0.2345442659693687,0.5184317807268627,0.5648286799245603
0.2345442659693687,0.5185185185185185,0.5648250701203914
0.2345909600298842,0.5185185185185185,0.5648144473289648
0.2345909600298842,0.5186052563101743,0.5648080812089904
0.2347310422114307,0.5186052563101743,0.5647501059722702
0.2347310422114307,0.5186919941018302,0.5647428863800592
0.2347543892416884,0.5186919941018302,0.5647424750945393
0.2347543892416884,0.518778731893486,0.5647415324337233
0.2348711243929772,0.518778731893486,0.564721574209537
0.2348711243929772,0.5188654696851418,0.5647105450760381
0.2349178184534927,0.5188654696851418,0.5647058070648291
0.2349178184534927,0.5190389452684535,0.5646896733197613
0.2349645125140082,0.5190389452684535,0.5646818035059897
0.2349645125140082,0.5191256830601093,0.5646669892535381
0.2349878595442659,0.5191256830601093,0.5646620097649062
0.2349878595442659,0.5192124208517651,0.5646539933274819
0.2350112065745237,0.5192124208517651,0.5646494429752236
0.2350112065745237,0.5193858964350767,0.5646151176225345
0.2351512887560702,0.5193858964350767,0.5645211730502646
0.2351512887560702,0.5195593720183884,0.5644966479478952
0.2351746357863279,0.5195593720183884,0.5644870166704026
0.2351746357863279,0.5196461098100442,0.5644861744875223
0.2352913709376167,0.5196461098100442,0.5644400204343876
0.2352913709376167,0.5197328476017,0.5644396966882816
0.2354314531191632,0.5197328476017,0.564395184756604
0.2354314531191632,0.5198195853933559,0.564392985006289
0.2356649234217407,0.5198195853933559,0.5643266433379799
0.2356649234217407,0.5199063231850117,0.5643024046108019
0.2357116174822562,0.5199063231850117,0.5642947077419677
0.2357116174822562,0.5199930609766675,0.5642886627465908
0.2357816585730295,0.5199930609766675,0.564212672831073
0.2357816585730295,0.5200797987683233,0.5642044110179265
0.2358050056032872,0.5200797987683233,0.5641554353323087
0.2358050056032872,0.5201665365599791,0.5641509121921928
0.2359684348150915,0.5201665365599791,0.5641077374288108
0.2359684348150915,0.520253274351635,0.5641066236963685
0.236108516996638,0.520253274351635,0.5640371073039131
0.236108516996638,0.5205134877266024,0.5639705479943384
0.2361318640268958,0.5205134877266024,0.5639570650315562
0.2361318640268958,0.5206002255182584,0.5639259027108432
0.236388681359731,0.5206002255182584,0.5638274167580916
0.236388681359731,0.52077370110157,0.5638051802069801
0.236575457601793,0.52077370110157,0.5636904552799434
0.236575457601793,0.5208604388932258,0.563686444344954
0.236668845722824,0.5208604388932258,0.5636343991464294
0.236668845722824,0.5209471766848816,0.5636294945590861
0.236762233843855,0.5209471766848816,0.5635923626749642
0.236762233843855,0.5211206522681933,0.5635896995939478
0.2368789689951438,0.5211206522681933,0.5635319300138373
0.2368789689951438,0.5212073900598491,0.5635236913324433
0.2370190511766903,0.5212073900598491,0.5634521363982365
0.2370190511766903,0.5212941278515049,0.5634497846631814
0.237042398206948,0.5212941278515049,0.563448173673347
0.237042398206948,0.5213808656431608,0.5634333095992808
0.237135786327979,0.5213808656431608,0.5634025137818663
0.237135786327979,0.5214676034348166,0.563380052406653
0.2371591333582368,0.5214676034348166,0.563374682141658
0.2371591333582368,0.5215543412264724,0.5633686328210554
0.2372525214792678,0.5215543412264724,0.5633265553505519
0.2372525214792678,0.521727816809784,0.5633131894400445
0.237322562570041,0.521727816809784,0.563298480781576
0.237322562570041,0.5218145546014399,0.5632920656332392
0.2374626447515876,0.5218145546014399,0.5632633563498193
0.2374626447515876,0.5219880301847515,0.5632441597207869
0.2374859917818453,0.5219880301847515,0.5632144900212697
0.2374859917818453,0.5220747679764073,0.5632057637382559
0.2375326858423608,0.5220747679764073,0.5631530981770798
0.2375326858423608,0.5221615057680632,0.5631458198552144
0.2377194620844228,0.5221615057680632,0.5630969841682419
0.2377194620844228,0.522248243559719,0.5630686126939621
0.2378595442659693,0.522248243559719,0.5630326826304914
0.2378595442659693,0.5223349813513748,0.5630318858205294
0.2380696675382891,0.5223349813513748,0.5629325650349488
0.2380696675382891,0.5224217191430306,0.562932021136151
0.2381630556593201,0.5224217191430306,0.5628833477137876
0.2381630556593201,0.5225084569346864,0.5628613978902697
0.2382097497198356,0.5225084569346864,0.5628350248652431
0.2382097497198356,0.5225951947263423,0.5628124992733354
0.2382564437803511,0.5225951947263423,0.5627911286491809
0.2382564437803511,0.5227686703096539,0.5627513668133888
0.2383731789316399,0.5227686703096539,0.5626915938586476
0.2383731789316399,0.5229421458929656,0.5626583252812887
0.2385132611131864,0.5229421458929656,0.5626079519880527
0.2385132611131864,0.5230288836846214,0.5625591861573496
0.2387233843855061,0.5230288836846214,0.5624860679939541
0.2387233843855061,0.523202359267933,0.5624801816704612
0.2387700784460216,0.523202359267933,0.5624750393180323
0.2387700784460216,0.5232890970595888,0.5624699445463508
0.2387934254762794,0.5232890970595888,0.5624592993592518
0.2387934254762794,0.5233758348512447,0.5624493362869272
0.2389802017183414,0.5233758348512447,0.5623586866083483
0.2389802017183414,0.5234625726429005,0.5623489531426193
0.2391669779604034,0.5234625726429005,0.5622982380556996
0.2391669779604034,0.5235493104345563,0.5622876200244391
0.2392136720209189,0.5235493104345563,0.5622841536044196
0.2392136720209189,0.5236360482262121,0.5622813981695647
0.2394004482629809,0.5236360482262121,0.5622092308074924
0.2394004482629809,0.5238962616011796,0.5621767023371462
0.2394704893537542,0.5238962616011796,0.5621584035937417
0.2394704893537542,0.524243212767803,0.5621377723127934
0.2395872245050429,0.524243212767803,0.5620846180971243
0.2395872245050429,0.5243299505594587,0.5620829286806996
0.2398206948076204,0.5243299505594587,0.5619578727214867
0.2398206948076204,0.5244166883511145,0.5619495518496378
0.2401709002614867,0.5244166883511145,0.5618473001982316
0.2401709002614867,0.5245034261427705,0.5618249893881406
0.2403109824430332,0.5245034261427705,0.5617852513157693
0.2403109824430332,0.5247636395177379,0.5617674205122387
0.240334329473291,0.5247636395177379,0.5617343974909236
0.240334329473291,0.5249371151010496,0.5617139851340514
0.2403810235338065,0.5249371151010496,0.5616387131076517
0.2403810235338065,0.5251105906843612,0.5616157310868322
0.240427717594322,0.5251105906843612,0.5615900280055682
0.240427717594322,0.525197328476017,0.561563513784151
0.2404510646245797,0.525197328476017,0.5615633556502564
0.2404510646245797,0.5252840662676729,0.5615616109242887
0.2404744116548375,0.5252840662676729,0.5615367330142402
0.2404744116548375,0.5253708040593287,0.5615359478184703
0.2405444527456107,0.5253708040593287,0.5614995753779223
0.2405444527456107,0.5254575418509845,0.5614937280241747
0.240614493836384,0.5254575418509845,0.5614643121995146
0.240614493836384,0.5256310174342961,0.5614559715246763
0.240707881957415,0.5256310174342961,0.5614122319601518
0.240707881957415,0.525717755225952,0.561402210379085
0.2407312289876727,0.525717755225952,0.5613991967967211
0.2407312289876727,0.5258044930176078,0.5613684605236295
0.2408713111692192,0.5258044930176078,0.5613250055563064
0.2408713111692192,0.5258912308092636,0.5613226768859616
0.24117482256257,0.5258912308092636,0.5612318727773133
0.24117482256257,0.5260647063925753,0.5612149779656455
0.2412448636533433,0.5260647063925753,0.5611821622024891
0.2412448636533433,0.5262381819758869,0.5611770482656138
0.241268210683601,0.5262381819758869,0.5611739805656774
0.241268210683601,0.5263249197675427,0.5611710292509573
0.2413149047441165,0.5263249197675427,0.5611620159663735
0.2413149047441165,0.5264116575591985,0.5611435153990516
0.2414082928651475,0.5264116575591985,0.5611187839682427
0.2414082928651475,0.5265851331425102,0.5610999473382541
0.2415016809861785,0.5265851331425102,0.5610360001705812
0.2415016809861785,0.526671870934166,0.5610308164830733
0.241548375046694,0.526671870934166,0.5609786075560717
0.241548375046694,0.5270188221007893,0.5609356983403182
0.2416884572282405,0.5270188221007893,0.5608339709347717
0.2416884572282405,0.5271055598924451,0.5608310865457276
0.2419219275308181,0.5271055598924451,0.5607570431107743
0.2419219275308181,0.5271922976841009,0.5607438375712994
0.2419919686215913,0.5271922976841009,0.5607154421648166
0.2419919686215913,0.5272790354757568,0.5607126743213575
0.2420620097123645,0.5272790354757568,0.56069895468716
0.2420620097123645,0.5274525110590684,0.5606909790773134
0.2420853567426223,0.5274525110590684,0.5606543773639072
0.2420853567426223,0.5275392488507242,0.5606461056479819
0.2421320508031378,0.5275392488507242,0.5606133247764582
0.2421320508031378,0.5276259866423801,0.5606079411680128
0.2422020918939111,0.5276259866423801,0.560555732916831
0.2422020918939111,0.5278862000173475,0.5605163570956491
0.2422254389241688,0.5278862000173475,0.5605122291039423
0.2422254389241688,0.5279729378090033,0.5604963959131795
0.2425056032872618,0.5279729378090033,0.5604170547532505
0.2425056032872618,0.528146413392315,0.5604078986573902
0.2426923795293238,0.528146413392315,0.5603649369326769
0.2426923795293238,0.5284066267672825,0.5603156042740861
0.2427157265595816,0.5284066267672825,0.5603137283649033
0.2427157265595816,0.5284933645589384,0.56029940725675
0.2427390735898393,0.5284933645589384,0.5602963652238104
0.2427390735898393,0.5285801023505942,0.5602808405834162
0.2427624206200971,0.5285801023505942,0.5602687938879778
0.2427624206200971,0.52866684014225,0.5602545687719878
0.2429491968621591,0.52866684014225,0.560216206759027
0.2429491968621591,0.5287535779339058,0.56019953046457
0.2430659320134479,0.5287535779339058,0.560145397626692
0.2430659320134479,0.5289270535172175,0.5601205086611563
0.2431826671647366,0.5289270535172175,0.5600414796505473
0.2431826671647366,0.5290137913088733,0.5600387943032622
0.2432293612252521,0.5290137913088733,0.5600293825984975
0.2432293612252521,0.5291005291005291,0.5600074994879494
0.2432994023160254,0.5291005291005291,0.5599418318352298
0.2432994023160254,0.5291872668921849,0.5599171705290982
0.2433227493462831,0.5291872668921849,0.5599031594042118
0.2433227493462831,0.5292740046838408,0.55989643879011
0.2433460963765409,0.5292740046838408,0.5598563764574072
0.2433460963765409,0.5293607424754966,0.559828957891541
0.2434161374673141,0.5293607424754966,0.5598031465892213
0.2434161374673141,0.5295342180588082,0.5597592985753141
0.2436496077698916,0.5295342180588082,0.5596572861220674
0.2436496077698916,0.5296209558504641,0.5596568764388912
0.2436729548001494,0.5296209558504641,0.5596521444483554
0.2436729548001494,0.5297076936421199,0.5596452750646885
0.2436963018304071,0.5297076936421199,0.5596426098375542
0.2436963018304071,0.5297944314337757,0.5596336000232266
0.2437196488606649,0.5297944314337757,0.5596173606783095
0.2437196488606649,0.5298811692254315,0.559617287396591
0.2438830780724691,0.5298811692254315,0.5595293682713178
0.2438830780724691,0.5299679070170873,0.5595165908461113
0.2442566305565932,0.5299679070170873,0.5592796480396225
0.2442566305565932,0.5300546448087432,0.5592566351728964
0.2444200597683974,0.5300546448087432,0.5591736872635145
0.2444200597683974,0.5303148581837106,0.5591490545833733
0.2444667538289129,0.5303148581837106,0.5591232303586877
0.2444667538289129,0.5304883337670223,0.5591193500829683
0.2445134478894284,0.5304883337670223,0.5590966932996402
0.2445134478894284,0.5305750715586781,0.5590701078020841
0.2445601419499439,0.5305750715586781,0.5590591375389925
0.2445601419499439,0.5306618093503339,0.5590567797287171
0.2446768771012327,0.5306618093503339,0.5589807557713037
0.2446768771012327,0.5307485471419897,0.5589675395550031
0.2447002241314904,0.5307485471419897,0.5589509489855986
0.2447002241314904,0.5308352849336456,0.5589473614801527
0.2448169592827792,0.5308352849336456,0.5589015785054056
0.2448169592827792,0.5309220227253014,0.5588992531279485
0.2448870003735525,0.5309220227253014,0.55886199256479
0.2448870003735525,0.5310087605169572,0.5588514247022455
0.2450504295853567,0.5310087605169572,0.5588041936125533
0.2450504295853567,0.531095498308613,0.5587688588033263
0.2450737766156145,0.531095498308613,0.5587395105172861
0.2450737766156145,0.5311822361002689,0.5587270983243448
0.24512047067613,0.5311822361002689,0.5587158235512579
0.24512047067613,0.5313557116835805,0.5587073271304843
0.2451671647366455,0.5313557116835805,0.558682064303885
0.2451671647366455,0.531615925058548,0.5586737774432611
0.245400635039223,0.531615925058548,0.5585942532159467
0.245400635039223,0.5317026628502038,0.5585503378945029
0.245494023160254,0.5317026628502038,0.5584908009623215
0.245494023160254,0.5317894006418596,0.5584837931790056
0.2455173701905117,0.5317894006418596,0.5584794218779982
0.2455173701905117,0.5318761384335154,0.5584753666676805
0.245587411281285,0.5318761384335154,0.5584227034768814
0.245587411281285,0.5322230896001388,0.5583755700675263
0.2456574523720582,0.5322230896001388,0.5583315192074751
0.2456574523720582,0.5323965651834505,0.5582916416561845
0.2457041464325737,0.5323965651834505,0.5582794762812212
0.2457041464325737,0.5324833029751063,0.5582791647861367
0.2457274934628315,0.5324833029751063,0.5582690554207359
0.2457274934628315,0.5325700407667621,0.5582570548417549
0.2457508404930893,0.5325700407667621,0.558222724059833
0.2457508404930893,0.5326567785584179,0.5582118859323686
0.245774187523347,0.5326567785584179,0.5581993285062097
0.245774187523347,0.5328302541417296,0.5581921282967105
0.2457975345536047,0.5328302541417296,0.5581841096984053
0.2457975345536047,0.5329169919333854,0.5581674422853458
0.245867575644378,0.5329169919333854,0.5581536287213358
0.245867575644378,0.5330037297250412,0.558150946496036
0.245960963765409,0.5330037297250412,0.5580704760697991
0.245960963765409,0.533090467516697,0.5580403578375797
0.2460076578259245,0.533090467516697,0.5580223337414605
0.2460076578259245,0.5331772053083529,0.5580119428348848
0.2460310048561823,0.5331772053083529,0.5579897860259406
0.2460310048561823,0.5332639431000087,0.5579824786416607
0.246147740007471,0.5332639431000087,0.557932049056913
0.246147740007471,0.5333506808916645,0.5579249843488459
0.2463111692192753,0.5333506808916645,0.5578780651417203
0.2463111692192753,0.5335241564749762,0.5578611024739177
0.246427904370564,0.5335241564749762,0.5577633000912942
0.246427904370564,0.5336976320582878,0.5577531863954903
0.2464512514008218,0.5336976320582878,0.5577527143711669
0.2464512514008218,0.5337843698499436,0.5577488210254955
0.246614680612626,0.5337843698499436,0.5576666052053152
0.246614680612626,0.5338711076415994,0.5576016405783284
0.2466380276428838,0.5338711076415994,0.5575986760588618
0.2466380276428838,0.5339578454332553,0.5575923243595566
0.2467314157639148,0.5339578454332553,0.5575200269891057
0.2467314157639148,0.5340445832249111,0.5575168819732415
0.2468481509152036,0.5340445832249111,0.5574618163206664
0.2468481509152036,0.5341313210165669,0.5574613085141975
0.2470816212177811,0.5341313210165669,0.5573772094107665
0.2470816212177811,0.5342180588082227,0.5573698627855606
0.2471750093388121,0.5342180588082227,0.5573046590644797
0.2471750093388121,0.5343047965998786,0.5573027133520474
0.2475485618229361,0.5343047965998786,0.5571206169048939
0.2475485618229361,0.5343915343915344,0.5571033323532611
0.2478520732162868,0.5343915343915344,0.5569500469036127
0.2478520732162868,0.534565009974846,0.5569061658977689
0.2480621964886066,0.534565009974846,0.5567551257346917
0.2480621964886066,0.5346517477665018,0.5567514105873419
0.2481322375793799,0.5346517477665018,0.5567179597712422
0.2481322375793799,0.5347384855581577,0.5566670283167892
0.2482256257004109,0.5347384855581577,0.5566243281624073
0.2482256257004109,0.5348252233498135,0.5566083100261355
0.2482723197609264,0.5348252233498135,0.5565943884877818
0.2482723197609264,0.5349986989331251,0.5565859296198
0.2483890549122151,0.5349986989331251,0.5565494114386855
0.2483890549122151,0.535085436724781,0.5565465561704277
0.2484357489727306,0.535085436724781,0.5564993788205799
0.2484357489727306,0.5351721745164368,0.5564930588986705
0.2485758311542771,0.5351721745164368,0.5564335007734897
0.2485758311542771,0.5353456500997484,0.556394471959321
0.2486458722450504,0.5353456500997484,0.5563543429506889
0.2486458722450504,0.5354323878914042,0.5563524207349302
0.2488793425476279,0.5354323878914042,0.5562330824802443
0.2488793425476279,0.535605863474716,0.5562032508897408
0.2489026895778857,0.535605863474716,0.5561899429370571
0.2489026895778857,0.5356926012663717,0.5561793794472703
0.2490194247291744,0.5356926012663717,0.5561227590444986
0.2490194247291744,0.5358660768496835,0.5561045345617003
0.2491128128502054,0.5358660768496835,0.555989023798545
0.2491128128502054,0.5359528146413393,0.55597234053127
0.2494396712738139,0.5359528146413393,0.5558641641421982
0.2494396712738139,0.5361262902246509,0.5558440713679622
0.2494863653343294,0.5361262902246509,0.555831428680658
0.2494863653343294,0.5362130280163067,0.5558307474457416
0.2495330593948449,0.5362130280163067,0.5558076915097248
0.2495330593948449,0.5362997658079626,0.5558035973758646
0.2495564064251027,0.5362997658079626,0.5557806860787522
0.2495564064251027,0.5367334547662417,0.5557084612101351
0.2495797534553605,0.5367334547662417,0.5556934539664777
0.2495797534553605,0.5369069303495533,0.5556800432199802
0.2498365707881957,0.5369069303495533,0.5555985349992884
0.2498365707881957,0.5369936681412091,0.5555882982087371
0.250186776242062,0.5369936681412091,0.5554239572908835
0.250186776242062,0.537080405932865,0.5554233336452055
0.2502101232723198,0.537080405932865,0.5554226627082038
0.2502101232723198,0.5373406193078324,0.5553759012151177
0.2502568173328353,0.5373406193078324,0.5553734406741639
0.2502568173328353,0.5374273570994883,0.5553515785305736
0.250280164363093,0.5374273570994883,0.5553364132084122
0.250280164363093,0.5376008326827999,0.5553162909071819
0.2503035113933508,0.5376008326827999,0.5553136011911801
0.2503035113933508,0.5377743082661115,0.555307593391594
0.250466940605155,0.5377743082661115,0.5552646072091594
0.250466940605155,0.5378610460577674,0.5552454469242036
0.250560328726186,0.5378610460577674,0.5552133182354058
0.250560328726186,0.538034521641079,0.5552026074259108
0.2507004109077325,0.538034521641079,0.555155057643699
0.2507004109077325,0.5381212594327348,0.5551346825912497
0.2509572282405678,0.5381212594327348,0.5550204620164081
0.2509572282405678,0.5382079972243907,0.554997925779798
0.2509805752708255,0.5382079972243907,0.5549877989866991
0.2509805752708255,0.5382947350160465,0.5549870786976892
0.2510739633918565,0.5382947350160465,0.5549322053828423
0.2510739633918565,0.5383814728077023,0.5549310119116806
0.2511673515128875,0.5383814728077023,0.5548317229094819
0.2511673515128875,0.5385549483910139,0.5548137453917126
0.251214045573403,0.5385549483910139,0.5548101639719394
0.251214045573403,0.5387284239743256,0.5547961481101149
0.2512607396339185,0.5387284239743256,0.5547776552005708
0.2512607396339185,0.5388151617659814,0.5547685554022495
0.2512840866641763,0.5388151617659814,0.5547553226804436
0.2512840866641763,0.5389018995576372,0.5547548239973907
0.2514008218154651,0.5389018995576372,0.5546869307979072
0.2514008218154651,0.5391621129326047,0.5546459630259546
0.2514708629062383,0.5391621129326047,0.5546296052473805
0.2514708629062383,0.5392488507242605,0.5546138876374171
0.2515642510272693,0.5392488507242605,0.5545672889169182
0.2515642510272693,0.5393355885159163,0.5545657996980173
0.2516342921180425,0.5393355885159163,0.5545475265846502
0.2516342921180425,0.539509064099228,0.5545443624833383
0.2518911094508778,0.539509064099228,0.5543155503026579
0.2518911094508778,0.5395958018908839,0.5543149001931691
0.2519144564811356,0.5395958018908839,0.5543110676250018
0.2519144564811356,0.5396825396825397,0.5543090977615404
0.2519844975719088,0.5396825396825397,0.5542960117552833
0.2519844975719088,0.5397692774741955,0.5542821717601845
0.2521712738139708,0.5397692774741955,0.5542025282192706
0.2521712738139708,0.5399427530575072,0.55419907396164
0.2521946208442286,0.5399427530575072,0.5541847657220393
0.2521946208442286,0.540029490849163,0.554183265568811
0.2522413149047441,0.540029490849163,0.554131691457766
0.2522413149047441,0.5401162286408188,0.5541143558047433
0.2523347030257751,0.5401162286408188,0.5540883668978054
0.2523347030257751,0.5402029664324747,0.5540839435651725
0.2524981322375794,0.5402029664324747,0.554005801748926
0.2524981322375794,0.5402897042241305,0.5539976622631938
0.2525214792678371,0.5402897042241305,0.5539848792070836
0.2525214792678371,0.5403764420157863,0.553983186937255
0.2527549495704146,0.5403764420157863,0.5537973985500328
0.2527549495704146,0.5405499175990979,0.5537642992461265
0.2527782966006724,0.5405499175990979,0.553702923537557
0.2527782966006724,0.5406366553907538,0.5536883232143274
0.2528483376914456,0.5406366553907538,0.5536589819444031
0.2528483376914456,0.5407233931824096,0.5536490029494989
0.2529884198729921,0.5407233931824096,0.5535885058071688
0.2529884198729921,0.5408101309740654,0.5535693863086961
0.2530117669032499,0.5408101309740654,0.5535692791089449
0.2530117669032499,0.5409836065573771,0.5535517266235487
0.2530584609637654,0.5409836065573771,0.5535495343551629
0.2530584609637654,0.5410703443490329,0.5535294788797402
0.2531285020545387,0.5410703443490329,0.5534977481775081
0.2531285020545387,0.5411570821406887,0.5534968939654794
0.2531985431453119,0.5411570821406887,0.5534756050409346
0.2531985431453119,0.5413305577240003,0.5534517076873302
0.2533853193873739,0.5413305577240003,0.5534127714584601
0.2533853193873739,0.5416775088906236,0.5533917810200764
0.2534086664176316,0.5416775088906236,0.5533823620461111
0.2534086664176316,0.5417642466822795,0.55337604684325
0.2534787075084049,0.5417642466822795,0.5533251352284876
0.2534787075084049,0.5419377222655911,0.553271540901738
0.2535020545386627,0.5419377222655911,0.5532631135130595
0.2535020545386627,0.5420244600572469,0.553257932049172
0.2536421367202092,0.5420244600572469,0.5531554466848928
0.2536421367202092,0.5421111978489027,0.5531540141005995
0.2537588718714979,0.5421111978489027,0.553116678380768
0.2537588718714979,0.5421979356405586,0.5531132032268646
0.253852259992529,0.5421979356405586,0.5530965817319398
0.253852259992529,0.5423714112238702,0.5530877153362457
0.2540390362345909,0.5423714112238702,0.5529986918545458
0.2540390362345909,0.542458149015526,0.5529980212761987
0.2543892416884572,0.542458149015526,0.552794466266957
0.2543892416884572,0.5426316245988377,0.552742804715951
0.2544359357489727,0.5426316245988377,0.5527007367571904
0.2544359357489727,0.5427183623904935,0.5526909272045333
0.2544826298094882,0.5427183623904935,0.552678108072318
0.2544826298094882,0.5428051001821493,0.5526705065938736
0.2545293238700037,0.5428051001821493,0.5526530153196632
0.2545293238700037,0.5428918379738051,0.5526507187343053
0.254599364960777,0.5428918379738051,0.5525886338175461
0.254599364960777,0.542978575765461,0.552580464957416
0.2546227119910347,0.542978575765461,0.5525790804461302
0.2546227119910347,0.5430653135571168,0.5525750211007656
0.254692753081808,0.5430653135571168,0.5525494411522938
0.254692753081808,0.5431520513487726,0.5525331511745046
0.2547161001120657,0.5431520513487726,0.5525174620578972
0.2547161001120657,0.5432387891404284,0.5524973752425117
0.2548561822936122,0.5432387891404284,0.5524618573096238
0.2548561822936122,0.5433255269320844,0.5524445477595379
0.2549262233843855,0.5433255269320844,0.5523735921192876
0.2549262233843855,0.5434122647237402,0.5523685950890149
0.2550896525961897,0.5434122647237402,0.5523196586143675
0.2550896525961897,0.543499002515396,0.552312904365858
0.2553231228987673,0.543499002515396,0.5521753276025477
0.2553231228987673,0.5435857403070518,0.5521642484707592
0.255626634292118,0.5435857403070518,0.5519968573659606
0.255626634292118,0.5437592158903635,0.5519901970794562
0.2556733283526335,0.5437592158903635,0.5519718259169255
0.2556733283526335,0.5441061670569868,0.5519266648257125
0.25581341053418,0.5441061670569868,0.5518530263551549
0.25581341053418,0.5441929048486426,0.5518345025043007
0.2558601045946955,0.5441929048486426,0.551781622700267
0.2558601045946955,0.5442796426402984,0.5517703482345981
0.2558834516249533,0.5442796426402984,0.5517684645993282
0.2558834516249533,0.5443663804319542,0.5517681342282836
0.2559301456854688,0.5443663804319542,0.5517547926237986
0.2559301456854688,0.54445311822361,0.5517420185094644
0.2561636159880463,0.54445311822361,0.5516678951329739
0.2561636159880463,0.5445398560152659,0.5516665315742927
0.2562103100485618,0.5445398560152659,0.5516359766147267
0.2562103100485618,0.5446265938069217,0.5516191616363847
0.2563270451998505,0.5446265938069217,0.5515577888893588
0.2563270451998505,0.5447133315985775,0.5515437251858143
0.2563737392603661,0.5447133315985775,0.5515242389137294
0.2563737392603661,0.5448000693902333,0.5515165482456378
0.2564904744116548,0.5448000693902333,0.5514491981870537
0.2564904744116548,0.5450602827652008,0.5513794241415731
0.2565138214419126,0.5450602827652008,0.5513776425283369
0.2565138214419126,0.5452337583485124,0.5513468903168895
0.2566305565932013,0.5452337583485124,0.5513069441910035
0.2566305565932013,0.5453204961401683,0.5512618098999517
0.2566539036234591,0.5453204961401683,0.5512550789133062
0.2566539036234591,0.5454072339318241,0.5512443110547804
0.2567472917444901,0.5454072339318241,0.5512369093497445
0.2567472917444901,0.5454939717234799,0.5512291727429497
0.2568406798655211,0.5454939717234799,0.5511953645742014
0.2568406798655211,0.5455807095151357,0.5511887604333943
0.2569107209562943,0.5455807095151357,0.5511661958406248
0.2569107209562943,0.5456674473067916,0.5511563015961014
0.2570041090773253,0.5456674473067916,0.5511053255431912
0.2570041090773253,0.5457541850984474,0.5511011482890968
0.2570741501680986,0.5457541850984474,0.5510875993110187
0.2570741501680986,0.545927660681759,0.5510549389916979
0.2570974971983564,0.545927660681759,0.5510503105369369
0.2570974971983564,0.5460143984734148,0.5510400425531247
0.2572142323496451,0.5460143984734148,0.5509995317423211
0.2572142323496451,0.5461011362650707,0.5509884509130946
0.2574010085917071,0.5461011362650707,0.5508901578054023
0.2574010085917071,0.5462746118483823,0.55086534973943
0.2574243556219648,0.5462746118483823,0.5508564285813238
0.2574243556219648,0.5463613496400381,0.5508527887279253
0.2574943967127381,0.5463613496400381,0.5507679618281269
0.2574943967127381,0.546448087431694,0.5507479089318912
0.2575877848337691,0.546448087431694,0.5507225568638585
0.2575877848337691,0.5465348252233498,0.5507112699350649
0.2577979081060889,0.5465348252233498,0.5506400662306667
0.2577979081060889,0.5466215630150056,0.5506320927410387
0.2581714605902129,0.5466215630150056,0.5504434236090485
0.2581714605902129,0.5468817763899732,0.550422325952809
0.2582881957415017,0.5468817763899732,0.550403198786751
0.2582881957415017,0.546968514181629,0.5504011445196093
0.2584049308927904,0.546968514181629,0.5503176998242832
0.2584049308927904,0.5470552519732848,0.5503147709823859
0.2584749719835637,0.5470552519732848,0.5502932312853034
0.2584749719835637,0.5471419897649406,0.5502836950218296
0.2585917071348524,0.5471419897649406,0.5502406500576025
0.2585917071348524,0.5472287275565965,0.5502269682403909
0.2586617482256257,0.5472287275565965,0.5501914107749213
0.2586617482256257,0.5473154653482523,0.5501872443174087
0.2586850952558834,0.5473154653482523,0.5501311682903111
0.2586850952558834,0.5474022031399081,0.550121121962105
0.2587084422861412,0.5474022031399081,0.5501078604504619
0.2587084422861412,0.5474889409315639,0.5501050655562574
0.2587317893163989,0.5474889409315639,0.5500871633946636
0.2587317893163989,0.5475756787232197,0.5500525317884406
0.2589886066492342,0.5475756787232197,0.5499324641880836
0.2589886066492342,0.5476624165148756,0.5499209299628067
0.2591520358610384,0.5476624165148756,0.5498944587318777
0.2591520358610384,0.5477491543065314,0.5498888804326414
0.2592454239820694,0.5477491543065314,0.5498584724049225
0.2592454239820694,0.547922629889843,0.5498247213642276
0.259292118042585,0.547922629889843,0.5498230985532078
0.259292118042585,0.5480961054731547,0.5498045522478987
0.2593388121031005,0.5480961054731547,0.5497920590264795
0.2593388121031005,0.5482695810564663,0.5497753320617389
0.2594088531938737,0.5482695810564663,0.549746514042935
0.2594088531938737,0.5483563188481221,0.5497458435381393
0.2594555472543892,0.5483563188481221,0.5497385240318557
0.2594555472543892,0.548443056639778,0.5497314094375816
0.2595255883451625,0.548443056639778,0.5497159810861285
0.2595255883451625,0.5485297944314338,0.5497122119506057
0.2595956294359357,0.5485297944314338,0.5496347963638568
0.2595956294359357,0.5486165322230896,0.5496253019755845
0.2596189764661935,0.5486165322230896,0.5496133231655846
0.2596189764661935,0.5487900078064013,0.5495962749490464
0.2596423234964513,0.5487900078064013,0.5495733160512384
0.2596423234964513,0.5491369589730245,0.5495505364225026
0.259665670526709,0.5491369589730245,0.549544085929027
0.259665670526709,0.5492236967646804,0.5495364322057955
0.2598290997385132,0.5492236967646804,0.549437386598852
0.2598290997385132,0.5493104345563362,0.5494266270002999
0.2598757937990287,0.5493104345563362,0.5493991068438806
0.2598757937990287,0.549397172347992,0.5493941999022451
0.2599691819200597,0.549397172347992,0.5493550620197531
0.2599691819200597,0.5494839101396478,0.5493506528022113
0.2601559581621218,0.5494839101396478,0.5492678150695203
0.2601559581621218,0.5495706479313037,0.5492565229892397
0.2602493462831527,0.5495706479313037,0.5492153259465282
0.2602493462831527,0.5497441235146153,0.5491815251958287
0.2603660814344415,0.5497441235146153,0.5491211834867207
0.2603660814344415,0.5498308613062711,0.5491059845272681
0.260412775494957,0.5498308613062711,0.5490905054689883
0.260412775494957,0.5499175990979269,0.5490871289199293
0.260599551737019,0.5499175990979269,0.5490386861327166
0.260599551737019,0.5500043368895828,0.5490324308980731
0.26069293985805,0.5500043368895828,0.5489874126106724
0.26069293985805,0.5500910746812386,0.5489678340574757
0.2607863279790811,0.5500910746812386,0.5488269947594375
0.2607863279790811,0.5501778124728944,0.5488223284040536
0.2608096750093388,0.5501778124728944,0.5488201250733841
0.2608096750093388,0.550351288056206,0.5488158336519797
0.2608330220395966,0.550351288056206,0.5488101065753559
0.2608330220395966,0.550438025847862,0.5488097117482539
0.2609264101606275,0.550438025847862,0.5487724621709087
0.2609264101606275,0.5505247636395177,0.5487515768229294
0.260973104221143,0.5505247636395177,0.5487310791379525
0.260973104221143,0.5506982392228293,0.5487282042618643
0.2610431453119163,0.5506982392228293,0.5487062205818252
0.2610431453119163,0.5507849770144853,0.5486915176811857
0.2611598804632051,0.5507849770144853,0.5486516974557422
0.2611598804632051,0.550871714806141,0.5486453060358956
0.2611832274934628,0.550871714806141,0.5486363872435209
0.2611832274934628,0.5509584525977969,0.5486337695129394
0.2614166977960403,0.5509584525977969,0.5485306058194985
0.2614166977960403,0.5510451903894527,0.5485275744585821
0.2615334329473291,0.5510451903894527,0.5484811703580422
0.2615334329473291,0.5511319281811085,0.5484704992976887
0.2617202091893911,0.5511319281811085,0.5483635187761358
0.2617202091893911,0.5513054037644202,0.5483546027803166
0.2619536794919686,0.5513054037644202,0.5482135549242932
0.2619536794919686,0.551392141556076,0.5482133939847211
0.2620237205827418,0.551392141556076,0.5481864763414943
0.2620237205827418,0.5514788793477318,0.5481764350813783
0.2620937616735151,0.5514788793477318,0.5481233784321645
0.2620937616735151,0.5515656171393877,0.5481187311425773
0.2622571908853194,0.5515656171393877,0.5480617063924978
0.2622571908853194,0.5516523549310435,0.5480580447852758
0.2622805379155771,0.5516523549310435,0.5480572734206346
0.2622805379155771,0.5517390927226993,0.5480503552332808
0.2623505790063504,0.5517390927226993,0.5479990025398069
0.2623505790063504,0.5518258305143551,0.547990594036466
0.2625140082181546,0.5518258305143551,0.5478777350540491
0.2625140082181546,0.5519125683060109,0.5478531850597437
0.2625373552484124,0.5519125683060109,0.5478487186222785
0.2625373552484124,0.5519993060976668,0.5478463544038246
0.2626307433694434,0.5519993060976668,0.5477967921325763
0.2626307433694434,0.5520860438893226,0.5477935628005605
0.2626774374299589,0.5520860438893226,0.5477871381780237
0.2626774374299589,0.5521727816809784,0.5477683934558968
0.2629576017930519,0.5521727816809784,0.5476217838642972
0.2629576017930519,0.5522595194726342,0.5475997275926314
0.2632611131864026,0.5522595194726342,0.5474929903385993
0.2632611131864026,0.5523462572642901,0.5474924097421094
0.2632844602166604,0.5523462572642901,0.5474722273282209
0.2632844602166604,0.5524329950559459,0.5474573884534346
0.2633545013074337,0.5524329950559459,0.5474353229503328
0.2633545013074337,0.5526064706392575,0.5473904586468847
0.2634011953679492,0.5526064706392575,0.5473765296851637
0.2634011953679492,0.5527799462225692,0.5473667383074489
0.2634712364587224,0.5527799462225692,0.5473427213057864
0.2634712364587224,0.552866684014225,0.5473412585952682
0.2634945834889802,0.552866684014225,0.5473232657542564
0.2634945834889802,0.5529534218058808,0.5473167470766452
0.2635412775494957,0.5529534218058808,0.5473045486878478
0.2635412775494957,0.5530401595975366,0.5473006815946138
0.2636113186402689,0.5530401595975366,0.5472599194651034
0.2636113186402689,0.5531268973891925,0.5472550953941856
0.2636580127007845,0.5531268973891925,0.547240022673337
0.2636580127007845,0.5533003729725041,0.5472030291231771
0.2636813597310422,0.5533003729725041,0.5471890016379821
0.2636813597310422,0.5533871107641599,0.5471746326956093
0.2640549122151662,0.5533871107641599,0.5469857272736188
0.2640549122151662,0.5534738485558157,0.5469543002975783
0.264078259245424,0.5534738485558157,0.5469229541994403
0.264078259245424,0.5535605863474716,0.5469128487246453
0.2641016062756817,0.5535605863474716,0.5469044265221538
0.2641016062756817,0.5536473241391274,0.5469031958080437
0.2641483003361972,0.5536473241391274,0.5468897226136176
0.2641483003361972,0.5537340619307832,0.5468692141906902
0.2644985057900635,0.5537340619307832,0.5467014539053439
0.2644985057900635,0.553820799722439,0.546682340404823
0.2645918939110945,0.553820799722439,0.5466500661426742
0.2645918939110945,0.5539075375140949,0.5466336764920295
0.264731976092641,0.5539075375140949,0.5465753408412652
0.264731976092641,0.5540810130974065,0.5465450046723748
0.2647553231228988,0.5540810130974065,0.546543257898878
0.2647553231228988,0.5541677508890623,0.5465409048860996
0.2650354874859917,0.5541677508890623,0.5463818797151774
0.2650354874859917,0.5542544886807181,0.54637326815249
0.2652222637280538,0.5542544886807181,0.5463177399559966
0.2652222637280538,0.5544279642640298,0.5463032856430877
0.2652456107583115,0.5544279642640298,0.5462993923847946
0.2652456107583115,0.5546014398473414,0.5462598300169934
0.2655257751214046,0.5546014398473414,0.5460886968929721
0.2655257751214046,0.554861653222309,0.5460502423126785
0.2658526335450131,0.554861653222309,0.5459532279550952
0.2658526335450131,0.5549483910139648,0.545937452239186
0.2659460216660441,0.5549483910139648,0.5459045740751863
0.2659460216660441,0.5550351288056206,0.5458768141664444
0.2659927157265596,0.5550351288056206,0.5458535697620603
0.2659927157265596,0.5551218665972765,0.5458530414249838
0.2660627568173328,0.5551218665972765,0.5458333941492346
0.2660627568173328,0.5552953421805881,0.5458085288932635
0.2661794919686216,0.5552953421805881,0.5457207445270764
0.2661794919686216,0.5553820799722439,0.5457201046693749
0.2662028389988793,0.5553820799722439,0.5457187451062899
0.2662028389988793,0.5556422933472114,0.5456916901017352
0.2662495330593948,0.5556422933472114,0.5456870520228275
0.2662495330593948,0.5557290311388672,0.5456741359483872
0.2662728800896526,0.5557290311388672,0.5456719964443211
0.2662728800896526,0.555815768930523,0.5456718877978026
0.2663195741501681,0.555815768930523,0.545665313565136
0.2663195741501681,0.5559892445138347,0.5456276309804722
0.2663662682106836,0.5559892445138347,0.5456109569862112
0.2663662682106836,0.5560759823054905,0.545606230329711
0.2664363093014568,0.5560759823054905,0.5455618555806032
0.2664363093014568,0.5561627200971463,0.5455495121612215
0.2664596563317146,0.5561627200971463,0.545541283350457
0.2664596563317146,0.5564229334721138,0.5455255845505428
0.2665530444527456,0.5564229334721138,0.5454996108744194
0.2665530444527456,0.5565096712637696,0.5454919947639576
0.2665997385132611,0.5565096712637696,0.545412776319766
0.2665997385132611,0.5566831468470813,0.5453976638619562
0.2666464325737766,0.5566831468470813,0.5453499178418775
0.2666464325737766,0.5567698846387371,0.5453478690514169
0.2666697796040344,0.5567698846387371,0.5453422097132192
0.2666697796040344,0.5568566224303929,0.5453321121672772
0.2666931266342921,0.5568566224303929,0.5453212427138577
0.2666931266342921,0.5569433602220487,0.5453140635206618
0.2667865147553231,0.5569433602220487,0.5452743961102711
0.2667865147553231,0.5570300980137046,0.5452708436218119
0.2669032499066119,0.5570300980137046,0.5452141603254599
0.2669032499066119,0.5572035735970162,0.5451869048203261
0.2670433320881584,0.5572035735970162,0.5450992754136043
0.2670433320881584,0.557290311388672,0.5450971224540286
0.2670666791184161,0.557290311388672,0.545096592877693
0.2670666791184161,0.5574637869719837,0.5450712289388762
0.2670900261486739,0.5574637869719837,0.5450707961227472
0.2670900261486739,0.5575505247636395,0.54506922527972
0.2672301083302204,0.5575505247636395,0.5449561966558865
0.2672301083302204,0.5576372625552953,0.5449505878984753
0.2673234964512514,0.5576372625552953,0.544891548753853
0.2673234964512514,0.5577240003469511,0.5448444101876523
0.2675102726933134,0.5577240003469511,0.544766049912256
0.2675102726933134,0.557810738138607,0.5447564650369213
0.2675569667538289,0.557810738138607,0.5447485817520366
0.2675569667538289,0.5579842137219186,0.5447077407653572
0.2676036608143444,0.5579842137219186,0.5446943301902831
0.2676036608143444,0.5580709515135744,0.5446835198871439
0.2676737019051177,0.5580709515135744,0.5446685151861674
0.2676737019051177,0.5581576893052302,0.5446648921395217
0.2676970489353754,0.5581576893052302,0.5446539634221206
0.2676970489353754,0.5582444270968862,0.5446495831120974
0.2677437429958909,0.5582444270968862,0.5446251233860454
0.2677437429958909,0.558331164888542,0.5445993626236497
0.2678838251774374,0.558331164888542,0.5445145489349341
0.2678838251774374,0.5584179026801978,0.5445113492588618
0.2680706014194994,0.5584179026801978,0.5444050847014306
0.2680706014194994,0.5585913782635095,0.5444006044180152
0.2682106836010459,0.5585913782635095,0.5443150677600281
0.2682106836010459,0.5586781160551653,0.5443051698510067
0.2682573776615614,0.5586781160551653,0.5442444356738743
0.2682573776615614,0.5587648538468211,0.544226792246725
0.2683507657825925,0.5587648538468211,0.5441977438338417
0.2683507657825925,0.5588515916384769,0.5441871771782709
0.2685141949943967,0.5588515916384769,0.5441135418718781
0.2685141949943967,0.5589383294301327,0.5441091856162379
0.2685375420246544,0.5589383294301327,0.5440961958030232
0.2685375420246544,0.5590250672217886,0.5440876148429326
0.2685842360851699,0.5590250672217886,0.544058827206216
0.2685842360851699,0.5595454939717235,0.5439725625942002
0.2686075831154277,0.5595454939717235,0.5439563650663932
0.2686075831154277,0.5597189695550351,0.5439407375388117
0.2686309301456854,0.5597189695550351,0.543934630038555
0.2686309301456854,0.559805707346691,0.5439274768927989
0.2687009712364587,0.559805707346691,0.5438884537098145
0.2687009712364587,0.5598924451383468,0.5438752693093852
0.2687243182667165,0.5598924451383468,0.5438660626776672
0.2687243182667165,0.5599791829300026,0.5438660278291545
0.2687943593574897,0.5599791829300026,0.5438009532047452
0.2687943593574897,0.5600659207216584,0.5437921172135842
0.2689811355995517,0.5600659207216584,0.5436982184965438
0.2689811355995517,0.5601526585133143,0.5436909436668238
0.2690511766903249,0.5601526585133143,0.5436727157354866
0.2690511766903249,0.5602393963049701,0.543661123173496
0.2690745237205827,0.5602393963049701,0.5436545795604093
0.2690745237205827,0.5603261340966259,0.5436500304336296
0.2692146059021292,0.5603261340966259,0.5435805225400168
0.2692146059021292,0.5604128718882817,0.5435787368251972
0.2693546880836757,0.5604128718882817,0.5435005293714391
0.2693546880836757,0.5604996096799375,0.5434948129471735
0.2694480762047068,0.5604996096799375,0.5434579557524728
0.2694480762047068,0.5606730852632492,0.5434470710298913
0.2694947702652223,0.5606730852632492,0.543417974731816
0.2694947702652223,0.560759823054905,0.5434177767836035
0.26951811729548,0.560759823054905,0.5434172940267616
0.26951811729548,0.5609332986382167,0.5434074353502661
0.2697282405677997,0.5609332986382167,0.5432942848205902
0.2697282405677997,0.5610200364298725,0.5432878179005295
0.2697749346283152,0.5610200364298725,0.5432795866281439
0.2697749346283152,0.5611067742215283,0.5432720273918674
0.2699150168098618,0.5611067742215283,0.5432275284523376
0.2699150168098618,0.5611935120131841,0.5432153966016104
0.2699383638401195,0.5611935120131841,0.5432137238943415
0.2699383638401195,0.5612802498048399,0.5432119357139542
0.2700550989914083,0.5612802498048399,0.543147638974923
0.2700550989914083,0.5613669875964958,0.5431455229421327
0.2701017930519238,0.5613669875964958,0.5431297155901479
0.2701017930519238,0.5615404631798074,0.543128149128262
0.2701718341426971,0.5615404631798074,0.5430849196179014
0.2701718341426971,0.561713938763119,0.5430381900799917
0.2702418752334703,0.561713938763119,0.5430015329496756
0.2702418752334703,0.561800676554775,0.5429973531991763
0.270265222263728,0.561800676554775,0.5429775030221234
0.270265222263728,0.5618874143464307,0.5429705265637204
0.2702885692939858,0.5618874143464307,0.5429665311912109
0.2702885692939858,0.5619741521380865,0.5429513318463739
0.270358610384759,0.5619741521380865,0.5429243643024799
0.270358610384759,0.5620608899297423,0.542915620594002
0.2703819574150168,0.5620608899297423,0.5429154991988712
0.2703819574150168,0.5621476277213983,0.5429037687960951
0.2704053044452745,0.5621476277213983,0.5429003199339856
0.2704053044452745,0.5622343655130541,0.5428864083434375
0.27045199850579,0.5622343655130541,0.542857457526274
0.27045199850579,0.5623211033047099,0.5428469138940479
0.2707321628688831,0.5623211033047099,0.5427544956104928
0.2707321628688831,0.5625813166796774,0.5427318561456773
0.2708955920806873,0.5625813166796774,0.5426592720267094
0.2708955920806873,0.5626680544713332,0.5426365985619044
0.2709422861412028,0.5626680544713332,0.5426306516390318
0.2709422861412028,0.562754792262989,0.5426182216559847
0.2711290623832648,0.562754792262989,0.5425522758226512
0.2711290623832648,0.5629282678463007,0.5425157192021925
0.2711524094135226,0.5629282678463007,0.5424998638518961
0.2711524094135226,0.5630150056379565,0.5424949265836867
0.2714325737766156,0.5630150056379565,0.5423378082210037
0.2714325737766156,0.5631017434296123,0.5423211408867468
0.2714792678371311,0.5631017434296123,0.5423073200722055
0.2714792678371311,0.5632752190129239,0.5422965063306968
0.2716193500186776,0.5632752190129239,0.5421799051578928
0.2716193500186776,0.5633619568045798,0.5421746270816181
0.2716660440791931,0.5633619568045798,0.5421551909396949
0.2716660440791931,0.5634486945962356,0.5421485451133813
0.2717127381397086,0.5634486945962356,0.5421133558851132
0.2717127381397086,0.5635354323878914,0.5421023783124388
0.2717827792304819,0.5635354323878914,0.5420685979809836
0.2717827792304819,0.5636221701795472,0.5420541281880014
0.2718528203212551,0.5636221701795472,0.5420135531079731
0.2718528203212551,0.5637089079712031,0.5419610871954522
0.2719228614120283,0.5637089079712031,0.5419441359217152
0.2719228614120283,0.5638823835545147,0.5419397775222408
0.2722030257751214,0.5638823835545147,0.5417899400832928
0.2722030257751214,0.5639691213461705,0.5417863383736222
0.2723431079566679,0.5639691213461705,0.5417545868744631
0.2723431079566679,0.5640558591378263,0.5417525020466492
0.2723898020171834,0.5640558591378263,0.5417221205208571
0.2723898020171834,0.564229334721138,0.5417193165157185
0.2724831901382144,0.564229334721138,0.5416648080807109
0.2724831901382144,0.5645762858877613,0.5416364878078527
0.2725298841987299,0.5645762858877613,0.5416170111514598
0.2725298841987299,0.5646630236794171,0.5416140014679212
0.2725532312289876,0.5646630236794171,0.5416009281535881
0.2725532312289876,0.5647497614710729,0.5415969453788125
0.2725765782592454,0.5647497614710729,0.541593605825275
0.2725765782592454,0.5650099748460404,0.5415547207697313
0.2726232723197609,0.5650099748460404,0.5415355691142084
0.2726232723197609,0.5650967126376962,0.5415348627513873
0.2727166604407919,0.5650967126376962,0.5415192680967551
0.2727166604407919,0.5652701882210079,0.5414912895206121
0.2728567426223384,0.5652701882210079,0.5414041469023699
0.2728567426223384,0.5653569260126637,0.541388819973377
0.2729267837131117,0.5653569260126637,0.54136710341205
0.2729267837131117,0.5654436638043195,0.5413652266726539
0.2729968248038849,0.5654436638043195,0.5413367895159803
0.2729968248038849,0.565703877179287,0.5412762481932265
0.2732069480762047,0.565703877179287,0.5412276833134049
0.2732069480762047,0.5657906149709429,0.54122523330154
0.2732769891669779,0.5657906149709429,0.5411972661887015
0.2732769891669779,0.5658773527625987,0.5411863777088666
0.2734404183787822,0.5658773527625987,0.5410719910420208
0.2734404183787822,0.5659640905542545,0.5410587199873201
0.2735338064998132,0.5659640905542545,0.5409795268827161
0.2735338064998132,0.566224303929222,0.5409487879449071
0.273557153530071,0.566224303929222,0.5409233543853083
0.273557153530071,0.5664845173041895,0.5408928199078105
0.2735805005603287,0.5664845173041895,0.5408913940113729
0.2735805005603287,0.5667447306791569,0.5408629176740365
0.273650541651102,0.5667447306791569,0.5408370322080777
0.273650541651102,0.5668314684708128,0.5408345392775796
0.2737205827418752,0.5668314684708128,0.5407849823424029
0.2737205827418752,0.5669182062624686,0.5407700106391258
0.2738606649234217,0.5669182062624686,0.5407035515419398
0.2738606649234217,0.5670916818457802,0.5407008846053951
0.2739774000747105,0.5670916818457802,0.5406749035838319
0.2739774000747105,0.5674386330124035,0.5406337698093459
0.2741641763167725,0.5674386330124035,0.5405571232505237
0.2741641763167725,0.5675253708040593,0.5405477656071889
0.2742342174075458,0.5675253708040593,0.5405062078011632
0.2742342174075458,0.5676121085957152,0.5405005709487728
0.2742575644378035,0.5676121085957152,0.5404967023372154
0.2742575644378035,0.567698846387371,0.540491023865565
0.2743276055285767,0.567698846387371,0.5404565552355053
0.2743276055285767,0.5677855841790268,0.5404550669173356
0.2743742995890922,0.5677855841790268,0.540449542345306
0.2743742995890922,0.5678723219706826,0.5404473104945176
0.27439764661935,0.5678723219706826,0.5404249574481172
0.27439764661935,0.5679590597623384,0.5404080342808755
0.2747011580127008,0.5679590597623384,0.5402035925692574
0.2747011580127008,0.5680457975539943,0.540187460339022
0.2747245050429585,0.5680457975539943,0.5401798752989262
0.2747245050429585,0.5681325353456501,0.5401598255138065
0.274864587224505,0.5681325353456501,0.5400845794889615
0.274864587224505,0.5682192731373059,0.5400652180209274
0.2749112812850205,0.5682192731373059,0.540056173847369
0.2749112812850205,0.5683060109289617,0.5400549810871653
0.2749346283152783,0.5683060109289617,0.540038244359188
0.2749346283152783,0.5683927487206176,0.5400336493629903
0.2749813223757938,0.5683927487206176,0.5400246168462113
0.2749813223757938,0.5684794865122734,0.5400234113751285
0.275051363466567,0.5684794865122734,0.5399967318446106
0.275051363466567,0.568652962095585,0.5399905393285502
0.2750980575270825,0.568652962095585,0.5399857375653845
0.2750980575270825,0.5687396998872408,0.5399605481942664
0.275144751587598,0.5687396998872408,0.5399536854219184
0.275144751587598,0.5688264376788967,0.5399515990034177
0.2751680986178558,0.5688264376788967,0.5399466939641907
0.2751680986178558,0.5689131754705525,0.5399408923580797
0.2751914456481135,0.5689131754705525,0.5399313557373191
0.2751914456481135,0.5689999132622083,0.539923440983727
0.275238139708629,0.5689999132622083,0.5399019523231943
0.275238139708629,0.5690866510538641,0.5399011194851093
0.2752848337691446,0.5690866510538641,0.5398577531591506
0.2752848337691446,0.5692601266371758,0.5398569872984629
0.2753315278296601,0.5692601266371758,0.5398535626908755
0.2753315278296601,0.5694336022204874,0.5398478899641181
0.2753548748599178,0.5694336022204874,0.5398414450893803
0.2753548748599178,0.5695203400121432,0.539840582978663
0.2754482629809488,0.5695203400121432,0.5397823809763256
0.2754482629809488,0.5696070778037992,0.5397791903093122
0.2754716100112065,0.5696070778037992,0.5397719914712221
0.2754716100112065,0.569693815595455,0.5397709789082119
0.275611692192753,0.569693815595455,0.5397131954485624
0.275611692192753,0.5697805533871108,0.5397034456630427
0.2756350392230108,0.5697805533871108,0.5397007690930496
0.2756350392230108,0.5698672911787666,0.5397002173281585
0.2758685095255883,0.5698672911787666,0.5396328212316652
0.2758685095255883,0.5701275045537341,0.539610330330645
0.2759852446768771,0.5701275045537341,0.539554792761197
0.2759852446768771,0.5702142423453899,0.5395344877237294
0.2760786327979081,0.5702142423453899,0.539483504328329
0.2760786327979081,0.5703009801370457,0.5394800932473895
0.2761019798281658,0.5703009801370457,0.5394607554209672
0.2761019798281658,0.5703877179287016,0.5394566801114855
0.2761253268584236,0.5703877179287016,0.539438942569293
0.2761253268584236,0.5704744557203574,0.5394178180629678
0.2761486738886813,0.5704744557203574,0.5394103334732868
0.2761486738886813,0.5705611935120132,0.5394052075824234
0.2761720209189391,0.5705611935120132,0.5393885158483251
0.2761720209189391,0.570647931303669,0.53937764092827
0.2762654090399701,0.570647931303669,0.5393453996890232
0.2762654090399701,0.5708214068869807,0.5393235421655249
0.2763121031004856,0.5708214068869807,0.5392821814636752
0.2763121031004856,0.5709081446786365,0.5392725661324504
0.2763354501307433,0.5709081446786365,0.5392703521494313
0.2763354501307433,0.5709948824702923,0.5392634280349002
0.2763821441912589,0.5709948824702923,0.5392608445018751
0.2763821441912589,0.5710816202619481,0.539251076831289
0.2764288382517744,0.5710816202619481,0.5392388150002925
0.2764288382517744,0.5712550958452598,0.5392285372823045
0.2765222263728054,0.5712550958452598,0.5391541262869224
0.2765222263728054,0.5713418336369156,0.5391403000640667
0.2765689204333209,0.5713418336369156,0.539127154371976
0.2765689204333209,0.5715153092202273,0.5391053967069518
0.2766856555846096,0.5715153092202273,0.5390645375294183
0.2766856555846096,0.5716020470118831,0.5390517701270033
0.2768023907358984,0.5716020470118831,0.5390254885363268
0.2768023907358984,0.5717755225951947,0.5389824245560058
0.2768957788569294,0.5717755225951947,0.5389275185031223
0.2768957788569294,0.5718622603868505,0.53892507695171
0.2769191258871871,0.5718622603868505,0.5389213068037302
0.2769191258871871,0.5719489981785064,0.5389208671001592
0.2771059021292492,0.5719489981785064,0.5387913508187883
0.2771059021292492,0.5720357359701622,0.5387901798785023
0.2772926783713111,0.5720357359701622,0.538690184243447
0.2772926783713111,0.572122473761818,0.5386822325038523
0.2773627194620844,0.572122473761818,0.5386436900648304
0.2773627194620844,0.5722959493451296,0.538629311494844
0.2775728427344042,0.5722959493451296,0.5385816326332131
0.2775728427344042,0.5723826871367855,0.5385766289111074
0.2775961897646619,0.5723826871367855,0.5385693161005369
0.2775961897646619,0.5724694249284413,0.5385474019564827
0.2777362719462084,0.5724694249284413,0.5384810117068418
0.2777362719462084,0.5727296383034088,0.5384599700348629
0.2778063130369817,0.5727296383034088,0.5384344944787902
0.2778063130369817,0.5728163760950646,0.5384273643727312
0.2778296600672394,0.5728163760950646,0.5384247261864967
0.2778296600672394,0.5729031138867204,0.5384110996764819
0.2780164363093014,0.5729031138867204,0.5383521957817368
0.2780164363093014,0.573076589470032,0.5383258288410183
0.2780397833395592,0.573076589470032,0.5383044598780342
0.2780397833395592,0.5732500650533437,0.5382824487144537
0.2781331714605902,0.5732500650533437,0.5382360716186863
0.2781331714605902,0.5733368028449995,0.5382277489172873
0.2782966006723945,0.5733368028449995,0.5381701223436863
0.2782966006723945,0.5734235406366553,0.5381623170373773
0.278623459096003,0.5734235406366553,0.5380111329776234
0.278623459096003,0.5735102784283113,0.5380074764700162
0.2786468061262607,0.5735102784283113,0.538006902895489
0.2786468061262607,0.5735970162199671,0.5380065694451943
0.2786935001867762,0.5735970162199671,0.5379937404711022
0.2786935001867762,0.5736837540116229,0.5379907969501498
0.2787635412775495,0.5736837540116229,0.5379430446111143
0.2787635412775495,0.5738572295949345,0.5379223737639185
0.2787868883078072,0.5738572295949345,0.5379025087256677
0.2787868883078072,0.5740307051782462,0.5378961391768753
0.2788569293985805,0.5740307051782462,0.5378580993293423
0.2788569293985805,0.5742909185532137,0.5378197042530173
0.2790203586103847,0.5742909185532137,0.5377231577562621
0.2790203586103847,0.5743776563448695,0.5377225839000213
0.2791137467314157,0.5743776563448695,0.537670050058455
0.2791137467314157,0.5745511319281811,0.5376585801032177
0.2792304818827045,0.5745511319281811,0.5376196193546448
0.2792304818827045,0.5747246075114928,0.5376162886909597
0.27927717594322,0.5747246075114928,0.5375625162004021
0.27927717594322,0.5748113453031486,0.5375500041714366
0.279370564064251,0.5748113453031486,0.5374860388861611
0.279370564064251,0.5748980830948044,0.5374842182210795
0.2795339932760552,0.5748980830948044,0.5374211134050226
0.2795339932760552,0.5750715586781161,0.5374093055709799
0.279650728427344,0.5750715586781161,0.5373452696753414
0.279650728427344,0.5753317720530835,0.5373078111357038
0.2796740754576018,0.5753317720530835,0.5372896762522735
0.2796740754576018,0.575591985428051,0.5372828730608632
0.2796974224878595,0.575591985428051,0.5372620356480133
0.2796974224878595,0.5756787232197068,0.5372363333284156
0.279744116548375,0.5756787232197068,0.5372295103876359
0.279744116548375,0.5757654610113626,0.5372214046812127
0.2799542398206948,0.5757654610113626,0.5371193098359106
0.2799542398206948,0.5758521988030185,0.5370976499271488
0.2800476279417258,0.5758521988030185,0.5370672982627669
0.2800476279417258,0.5763726255529534,0.5369550530277705
0.2801410160627568,0.5763726255529534,0.5368938675530615
0.2801410160627568,0.5764593633446092,0.5368932342170367
0.2801877101232723,0.5764593633446092,0.5368845149752911
0.2801877101232723,0.576546101136265,0.5368797008563766
0.2802577512140455,0.576546101136265,0.5368570799644954
0.2802577512140455,0.5769797900945441,0.5367893419943778
0.280304445274561,0.5769797900945441,0.5367720205296722
0.280304445274561,0.5770665278862,0.5367701941974286
0.2803277923048188,0.5770665278862,0.5367647313955473
0.2803277923048188,0.5774134790528234,0.5367366704062961
0.2804211804258498,0.5774134790528234,0.536709018187032
0.2804211804258498,0.5775002168444792,0.5367066067966264
0.2804445274561076,0.5775002168444792,0.5366792353567124
0.2804445274561076,0.577586954636135,0.5366787102682877
0.2805612626073963,0.577586954636135,0.536628680072659
0.2805612626073963,0.5776736924277908,0.5366255779716484
0.2806079566679118,0.5776736924277908,0.536596996726943
0.2806079566679118,0.5779339058027583,0.5365694219099281
0.2807013447889428,0.5779339058027583,0.5365345342312352
0.2807013447889428,0.5781941191777258,0.5364759507020922
0.2810515502428091,0.5781941191777258,0.5363507902307518
0.2810515502428091,0.5782808569693816,0.5363467017156927
0.2812383264848711,0.5782808569693816,0.536291964290246
0.2812383264848711,0.5783675947610374,0.5362900879600757
0.2813784086664176,0.5783675947610374,0.5361891678684182
0.2813784086664176,0.5784543325526932,0.5361874471234608
0.2815418378782219,0.5784543325526932,0.5361205275375154
0.2815418378782219,0.578541070344349,0.5361194548783161
0.2817753081807994,0.578541070344349,0.5359597027070955
0.2817753081807994,0.5786278081360049,0.5359567304083939
0.2820087784833769,0.5786278081360049,0.5358332824924058
0.2820087784833769,0.5787145459276607,0.5357948724602927
0.2820321255136346,0.5787145459276607,0.5357825273816306
0.2820321255136346,0.5788012837193165,0.5357781524551395
0.2820554725438924,0.5788012837193165,0.5357499645937529
0.2820554725438924,0.5788880215109723,0.5357243845568658
0.2821722076951812,0.5788880215109723,0.535651369796524
0.2821722076951812,0.579061497094284,0.5356510416815812
0.2822889428464699,0.579061497094284,0.5356271848538536
0.2822889428464699,0.5791482348859398,0.5356194177480926
0.2823823309675009,0.5791482348859398,0.5356001529388579
0.2823823309675009,0.5792349726775956,0.5355725085003391
0.2825457601793052,0.5792349726775956,0.5355115718828776
0.2825457601793052,0.5793217104692514,0.5354953872288033
0.2825691072095629,0.5793217104692514,0.5354785533787709
0.2825691072095629,0.5794951860525631,0.5354651377090061
0.2826158012700784,0.5794951860525631,0.5354363363594128
0.2826158012700784,0.5795819238442189,0.5354144094539676
0.2826624953305939,0.5795819238442189,0.5353833544512485
0.2826624953305939,0.5796686616358747,0.5353734541787402
0.2827325364213672,0.5796686616358747,0.535363566269538
0.2827325364213672,0.5797553994275306,0.5353274848374202
0.2827792304818827,0.5797553994275306,0.5352904784263905
0.2827792304818827,0.5798421372191864,0.535274814175732
0.2828492715726559,0.5798421372191864,0.535243231112631
0.2828492715726559,0.580015612802498,0.5352320569098155
0.2828959656331715,0.580015612802498,0.5352206438359466
0.2828959656331715,0.5801023505941538,0.5352201469227398
0.2829893537542025,0.5801023505941538,0.5351464140470417
0.2829893537542025,0.5801890883858097,0.5351340069542059
0.2832228240567799,0.5801890883858097,0.5350570494437866
0.2832228240567799,0.5802758261774655,0.5350283538721661
0.2832461710870377,0.5802758261774655,0.5350201572524076
0.2832461710870377,0.5803625639691213,0.5350182588029508
0.283316212177811,0.5803625639691213,0.5349440331440731
0.283316212177811,0.5804493017607771,0.5349426995893662
0.283409600298842,0.5804493017607771,0.534914751325149
0.283409600298842,0.580536039552433,0.5349069145424881
0.2834329473290997,0.580536039552433,0.5348935286913159
0.2834329473290997,0.5806227773440888,0.5348880591119995
0.2835263354501307,0.5806227773440888,0.5348665736090101
0.2835263354501307,0.5807095151357446,0.5348399835483262
0.2836197235711618,0.5807095151357446,0.5347942940777153
0.2836197235711618,0.5807962529274004,0.5347820471150617
0.2839232349645125,0.5807962529274004,0.534582179011674
0.2839232349645125,0.5809697285107122,0.5345723721899833
0.284063317146059,0.5809697285107122,0.5345071008815357
0.284063317146059,0.5812299418856796,0.5344939976249048
0.28415670526709,0.5812299418856796,0.5344479968667555
0.28415670526709,0.5813166796773355,0.5344411420049447
0.2842267463578632,0.5813166796773355,0.5344261772976104
0.2842267463578632,0.5814034174689913,0.5343934915607352
0.2842734404183787,0.5814034174689913,0.5343893477918888
0.2842734404183787,0.5814901552606471,0.5343719397035281
0.284343481509152,0.5814901552606471,0.5343109496044152
0.284343481509152,0.5815768930523029,0.5343016763136139
0.284530257751214,0.5815768930523029,0.5342476172080078
0.284530257751214,0.5816636308439587,0.5342406836124629
0.284623645872245,0.5816636308439587,0.5342171526923
0.284623645872245,0.5817503686356146,0.5342170047031257
0.2846469929025028,0.5817503686356146,0.5342046531870029
0.2846469929025028,0.5818371064272704,0.5341867053020402
0.2846703399327605,0.5818371064272704,0.5341807531629207
0.2846703399327605,0.582010582010582,0.5341393738946545
0.2849738513261113,0.582010582010582,0.5340349659067445
0.2849738513261113,0.5822707953855495,0.533970058103239
0.2850672394471423,0.5822707953855495,0.5339525838426382
0.2850672394471423,0.582531008760517,0.5339030274585149
0.2851139335076578,0.582531008760517,0.5338635270725371
0.2851139335076578,0.5828779599271403,0.5338360956771999
0.2851372805379156,0.5828779599271403,0.5338285227917476
0.2851372805379156,0.5829646977187961,0.533818554310683
0.2853007097497198,0.5829646977187961,0.5337513128373886
0.2853007097497198,0.5830514355104519,0.5337511657166167
0.285370750840493,0.5830514355104519,0.5337253268898757
0.285370750840493,0.5831381733021077,0.5337208174426189
0.2854174449010085,0.5831381733021077,0.5337161902467464
0.2854174449010085,0.5832249110937635,0.5336893132766138
0.2855341800522973,0.5832249110937635,0.5336334132275848
0.2855341800522973,0.5833983866770752,0.5336146304652652
0.2855808741128128,0.5833983866770752,0.5336108737607744
0.2855808741128128,0.583485124468731,0.5335977409207555
0.2856742622338438,0.583485124468731,0.5334869941501643
0.2856742622338438,0.5835718622603868,0.5334574214457091
0.2858610384759059,0.5835718622603868,0.5333932907856371
0.2858610384759059,0.5836586000520426,0.533389213640272
0.2862812850205454,0.5836586000520426,0.5332059596583959
0.2862812850205454,0.5837453378436985,0.533204421364327
0.2863980201718341,0.5837453378436985,0.5331606459962034
0.2863980201718341,0.5838320756353543,0.5331586995693758
0.2864447142323496,0.5838320756353543,0.5331180063537142
0.2864447142323496,0.5840055512186659,0.5331025387739607
0.2864680612626074,0.5840055512186659,0.5331014227704614
0.2864680612626074,0.5840922890103218,0.5330948773822825
0.2864914082928651,0.5840922890103218,0.533091441961814
0.2864914082928651,0.5842657645936334,0.533085506850399
0.2865381023533807,0.5842657645936334,0.5330588036303765
0.2865381023533807,0.5843525023852892,0.53305769332807
0.2867015315651849,0.5843525023852892,0.5329986977474842
0.2867015315651849,0.584525977968601,0.5329894722681985
0.2867482256257004,0.584525977968601,0.5329626919470456
0.2867482256257004,0.5846127157602568,0.5329515973812093
0.2867949196862159,0.5846127157602568,0.5329173839399213
0.2867949196862159,0.5848729291352243,0.5328716928525943
0.2868182667164736,0.5848729291352243,0.5328671795739658
0.2868182667164736,0.5849596669268801,0.5328513563813002
0.2869816959282779,0.5849596669268801,0.5327916324693527
0.2869816959282779,0.5850464047185359,0.5327890205553185
0.2872151662308554,0.5850464047185359,0.5326501681930933
0.2872151662308554,0.5851331425101917,0.5326329383289728
0.2872852073216287,0.5851331425101917,0.5326135139498975
0.2872852073216287,0.5852198803018475,0.5326074838283374
0.2873319013821442,0.5852198803018475,0.532577037795853
0.2873319013821442,0.5853066180935034,0.5325520929192187
0.2874019424729174,0.5853066180935034,0.5324849494202515
0.2874019424729174,0.5853933558851592,0.5324772832775724
0.2874252895031752,0.5853933558851592,0.5324767113414988
0.2874252895031752,0.585480093676815,0.5324728961036771
0.2875653716847217,0.585480093676815,0.5324302117621638
0.2875653716847217,0.5856535692601267,0.5324200586444376
0.2877988419872992,0.5856535692601267,0.5323222090351748
0.2877988419872992,0.5857403070517825,0.5323177028020658
0.2878922301083302,0.5857403070517825,0.5322447094955378
0.2878922301083302,0.5858270448434383,0.5322307378857885
0.2880790063503922,0.5858270448434383,0.5321405788399178
0.2880790063503922,0.5859137826350941,0.5321400694924538
0.2881257004109077,0.5859137826350941,0.5321271398988027
0.2881257004109077,0.5860005204267499,0.5320965670354718
0.288195741501681,0.5860005204267499,0.532072470063627
0.288195741501681,0.5861739960100616,0.5320535737705547
0.2882190885319387,0.5861739960100616,0.5320311216845753
0.2882190885319387,0.5862607338017174,0.5320286379883954
0.2882657825924542,0.5862607338017174,0.5320078347481109
0.2882657825924542,0.5863474715933732,0.5319546679331608
0.2883124766529697,0.5863474715933732,0.5319329714066524
0.2883124766529697,0.5864342093850291,0.5319045183573591
0.2883358236832275,0.5864342093850291,0.5318987681236196
0.2883358236832275,0.5865209471766849,0.5318888968241338
0.288382517743743,0.5865209471766849,0.5318615449374229
0.288382517743743,0.5866076849683407,0.5318368693945631
0.2884292118042585,0.5866076849683407,0.5318054893053976
0.2884292118042585,0.5866944227599965,0.531792940394533
0.2884525588345162,0.5866944227599965,0.5317692336982083
0.2884525588345162,0.5868678983433082,0.5317585462630655
0.288569293985805,0.5868678983433082,0.5317073177482401
0.288569293985805,0.586954636134964,0.5317065484680515
0.2886159880463205,0.586954636134964,0.5316832375744555
0.2886159880463205,0.5870413739266198,0.5316520009621706
0.2886393350765782,0.5870413739266198,0.5316373422513876
0.2886393350765782,0.5873015873015873,0.5316267277792078
0.2886860291370937,0.5873015873015873,0.5315707778478989
0.2886860291370937,0.5873883250932431,0.5315674559694157
0.2887093761673515,0.5873883250932431,0.5315618671270551
0.2887093761673515,0.5874750628848989,0.531553238355289
0.2888027642883825,0.5874750628848989,0.5315250702563212
0.2888027642883825,0.5876485384682106,0.5315147263043347
0.2889194994396712,0.5876485384682106,0.53147854760197
0.2889194994396712,0.5877352762598664,0.5314750513649044
0.2890595816212177,0.5877352762598664,0.5313918682907531
0.2890595816212177,0.587908751843178,0.5313787732237472
0.2890829286514755,0.587908751843178,0.5313721887638311
0.2890829286514755,0.587995489634834,0.5313644238048237
0.2891062756817333,0.587995489634834,0.531364109465832
0.2891062756817333,0.5882557030098013,0.5313099635693371
0.2891996638027643,0.5882557030098013,0.5311753108729367
0.2891996638027643,0.5883424408014571,0.5311690689982559
0.2892463578632798,0.5883424408014571,0.5311360480306162
0.2892463578632798,0.5884291785931131,0.5310989024546471
0.289316398954053,0.5884291785931131,0.5310929963004707
0.289316398954053,0.5885159163847689,0.5310920111891707
0.2893864400448263,0.5885159163847689,0.5310640373321275
0.2893864400448263,0.5886026541764247,0.5310596475293401
0.2896199103474038,0.5886026541764247,0.5309548800440919
0.2896199103474038,0.5887761297597364,0.5309510376306082
0.2896432573776615,0.5887761297597364,0.5309450761632917
0.2896432573776615,0.5888628675513922,0.5309432474236704
0.2897366454986925,0.5888628675513922,0.5309064762804618
0.2897366454986925,0.588949605343048,0.5308838447277403
0.289783339559208,0.588949605343048,0.5308635262823969
0.289783339559208,0.5890363431347038,0.5308605128671382
0.2898066865894658,0.5890363431347038,0.5308534898816224
0.2898066865894658,0.5891230809263596,0.5308481101883991
0.2900401568920433,0.5891230809263596,0.5307657717981686
0.2900401568920433,0.5892098187180155,0.5307364041249227
0.2901335450130743,0.5892098187180155,0.530697828709696
0.2901335450130743,0.5892965565096713,0.5306892494610294
0.2905304445274561,0.5892965565096713,0.5304683922449807
0.2905304445274561,0.5893832943013271,0.5304683525916959
0.2906004856182294,0.5893832943013271,0.5304283243844059
0.2906004856182294,0.5894700320929829,0.5304275603795325
0.2906471796787448,0.5894700320929829,0.5304076024377407
0.2906471796787448,0.5895567698846388,0.5303936613552893
0.2906938737392603,0.5895567698846388,0.530390156284768
0.2906938737392603,0.5896435076762946,0.5303720385135728
0.2907172207695181,0.5896435076762946,0.5303598721569047
0.2907172207695181,0.5897302454679504,0.5303421943239379
0.2907872618602913,0.5897302454679504,0.5303223737730124
0.2907872618602913,0.5898169832596062,0.5303212175428038
0.2908573029510646,0.5898169832596062,0.5302327889803653
0.2908573029510646,0.5899904588429179,0.5302271570678692
0.2908806499813224,0.5899904588429179,0.5302247857033138
0.2908806499813224,0.5900771966345737,0.5302232893482333
0.2909273440418379,0.5900771966345737,0.5301470934674186
0.2909273440418379,0.5902506722178853,0.5301432634436872
0.2909506910720956,0.5902506722178853,0.530134647674951
0.2909506910720956,0.5903374100095412,0.530132104393218
0.2910440791931266,0.5903374100095412,0.5300656691823414
0.2910440791931266,0.5905976233845086,0.5300516714677577
0.2911608143444154,0.5905976233845086,0.5300003044516399
0.2911608143444154,0.5906843611761644,0.5299879300449282
0.2911841613746731,0.5906843611761644,0.5299727605392653
0.2911841613746731,0.5908578367594761,0.5299606446929994
0.2915110197982816,0.5908578367594761,0.5298521917600341
0.2915110197982816,0.5910313123427877,0.5298383529471091
0.2915343668285394,0.5910313123427877,0.5298290644823194
0.2915343668285394,0.5912047879260994,0.5298213462694741
0.2920246544639522,0.5912047879260994,0.5295510415456858
0.2920246544639522,0.5912915257177552,0.5295441121913071
0.2920713485244677,0.5912915257177552,0.5295365604390168
0.2920713485244677,0.591378263509411,0.5295316627099284
0.2920946955547254,0.591378263509411,0.5295186865675372
0.2920946955547254,0.5914650013010668,0.5295081905041854
0.2923281658573029,0.5914650013010668,0.5293933169040275
0.2923281658573029,0.5915517390927227,0.5293770203907351
0.2923515128875607,0.5915517390927227,0.5293713913762035
0.2923515128875607,0.5916384768843785,0.5293704048458427
0.2925616361598804,0.5916384768843785,0.5292757643861628
0.2925616361598804,0.5918119524676901,0.5292459094208961
0.2926783713111692,0.5918119524676901,0.5292061743551486
0.2926783713111692,0.5919854280510018,0.52918130373798
0.292701718341427,0.5919854280510018,0.529174564638192
0.292701718341427,0.5920721658426576,0.5291529903759369
0.292888494583489,0.5920721658426576,0.5290853186552171
0.292888494583489,0.5921589036343134,0.5290709609554036
0.2929818827045199,0.5921589036343134,0.5290223146191997
0.2929818827045199,0.5922456414259692,0.5290162196907544
0.2930052297347777,0.5922456414259692,0.5290067690838735
0.2930052297347777,0.592419117009281,0.5290028183832692
0.2930519237952932,0.592419117009281,0.5289781420872165
0.2930519237952932,0.5928528059675601,0.5289553028331122
0.2930986178558087,0.5928528059675601,0.5289123502074102
0.2930986178558087,0.5930262815508717,0.5288959024427174
0.2931453119163242,0.5930262815508717,0.5288597114704771
0.2931453119163242,0.5931130193425276,0.5288532426989223
0.293168658946582,0.5931130193425276,0.5288499807466652
0.293168658946582,0.5931997571341834,0.528845754156953
0.2932153530070975,0.5931997571341834,0.5288366894764596
0.2932153530070975,0.5932864949258392,0.5288195222666575
0.2932387000373552,0.5932864949258392,0.5288122318238915
0.2932387000373552,0.5935467083008067,0.5287975680836189
0.2932853940978707,0.5935467083008067,0.5287768603585428
0.2932853940978707,0.5936334460924625,0.5287611613411507
0.2934721703399328,0.5936334460924625,0.5286715260381845
0.2934721703399328,0.5937201838841183,0.5286649251758315
0.293635599551737,0.5937201838841183,0.5285661459352805
0.293635599551737,0.5938069216757741,0.5285604205613448
0.2937990287635413,0.5938069216757741,0.5284602926949116
0.2937990287635413,0.59389365946743,0.5284520407767108
0.293822375793799,0.59389365946743,0.5284518911632508
0.293822375793799,0.5939803972590858,0.5284466980702022
0.2938457228240568,0.5939803972590858,0.5284402127182566
0.2938457228240568,0.5941538728423974,0.5284146800865948
0.2938690698543145,0.5941538728423974,0.5284112496936404
0.2938690698543145,0.5942406106340533,0.5283941049948854
0.294009152035861,0.5942406106340533,0.5283774743743453
0.294009152035861,0.5943273484257091,0.5283678315139295
0.2940324990661188,0.5943273484257091,0.5283515073636865
0.2940324990661188,0.5945875618006765,0.5283101209826848
0.2940791931266343,0.5945875618006765,0.5282855423103971
0.2940791931266343,0.5946742995923324,0.5282721044199152
0.2942192753081808,0.5946742995923324,0.5282439979199929
0.2942192753081808,0.5947610373839882,0.5282363530266506
0.2943126634292118,0.5947610373839882,0.5281968520178995
0.2943126634292118,0.594847775175644,0.5281768508463804
0.2943593574897273,0.594847775175644,0.528173028220843
0.2943593574897273,0.5949345129672998,0.528154461789192
0.294476092641016,0.5949345129672998,0.5280611464568876
0.294476092641016,0.5951079885506115,0.5280374677936689
0.2946161748225626,0.5951079885506115,0.5279528486957856
0.2946161748225626,0.5952814641339231,0.5279278683573974
0.2946395218528203,0.5952814641339231,0.5278847973169979
0.2946395218528203,0.5954549397172348,0.5278249891543065
0.2948262980948823,0.5954549397172348,0.5277134532577759
0.2948262980948823,0.5955416775088906,0.5277018780491244
0.29484964512514,0.5955416775088906,0.5276976274921916
0.29484964512514,0.5957151530922022,0.5276682620451238
0.2948963391856556,0.5957151530922022,0.5276617281024457
0.2948963391856556,0.595801890883858,0.5276434797314191
0.2949897273066866,0.595801890883858,0.5276088984298242
0.2949897273066866,0.595888628675514,0.5276079937862663
0.2950364213672021,0.595888628675514,0.5275903912741476
0.2950364213672021,0.5959753664671698,0.5275806505580988
0.2953165857302951,0.5959753664671698,0.5274038477290828
0.2953165857302951,0.5960621042588256,0.5273846320872779
0.2954333208815838,0.5960621042588256,0.5273486766116597
0.2954333208815838,0.5961488420504814,0.5273362773187349
0.2954566679118416,0.5961488420504814,0.5273267198767502
0.2954566679118416,0.5962355798421373,0.5272999628963058
0.2955734030631303,0.5962355798421373,0.5272727470512002
0.2955734030631303,0.5963223176337931,0.5272624407140234
0.2955967500933881,0.5963223176337931,0.5272547131252446
0.2955967500933881,0.5964090554254489,0.5272527235408795
0.2956667911841614,0.5964090554254489,0.527174332246169
0.2956667911841614,0.5964957932171047,0.5271725664814508
0.2958769144564811,0.5964957932171047,0.5270812809690032
0.2958769144564811,0.5965825310087605,0.5270792680209646
0.2959236085169966,0.5965825310087605,0.5270676641460683
0.2959236085169966,0.5966692688004164,0.527062403844609
0.2960403436682854,0.5966692688004164,0.5270031664857847
0.2960403436682854,0.596842744383728,0.5269724363655406
0.2961804258498319,0.596842744383728,0.5269044352107958
0.2961804258498319,0.5969294821753838,0.5269032686496387
0.2962037728800896,0.5969294821753838,0.5269017069724353
0.2962037728800896,0.5970162199670397,0.5268944327573017
0.2962271199103474,0.5970162199670397,0.5268893763793978
0.2962271199103474,0.5971029577586955,0.5268869552910069
0.2963438550616362,0.5971029577586955,0.5268481242030036
0.2963438550616362,0.5971896955503513,0.5268453984866597
0.2964138961524094,0.5971896955503513,0.5268378724889571
0.2964138961524094,0.5972764333420071,0.5268320401860813
0.2965539783339559,0.5972764333420071,0.5267864118597824
0.2965539783339559,0.5973631711336629,0.5267801340623052
0.2966240194247291,0.5973631711336629,0.526755304834432
0.2966240194247291,0.5974499089253188,0.5267476564573187
0.2966473664549869,0.5974499089253188,0.5267456529616081
0.2966473664549869,0.5975366467169746,0.5267190710299944
0.2966707134852446,0.5975366467169746,0.5267186733890312
0.2966707134852446,0.5976233845086304,0.5267146490223589
0.2968341426970489,0.5976233845086304,0.5266562261304147
0.2968341426970489,0.5977968600919421,0.5266051771127743
0.2968808367575644,0.5977968600919421,0.5265979184301155
0.2968808367575644,0.5978835978835979,0.5265760977298372
0.2969275308180799,0.5978835978835979,0.5265567639996072
0.2969275308180799,0.5980570734669095,0.5265476939679608
0.2971143070601419,0.5980570734669095,0.5264910190862073
0.2971143070601419,0.5981438112585653,0.5264862986674248
0.2971376540903997,0.5981438112585653,0.5264783863237341
0.2971376540903997,0.598317286841877,0.5264528831539348
0.2972543892416884,0.598317286841877,0.5264069596843867
0.2972543892416884,0.5984040246335328,0.5263926714145155
0.2973010833022039,0.5984040246335328,0.5263829214501314
0.2973010833022039,0.5984907624251886,0.5263782424838268
0.2973477773627194,0.5984907624251886,0.526342088626111
0.2973477773627194,0.5985775002168445,0.5263325047975189
0.2975112065745237,0.5985775002168445,0.5262759629478335
0.2975112065745237,0.5986642380085003,0.5262737102755779
0.2976512887560702,0.5986642380085003,0.5262093602906677
0.2976512887560702,0.5987509758001561,0.5261953554669425
0.2976746357863279,0.5987509758001561,0.5261793641541441
0.2976746357863279,0.5988377135918119,0.5261771934091548
0.2977680239073589,0.5988377135918119,0.526137299407099
0.2977680239073589,0.5989244513834677,0.5261213980330212
0.2978147179678745,0.5989244513834677,0.5260994494655089
0.2978147179678745,0.5990111891751236,0.5260936539229679
0.2978380649981322,0.5990111891751236,0.5260753352278231
0.2978380649981322,0.5990979269667794,0.5260708167621961
0.298048188270452,0.5990979269667794,0.525980554164875
0.298048188270452,0.5991846647584352,0.525975028805989
0.2980948823309675,0.5991846647584352,0.5259534233274772
0.2980948823309675,0.599271402550091,0.5259431072027771
0.298141576391483,0.599271402550091,0.5259202908157319
0.298141576391483,0.599358140341747,0.5259188290771721
0.2982816585730295,0.599358140341747,0.5258985966085761
0.2982816585730295,0.5995316159250585,0.5258894194984427
0.2983050056032872,0.5995316159250585,0.5258768344826434
0.2983050056032872,0.5996183537167143,0.5258758827293974
0.298328352633545,0.5996183537167143,0.5258669617592329
0.298328352633545,0.5997050915083701,0.5258646072755857
0.2983516996638027,0.5997050915083701,0.5258609384222093
0.2983516996638027,0.5998785670916819,0.5258481755387299
0.2984450877848337,0.5998785670916819,0.5258259862949606
0.2984450877848337,0.5999653048833377,0.5258231505620146
0.2985618229361225,0.5999653048833377,0.5257758533140455
0.2985618229361225,0.6000520426749935,0.5257711329498589
0.2986318640268958,0.6000520426749935,0.5257440940596008
0.2986318640268958,0.6001387804666494,0.5257412265643759
0.2986552110571535,0.6001387804666494,0.5257296605099898
0.2986552110571535,0.6002255182583052,0.5257204763299682
0.2986785580874113,0.6002255182583052,0.5257180024611022
0.2986785580874113,0.6004857316332726,0.5257054941719113
0.2987485991781845,0.6004857316332726,0.5256687547790646
0.2987485991781845,0.6005724694249285,0.5256677958149046
0.2987719462084423,0.6005724694249285,0.5256640623004644
0.2987719462084423,0.6006592072165843,0.5256566897144085
0.298888681359731,0.6006592072165843,0.525629048866479
0.298888681359731,0.6007459450082401,0.5256208740642998
0.2991221516623085,0.6007459450082401,0.5254982697538404
0.2991221516623085,0.6008326827998959,0.5254981136318235
0.2992855808741128,0.6008326827998959,0.5254269358939299
0.2992855808741128,0.6009194205915518,0.5254237529751533
0.2994023160254015,0.6009194205915518,0.5253556410456144
0.2994023160254015,0.6010061583832076,0.5253556265989968
0.299542398206948,0.6010061583832076,0.5253027103743604
0.299542398206948,0.6010928961748634,0.5252993480114905
0.2996824803884946,0.6010928961748634,0.5252485573185508
0.2996824803884946,0.6011796339665192,0.5252348653255091
0.2997758685095256,0.6011796339665192,0.5251985698396255
0.2997758685095256,0.601266371758175,0.525190497859789
0.2998459096002988,0.601266371758175,0.5251771799136056
0.2998459096002988,0.6013531095498309,0.5251632393059193
0.2998692566305566,0.6013531095498309,0.5251585009082352
0.2998692566305566,0.6014398473414867,0.5251578746060829
0.2998926036608143,0.6014398473414867,0.5251522426497619
0.2998926036608143,0.6016133229247983,0.5251259619675898
0.2999859917818454,0.6016133229247983,0.5250904461581201
0.2999859917818454,0.6017000607164542,0.5250894814704157
0.3001494209936496,0.6017000607164542,0.5250091872260771
0.3001494209936496,0.60178679850811,0.5250060588163092
0.3002661561449383,0.60178679850811,0.5249651276410434
0.3002661561449383,0.6018735362997658,0.5249530279964194
0.3002895031751961,0.6018735362997658,0.5249117325468136
0.3002895031751961,0.6019602740914216,0.5249010832667703
0.3005696675382891,0.6019602740914216,0.5248187303976786
0.3005696675382891,0.6020470118830774,0.5247974378638458
0.3006397086290623,0.6020470118830774,0.5247619943937056
0.3006397086290623,0.6021337496747333,0.5247535300504146
0.3006630556593201,0.6021337496747333,0.5247484787718384
0.3006630556593201,0.6022204874663891,0.5247460765556176
0.3007097497198356,0.6022204874663891,0.5247121823500773
0.3007097497198356,0.6023072252580449,0.5247006420825596
0.3008731789316399,0.6023072252580449,0.5246191741566454
0.3008731789316399,0.6023939630497007,0.5246185150244769
0.3009432200224131,0.6023939630497007,0.5245981000303983
0.3009432200224131,0.6024807008413566,0.5245922452727346
0.3009899140829286,0.6024807008413566,0.524579962346665
0.3009899140829286,0.6025674386330124,0.5245765682213928
0.3010833022039597,0.6025674386330124,0.5245649271576769
0.3010833022039597,0.6026541764246682,0.524557513601791
0.3012467314157639,0.6026541764246682,0.5243884003450001
0.3012467314157639,0.6029143897996357,0.5243700422448367
0.3012934254762794,0.6029143897996357,0.5243489198599866
0.3012934254762794,0.6030011275912915,0.5243479924242036
0.3014101606275681,0.6030011275912915,0.5242873198636752
0.3014101606275681,0.603261340966259,0.5242737878223983
0.3014568546880837,0.603261340966259,0.524235036506054
0.3014568546880837,0.6033480787579149,0.5242247846439902
0.3015268957788569,0.6033480787579149,0.5241952473034667
0.3015268957788569,0.6034348165495707,0.5241829398291897
0.3015735898393724,0.6034348165495707,0.5241671748460301
0.3015735898393724,0.6035215543412265,0.5241662607968731
0.3016903249906612,0.6035215543412265,0.5241094232686768
0.3016903249906612,0.6036082921328823,0.5241061533515072
0.3017370190511766,0.6036082921328823,0.5240907415179361
0.3017370190511766,0.6036950299245382,0.5240834927080471
0.3020872245050429,0.6036950299245382,0.5239313924446203
0.3020872245050429,0.603781767716194,0.5239232389822808
0.3021572655958162,0.603781767716194,0.5238963645255531
0.3021572655958162,0.6038685055078498,0.5238867789959869
0.302180612626074,0.6038685055078498,0.5238834635062511
0.302180612626074,0.6039552432995056,0.5238735553859043
0.3022273066865895,0.6039552432995056,0.5238638824791386
0.3022273066865895,0.6040419810911615,0.5238518281713427
0.3023440418378782,0.6040419810911615,0.5238296807709555
0.3023440418378782,0.6041287188828173,0.5238001801817749
0.3024374299589092,0.6041287188828173,0.5237523088593986
0.3024374299589092,0.6043021944661289,0.5237351327398163
0.3026008591707135,0.6043021944661289,0.5236005616841382
0.3026008591707135,0.6043889322577847,0.5235969687789561
0.3026242062009712,0.6043889322577847,0.5235950055777946
0.3026242062009712,0.6044756700494406,0.5235875349047402
0.3026709002614867,0.6044756700494406,0.5235660796171036
0.3026709002614867,0.6046491456327522,0.5235567002163768
0.3027175943220022,0.6046491456327522,0.5235119053567237
0.3027175943220022,0.604735883424408,0.523499137216036
0.30274094135226,0.604735883424408,0.523496357568529
0.30274094135226,0.6049093590077197,0.5234944529560643
0.302834329473291,0.6049093590077197,0.5234444827816933
0.302834329473291,0.6050828345910313,0.5234359229062563
0.302927717594322,0.6050828345910313,0.5234004239617472
0.302927717594322,0.6051695723826871,0.523397175220373
0.303021105715353,0.6051695723826871,0.5233907079862347
0.303021105715353,0.605256310174343,0.523381447364891
0.3030444527456107,0.605256310174343,0.5233726871815119
0.3030444527456107,0.6054297857576546,0.5233514245509041
0.3031378408666417,0.6054297857576546,0.5233165411463954
0.3031378408666417,0.6055165235493104,0.5233148165815714
0.3032312289876727,0.6055165235493104,0.5232994522983738
0.3032312289876727,0.6056032613409662,0.5232881199866313
0.303394658199477,0.6056032613409662,0.523227359528011
0.303394658199477,0.6056899991326221,0.5232199293700369
0.3035113933507657,0.6056899991326221,0.5231658848508892
0.3035113933507657,0.6057767369242779,0.5231598919482353
0.303581434441539,0.6057767369242779,0.5231283236412475
0.303581434441539,0.6058634747159337,0.523124977081597
0.3036981695928278,0.6058634747159337,0.5230861197785058
0.3036981695928278,0.6060369502992454,0.5230239278166675
0.3037215166230855,0.6060369502992454,0.5230195265906096
0.3037215166230855,0.606210425882557,0.5229939080001549
0.3037448636533433,0.606210425882557,0.5229918020594213
0.3037448636533433,0.6063839014658686,0.522988012229276
0.303768210683601,0.6063839014658686,0.5229878062761697
0.303768210683601,0.6064706392575245,0.5229818608410204
0.3038849458348898,0.6064706392575245,0.5229046664244656
0.3038849458348898,0.6065573770491803,0.5228987022693125
0.3039082928651475,0.6065573770491803,0.5228843456189112
0.3039082928651475,0.6066441148408361,0.522870800057252
0.303954986925663,0.6066441148408361,0.5228665040087463
0.303954986925663,0.6069043282158036,0.5228100532279671
0.3039783339559208,0.6069043282158036,0.5227998770495663
0.3039783339559208,0.6069910660074594,0.5227783214514472
0.3040250280164363,0.6069910660074594,0.5227643272882673
0.3040250280164363,0.6070778037991152,0.522751950713451
0.3042818453492715,0.6070778037991152,0.5226263289463842
0.3042818453492715,0.607251279382427,0.5226074662035034
0.3044219275308181,0.607251279382427,0.522540045974728
0.3044219275308181,0.6074247549657386,0.5225358972816174
0.3044452745610758,0.6074247549657386,0.5225283819613921
0.3044452745610758,0.6075114927573944,0.5224824394743086
0.3044919686215913,0.6075114927573944,0.5224700220066352
0.3044919686215913,0.6075982305490503,0.522469900365407
0.3045853567426223,0.6075982305490503,0.5224425306965756
0.3045853567426223,0.6076849683407061,0.5224292734618327
0.3046320508031378,0.6076849683407061,0.5224074561895065
0.3046320508031378,0.6077717061323619,0.5223944225924535
0.3046787448636533,0.6077717061323619,0.5223790886571104
0.3046787448636533,0.6081186572989852,0.5223598394595199
0.3048188270451998,0.6081186572989852,0.5223154216341599
0.3048188270451998,0.608205395090641,0.5223096304056571
0.3048421740754576,0.608205395090641,0.5223078224923632
0.3048421740754576,0.6082921328822968,0.5223050760690034
0.3048655211057153,0.6082921328822968,0.5223021240534979
0.3048655211057153,0.6083788706739527,0.5223014039399114
0.3048888681359731,0.6083788706739527,0.5222722503284682
0.3048888681359731,0.6084656084656085,0.5222662234054514
0.3049822562570041,0.6084656084656085,0.5222444036309957
0.3049822562570041,0.6085523462572643,0.5222420766728257
0.3051223384385506,0.6085523462572643,0.5221773715007227
0.3051223384385506,0.6087258218405759,0.5221756825631129
0.3051690324990661,0.6087258218405759,0.5221528136230593
0.3051690324990661,0.6088992974238876,0.5221378538220703
0.3051923795293239,0.6088992974238876,0.5221318971938866
0.3051923795293239,0.6089860352155434,0.52209852652977
0.3053558087411281,0.6089860352155434,0.5219847297690376
0.3053558087411281,0.6090727730071992,0.5219776087384301
0.3054258498319014,0.6090727730071992,0.5219233086145555
0.3054258498319014,0.6091595107988551,0.5219229217380565
0.3056126260739634,0.6091595107988551,0.5218269287471392
0.3056126260739634,0.6095064619654783,0.5217956715114092
0.3056826671647366,0.6095064619654783,0.5217927303321876
0.3056826671647366,0.6099401509237575,0.5217454540933406
0.3061496077698917,0.6099401509237575,0.5215539124257164
0.3061496077698917,0.6101136265070691,0.5214873498807464
0.3063597310422114,0.6101136265070691,0.5214215603849806
0.3063597310422114,0.6102003642987249,0.5214120043853461
0.3064764661935001,0.6102003642987249,0.5213728301991167
0.3064764661935001,0.6103738398820366,0.5213578767846128
0.3064998132237579,0.6103738398820366,0.5213430087401489
0.3064998132237579,0.6104605776736924,0.5213399297291351
0.3065465072842734,0.6104605776736924,0.5213307622774469
0.3065465072842734,0.6105473154653482,0.5213046509378375
0.3067799775868509,0.6105473154653482,0.5211471882902003
0.3067799775868509,0.61072079104866,0.5211386676358396
0.3070134478894284,0.61072079104866,0.5210325530708049
0.3070134478894284,0.6108075288403157,0.5210225396565629
0.3070834889802017,0.6108075288403157,0.5210005070820529
0.3070834889802017,0.6108942666319715,0.5209981132888768
0.307340306313037,0.6108942666319715,0.5209277965565711
0.307340306313037,0.6109810044236273,0.5209244741808841
0.3074103474038102,0.6109810044236273,0.5208408681016379
0.3074103474038102,0.6110677422152831,0.5208312828660131
0.307433694434068,0.6110677422152831,0.5208306687498134
0.307433694434068,0.6111544800069391,0.5208225583722796
0.307527082555099,0.6111544800069391,0.520781268823339
0.307527082555099,0.6112412177985949,0.5207810667994662
0.3075971236458723,0.6112412177985949,0.5207564111761211
0.3075971236458723,0.6113279555902507,0.5207351957609073
0.3077372058274187,0.6113279555902507,0.5206630056628669
0.3077372058274187,0.6114146933819065,0.520660745853684
0.3077838998879342,0.6114146933819065,0.520636603216333
0.3077838998879342,0.6115014311735624,0.5206256881412459
0.307807246918192,0.6115014311735624,0.5206162085776909
0.307807246918192,0.611674906756874,0.5206084571433301
0.307994023160254,0.611674906756874,0.5205503143308667
0.307994023160254,0.6117616445485298,0.5205472532819306
0.3080173701905118,0.6117616445485298,0.5205349041063502
0.3080173701905118,0.6120218579234973,0.5205075186903294
0.3082274934628315,0.6120218579234973,0.5204535693411361
0.3082274934628315,0.6122820712984648,0.5204279601962315
0.3083208815838625,0.6122820712984648,0.5203657256476223
0.3083208815838625,0.6123688090901206,0.5203539277577889
0.3084142697048935,0.6123688090901206,0.5203195054952638
0.3084142697048935,0.6124555468817764,0.5203015801641508
0.3085076578259245,0.6124555468817764,0.5202719866340002
0.3085076578259245,0.6125422846734322,0.5202699301071472
0.3087411281285021,0.6125422846734322,0.5201714475184396
0.3087411281285021,0.612629022465088,0.5201642788899694
0.3087644751587598,0.612629022465088,0.5201545351501787
0.3087644751587598,0.6127157602567439,0.5201532005598519
0.3089512514008218,0.6127157602567439,0.5201289043678106
0.3089512514008218,0.6128024980483997,0.5201270802326516
0.3089745984310795,0.6128024980483997,0.5201204659047404
0.3089745984310795,0.6128892358400555,0.5200998283042116
0.3089979454613373,0.6128892358400555,0.5200858605214811
0.3089979454613373,0.6129759736317113,0.5200826144962611
0.3090679865521106,0.6129759736317113,0.5200287136337106
0.3090679865521106,0.613149449215023,0.5200110321355367
0.3092080687336571,0.613149449215023,0.5199457529048485
0.3092080687336571,0.6133229247983346,0.5199336590701726
0.3094181920059768,0.6133229247983346,0.5198016489056676
0.3094181920059768,0.6135831381733021,0.5197847070610773
0.3096049682480388,0.6135831381733021,0.5197310052521602
0.3096049682480388,0.6137566137566137,0.519700927772757
0.3097217033993276,0.6137566137566137,0.5196765676804556
0.3097217033993276,0.6139300893399254,0.5196539457680879
0.3097450504295853,0.6139300893399254,0.5196393842623399
0.3097450504295853,0.6140168271315812,0.5196305659981797
0.3099084796413896,0.6140168271315812,0.5195672574993526
0.3099084796413896,0.614103564923237,0.5195621272366581
0.3100252147926783,0.614103564923237,0.5195142582116974
0.3100252147926783,0.6141903027148928,0.519509503849906
0.3101419499439671,0.6141903027148928,0.5194394506295292
0.3101419499439671,0.6142770405065487,0.5194349957446754
0.3101652969742249,0.6142770405065487,0.5194329598084448
0.3101652969742249,0.6144505160898603,0.5194181358949382
0.3102119910347404,0.6144505160898603,0.5194148585079987
0.3102119910347404,0.6145372538815161,0.5194081426866097
0.3102353380649981,0.6145372538815161,0.5194024770558947
0.3102353380649981,0.614623991673172,0.5193826361268725
0.3104454613373179,0.614623991673172,0.5193094313128914
0.3104454613373179,0.6147107294648279,0.5193080523162665
0.3104688083675756,0.6147107294648279,0.5192903290022173
0.3104688083675756,0.6147974672564837,0.519274645033188
0.3107256257004109,0.6147974672564837,0.5191966817505644
0.3107256257004109,0.6148842050481395,0.5191937513096769
0.3108190138214419,0.6148842050481395,0.5191407489132149
0.3108190138214419,0.6149709428397953,0.5191338141267191
0.3108657078819574,0.6149709428397953,0.5191295371699832
0.3108657078819574,0.6150576806314512,0.519121382330267
0.3109824430332462,0.6150576806314512,0.5190660168563693
0.3109824430332462,0.615144418423107,0.5190473620884202
0.3112159133358236,0.615144418423107,0.5189750149790282
0.3112159133358236,0.6153178940064186,0.518952323719015
0.3112859544265969,0.6153178940064186,0.5189092546245523
0.3112859544265969,0.6154046317980745,0.5188856724585701
0.3113093014568547,0.6154046317980745,0.5188740435363185
0.3113093014568547,0.6154913695897303,0.5188730562652382
0.3113559955173702,0.6154913695897303,0.5188664657065403
0.3113559955173702,0.6156648451730419,0.5188451923683844
0.3115194247291744,0.6156648451730419,0.5187696033613618
0.3115194247291744,0.6158383207563536,0.5187411850986037
0.3118462831527829,0.6158383207563536,0.5186133694311419
0.3118462831527829,0.6159250585480094,0.5186099017803322
0.3120097123645872,0.6159250585480094,0.5185583052175533
0.3120097123645872,0.6160117963396652,0.5185523453086693
0.3121731415763915,0.6160117963396652,0.5184880036123404
0.3121731415763915,0.616098534131321,0.5184772903130415
0.3121964886066492,0.616098534131321,0.518469691387687
0.3121964886066492,0.6161852719229769,0.5184673946082355
0.312219835636907,0.6161852719229769,0.5184555056105502
0.312219835636907,0.6162720097146327,0.5184552405909298
0.3122898767276802,0.6162720097146327,0.5184149691549762
0.3122898767276802,0.6163587475062885,0.5184123403038959
0.3123132237579379,0.6163587475062885,0.5183979667870113
0.3123132237579379,0.6164454852979443,0.5183957483302983
0.3125233470302577,0.6164454852979443,0.51833726687182
0.3125233470302577,0.6165322230896001,0.5183324711621045
0.312686776242062,0.6165322230896001,0.5182705489289582
0.312686776242062,0.616618960881256,0.5182580494507858
0.312780164363093,0.616618960881256,0.5182417939519326
0.312780164363093,0.6167056986729118,0.5182381337432523
0.3128502054538662,0.6167056986729118,0.5182103939703991
0.3128502054538662,0.6167924364645676,0.5181998641530849
0.3129902876354127,0.6167924364645676,0.5181315223146863
0.3129902876354127,0.6168791742562234,0.5181284163272788
0.3131770638774748,0.6168791742562234,0.5180773171908154
0.3131770638774748,0.6169659120478792,0.5180763238840447
0.3132237579379903,0.6169659120478792,0.5180678795027671
0.3132237579379903,0.6170526498395351,0.5180656598828903
0.313247104968248,0.6170526498395351,0.5180618302426687
0.313247104968248,0.6171393876311909,0.5180582089230514
0.3134572282405678,0.6171393876311909,0.5180054896691408
0.3134572282405678,0.6172261254228467,0.5180006837668599
0.3134805752708255,0.6172261254228467,0.5179596045013177
0.3134805752708255,0.6173128632145025,0.517956149974007
0.3135039223010833,0.6173128632145025,0.5179507559270429
0.3135039223010833,0.6173996010061584,0.5179404577248621
0.313620657452372,0.6173996010061584,0.5179110357579084
0.313620657452372,0.6174863387978142,0.5179078534639128
0.3139008218154651,0.6174863387978142,0.5177996583126911
0.3139008218154651,0.61757307658947,0.5177985047998627
0.313994209936496,0.61757307658947,0.517769414909796
0.313994209936496,0.6176598143811258,0.5177684209886619
0.3143210683601046,0.6176598143811258,0.517617856119054
0.3143210683601046,0.6178332899644375,0.5176165619224222
0.3143911094508778,0.6178332899644375,0.517592303328419
0.3143911094508778,0.6179200277560933,0.5175703499222637
0.3144844975719088,0.6179200277560933,0.5175215512282377
0.3144844975719088,0.6180067655477491,0.5175070721900437
0.3145778856929399,0.6180067655477491,0.5174367456180491
0.3145778856929399,0.6180935033394049,0.5174344799486664
0.3146946208442286,0.6180935033394049,0.5173480217150013
0.3146946208442286,0.6181802411310608,0.5173334807291037
0.3148347030257751,0.6181802411310608,0.5172738710572125
0.3148347030257751,0.6182669789227166,0.5172655057101526
0.3148813970862906,0.6182669789227166,0.5172598908508439
0.3148813970862906,0.6184404545060282,0.5172531074427413
0.3149747852073216,0.6184404545060282,0.517232135479601
0.3149747852073216,0.61861393008934,0.5172125248786085
0.3150681733283526,0.61861393008934,0.5171945759311112
0.3150681733283526,0.6187006678809958,0.5171906993018184
0.3153716847217034,0.6187006678809958,0.5170257073226978
0.3153716847217034,0.6187874056726516,0.5169957283770297
0.3154183787822189,0.6187874056726516,0.5169821803171291
0.3154183787822189,0.6190476190476191,0.5169505254313054
0.3154650728427344,0.6190476190476191,0.5169267363958239
0.3154650728427344,0.6191343568392749,0.5169149856000506
0.3156518490847964,0.6191343568392749,0.5168470753786258
0.3156518490847964,0.6192210946309307,0.5168455336270958
0.3156751961150542,0.6192210946309307,0.5168377541543949
0.3156751961150542,0.6193945702142424,0.5168304815905835
0.3157452372058274,0.6193945702142424,0.5168113684521535
0.3157452372058274,0.619568045797554,0.5168015231462224
0.3157685842360851,0.619568045797554,0.5167949877935282
0.3157685842360851,0.6196547835892098,0.5167720973943937
0.3158152782966006,0.6196547835892098,0.5167634476570747
0.3158152782966006,0.6197415213808657,0.5167612219344195
0.3159553604781472,0.6197415213808657,0.5166552951364054
0.3159553604781472,0.6198282591725215,0.5166474751757454
0.3160954426596937,0.6198282591725215,0.516578518695227
0.3160954426596937,0.6199149969641773,0.516571331409105
0.3161421367202092,0.6199149969641773,0.5165390168510051
0.3161421367202092,0.6200884725474889,0.5165241355920259
0.3162121778109824,0.6200884725474889,0.5165029381995223
0.3162121778109824,0.6201752103391448,0.5164973191273639
0.3162355248412402,0.6201752103391448,0.5164860757691567
0.3162355248412402,0.6202619481308006,0.5164713716508678
0.3162588718714979,0.6202619481308006,0.5164499767749897
0.3162588718714979,0.6203486859224564,0.5164477138787027
0.316352259992529,0.6203486859224564,0.516404272867047
0.316352259992529,0.6204354237141122,0.5163962687507925
0.3164223010833022,0.6204354237141122,0.5163880780817746
0.3164223010833022,0.6205221615057681,0.5163467821922769
0.3164689951438177,0.6205221615057681,0.5163363367380851
0.3164689951438177,0.6206088992974239,0.5163362212713307
0.3164923421740754,0.6206088992974239,0.5163350496161514
0.3164923421740754,0.6206956370890797,0.5162689797176782
0.3167024654463952,0.6206956370890797,0.5161230253070294
0.3167024654463952,0.6207823748807355,0.5161224792074535
0.316725812476653,0.6207823748807355,0.5161223175437233
0.316725812476653,0.6208691126723913,0.5160937700312147
0.3167958535674262,0.6208691126723913,0.5160451929602479
0.3167958535674262,0.6209558504640472,0.5160426540763079
0.316819200597684,0.6209558504640472,0.516034600364754
0.316819200597684,0.621042588255703,0.5160256269488153
0.3169592827792304,0.621042588255703,0.5158771718777484
0.3169592827792304,0.6211293260473588,0.5158621492241073
0.3171694060515502,0.6211293260473588,0.5157453863741124
0.3171694060515502,0.6214762772139821,0.5157239049961739
0.317192753081808,0.6214762772139821,0.5157214540795525
0.317192753081808,0.6215630150056379,0.5157100793585381
0.3172394471423235,0.6215630150056379,0.515705467528784
0.3172394471423235,0.6216497527972937,0.5156897077618502
0.3173094882330967,0.6216497527972937,0.5156649274937185
0.3173094882330967,0.6218232283806054,0.5156585036600693
0.3173561822936122,0.6218232283806054,0.5156460009989998
0.3173561822936122,0.6219099661722612,0.5156313429537689
0.3175196115054165,0.6219099661722612,0.51553946366354
0.3175196115054165,0.621996703963917,0.5155224283201341
0.3177297347777362,0.621996703963917,0.5154404024876107
0.3177297347777362,0.622083441755573,0.515437056214628
0.3177997758685095,0.622083441755573,0.515362637388469
0.3177997758685095,0.6222569173388846,0.5153291713243546
0.3178698169592828,0.6222569173388846,0.5153029331393304
0.3178698169592828,0.6223436551305404,0.5153024675730717
0.3180098991408293,0.6223436551305404,0.5152752736448389
0.3180098991408293,0.6224303929221962,0.5152700355321165
0.3181733283526335,0.6224303929221962,0.5152140500654439
0.3181733283526335,0.6226906062971637,0.5151805256423537
0.3183601045946955,0.6226906062971637,0.5151038450969778
0.3183601045946955,0.6227773440888195,0.5150980825733014
0.3185235338064998,0.6227773440888195,0.5150783154847443
0.3185235338064998,0.6228640818804754,0.5150777516859475
0.3185468808367576,0.6228640818804754,0.5150688571539952
0.3185468808367576,0.6229508196721312,0.5150687726619203
0.3186169219275308,0.6229508196721312,0.5150274488508452
0.3186169219275308,0.623037557463787,0.5150132327971779
0.3188503922301083,0.623037557463787,0.5149532630766792
0.3188503922301083,0.6231242952554428,0.5149390135289694
0.3189671273813971,0.6231242952554428,0.5148889334374209
0.3189671273813971,0.6232977708387545,0.5148823996960739
0.3190605155024281,0.6232977708387545,0.5148026076709429
0.3190605155024281,0.6233845086304103,0.514768471496627
0.3190838625326858,0.6233845086304103,0.5147583939302951
0.3190838625326858,0.6234712464220661,0.5147507397954161
0.3191072095629436,0.6234712464220661,0.5147357859496389
0.3191072095629436,0.6235579842137219,0.5146978457295328
0.3191305565932013,0.6235579842137219,0.5146903899628836
0.3191305565932013,0.6236447220053778,0.5146903685310582
0.3191539036234591,0.6236447220053778,0.5146756202259533
0.3191539036234591,0.6237314597970336,0.5146739762225898
0.3192239447142324,0.6237314597970336,0.5146532571791242
0.3192239447142324,0.623991673172001,0.5146488281662123
0.3192472917444901,0.623991673172001,0.5146301416742247
0.3192472917444901,0.6240784109636569,0.5146297861473639
0.3193173328352633,0.6240784109636569,0.5145920577867795
0.3193173328352633,0.6242518865469685,0.5145818931703029
0.3193640268957788,0.6242518865469685,0.514572218022003
0.3193640268957788,0.6243386243386243,0.5145561234462754
0.3196908853193874,0.6243386243386243,0.514386982218753
0.3196908853193874,0.6244253621302802,0.5143286684436221
0.3197142323496451,0.6244253621302802,0.5143206992531081
0.3197142323496451,0.6245988377135918,0.5143071315619719
0.3198543145311916,0.6245988377135918,0.5142703715423264
0.3198543145311916,0.6246855755052476,0.5142564631341582
0.3199243556219648,0.6246855755052476,0.5142014622509319
0.3199243556219648,0.6247723132969034,0.5141679059573441
0.3199710496824804,0.6247723132969034,0.5141303678974434
0.3199710496824804,0.6249457888802151,0.5141107618835683
0.3202979081060889,0.6249457888802151,0.51394626770073
0.3202979081060889,0.6251192644635267,0.5139332886617578
0.3204613373178931,0.6251192644635267,0.5138726146036674
0.3204613373178931,0.62546621563015,0.5137978070699112
0.3204846843481509,0.62546621563015,0.5137961352785065
0.3204846843481509,0.6255529534218058,0.5137776638829619
0.3207181546507284,0.6255529534218058,0.5136411104483991
0.3207181546507284,0.6256396912134617,0.5136273327800617
0.3209983190138214,0.6256396912134617,0.5134646965379583
0.3209983190138214,0.6257264290051175,0.5134573562655179
0.3210216660440791,0.6257264290051175,0.5134521226406228
0.3210216660440791,0.6258131667967733,0.5134512271886889
0.3211384011953679,0.6258131667967733,0.513370866971981
0.3211384011953679,0.6259866423800851,0.5133453887121502
0.3212784833769144,0.6259866423800851,0.5132826774575124
0.3212784833769144,0.6262468557550525,0.5132767175890731
0.3213251774374299,0.6262468557550525,0.5132642811403401
0.3213251774374299,0.6263335935467083,0.5132635057389322
0.3213952185282032,0.6263335935467083,0.5132357242623822
0.3213952185282032,0.6264203313383642,0.5132288815844046
0.321418565558461,0.6264203313383642,0.5132232221558555
0.321418565558461,0.6265938069216758,0.5132088170921176
0.3214419125887187,0.6265938069216758,0.5131915951820891
0.3214419125887187,0.6266805447133316,0.5131882510647463
0.3214652596189765,0.6266805447133316,0.5131849812800491
0.3214652596189765,0.6267672825049875,0.5131790736672976
0.3215819947702652,0.6267672825049875,0.5131655452426852
0.3215819947702652,0.6268540202966433,0.5131536301644286
0.3216053418005229,0.6268540202966433,0.5131480784292255
0.3216053418005229,0.6269407580882991,0.5131467467555342
0.3216286888307807,0.6269407580882991,0.5131444467036744
0.3216286888307807,0.6271142336716107,0.5131375421915098
0.3216987299215539,0.6271142336716107,0.513104612683577
0.3216987299215539,0.6272009714632666,0.5131033858007048
0.3217220769518117,0.6272009714632666,0.5131007089150352
0.3217220769518117,0.6273744470465782,0.5130845941754588
0.3218154650728427,0.6273744470465782,0.5130676602569217
0.3218154650728427,0.627461184838234,0.513055916834519
0.3219555472543892,0.627461184838234,0.5130035215515287
0.3219555472543892,0.6275479226298899,0.5129780854248774
0.322072282405678,0.6275479226298899,0.5129478385986073
0.322072282405678,0.6276346604215457,0.5129468655256668
0.3227960403436682,0.6276346604215457,0.512613429307629
0.3227960403436682,0.6277213982132015,0.512605275106898
0.323006163615988,0.6277213982132015,0.5125526196935333
0.323006163615988,0.6280683493798248,0.5125199332162197
0.3230528576765035,0.6280683493798248,0.5124963799620957
0.3230528576765035,0.6282418249631364,0.5124754952579629
0.3230762047067613,0.6282418249631364,0.5124726335599373
0.3230762047067613,0.6283285627547922,0.5124715143053873
0.3231228987672768,0.6283285627547922,0.5124599124385647
0.3231228987672768,0.6284153005464481,0.5124406096823477
0.3231462457975345,0.6284153005464481,0.5124394731805159
0.3231462457975345,0.6285020383381039,0.5124305395376282
0.3231695928277923,0.6285020383381039,0.5124292234241505
0.3231695928277923,0.6285887761297597,0.5124268571216644
0.3232629809488233,0.6285887761297597,0.5123929954173614
0.3232629809488233,0.6287622517130714,0.512378851282018
0.3234030631303698,0.6287622517130714,0.5123191338341226
0.3234030631303698,0.6288489895047272,0.5123124743569412
0.323566492342174,0.6288489895047272,0.5122389902239881
0.323566492342174,0.6290224650880388,0.5122159689735826
0.3237999626447516,0.6290224650880388,0.5121112749166252
0.3237999626447516,0.6291092028796946,0.5121046545162066
0.3240100859170713,0.6291092028796946,0.5119899692042005
0.3240100859170713,0.6291959406713505,0.5119635975648705
0.3241268210683601,0.6291959406713505,0.5119115818952238
0.3241268210683601,0.6292826784630063,0.5119093945240785
0.3242202091893911,0.6292826784630063,0.511834529316954
0.3242202091893911,0.6293694162546621,0.5118332981241812
0.3242669032499066,0.6293694162546621,0.5118242825676818
0.3242669032499066,0.6295428918379739,0.5118169313824856
0.3243369443406799,0.6295428918379739,0.5117950062766139
0.3243369443406799,0.6296296296296297,0.5117805197339869
0.3244303324617109,0.6296296296296297,0.5117443654649341
0.3244303324617109,0.6297163674212855,0.511709062924339
0.3245003735524841,0.6297163674212855,0.5116556632455744
0.3245003735524841,0.6298031052129412,0.5116459438219334
0.3245237205827418,0.6298031052129412,0.5116327619615859
0.3245237205827418,0.629889843004597,0.5116306026315354
0.3247805379155771,0.629889843004597,0.511542366512139
0.3247805379155771,0.629976580796253,0.5115321102044201
0.3248505790063504,0.629976580796253,0.5114515629480496
0.3248505790063504,0.6300633185879088,0.5114294130950702
0.3250140082181546,0.6300633185879088,0.5113797008203915
0.3250140082181546,0.6301500563795646,0.5113792911801629
0.3250607022786702,0.6301500563795646,0.5113533015923697
0.3250607022786702,0.6302367941712204,0.5113493938679794
0.3250840493089279,0.6302367941712204,0.5113404276891786
0.3250840493089279,0.6304102697545321,0.5113001548179166
0.3254109077325364,0.6304102697545321,0.5111087915416248
0.3254109077325364,0.6305837453378437,0.5110911473033454
0.3254342547627942,0.6305837453378437,0.511087563416712
0.3254342547627942,0.6306704831294995,0.5110637333289625
0.3254809488233097,0.6306704831294995,0.5110540500601986
0.3254809488233097,0.6307572209211554,0.5110388616708172
0.3256210310048562,0.6307572209211554,0.5109841442946765
0.3256210310048562,0.6308439587128112,0.5109806615344785
0.3256443780351139,0.6308439587128112,0.5109795453569508
0.3256443780351139,0.630930696504467,0.5109720244216959
0.3257377661561449,0.630930696504467,0.5109325739359192
0.3257377661561449,0.6310174342961228,0.5109275063425358
0.3257611131864026,0.6310174342961228,0.5109164993035249
0.3257611131864026,0.6311041720877787,0.5109072711387259
0.3257844602166604,0.6311041720877787,0.5108966148019805
0.3257844602166604,0.6311909098794345,0.5108962560677295
0.3258545013074337,0.6311909098794345,0.5108662816291656
0.3258545013074337,0.6313643854627461,0.5108617261442647
0.3260179305192379,0.6313643854627461,0.5107920189501187
0.3260179305192379,0.6314511232544019,0.5107709115158268
0.3260412775494957,0.6314511232544019,0.5107701185926548
0.3260412775494957,0.6316245988377136,0.5107613011233783
0.3261580127007845,0.6316245988377136,0.5107254403680861
0.3261580127007845,0.6317113366293694,0.5107194811349907
0.3261813597310422,0.6317113366293694,0.5107158241741636
0.3261813597310422,0.6317980744210252,0.5107096754870935
0.3262747478520732,0.6317980744210252,0.5106719059230735
0.3262747478520732,0.6319715500043369,0.5106672750358684
0.3266016062756817,0.6319715500043369,0.5105756543832207
0.3266016062756817,0.6320582877959927,0.5105589865929483
0.3266483003361972,0.6320582877959927,0.5105564533209643
0.3266483003361972,0.6321450255876485,0.5105490016289371
0.3266949943967127,0.6321450255876485,0.5105419782165102
0.3266949943967127,0.6322317633793043,0.5105372217611601
0.326765035487486,0.6322317633793043,0.5105216793070851
0.326765035487486,0.6323185011709602,0.5105084223019273
0.3268350765782592,0.6323185011709602,0.5104340931794471
0.3268350765782592,0.632405238962616,0.5104127692805734
0.3269985057900635,0.632405238962616,0.5103144950468526
0.3269985057900635,0.6324919767542718,0.5103143030970955
0.3271152409413522,0.6324919767542718,0.5102002129079024
0.3271152409413522,0.6325787145459276,0.5101920103242406
0.327231976092641,0.6325787145459276,0.5101528236024626
0.327231976092641,0.6326654523375835,0.510149872124736
0.3272553231228988,0.6326654523375835,0.5101465225382948
0.3272553231228988,0.6327521901292393,0.5101399346111566
0.3273020171834143,0.6327521901292393,0.5101309353694388
0.3273020171834143,0.6328389279208951,0.5101214205632956
0.3273720582741875,0.6328389279208951,0.5100743643478725
0.3273720582741875,0.6329256657125509,0.5100597511778728
0.3274420993649607,0.6329256657125509,0.510036765180022
0.3274420993649607,0.6330991412958626,0.5100097955010344
0.3276755696675383,0.6330991412958626,0.5099601386212367
0.3276755696675383,0.6332726168791742,0.5099351853198064
0.3277456107583115,0.6332726168791742,0.509929209901033
0.3277456107583115,0.63335935467083,0.5099226599950315
0.3279323870003735,0.63335935467083,0.5098103194390268
0.3279323870003735,0.6335328302541418,0.5098079205495818
0.3281191632424355,0.6335328302541418,0.5097751520153602
0.3281191632424355,0.6336195680457976,0.5097638418802976
0.3287495330593948,0.6336195680457976,0.509381864768292
0.3287495330593948,0.6337930436291092,0.509376477061968
0.3289363093014568,0.6337930436291092,0.5093262023525702
0.3289363093014568,0.6338797814207651,0.5093217226332334
0.3290296974224878,0.6338797814207651,0.5092906710007745
0.3290296974224878,0.6339665192124209,0.5092852001597317
0.3291230855435189,0.6339665192124209,0.5092362171737124
0.3291230855435189,0.6340532570040767,0.5092277759604783
0.3293799028763541,0.6340532570040767,0.5091096579978096
0.3293799028763541,0.6341399947957325,0.5091049211696026
0.3298001494209936,0.6341399947957325,0.5089869092066901
0.3298001494209936,0.6342267325873884,0.5089796133713582
0.3298468434815091,0.6342267325873884,0.508971103672489
0.3298468434815091,0.6344002081707,0.5089661129579806
0.3299168845722824,0.6344002081707,0.5089587186048472
0.3299168845722824,0.6344869459623558,0.5089545950649439
0.3299869256630556,0.6344869459623558,0.5089342367614351
0.3299869256630556,0.6345736837540116,0.5089308797871697
0.3300336197235711,0.6345736837540116,0.5089262360081729
0.3300336197235711,0.6346604215456675,0.5089015566606585
0.3300803137840866,0.6346604215456675,0.5088903480224595
0.3300803137840866,0.6347471593373233,0.5088299785339911
0.3301036608143444,0.6347471593373233,0.5088251151680392
0.3301036608143444,0.6348338971289791,0.5088233229282675
0.3301737019051177,0.6348338971289791,0.508747830108101
0.3301737019051177,0.6350073727122908,0.5087058199661645
0.3302203959656332,0.6350073727122908,0.5086819666995772
0.3302203959656332,0.6351808482956024,0.5086647558975665
0.3303371311169219,0.6351808482956024,0.5086427005839183
0.3303371311169219,0.6352675860872582,0.5086362038600578
0.3305005603287262,0.6352675860872582,0.5085977959062122
0.3305005603287262,0.635354323878914,0.5085945230378943
0.3305239073589839,0.635354323878914,0.5085857116041683
0.3305239073589839,0.6354410616705699,0.5085764294025737
0.3305706014194994,0.6354410616705699,0.5085690978614918
0.3305706014194994,0.6355277994622257,0.508558353207525
0.3306873365707882,0.6355277994622257,0.5085048039294459
0.3306873365707882,0.6356145372538815,0.5084818457484451
0.3307106836010459,0.6356145372538815,0.5084649402243545
0.3307106836010459,0.6357012750455373,0.5084645321016544
0.3307340306313037,0.6357012750455373,0.5084458343692296
0.3307340306313037,0.6357880128371932,0.5084383509132742
0.3308040717220769,0.6357880128371932,0.5084274061759515
0.3308040717220769,0.635874750628849,0.5083976086113137
0.3308741128128502,0.635874750628849,0.5083788407579619
0.3308741128128502,0.6362217017954723,0.5083305461656785
0.3309675009338812,0.6362217017954723,0.5082705202648989
0.3309675009338812,0.6363084395871281,0.5082624554618891
0.3310375420246544,0.6363084395871281,0.5082403899818468
0.3310375420246544,0.6365686529620956,0.5081834218682302
0.3310608890549122,0.6365686529620956,0.5081732530787897
0.3310608890549122,0.6366553907537514,0.5081730574159561
0.3310842360851699,0.6366553907537514,0.5081701502247957
0.3310842360851699,0.636828866337063,0.5081442245141976
0.3311309301456854,0.636828866337063,0.5081198066015115
0.3311309301456854,0.6369156041287188,0.5081182561304369
0.3311776242062009,0.6369156041287188,0.5081164237127239
0.3311776242062009,0.6370023419203747,0.5081124649688644
0.3312009712364587,0.6370023419203747,0.5080850649691029
0.3312009712364587,0.6370890797120305,0.5080714317184636
0.3312476652969742,0.6370890797120305,0.5080645953489757
0.3312476652969742,0.6371758175036863,0.5080571947623334
0.3313410534180052,0.6371758175036863,0.5080164240353833
0.3313410534180052,0.6372625552953421,0.5080019035844734
0.3315278296600672,0.6372625552953421,0.5079071884146549
0.3315278296600672,0.6373492930869981,0.5079000292691647
0.3316679118416137,0.6373492930869981,0.50784855300123
0.3316679118416137,0.6374360308786539,0.5078387432240907
0.3317846469929025,0.6374360308786539,0.5077978366474695
0.3317846469929025,0.6375227686703097,0.5077847952048881
0.3319714232349645,0.6375227686703097,0.5077159435769389
0.3319714232349645,0.6376095064619655,0.5076999167706469
0.3319947702652223,0.6376095064619655,0.5076956117423451
0.3319947702652223,0.6376962442536213,0.5076922142249839
0.3322749346283152,0.6376962442536213,0.507590813992604
0.3322749346283152,0.6377829820452772,0.5075900402753166
0.3324383638401195,0.6377829820452772,0.5075361042339172
0.3324383638401195,0.637869719836933,0.5075356327300744
0.3328352633545013,0.637869719836933,0.5073914451834214
0.3328352633545013,0.6379564576285888,0.5073830906674184
0.3329986925663055,0.6379564576285888,0.5073266905583352
0.3329986925663055,0.6380431954202446,0.5073133004848076
0.3330920806873366,0.6380431954202446,0.5072982284091887
0.3330920806873366,0.6381299332119005,0.5072909187711855
0.3331621217781098,0.6381299332119005,0.507269427771223
0.3331621217781098,0.6383034087952121,0.5072600481905323
0.3333022039596563,0.6383034087952121,0.5072153944240382
0.3333022039596563,0.6384768843785237,0.5072074087421249
0.333325550989914,0.6384768843785237,0.5071815737550383
0.333325550989914,0.6385636221701796,0.5071791808817059
0.3333488980201718,0.6385636221701796,0.5071785239165412
0.3333488980201718,0.6386503599618354,0.5071758695409068
0.3333955920806873,0.6386503599618354,0.5071723523653633
0.3333955920806873,0.6387370977534912,0.5071701850426056
0.3335823683227493,0.6387370977534912,0.5070875592385573
0.3335823683227493,0.638823835545147,0.5070863616246716
0.3336757564437803,0.638823835545147,0.5070521560364258
0.3336757564437803,0.6389973111284587,0.5070358504794195
0.3336991034740381,0.6389973111284587,0.5070182660507001
0.3336991034740381,0.6390840489201145,0.5070129695216695
0.3337224505042958,0.6390840489201145,0.5070046293527186
0.3337224505042958,0.6391707867117703,0.5070032943253814
0.3337924915950691,0.6391707867117703,0.5069792499405431
0.3337924915950691,0.639344262295082,0.5069727265540835
0.3339325737766156,0.639344262295082,0.5069403765832461
0.3339325737766156,0.6394310000867378,0.5069392715473975
0.3340259618976466,0.6394310000867378,0.5068795762436655
0.3340259618976466,0.6395177378783936,0.5068687564270702
0.3342127381397086,0.6395177378783936,0.5067828048908054
0.3342127381397086,0.6396044756700494,0.5067768412285054
0.3343761673515129,0.6396044756700494,0.5067256308490924
0.3343761673515129,0.6396912134617052,0.5067203116953781
0.3345162495330594,0.6396912134617052,0.5066513898194642
0.3345162495330594,0.6398646890450169,0.5066169845650674
0.3347964138961524,0.6398646890450169,0.506521214721712
0.3347964138961524,0.6399514268366727,0.5065134752121495
0.3348431079566679,0.6399514268366727,0.5064975071807674
0.3348431079566679,0.6400381646283285,0.5064914274461343
0.3348664549869257,0.6400381646283285,0.506490478940415
0.3348664549869257,0.6401249024199844,0.506488641522812
0.3349364960776989,0.6401249024199844,0.5064541010138626
0.3349364960776989,0.6402116402116402,0.506453895811829
0.3353100485618229,0.6402116402116402,0.5062349434995786
0.3353100485618229,0.640298378003296,0.5062287457368677
0.3353333955920807,0.640298378003296,0.506207596072548
0.3353333955920807,0.6403851157949518,0.5062052436753219
0.3354968248038849,0.6403851157949518,0.5061411098878537
0.3354968248038849,0.6404718535866076,0.5061343430267466
0.3355201718341427,0.6404718535866076,0.5061271254747366
0.3355201718341427,0.6405585913782635,0.5061084282594426
0.3356369069854314,0.6405585913782635,0.5060800871715625
0.3356369069854314,0.6406453291699193,0.5060730555988682
0.3357302951064624,0.6406453291699193,0.5060512043317771
0.3357302951064624,0.6407320669615751,0.5060477260873746
0.3357536421367202,0.6407320669615751,0.5060450225671891
0.3357536421367202,0.6408188047532309,0.5060395676695504
0.3357769891669779,0.6408188047532309,0.5060055709808122
0.3357769891669779,0.6409055425448869,0.5059894462268975
0.3358236832274934,0.6409055425448869,0.5059745200948876
0.3358236832274934,0.6409922803365427,0.5059678351832055
0.33596376540904,0.6409922803365427,0.5058584181400338
0.33596376540904,0.6410790181281985,0.5058529323469267
0.3359871124392977,0.6410790181281985,0.5058396394659415
0.3359871124392977,0.64125249371151,0.5058250485271292
0.3360338064998132,0.64125249371151,0.5058213984033292
0.3360338064998132,0.641339231503166,0.5058118044249718
0.336057153530071,0.641339231503166,0.5058115648475818
0.336057153530071,0.6414259692948218,0.5058080340855051
0.3362672768023907,0.6414259692948218,0.5056765202334021
0.3362672768023907,0.6415127070864776,0.5056644262786772
0.3363606649234217,0.6415127070864776,0.5055998726848023
0.3363606649234217,0.6415994448781334,0.5055905727059136
0.336430706014195,0.6415994448781334,0.5055417025141423
0.336430706014195,0.6416861826697893,0.5055367693527887
0.336524094135226,0.6416861826697893,0.5055147366362474
0.336524094135226,0.6417729204614451,0.505497052951496
0.3365474411654837,0.6417729204614451,0.505489810217344
0.3365474411654837,0.6419463960447567,0.5054863792420253
0.3365707881957415,0.6419463960447567,0.5054760664843794
0.3365707881957415,0.6420331338364125,0.5054628733729392
0.3365941352259992,0.6420331338364125,0.50544581635857
0.3365941352259992,0.6421198716280684,0.5054370327622356
0.3367809114680613,0.6421198716280684,0.5053766294222659
0.3367809114680613,0.6422066094197242,0.5053735130210157
0.3371311169219275,0.6422066094197242,0.5052742919616644
0.3371311169219275,0.64229334721138,0.5052601411460731
0.3372011580127008,0.64229334721138,0.505205712850521
0.3372011580127008,0.6423800850030358,0.5051938524159809
0.3373178931639895,0.6423800850030358,0.5051529975624818
0.3373178931639895,0.6425535605863475,0.5051412257432385
0.337364587224505,0.6425535605863475,0.505092348064426
0.337364587224505,0.6426402983780033,0.5050892720680581
0.3373879342547627,0.6426402983780033,0.505076163567693
0.3373879342547627,0.6427270361696591,0.505062573807355
0.337551363466567,0.6427270361696591,0.5049764435526313
0.337551363466567,0.6428137739613149,0.5049735585072379
0.3375980575270825,0.6428137739613149,0.5049368913747976
0.3375980575270825,0.6429005117529708,0.504889022373463
0.337644751587598,0.6429005117529708,0.5048855935477193
0.337644751587598,0.6429872495446266,0.5048050611735612
0.3376914456481135,0.6429872495446266,0.5047971124776722
0.3376914456481135,0.6431607251279382,0.5047799874140646
0.3377614867388868,0.6431607251279382,0.5047544486035569
0.3377614867388868,0.6432474629195941,0.5047170558541618
0.3379015689204333,0.6432474629195941,0.5046828772556554
0.3379015689204333,0.6433342007112499,0.5046804680513242
0.3379949570414643,0.6433342007112499,0.5046550121039718
0.3379949570414643,0.6435944140862173,0.5046275577939179
0.3382751214045573,0.6435944140862173,0.5044680224918745
0.3382751214045573,0.6436811518778732,0.5044679650799899
0.3383451624953306,0.6436811518778732,0.5044247776405841
0.3383451624953306,0.643767889669529,0.5044247471912797
0.3383685095255883,0.643767889669529,0.5044223472272258
0.3383685095255883,0.6438546274611848,0.5044208375087933
0.3385085917071349,0.6438546274611848,0.5043445451319071
0.3385085917071349,0.6439413652528406,0.5043421646915578
0.3386486738886813,0.6439413652528406,0.5042438207150304
0.3386486738886813,0.6440281030444965,0.5042384989679161
0.3386953679491968,0.6440281030444965,0.5042151468141569
0.3386953679491968,0.6441148408361523,0.5042113372426049
0.3387420620097123,0.6441148408361523,0.5041881130838649
0.3387420620097123,0.6442883164194639,0.5041596865391598
0.3388121031004856,0.6442883164194639,0.5041120902398432
0.3388121031004856,0.6443750542111197,0.50410568523596
0.3389054912215166,0.6443750542111197,0.5040656703668149
0.3389054912215166,0.6444617920027756,0.5040580091904926
0.3389288382517744,0.6444617920027756,0.504048662524164
0.3389288382517744,0.6445485297944314,0.5040270030799683
0.3389521852820321,0.6445485297944314,0.5040238174316104
0.3389521852820321,0.644722005377743,0.5040062546807889
0.3389988793425476,0.644722005377743,0.5040012715970783
0.3389988793425476,0.644808743169399,0.5039904400198172
0.3390222263728054,0.644808743169399,0.5039565786309346
0.3390222263728054,0.6448954809610548,0.5039469925610178
0.3390455734030631,0.6448954809610548,0.5039180840563942
0.3390455734030631,0.6449822187527106,0.5039147601632364
0.3390689204333209,0.6449822187527106,0.503909529045341
0.3390689204333209,0.6452424321276781,0.503904868218751
0.3392790437056406,0.6452424321276781,0.503819166744946
0.3392790437056406,0.6453291699193339,0.5038086335321805
0.3394658199477026,0.6453291699193339,0.5036552147716599
0.3394658199477026,0.6455026455026455,0.5036337446852368
0.3397926783713111,0.6455026455026455,0.5035197262769205
0.3397926783713111,0.6455893832943014,0.5035161016031559
0.3398627194620844,0.6455893832943014,0.5035039960921757
0.3398627194620844,0.6456761210859572,0.5034918774201951
0.3399561075831154,0.6456761210859572,0.5034489944832763
0.3399561075831154,0.6458495966692688,0.5034298664269515
0.3401195367949197,0.6458495966692688,0.5033794311377797
0.3401195367949197,0.6459363344609246,0.5033644254141681
0.3402829660067239,0.6459363344609246,0.5032885457811274
0.3402829660067239,0.6460230722525805,0.5032862884814572
0.3404230481882704,0.6460230722525805,0.5032432699596039
0.3404230481882704,0.6461098100442363,0.5032321724565724
0.3404697422487859,0.6461098100442363,0.5032203959594421
0.3404697422487859,0.6462832856275479,0.5032106355021709
0.3405164363093014,0.6462832856275479,0.5031914775865618
0.3405164363093014,0.6463700234192038,0.5031902964043846
0.3405397833395592,0.6463700234192038,0.5031863541799754
0.3405397833395592,0.6464567612108596,0.5031653960766376
0.3406331714605902,0.6464567612108596,0.5031284642566922
0.3406331714605902,0.6465434990025154,0.5031230351398008
0.340749906611879,0.6465434990025154,0.5030771964303116
0.340749906611879,0.6466302367941712,0.5030668370459902
0.3409366828539409,0.6466302367941712,0.5029900246642459
0.3409366828539409,0.646716974585827,0.5029669735955876
0.3409833769144564,0.646716974585827,0.5029649856422274
0.3409833769144564,0.6468904501691387,0.5029533453947996
0.3412635412775495,0.6468904501691387,0.5028420070675219
0.3412635412775495,0.6469771879607945,0.5028302766905262
0.341310235338065,0.6469771879607945,0.5028148106440022
0.341310235338065,0.6471506635441062,0.5028110169666022
0.3414736645498692,0.6471506635441062,0.5026443745529838
0.3414736645498692,0.6473241391274178,0.5026417009587906
0.341497011580127,0.6473241391274178,0.5026349729605648
0.341497011580127,0.6474108769190736,0.5026281128185168
0.3415670526709002,0.6474108769190736,0.5025937885158236
0.3415670526709002,0.6475843525023853,0.502575930764969
0.3416137467314157,0.6475843525023853,0.5025411289858164
0.3416137467314157,0.6476710902940411,0.5025319548313194
0.341870564064251,0.6476710902940411,0.5023748735988249
0.341870564064251,0.6478445658773527,0.502345555660956
0.3421040343668285,0.6478445658773527,0.5022489205188087
0.3421040343668285,0.6479313036690086,0.5022423087569925
0.3421273813970863,0.6479313036690086,0.5022137241210485
0.3421273813970863,0.6480180414606644,0.5022126883979379
0.3424075457601793,0.6480180414606644,0.5021247287717269
0.3424075457601793,0.648191517043976,0.5021173367426872
0.3425476279417258,0.648191517043976,0.5020898078397107
0.3425476279417258,0.6482782548356318,0.502062308974514
0.34271105715353,0.6482782548356318,0.5020257701017679
0.34271105715353,0.6484517304189436,0.5020233956396554
0.3428744863653343,0.6484517304189436,0.5019773031193826
0.3428744863653343,0.6485384682105994,0.501973613275809
0.3430379155771386,0.6485384682105994,0.5018577774535384
0.3430379155771386,0.6486252060022552,0.5018500291641195
0.3430612626073963,0.6486252060022552,0.501848280344639
0.3430612626073963,0.6487986815855669,0.5018223770074439
0.3431546507284273,0.6487986815855669,0.5017885203010956
0.3431546507284273,0.6488854193772227,0.5017879317291918
0.3433881210310048,0.6488854193772227,0.5017194864824516
0.3433881210310048,0.6489721571688785,0.5017175253586916
0.3434348150915203,0.6489721571688785,0.5017140957841262
0.3434348150915203,0.6490588949605343,0.5017099132438104
0.3434581621217781,0.6490588949605343,0.5017043461043782
0.3434581621217781,0.649232370543846,0.5016824802233559
0.3435048561822936,0.649232370543846,0.5016568095526688
0.3435048561822936,0.6494058461271576,0.5016501798589288
0.3436215913335824,0.6494058461271576,0.5016100050915252
0.3436215913335824,0.6495793217104693,0.5016025551679613
0.3436682853940979,0.6495793217104693,0.5015942285814279
0.3436682853940979,0.6496660595021251,0.5015887392316936
0.3440184908479641,0.6496660595021251,0.5014922454066986
0.3440184908479641,0.6497527972937809,0.5014891867084961
0.3442519611505416,0.6497527972937809,0.501394018913148
0.3442519611505416,0.6498395350854367,0.5013913027866821
0.3444387373926036,0.6498395350854367,0.5013411791647562
0.3444387373926036,0.6500130106687484,0.501337220078115
0.3445788195741501,0.6500130106687484,0.5012887180593781
0.3445788195741501,0.65018648625206,0.5012791986073339
0.3446722076951812,0.65018648625206,0.5012160118651685
0.3446722076951812,0.6502732240437158,0.5012090331434789
0.3447422487859544,0.6502732240437158,0.5011731981173901
0.3447422487859544,0.6503599618353717,0.5011690751658817
0.3447889428464699,0.6503599618353717,0.5011142405171995
0.3447889428464699,0.6504466996270275,0.5011125844628872
0.3448589839372432,0.6504466996270275,0.5010821586984717
0.3448589839372432,0.6505334374186833,0.5010722866184756
0.3448823309675009,0.6505334374186833,0.5010666962030127
0.3448823309675009,0.6507936507936508,0.5010374766621901
0.3449523720582741,0.6507936507936508,0.5010200258461024
0.3449523720582741,0.6508803885853066,0.5010163990072012
0.3451158012700784,0.6508803885853066,0.5009451769228843
0.3451158012700784,0.6509671263769624,0.5009366181065741
0.3451624953305939,0.6509671263769624,0.5009276742216991
0.3451624953305939,0.6510538641686182,0.5009183467526221
0.3453025775121404,0.6510538641686182,0.5008744633378617
0.3453025775121404,0.6511406019602741,0.5008689279001778
0.3453959656331715,0.6511406019602741,0.5008460175771179
0.3453959656331715,0.6513140775435857,0.500832444662296
0.345442659693687,0.6513140775435857,0.5008276075334137
0.345442659693687,0.6514008153352415,0.5008211498174853
0.3455827418752334,0.6514008153352415,0.5008006580198849
0.3455827418752334,0.6514875531268974,0.5007789317367538
0.3456060889054912,0.6514875531268974,0.5007773717842208
0.3456060889054912,0.6515742909185532,0.5007723068586021
0.3456294359357489,0.6515742909185532,0.5007721509408884
0.3456294359357489,0.651661028710209,0.5007505196865347
0.3456761299962644,0.651661028710209,0.500716505894221
0.3456761299962644,0.6518345042935206,0.5007021028825864
0.345816212177811,0.6518345042935206,0.5005978529495522
0.345816212177811,0.6519212420851765,0.5005589086874199
0.346002988419873,0.6519212420851765,0.5005063537050711
0.346002988419873,0.6520947176684881,0.5004641431250121
0.3460263354501307,0.6520947176684881,0.5004625082562918
0.3460263354501307,0.6521814554601439,0.500448576184761
0.3460730295106462,0.6521814554601439,0.5004311887679185
0.3460730295106462,0.6522681932517999,0.5004293525510345
0.346283152782966,0.6522681932517999,0.5003205440040055
0.346283152782966,0.6523549310434557,0.5003039776628712
0.346563317146059,0.6523549310434557,0.5001782458616499
0.346563317146059,0.6524416688351115,0.5001713738842166
0.3467734404183787,0.6524416688351115,0.5000790850433645
0.3467734404183787,0.652615144418423,0.500051580417195
0.3468901755696675,0.652615144418423,0.5000192691964717
0.3468901755696675,0.652701882210079,0.5000096558464269
0.3470769518117295,0.652701882210079,0.4999565882441626
0.3470769518117295,0.6527886200017348,0.499943826615414
0.3471469929025028,0.6527886200017348,0.4999162711858725
0.3471469929025028,0.6528753577933906,0.4999004978547886
0.3471936869630183,0.6528753577933906,0.4998715666165045
0.3471936869630183,0.6529620955850464,0.4998704997064077
0.3472170339932761,0.6529620955850464,0.4998696390355821
0.3472170339932761,0.6530488333767023,0.4998601634504028
0.3474271572655958,0.6530488333767023,0.4997846291318507
0.3474271572655958,0.6533090467516697,0.4997227756842191
0.3475905864774001,0.6533090467516697,0.4996081583221791
0.3475905864774001,0.6534825223349814,0.4995806096272996
0.3479407919312663,0.6534825223349814,0.4994434230649949
0.3479407919312663,0.6535692601266372,0.4994319635614761
0.3480108330220396,0.6535692601266372,0.4994135545177204
0.3480108330220396,0.653655997918293,0.4994133635268557
0.3483143444153904,0.653655997918293,0.4993167082365041
0.3483143444153904,0.6537427357099488,0.4993069184207315
0.3484077325364214,0.6537427357099488,0.49925589456388
0.3484077325364214,0.6538294735016047,0.4992450567564626
0.3485945087784833,0.6538294735016047,0.4991479585039211
0.3485945087784833,0.6539162112932605,0.4991464495765486
0.3487579379902876,0.6539162112932605,0.4990911804913571
0.3487579379902876,0.6540896868765721,0.4990502562910053
0.3489213672020919,0.6540896868765721,0.4990001696073536
0.3489213672020919,0.6541764246682279,0.498997416311824
0.3490147553231228,0.6541764246682279,0.4989609482601004
0.3490147553231228,0.6542631624598838,0.4989605591919913
0.3490381023533807,0.6542631624598838,0.4989494572402146
0.3490381023533807,0.6543499002515396,0.4989492605587378
0.3490847964138961,0.6543499002515396,0.4989410573041926
0.3490847964138961,0.6544366380431954,0.4989084942664591
0.3491081434441539,0.6544366380431954,0.4988921391745586
0.3491081434441539,0.6546968514181629,0.4988489144352136
0.3491314904744116,0.6546968514181629,0.4988380544968217
0.3491314904744116,0.6547835892098187,0.4988369292086779
0.3492248785954426,0.6547835892098187,0.4988002671704636
0.3492248785954426,0.6548703270014745,0.4987903370225244
0.3492715726559581,0.6548703270014745,0.4987715588918323
0.3492715726559581,0.6550438025847862,0.4987365256733803
0.3493182667164736,0.6550438025847862,0.4987184030934086
0.3493182667164736,0.655130540376442,0.498714566261315
0.3493416137467314,0.655130540376442,0.4987104600762068
0.3493416137467314,0.6552172781680978,0.4986882795617061
0.3498785954426597,0.6552172781680978,0.4984034787949238
0.3498785954426597,0.6553040159597536,0.498396012830034
0.3499486365334329,0.6553040159597536,0.4983706055350191
0.3499486365334329,0.6555642293347211,0.4983466019928055
0.3500186776242062,0.6555642293347211,0.4982923809059317
0.3500186776242062,0.6556509671263769,0.4982915310633047
0.3503455360478147,0.6556509671263769,0.4981482720607547
0.3503455360478147,0.6557377049180327,0.4981317736493441
0.3503922301083302,0.6557377049180327,0.4981112246808107
0.3503922301083302,0.6558244427096886,0.4981001107543638
0.350508965259619,0.6558244427096886,0.4980801006026879
0.350508965259619,0.6559111805013444,0.4980622650223548
0.3505323122898767,0.6559111805013444,0.4980451520064946
0.3505323122898767,0.6559979182930002,0.4980280237239657
0.3505556593201345,0.6559979182930002,0.4980256481598704
0.3505556593201345,0.656084656084656,0.4980217341097802
0.350695741501681,0.656084656084656,0.4979523012942991
0.350695741501681,0.656171393876312,0.4979345280288543
0.350882517743743,0.656171393876312,0.497835367851501
0.350882517743743,0.6563448694596236,0.4978267769164176
0.3509292118042585,0.6563448694596236,0.4978021487788814
0.3509292118042585,0.6565183450429352,0.4977936994129356
0.3509525588345162,0.6565183450429352,0.4977929474170497
0.3509525588345162,0.6566050828345911,0.4977571789422451
0.3510225999252895,0.6566050828345911,0.4977301414592024
0.3510225999252895,0.6567785584179027,0.4977114800070118
0.351162682106836,0.6567785584179027,0.4976936607263061
0.351162682106836,0.6568652962095585,0.4976868832741703
0.3513027642883825,0.6568652962095585,0.497624731504802
0.3513027642883825,0.657125509584526,0.4976154241903865
0.351349458348898,0.657125509584526,0.4975993205398081
0.351349458348898,0.6572122473761818,0.4975869786835341
0.3513728053791558,0.6572122473761818,0.4975853219635439
0.3513728053791558,0.6572989851678376,0.4975734995704178
0.3514194994396712,0.6572989851678376,0.4975649011117767
0.3514194994396712,0.6573857229594935,0.4975627471828132
0.3514895405304445,0.6573857229594935,0.4975530700620616
0.3514895405304445,0.6574724607511493,0.497550974930247
0.35153623459096,0.6574724607511493,0.4975328529295163
0.35153623459096,0.6575591985428051,0.4975277457387722
0.351629622711991,0.6575591985428051,0.4974991876654404
0.351629622711991,0.6576459363344609,0.4974986016625236
0.351723010833022,0.6576459363344609,0.4974605209777267
0.351723010833022,0.6578194119177726,0.4974465048205573
0.3517697048935375,0.6578194119177726,0.4974092127354125
0.3517697048935375,0.6579061497094284,0.4973986692526969
0.3517930519237953,0.6579061497094284,0.4973821783942942
0.3517930519237953,0.6579928875010842,0.497381945290138
0.351816398954053,0.6579928875010842,0.4973516268576595
0.351816398954053,0.65807962529274,0.4973511869789841
0.3521666044079193,0.65807962529274,0.4971903094302308
0.3521666044079193,0.6581663630843959,0.4971822259107673
0.352189951438177,0.6581663630843959,0.4971814395817842
0.352189951438177,0.6582531008760517,0.4971731895198126
0.3522599925289503,0.6582531008760517,0.497154653260719
0.3522599925289503,0.6583398386677075,0.4971520272114412
0.3523533806499813,0.6583398386677075,0.4971234807967113
0.3523533806499813,0.6584265764593633,0.4971187562567382
0.3525401568920433,0.6584265764593633,0.4970120987050437
0.3525401568920433,0.6585133142510192,0.4970091576778426
0.3525868509525588,0.6585133142510192,0.4969844110205967
0.3525868509525588,0.658600052042675,0.4969797561884401
0.3526335450130743,0.658600052042675,0.4969568510808643
0.3526335450130743,0.6586867898343308,0.4969430103932719
0.3528203212551363,0.6586867898343308,0.4968396545444462
0.3528203212551363,0.6587735276259866,0.4968171314069826
0.3529370564064251,0.6587735276259866,0.4967655581628488
0.3529370564064251,0.6588602654176424,0.4967570620368274
0.3529837504669406,0.6588602654176424,0.4967424648355477
0.3529837504669406,0.6589470032092983,0.496723733178374
0.3530070974971983,0.6589470032092983,0.4967222955385981
0.3530070974971983,0.6592072165842657,0.4966941996540216
0.3531004856182294,0.6592072165842657,0.4966817684220559
0.3531004856182294,0.6592939543759216,0.4966675229585111
0.3531238326484871,0.6592939543759216,0.496665607084748
0.3531238326484871,0.6593806921675774,0.4966629138066752
0.3533106088905491,0.6593806921675774,0.496607570983866
0.3533106088905491,0.659554167750889,0.4965994136233065
0.3533339559208068,0.659554167750889,0.4965990410437422
0.3533339559208068,0.6596409055425448,0.4965948362065439
0.3533573029510646,0.6596409055425448,0.4965753667386889
0.3533573029510646,0.6597276433342008,0.4965616688199291
0.3535207321628689,0.6597276433342008,0.4964715032876331
0.3535207321628689,0.6598143811258566,0.4964705542327305
0.3535907732536421,0.6598143811258566,0.496457346677156
0.3535907732536421,0.6599878567091682,0.4964396648262044
0.3537542024654464,0.6599878567091682,0.4963729232783459
0.3537542024654464,0.6601613322924799,0.4963660756313847
0.3538942846469929,0.6601613322924799,0.4962681254285331
0.3538942846469929,0.6603348078757915,0.4962541566429991
0.3539876727680239,0.6603348078757915,0.4962256492913425
0.3539876727680239,0.6604215456674473,0.4962140501184522
0.3544546133731789,0.6604215456674473,0.4959200545780458
0.3544546133731789,0.6605082834591032,0.4958899050977522
0.3544779604034367,0.6605082834591032,0.4958843167595237
0.3544779604034367,0.6606817590424148,0.495874692222258
0.3545480014942099,0.6606817590424148,0.4958563911193367
0.3545480014942099,0.6608552346257265,0.4958503612984695
0.3547814717967874,0.6608552346257265,0.4957637016690486
0.3547814717967874,0.6609419724173823,0.4957540677894482
0.3549682480388494,0.6609419724173823,0.4956768879398383
0.3549682480388494,0.6610287102090381,0.4956711971172333
0.3550149420993649,0.6610287102090381,0.4956613716514516
0.3550149420993649,0.6611154480006939,0.4956591386531489
0.3554351886440045,0.6611154480006939,0.4955119730112791
0.3554351886440045,0.6612021857923497,0.4955097270875198
0.3554818827045199,0.6612021857923497,0.4954862905327278
0.3554818827045199,0.6612889235840056,0.4954660835508335
0.355668658946582,0.6612889235840056,0.495382835105114
0.355668658946582,0.6613756613756614,0.4953819094350622
0.3557853940978707,0.6613756613756614,0.495324696963296
0.3557853940978707,0.6614623991673172,0.4953241927166765
0.3558087411281285,0.6614623991673172,0.4953167191185366
0.3558087411281285,0.6616358747506288,0.4952906222444372
0.3559955173701905,0.6616358747506288,0.495192560544385
0.3559955173701905,0.6617226125422847,0.4951872477805649
0.3563690698543145,0.6617226125422847,0.4950273298390248
0.3563690698543145,0.6618960881255963,0.4950237200264999
0.3564391109450878,0.6618960881255963,0.4950120200529013
0.3564391109450878,0.6619828259172521,0.4949997300409263
0.3566725812476653,0.6619828259172521,0.4948989271545455
0.3566725812476653,0.6621563015005638,0.4948784046381168
0.356695928277923,0.6621563015005638,0.4948707769194189
0.356695928277923,0.6622430392922196,0.4948595710158404
0.3571862159133358,0.6622430392922196,0.4947126203259504
0.3571862159133358,0.6623297770838754,0.4947000821013131
0.3572095629435936,0.6623297770838754,0.4946829708186688
0.3572095629435936,0.6624165148755312,0.4946719460158154
0.3574897273066866,0.6624165148755312,0.4945681017823411
0.3574897273066866,0.6625032526671871,0.4945624447097256
0.3575831154277176,0.6625032526671871,0.4945113908027991
0.3575831154277176,0.6626767282504987,0.4944911509875669
0.3576531565184908,0.6626767282504987,0.4944639854431878
0.3576531565184908,0.6627634660421545,0.4944617768182063
0.3578165857302951,0.6627634660421545,0.4944138818060786
0.3578165857302951,0.6628502038338104,0.4944005058081566
0.3578632797908106,0.6628502038338104,0.4943932636299637
0.3578632797908106,0.6629369416254662,0.4943802686047513
0.3580500560328726,0.6629369416254662,0.4942773885311
0.3580500560328726,0.663023679417122,0.4942763420169828
0.3581200971236459,0.663023679417122,0.4942635309869959
0.3581200971236459,0.6631104172087778,0.4942604140356071
0.3583068733657079,0.6631104172087778,0.494193125665632
0.3583068733657079,0.6631971550004336,0.4941811354288663
0.3584469555472543,0.6631971550004336,0.4940980340480162
0.3584469555472543,0.6632838927920895,0.4940930252110268
0.3584936496077699,0.6632838927920895,0.4940762663983812
0.3584936496077699,0.6633706305837453,0.4940562547888251
0.3585636906985431,0.6633706305837453,0.4939912156847715
0.3585636906985431,0.6634573683754011,0.4939523230538232
0.3585870377288009,0.6634573683754011,0.4939304072566961
0.3585870377288009,0.663544106167057,0.4939297091177514
0.3587504669406051,0.663544106167057,0.4938616763064313
0.3587504669406051,0.6636308439587129,0.4938609413748513
0.3588438550616362,0.6636308439587129,0.4938240331985012
0.3588438550616362,0.6637175817503687,0.4938205803047063
0.3589138961524094,0.6637175817503687,0.4938103378452271
0.3589138961524094,0.6638910573336803,0.4937898238365046
0.3589372431826672,0.6638910573336803,0.4937893362962257
0.3589372431826672,0.6639777951253361,0.4937830357972779
0.3590539783339559,0.6639777951253361,0.4937266219636735
0.3590539783339559,0.664064532916992,0.4937082968767248
0.3591707134852446,0.664064532916992,0.4936584457886517
0.3591707134852446,0.6642380085003036,0.4936407403049395
0.3594742248785954,0.6642380085003036,0.4935461901834465
0.3594742248785954,0.6643247462919594,0.4935456939965063
0.3596143070601419,0.6643247462919594,0.49346654338281
0.3596143070601419,0.6644114840836153,0.4934644895789664
0.3596376540903997,0.6644114840836153,0.4934602984251729
0.3596376540903997,0.6644982218752711,0.4934576812580762
0.3597310422114307,0.6644982218752711,0.4934341965240161
0.3597310422114307,0.6645849596669269,0.4933815401535528
0.3597777362719462,0.6645849596669269,0.4933394526605958
0.3597777362719462,0.6646716974585827,0.4933346755590176
0.359987859544266,0.6646716974585827,0.4932239948570377
0.359987859544266,0.6647584352502385,0.4932159055642003
0.3600579006350392,0.6647584352502385,0.493189671331947
0.3600579006350392,0.6649319108335502,0.4931660709239557
0.3601045946955547,0.6649319108335502,0.4931361571672084
0.3601045946955547,0.665018648625206,0.4931284708949115
0.3601512887560702,0.665018648625206,0.4931186697491293
0.3601512887560702,0.6651053864168618,0.4931158812060471
0.3601746357863279,0.6651053864168618,0.4931100339847012
0.3601746357863279,0.6653655997918293,0.493091337914444
0.3602213298468434,0.6653655997918293,0.4930806979125546
0.3602213298468434,0.6655390753751409,0.4930597497372494
0.3602913709376167,0.6655390753751409,0.493034322363599
0.3602913709376167,0.6656258131667968,0.492987530456883
0.3603380649981322,0.6656258131667968,0.4929723284864806
0.3603380649981322,0.6657125509584526,0.4929671649174936
0.3604081060889055,0.6657125509584526,0.4929629489563994
0.3604081060889055,0.6658860265417642,0.4929247394440779
0.3606182293612252,0.6658860265417642,0.4928432448475465
0.3606182293612252,0.6659727643334201,0.4928296161731383
0.3606882704519985,0.6659727643334201,0.4927878977225989
0.3606882704519985,0.6660595021250759,0.4927700049195205
0.360828352633545,0.6660595021250759,0.4927010024788585
0.360828352633545,0.6661462399167317,0.4927006367579494
0.361015128875607,0.6661462399167317,0.4926585173935536
0.361015128875607,0.6662329777083875,0.4926583250241488
0.361201905117669,0.6662329777083875,0.4925700297609762
0.361201905117669,0.6664064532916992,0.492553832420439
0.3612719462084423,0.6664064532916992,0.4925248315041561
0.3612719462084423,0.666493191083355,0.492514357689539
0.3612952932387,0.666493191083355,0.4925100775586459
0.3612952932387,0.6665799288750108,0.4925024401054457
0.3613653343294732,0.6665799288750108,0.4924899309944904
0.3613653343294732,0.6667534044583225,0.4924700859512879
0.3614120283899888,0.6667534044583225,0.4924583538786573
0.3614120283899888,0.6668401422499783,0.4924323715067875
0.361482069480762,0.6668401422499783,0.4923883122803564
0.361482069480762,0.6669268800416341,0.4923828562016189
0.3616221516623085,0.6669268800416341,0.4923428470460008
0.3616221516623085,0.6671003556249457,0.4923420590485102
0.3616921927530818,0.6671003556249457,0.4923245121600543
0.3616921927530818,0.6671870934166017,0.4923223492713362
0.3618789689951438,0.6671870934166017,0.4922549223043985
0.3618789689951438,0.667447306791569,0.4922246713985206
0.361949010085917,0.667447306791569,0.4921831338163333
0.361949010085917,0.667534044583225,0.4921770500692295
0.3620657452372058,0.667534044583225,0.4921534759901081
0.3620657452372058,0.6676207823748808,0.4921451111395964
0.3621357863279791,0.6676207823748808,0.4921032535981228
0.3621357863279791,0.6677075201665366,0.4920993754259861
0.3622291744490101,0.6677075201665366,0.4920627310650678
0.3622291744490101,0.6677942579581924,0.4920609280441653
0.3624159506910721,0.6677942579581924,0.4919832383616259
0.3624159506910721,0.6678809957498482,0.4919812737016683
0.3624392977213298,0.6678809957498482,0.4919789400365647
0.3624392977213298,0.6679677335415041,0.4919629614009597
0.3626260739633918,0.6679677335415041,0.4918944480531523
0.3626260739633918,0.6680544713331599,0.4918811065344154
0.3626727680239073,0.6680544713331599,0.4918377461483719
0.3626727680239073,0.6683146847081274,0.4917969018711549
0.3626961150541651,0.6683146847081274,0.4917893964544614
0.3626961150541651,0.6684014224997832,0.4917673290197661
0.3627194620844228,0.6684014224997832,0.4917669513474155
0.3627194620844228,0.668488160291439,0.4917653848930926
0.3627895031751961,0.668488160291439,0.4917198346403644
0.3627895031751961,0.6685748980830948,0.4917035523303131
0.3628595442659694,0.6685748980830948,0.4916749709017189
0.3628595442659694,0.6686616358747506,0.4916467004452703
0.3630229734777736,0.6686616358747506,0.4916031780547069
0.3630229734777736,0.6687483736664065,0.4915982993609294
0.3632564437803511,0.6687483736664065,0.4914374704461558
0.3632564437803511,0.6688351114580623,0.491432950113545
0.3633498319013821,0.6688351114580623,0.491399893873054
0.3633498319013821,0.6689218492497181,0.4913853857133778
0.3634899140829286,0.6689218492497181,0.4913304938655606
0.3634899140829286,0.6690953248330298,0.4913008451119185
0.3635132611131864,0.6690953248330298,0.4912556345373191
0.3635132611131864,0.6691820626246856,0.4912456312358733
0.3635599551737019,0.6691820626246856,0.491224053248958
0.3635599551737019,0.6692688004163414,0.491218329420102
0.3635833022039597,0.6692688004163414,0.4912129115217956
0.3635833022039597,0.6693555382079972,0.4911918562409503
0.3636299962644752,0.6693555382079972,0.4911835728037079
0.3636299962644752,0.669442275999653,0.4911802424548624
0.3639335076578259,0.669442275999653,0.4911132302808068
0.3639335076578259,0.6695290137913089,0.4910866624862877
0.3641202838998879,0.6695290137913089,0.4910128246522524
0.3641202838998879,0.6696157515829647,0.4909746251127707
0.3642136720209189,0.6696157515829647,0.4909166875476484
0.3642136720209189,0.6697024893746205,0.4909015238239548
0.3642603660814344,0.6697024893746205,0.4908834680101618
0.3642603660814344,0.6698759649579322,0.4908752006931443
0.3644004482629809,0.6698759649579322,0.4908337704968909
0.3644004482629809,0.669962702749588,0.4908287772304772
0.3644471423234964,0.669962702749588,0.4908098209954971
0.3644471423234964,0.6700494405412438,0.4907964753328002
0.3645638774747852,0.6700494405412438,0.4907606165295393
0.3645638774747852,0.6701361783328996,0.490757764422389
0.3645872245050429,0.6701361783328996,0.4907524492947992
0.3645872245050429,0.6702229161245554,0.4907152689338094
0.3646105715353007,0.6702229161245554,0.4907128569816703
0.3646105715353007,0.6703096539162113,0.4907128065415018
0.3647273066865895,0.6703096539162113,0.4906588451580894
0.3647273066865895,0.6703963917078671,0.4906474352928198
0.3647506537168472,0.6703963917078671,0.4906444221127595
0.3647506537168472,0.6707433428744904,0.4905918489428472
0.364774000747105,0.6707433428744904,0.4905899665280876
0.364774000747105,0.6708300806661462,0.4905836419626096
0.3648440418378782,0.6708300806661462,0.4905612269663602
0.3648440418378782,0.670916818457802,0.4905413149754704
0.3648673888681359,0.670916818457802,0.4905275407188003
0.3648673888681359,0.6710035562494578,0.4905141054087765
0.3651709002614867,0.6710035562494578,0.4903683554366168
0.3651709002614867,0.6711770318327696,0.4902999492142699
0.36524094135226,0.6711770318327696,0.4902767857865598
0.36524094135226,0.6712637696244254,0.4902575934473014
0.3653576765035487,0.6712637696244254,0.4901744816898264
0.3653576765035487,0.6713505074160812,0.4901589644442151
0.3653810235338065,0.6713505074160812,0.4901561916585962
0.3653810235338065,0.6715239829993929,0.4901476871074934
0.365521105715353,0.6715239829993929,0.4900919315341632
0.365521105715353,0.6716974585827045,0.4900773344913423
0.365614493836384,0.6716974585827045,0.49005625092431
0.365614493836384,0.6717841963743603,0.4900470853093093
0.365707881957415,0.6717841963743603,0.4899956593778676
0.365707881957415,0.671957671957672,0.4899794483500804
0.365801270078446,0.671957671957672,0.4899115588625021
0.365801270078446,0.6720444097493278,0.489907053101564
0.3658246171087038,0.6720444097493278,0.4899033438682896
0.3658246171087038,0.6721311475409836,0.4898994790173372
0.365988046320508,0.6721311475409836,0.4898478949185865
0.365988046320508,0.6722178853326395,0.4898436052631496
0.366361598804632,0.6722178853326395,0.4896929945672931
0.366361598804632,0.6723046231242953,0.4896920402698171
0.3664082928651475,0.6723046231242953,0.4896720434686393
0.3664082928651475,0.6723913609159511,0.4896411636792306
0.3668518864400448,0.6723913609159511,0.4894601250659841
0.3668518864400448,0.6725648364992627,0.4894334184928194
0.3668985805005603,0.6725648364992627,0.4894078108776499
0.3668985805005603,0.6726515742909186,0.4894018141687741
0.3670153156518491,0.6726515742909186,0.4893449731376262
0.3670153156518491,0.6727383120825744,0.48934265941583
0.3670853567426223,0.6727383120825744,0.4893099897811253
0.3670853567426223,0.672911787665886,0.489295759494662
0.3671320508031378,0.672911787665886,0.4892880773023402
0.3671320508031378,0.6729985254575418,0.4892836341150403
0.3675756443780351,0.6729985254575418,0.4891093234489935
0.3675756443780351,0.6732587388325093,0.489059963497491
0.3675989914082929,0.6732587388325093,0.4890516832795102
0.3675989914082929,0.6733454766241651,0.4890490709219884
0.3676456854688084,0.6733454766241651,0.4890424753130281
0.3676456854688084,0.673432214415821,0.4890377094183034
0.3677390735898393,0.673432214415821,0.4890067369688884
0.3677390735898393,0.6735189522074768,0.4890056738484822
0.3678791557713858,0.6735189522074768,0.4889192543508718
0.3678791557713858,0.6736056899991326,0.4889187852143584
0.3679725438924169,0.6736056899991326,0.4888927838593394
0.3679725438924169,0.6736924277907884,0.4888915004911539
0.3680659320134479,0.6736924277907884,0.4888657556890281
0.3680659320134479,0.6737791655824442,0.4888563354805549
0.3682760552857676,0.6737791655824442,0.4887869109275232
0.3682760552857676,0.6738659033741001,0.4887769831072238
0.3684394844975719,0.6738659033741001,0.4887350259291225
0.3684394844975719,0.6739526411657559,0.4886987152677903
0.3685795666791184,0.6739526411657559,0.4886444207418449
0.3685795666791184,0.6741261167490675,0.4886387067058649
0.3686729548001494,0.6741261167490675,0.4886130079917999
0.3686729548001494,0.6742128545407234,0.488612641510828
0.3686963018304072,0.6742128545407234,0.4886099625172473
0.3686963018304072,0.6742995923323792,0.4886081132684909
0.3687429958909227,0.6742995923323792,0.4885895167464165
0.3687429958909227,0.674386330124035,0.4885762940930992
0.3687663429211804,0.674386330124035,0.4885714374883743
0.3687663429211804,0.6744730679156908,0.4885671841505599
0.3689297721329846,0.6744730679156908,0.488452277412563
0.3689297721329846,0.6747332812906583,0.4884282085659096
0.3689998132237579,0.6747332812906583,0.4883939590179811
0.3689998132237579,0.6748200190823141,0.4883839759235122
0.3691865894658199,0.6748200190823141,0.4883178570048114
0.3691865894658199,0.6749934946656259,0.4883153855135823
0.3692332835263354,0.6749934946656259,0.4882773198937304
0.3692332835263354,0.6750802324572817,0.4882741165005397
0.3692799775868509,0.6750802324572817,0.4882529002250184
0.3692799775868509,0.6751669702489375,0.4882464585199287
0.3694901008591707,0.6751669702489375,0.4882166962446429
0.3694901008591707,0.6752537080405933,0.4882150868490152
0.3696301830407172,0.6752537080405933,0.4881888654237794
0.3696301830407172,0.6753404458322491,0.4881858982180687
0.3697002241314904,0.6753404458322491,0.4881727016056358
0.3697002241314904,0.675427183623905,0.4881716810699166
0.3698636533432947,0.675427183623905,0.4881244076127814
0.3698636533432947,0.6755139214155608,0.4881047395216535
0.3700504295853567,0.6755139214155608,0.4880440817652056
0.3700504295853567,0.6756006592072166,0.4880196439921236
0.3700737766156144,0.6756006592072166,0.4880085710148142
0.3700737766156144,0.6756873969988724,0.4880068885746698
0.37012047067613,0.6756873969988724,0.4879991710074556
0.37012047067613,0.6757741347905283,0.4879979014252069
0.3701671647366455,0.6757741347905283,0.4879934183405516
0.3701671647366455,0.6758608725821841,0.4879874102915902
0.3705640642510273,0.6758608725821841,0.4878267165882148
0.3705640642510273,0.6759476103738399,0.4878258599446896
0.3707041464325737,0.6759476103738399,0.4877808270081026
0.3707041464325737,0.6760343481654957,0.4877545618319228
0.3707274934628315,0.6760343481654957,0.4877268249262755
0.3707274934628315,0.6761210859571515,0.4877266361659799
0.3711010459469555,0.6761210859571515,0.4875867210336915
0.3711010459469555,0.6762078237488074,0.4875680146569071
0.3713578632797908,0.6762078237488074,0.4874822622890985
0.3713578632797908,0.6762945615404632,0.487444152938311
0.3714045573403063,0.6762945615404632,0.4874335375184599
0.3714045573403063,0.676381299332119,0.487414184844489
0.371427904370564,0.676381299332119,0.4874140259866344
0.371427904370564,0.6764680371237748,0.4874137557773395
0.3715679865521106,0.6764680371237748,0.487354097777624
0.3715679865521106,0.6765547749154307,0.4873067935160818
0.3716613746731416,0.6765547749154307,0.4872779773282127
0.3716613746731416,0.6766415127070865,0.4872662703858434
0.3717080687336571,0.6766415127070865,0.4872627762041281
0.3717080687336571,0.6767282504987423,0.4872612708222731
0.3718248038849458,0.6767282504987423,0.4872137540181384
0.3718248038849458,0.6768149882903981,0.4872104973313698
0.371894844975719,0.6768149882903981,0.4871767013169434
0.371894844975719,0.6769017260820539,0.4871766501821289
0.3719648860664923,0.6769017260820539,0.4871623593222566
0.3719648860664923,0.6769884638737098,0.4871441127072211
0.3720115801270078,0.6769884638737098,0.4871001621591997
0.3720115801270078,0.6770752016653656,0.4870972875885763
0.3720582741875233,0.6770752016653656,0.4870905293248204
0.3720582741875233,0.6771619394570214,0.4870709957266893
0.3722450504295853,0.6771619394570214,0.4869864591177923
0.3722450504295853,0.6772486772486772,0.486958929516853
0.3723384385506164,0.6772486772486772,0.4869233767363219
0.3723384385506164,0.6773354150403331,0.4869080685633737
0.3725485618229361,0.6773354150403331,0.4868191729863891
0.3725485618229361,0.6774221528319889,0.4868152786800782
0.3726186029137093,0.6774221528319889,0.4867914978200547
0.3726186029137093,0.6775088906236447,0.4867873152169358
0.3727119910347404,0.6775088906236447,0.4867411878406188
0.3727119910347404,0.6776823662069563,0.486705240923079
0.3727586850952559,0.6776823662069563,0.4866815001641144
0.3727586850952559,0.6777691039986122,0.4866782126601378
0.3728053791557714,0.6777691039986122,0.4866629389399325
0.3728053791557714,0.677855841790268,0.4866509090667318
0.3729221143070601,0.677855841790268,0.4865862541735047
0.3729221143070601,0.6779425795819238,0.4865777544837463
0.3730621964886066,0.6779425795819238,0.4864602527516317
0.3730621964886066,0.6780293173735796,0.4864594767723058
0.3730855435188644,0.6780293173735796,0.4864546855319122
0.3730855435188644,0.6781160551652355,0.4864463836383773
0.3732256257004109,0.6781160551652355,0.4863667603483427
0.3732256257004109,0.6782895307485471,0.4863600661503811
0.3733190138214419,0.6782895307485471,0.4863249698169538
0.3733190138214419,0.6783762685402029,0.4863235729109274
0.3733423608516996,0.6783762685402029,0.4863178732214935
0.3733423608516996,0.6784630063318587,0.4863170371600045
0.3734590960029884,0.6784630063318587,0.4862589727680206
0.3734590960029884,0.6785497441235147,0.4862559349391834
0.3737159133358236,0.6785497441235147,0.4861420559665498
0.3737159133358236,0.6786364819151705,0.4861368614967116
0.3738559955173702,0.6786364819151705,0.4860632097618422
0.3738559955173702,0.678809957498482,0.4860344265727534
0.3738793425476279,0.678809957498482,0.4860214598231832
0.3738793425476279,0.678896695290138,0.4860003921784325
0.3739260366081434,0.678896695290138,0.485990894417295
0.3739260366081434,0.6789834330817938,0.4859888955103908
0.3739493836384012,0.6789834330817938,0.4859883817803346
0.3739493836384012,0.6791569086651054,0.4859734820651629
0.3740194247291744,0.6791569086651054,0.4859570394148215
0.3740194247291744,0.6792436464567612,0.4859554594642894
0.3740427717594322,0.6792436464567612,0.4859395380253428
0.3740427717594322,0.6794171220400729,0.485924763419199
0.3741361598804632,0.6794171220400729,0.485903877887884
0.3741361598804632,0.6795038598317287,0.4858957662061656
0.3742762420620097,0.6795038598317287,0.4858640817717871
0.3742762420620097,0.6795905976233845,0.4858611932612454
0.3744863653343295,0.6795905976233845,0.4857907620460294
0.3744863653343295,0.6796773354150404,0.4857824863693997
0.374533059394845,0.6796773354150404,0.4857718281618037
0.374533059394845,0.6799375487900078,0.4857417417830549
0.3747431826671647,0.6799375487900078,0.4855839878634795
0.3747431826671647,0.6800242865816636,0.4855832943284992
0.375186776242062,0.6800242865816636,0.4854096957817037
0.375186776242062,0.6801110243733195,0.4853976888817757
0.3752334703025775,0.6801110243733195,0.4853947014506751
0.3752334703025775,0.6801977621649753,0.4853926383192999
0.375373552484124,0.6801977621649753,0.4853551919043577
0.375373552484124,0.6802844999566311,0.4853458640075061
0.375466940605155,0.6802844999566311,0.4853219467715354
0.375466940605155,0.6803712377482869,0.4853124164058831
0.3755369816959282,0.6803712377482869,0.4852477721664959
0.3755369816959282,0.6804579755399428,0.485245763845466
0.375560328726186,0.6804579755399428,0.4852414358092995
0.375560328726186,0.6805447133315986,0.4852302802640964
0.3757004109077325,0.6805447133315986,0.4851238054486058
0.3757004109077325,0.6806314511232544,0.4851231924794563
0.3757237579379903,0.6806314511232544,0.4851154784922893
0.3757237579379903,0.680804926706566,0.485087215830864
0.375747104968248,0.680804926706566,0.4850671402277992
0.375747104968248,0.6808916644982219,0.4850583501244959
0.3757704519985058,0.6808916644982219,0.4850473745965477
0.3757704519985058,0.6809784022898777,0.4850423694316814
0.3759105341800523,0.6809784022898777,0.4849881931230579
0.3759105341800523,0.6810651400815335,0.4849860829661185
0.3760506163615988,0.6810651400815335,0.4849388259206942
0.3760506163615988,0.6811518778731893,0.4849236672262634
0.3761440044826298,0.6811518778731893,0.4848641072930431
0.3761440044826298,0.6812386156648452,0.4848634229936689
0.3766109450877848,0.6812386156648452,0.4846628836847246
0.3766109450877848,0.681325353456501,0.4846628373364724
0.3767043332088158,0.681325353456501,0.4845557444908732
0.3767043332088158,0.6814120912481568,0.4845517237658268
0.3769144564811356,0.6814120912481568,0.4844544336503628
0.3769144564811356,0.6814988290398126,0.4844519327827544
0.3769378035113933,0.6814988290398126,0.484426222326036
0.3769378035113933,0.6815855668314684,0.4844102569717593
0.3772179678744863,0.6815855668314684,0.4843123531815519
0.3772179678744863,0.6816723046231243,0.4842869985222351
0.3772646619350018,0.6816723046231243,0.4842787592049279
0.3772646619350018,0.6818457802064359,0.4842587090606149
0.3777082555098991,0.6818457802064359,0.4840823263612747
0.3777082555098991,0.6819325179980917,0.4840785026185764
0.3777549495704146,0.6819325179980917,0.4840524276812721
0.3777549495704146,0.6820192557897476,0.4840510036106777
0.3778249906611879,0.6820192557897476,0.4840430424530512
0.3778249906611879,0.6821927313730592,0.4840248851638872
0.3778716847217034,0.6821927313730592,0.4839812269203367
0.3778716847217034,0.682279469164715,0.4839650156257781
0.3779183787822189,0.682279469164715,0.4839515604555299
0.3779183787822189,0.6823662069563708,0.483938895875592
0.3780117669032499,0.6823662069563708,0.4839206543205513
0.3780117669032499,0.6824529447480268,0.4839143499953077
0.3780584609637654,0.6824529447480268,0.4838989217753124
0.3780584609637654,0.6827131581229942,0.4838357799285648
0.3781751961150542,0.6827131581229942,0.4837581849303246
0.3781751961150542,0.6827998959146501,0.4837499621680441
0.3782218901755697,0.6827998959146501,0.4837199739661935
0.3782218901755697,0.6828866337063059,0.4837107507837753
0.3784086664176316,0.6828866337063059,0.4836200007844443
0.3784086664176316,0.6829733714979617,0.4835999402421601
0.3786187896899514,0.6829733714979617,0.4835121493045983
0.3786187896899514,0.6830601092896175,0.4835044807950461
0.3787355248412402,0.6830601092896175,0.4834289706755399
0.3787355248412402,0.6832335848729292,0.4834221497362393
0.3787588718714979,0.6832335848729292,0.4834010973054684
0.3787588718714979,0.683320322664585,0.4833842220855758
0.3790390362345909,0.683320322664585,0.483290427988459
0.3790390362345909,0.6834070604562408,0.4832892105788205
0.3790623832648487,0.6834070604562408,0.4832721378468148
0.3790623832648487,0.6834937982478966,0.4832601453941207
0.3792024654463952,0.6834937982478966,0.4831779266353944
0.3792024654463952,0.6835805360395524,0.4831778373306988
0.3793425476279417,0.6835805360395524,0.4831352771525883
0.3793425476279417,0.6836672738312083,0.4831300760495518
0.3793892416884572,0.6836672738312083,0.483121912950449
0.3793892416884572,0.6839274872061757,0.4830844554209972
0.3794125887187149,0.6839274872061757,0.4830786575893526
0.3794125887187149,0.6840142249978316,0.4830780272927091
0.3796227119910347,0.6840142249978316,0.4830032152418085
0.3796227119910347,0.6841009627894874,0.4829695027727084
0.3797394471423235,0.6841009627894874,0.4829195111514859
0.3797394471423235,0.6841877005811432,0.4829039612008821
0.3797627941725812,0.6841877005811432,0.4829030752014082
0.3797627941725812,0.684274438372799,0.4829028229496894
0.379786141202839,0.684274438372799,0.4828999103184433
0.379786141202839,0.6843611761644548,0.482884776718342
0.3799262233843855,0.6843611761644548,0.4828358292644799
0.3799262233843855,0.6844479139561107,0.4828349668855417
0.3799962644751588,0.6844479139561107,0.482786100859331
0.3799962644751588,0.6845346517477665,0.4827824726820605
0.3800896525961897,0.6845346517477665,0.4827473821490788
0.3800896525961897,0.6846213895394223,0.4827181989905845
0.380253081807994,0.6846213895394223,0.4826701407407998
0.380253081807994,0.684794865122734,0.4826296051287523
0.3802764288382518,0.684794865122734,0.4826213078741709
0.3802764288382518,0.6848816029143898,0.4826192909987022
0.380439858050056,0.6848816029143898,0.4825171594324535
0.380439858050056,0.6849683407060456,0.482506483998086
0.3804632050803138,0.6849683407060456,0.4825032165605512
0.3804632050803138,0.6850550784977014,0.4825027832923343
0.380533246171087,0.6850550784977014,0.4824862606815119
0.380533246171087,0.6851418162893572,0.4824673580073655
0.3806032872618602,0.6851418162893572,0.4824404619496256
0.3806032872618602,0.6852285540810131,0.4824399633400225
0.3806966753828913,0.6852285540810131,0.4823934016045927
0.3806966753828913,0.6853152918726689,0.4823755141766858
0.3807433694434068,0.6853152918726689,0.4823546611632735
0.3807433694434068,0.6854020296643247,0.4823540906164043
0.3807900635039223,0.6854020296643247,0.4823125254139668
0.3807900635039223,0.6854887674559805,0.4823070386627132
0.3808834516249533,0.6854887674559805,0.4822633225577246
0.3808834516249533,0.6855755052476364,0.4822537589802383
0.3810702278670153,0.6855755052476364,0.4821677845199962
0.3810702278670153,0.6856622430392922,0.4821255397975427
0.3811636159880463,0.6856622430392922,0.4820166550606715
0.3811636159880463,0.685748980830948,0.4820108418549467
0.3812103100485618,0.685748980830948,0.4819934744087641
0.3812103100485618,0.6858357186226038,0.4819885735025783
0.3813270451998505,0.6858357186226038,0.4819391477745957
0.3813270451998505,0.6859224564142596,0.481937361703278
0.3815605155024281,0.6859224564142596,0.4818406974300729
0.3815605155024281,0.6860091942059156,0.4818380008610698
0.3816772506537168,0.6860091942059156,0.4817865503263311
0.3816772506537168,0.6861826697892272,0.4817279673575304
0.3817472917444901,0.6861826697892272,0.4816702345592002
0.3817472917444901,0.686269407580883,0.4816651713326986
0.3817939858050056,0.686269407580883,0.4816563566028937
0.3817939858050056,0.6863561453725389,0.4816504942721574
0.3818173328352633,0.6863561453725389,0.4816432016505525
0.3818173328352633,0.6864428831641947,0.481637922810154
0.3818873739260366,0.6864428831641947,0.4816270030942169
0.3818873739260366,0.6866163587475063,0.4815822835193837
0.3820741501680986,0.6866163587475063,0.4815084433807318
0.3820741501680986,0.6867030965391621,0.4814994548205713
0.3820974971983564,0.6867030965391621,0.481497855627699
0.3820974971983564,0.686789834330818,0.481486422176287
0.3821675382891296,0.686789834330818,0.4814399710940291
0.3821675382891296,0.6868765721224738,0.4814136279130868
0.3821908853193874,0.6868765721224738,0.4813905302999994
0.3821908853193874,0.6869633099141296,0.4813727780635228
0.3822375793799029,0.6869633099141296,0.4813468366237186
0.3822375793799029,0.6870500477057854,0.4813396489718174
0.3826578259245424,0.6870500477057854,0.4811343859252136
0.3826578259245424,0.6872235232890971,0.4810916155974218
0.3826811729548001,0.6872235232890971,0.4810881451724244
0.3826811729548001,0.6873102610807529,0.4810855894121175
0.3827745610758311,0.6873102610807529,0.4810372338173135
0.3827745610758311,0.6873969988724087,0.4810279492761662
0.3829146432573777,0.6873969988724087,0.4809841832175334
0.3829146432573777,0.6874837366640645,0.4809819510482245
0.3830547254389241,0.6874837366640645,0.4809522211585857
0.3830547254389241,0.6875704744557204,0.4809459829652214
0.3832181546507284,0.6875704744557204,0.4808959016480369
0.3832181546507284,0.6876572122473762,0.4808871765838329
0.3832881957415017,0.6876572122473762,0.4808754139917254
0.3832881957415017,0.687743950039032,0.480868878976637
0.3834516249533059,0.687743950039032,0.4807786774793191
0.3834516249533059,0.6878306878306878,0.4807778431783588
0.3835683601045947,0.6878306878306878,0.4807573182254224
0.3835683601045947,0.6879174256223437,0.4807572454477046
0.383918565558461,0.6879174256223437,0.4805788982183926
0.383918565558461,0.6880909012056553,0.480568041632336
0.3839886066492342,0.6880909012056553,0.4805291041357096
0.3839886066492342,0.6881776389973111,0.4805256151617839
0.3840353007097497,0.6881776389973111,0.4804781388673627
0.3840353007097497,0.6882643767889669,0.4804682095702601
0.3840819947702652,0.6882643767889669,0.4804408509760001
0.3840819947702652,0.6883511145806228,0.480438310903549
0.3841053418005229,0.6883511145806228,0.4804361596956172
0.3841053418005229,0.6884378523722786,0.4804299789068396
0.3842454239820694,0.6884378523722786,0.4803702798854729
0.3842454239820694,0.6886113279555902,0.4803608959616412
0.3843621591333582,0.6886113279555902,0.4802608678262285
0.3843621591333582,0.6887848035389019,0.4802339367459747
0.3845489353754202,0.6887848035389019,0.4801817936880864
0.3845489353754202,0.6888715413305577,0.4801686257136213
0.384572282405678,0.6888715413305577,0.4801591937515707
0.384572282405678,0.6889582791222135,0.4801504061161641
0.3847357116174822,0.6889582791222135,0.4800942270751958
0.3847357116174822,0.6890450169138693,0.4800836048361641
0.38475905864774,0.6890450169138693,0.4800808580461195
0.38475905864774,0.6891317547055252,0.4800761163730119
0.384852446768771,0.6891317547055252,0.4800369657277777
0.384852446768771,0.689218492497181,0.4800320771463459
0.3848991408292865,0.689218492497181,0.4800097088338397
0.3848991408292865,0.6893052302888368,0.4800096271570684
0.3852026522226373,0.6893052302888368,0.4799304397092396
0.3852026522226373,0.6893919680804926,0.4799107568573227
0.3852726933134105,0.6893919680804926,0.479872098268332
0.3852726933134105,0.6894787058721485,0.4798644225945897
0.3853660814344415,0.6894787058721485,0.4798402813193008
0.3853660814344415,0.6895654436638043,0.4798343977301138
0.3854361225252148,0.6895654436638043,0.4798171456527057
0.3854361225252148,0.6896521814554601,0.4798127970032323
0.3854594695554725,0.6896521814554601,0.4798086763531167
0.3854594695554725,0.689738919247116,0.4797918424615357
0.3854828165857303,0.689738919247116,0.4797875960749429
0.3854828165857303,0.6898256570387717,0.4797825881996165
0.3855528576765035,0.6898256570387717,0.4797631287677046
0.3855528576765035,0.6899123948304277,0.4797529231145788
0.3856695928277923,0.6899123948304277,0.4797107660978088
0.3856695928277923,0.6899991326220835,0.4797079638458824
0.3857162868883078,0.6899991326220835,0.4796986474690985
0.3857162868883078,0.6900858704137393,0.4796710459539692
0.3860197982816585,0.6900858704137393,0.479522692645971
0.3860197982816585,0.690172608205395,0.4795215970563063
0.3861598804632051,0.690172608205395,0.4794574887488022
0.3861598804632051,0.690259345997051,0.4794362152126595
0.3861832274934628,0.690259345997051,0.4794328451478122
0.3861832274934628,0.6903460837887068,0.4794213125092246
0.3863233096750093,0.6903460837887068,0.4793882809913856
0.3863233096750093,0.6904328215803626,0.4793837331614909
0.3863700037355248,0.6904328215803626,0.4793750686149761
0.3863700037355248,0.6905195593720184,0.4793694960671752
0.3867669032499066,0.6905195593720184,0.4792232932123663
0.3867669032499066,0.6907797727469859,0.4792165214324928
0.3867902502801643,0.6907797727469859,0.4791942991176782
0.3867902502801643,0.6908665105386417,0.4791876685189232
0.3869770265222264,0.6908665105386417,0.4790981348580836
0.3869770265222264,0.6909532483302975,0.4790820515985137
0.3870003735524841,0.6909532483302975,0.4790817692047118
0.3870003735524841,0.6910399861219534,0.4790771106813235
0.3870470676129996,0.6910399861219534,0.4790709460388025
0.3870470676129996,0.6911267239136092,0.479056650724179
0.3871871497945461,0.6911267239136092,0.4790200284326865
0.3871871497945461,0.6913001994969208,0.4790159372210161
0.3872104968248039,0.6913001994969208,0.4790139734404997
0.3872104968248039,0.6913869372885766,0.4790043648036688
0.3872805379155771,0.6913869372885766,0.4789743075103648
0.3872805379155771,0.6914736750802325,0.4789735843677869
0.3875607022786702,0.6914736750802325,0.4788171926855188
0.3875607022786702,0.6915604128718883,0.4788097979933109
0.3877007844602166,0.6915604128718883,0.4787227387376669
0.3877007844602166,0.6916471506635441,0.4787162843030158
0.3878175196115054,0.6916471506635441,0.4786899276954247
0.3878175196115054,0.6917338884551999,0.4786815536502833
0.3879809488233097,0.6917338884551999,0.4786018396621767
0.3879809488233097,0.6918206262468558,0.478599397425015
0.3881210310048562,0.6918206262468558,0.4785490898340504
0.3881210310048562,0.6919073640385116,0.4785078197411631
0.3884011953679492,0.6919073640385116,0.4783419538577489
0.3884011953679492,0.6920808396218232,0.4783268982261768
0.3884945834889802,0.6920808396218232,0.4782897148813041
0.3884945834889802,0.692167577413479,0.478255439841953
0.3885412775494957,0.692167577413479,0.4782343749674632
0.3885412775494957,0.6924277907884465,0.4782012038464631
0.3886346656705267,0.6924277907884465,0.4781571976549793
0.3886346656705267,0.6926012663717582,0.4781475413246052
0.3888447889428464,0.6926012663717582,0.4780702335835738
0.3888447889428464,0.692688004163414,0.4780597226426371
0.3888914830033619,0.692688004163414,0.4780523054219414
0.3888914830033619,0.6927747419550698,0.478041305409853
0.3891249533059395,0.6927747419550698,0.4779156198474033
0.3891249533059395,0.6928614797467256,0.4779150112648517
0.389171647366455,0.6928614797467256,0.4778968849952983
0.389171647366455,0.6929482175383814,0.4778921079471984
0.3892183414269705,0.6929482175383814,0.4778864889108934
0.3892183414269705,0.6930349553300373,0.4778793781617676
0.389358423608517,0.6930349553300373,0.4778204072051215
0.389358423608517,0.6931216931216931,0.4778169373480656
0.389545199850579,0.6931216931216931,0.4777308496068233
0.389545199850579,0.6932084309133489,0.4777161303241101
0.3896852820321255,0.6932084309133489,0.4776756629385674
0.3896852820321255,0.6932951687050047,0.4776733820781934
0.3899420993649607,0.6932951687050047,0.4775941633724064
0.3899420993649607,0.6933819064966606,0.4775753221837985
0.3900821815465073,0.6933819064966606,0.4774810068355584
0.3900821815465073,0.6934686442883164,0.4774393089093897
0.3902689577885693,0.6934686442883164,0.4773822929422583
0.3902689577885693,0.693642119871628,0.4773795004559413
0.3903156518490848,0.693642119871628,0.4773528765367335
0.3903156518490848,0.6937288576632838,0.4773443396178844
0.3903389988793425,0.6937288576632838,0.4773396387540968
0.3903389988793425,0.6939890710382514,0.4773185016010609
0.3903623459096003,0.6939890710382514,0.4773085492607581
0.3903623459096003,0.6940758088299072,0.4773023179444536
0.390385692939858,0.6940758088299072,0.4772992394837563
0.390385692939858,0.6941625466215631,0.4772956128607182
0.3904323870003735,0.6941625466215631,0.477278278204417
0.3904323870003735,0.6942492844132189,0.4772720564316282
0.3906425102726933,0.6942492844132189,0.477186320309132
0.3906425102726933,0.6943360222048747,0.4771544676637732
0.390665857302951,0.6943360222048747,0.4771527092159399
0.390665857302951,0.6944227599965305,0.4771297301983397
0.3907358983937243,0.6944227599965305,0.4770929227050727
0.3907358983937243,0.6945094977881863,0.4770789638239061
0.3910627568173328,0.6945094977881863,0.4769796170090657
0.3910627568173328,0.6945962355798422,0.4769768212207536
0.3911094508778483,0.6945962355798422,0.4769655191487799
0.3911094508778483,0.6947697111631538,0.4769532709176131
0.3912261860291371,0.6947697111631538,0.4768907768429687
0.3912261860291371,0.6948564489548096,0.4768619917881883
0.3912728800896526,0.6948564489548096,0.4768423880276853
0.3912728800896526,0.6950299245381213,0.476807326514891
0.3912962271199103,0.6950299245381213,0.4768062057774526
0.3912962271199103,0.6951166623297771,0.4768038893359176
0.3913429211804258,0.6951166623297771,0.4767635044841579
0.3913429211804258,0.6953768757047446,0.4767271773356669
0.3913662682106836,0.6953768757047446,0.4767142461254987
0.3913662682106836,0.6954636134964004,0.4767141013205053
0.3913896152409413,0.6954636134964004,0.4767014590729626
0.3913896152409413,0.6955503512880562,0.4766915741273987
0.3915296974224878,0.6955503512880562,0.4766385920773094
0.3915296974224878,0.695637089079712,0.4766313012453663
0.3915763914830034,0.695637089079712,0.4766183253807612
0.3915763914830034,0.6957238268713678,0.476613669789976
0.3916697796040344,0.6957238268713678,0.4765769039425758
0.3916697796040344,0.6959840402463353,0.4765666171136636
0.3916931266342921,0.6959840402463353,0.476536543842854
0.3916931266342921,0.6960707780379911,0.4765353621369418
0.3917865147553231,0.6960707780379911,0.4765159292535839
0.3917865147553231,0.696157515829647,0.4764911308050895
0.3918799028763541,0.696157515829647,0.4764685916240411
0.3918799028763541,0.6962442536213028,0.4764534570892601
0.3919499439671274,0.6962442536213028,0.4764269514296748
0.3919499439671274,0.6963309914129586,0.4764186279348269
0.3921600672394471,0.6963309914129586,0.4763665618612069
0.3921600672394471,0.6964177292046144,0.4763627131929966
0.3922067612999626,0.6964177292046144,0.476345029147546
0.3922067612999626,0.6965912047879261,0.4763315299766423
0.3924168845722824,0.6965912047879261,0.4761759028563485
0.3924168845722824,0.6966779425795819,0.4761508130185321
0.3924402316025401,0.6966779425795819,0.4761447093758962
0.3924402316025401,0.6968514181628935,0.4761285510277125
0.3925102726933134,0.6968514181628935,0.4760730164131078
0.3925102726933134,0.6969381559545494,0.4760510118555494
0.3925336197235711,0.6969381559545494,0.4760457703826737
0.3925336197235711,0.6970248937462052,0.4760429150501902
0.3925569667538289,0.6970248937462052,0.4760344715554416
0.3925569667538289,0.697111631537861,0.4760287199324565
0.3925803137840866,0.697111631537861,0.4760217017687295
0.3925803137840866,0.6971983693295168,0.4760174361880543
0.3926503548748599,0.6971983693295168,0.4759961448576625
0.3926503548748599,0.6972851071211726,0.475992831729
0.3926970489353754,0.6972851071211726,0.475970586394334
0.3926970489353754,0.6974585827044844,0.475938807031248
0.3927203959656332,0.6974585827044844,0.4759264866452577
0.3927203959656332,0.6975453204961402,0.4759210253761247
0.3927670900261487,0.6975453204961402,0.4759013504875898
0.3927670900261487,0.697632058287796,0.4759002616373082
0.3928604781471796,0.697632058287796,0.4758403597698761
0.3928604781471796,0.6977187960794519,0.4758351338370024
0.3928838251774374,0.6977187960794519,0.4758169205555154
0.3928838251774374,0.6978055338711077,0.4758095637847888
0.3929305192379529,0.6978055338711077,0.4757640003983157
0.3929305192379529,0.6978922716627635,0.4757509773183137
0.3929538662682106,0.6978922716627635,0.4757477758085636
0.3929538662682106,0.6979790094544193,0.4757414316889642
0.3930472543892417,0.6979790094544193,0.4756776259421762
0.3930472543892417,0.6980657472460751,0.4756706993376594
0.3930706014194994,0.6980657472460751,0.475662555959061
0.3930706014194994,0.698152485037731,0.4756577666899785
0.3937476652969742,0.698152485037731,0.4753133808254244
0.3937476652969742,0.6982392228293868,0.4753000286428233
0.3938177063877475,0.6982392228293868,0.475249357315352
0.3938177063877475,0.6983259606210426,0.4752485088901887
0.3941679118416137,0.6983259606210426,0.4750413613047487
0.3941679118416137,0.6984126984126984,0.4750396306920184
0.3941912588718715,0.6984126984126984,0.4750233605471302
0.3941912588718715,0.6984994362043543,0.4750211878981338
0.3942612999626447,0.6984994362043543,0.4749345843073191
0.3942612999626447,0.6985861739960101,0.4749320656810872
0.3943780351139335,0.6985861739960101,0.4749045693056306
0.3943780351139335,0.6986729117876659,0.4748795230856629
0.3944947702652223,0.6986729117876659,0.4748438109187668
0.3944947702652223,0.6987596495793217,0.4748113739791237
0.3945648113559955,0.6987596495793217,0.4747453228685232
0.3945648113559955,0.6988463873709775,0.4747324016470937
0.394611505416511,0.6988463873709775,0.4747278408735781
0.394611505416511,0.6989331251626334,0.4747270594226068
0.394704893537542,0.6989331251626334,0.4747084748426594
0.394704893537542,0.699106600745945,0.4746338893781366
0.3951251400821815,0.699106600745945,0.4744241570061347
0.3951251400821815,0.6991933385376008,0.4744219542282992
0.3954053044452745,0.6991933385376008,0.474288317512791
0.3954053044452745,0.6992800763292567,0.4742871993227787
0.3957788569293985,0.6992800763292567,0.4740768540514574
0.3957788569293985,0.6993668141209125,0.474075695956292
0.3960356742622338,0.6993668141209125,0.4740141074477613
0.3960356742622338,0.6994535519125683,0.4739838944325574
0.3965493089279043,0.6994535519125683,0.4737337291605075
0.3965493089279043,0.6995402897042241,0.4737195639582381
0.3966893911094509,0.6995402897042241,0.4736689394784104
0.3966893911094509,0.6998005030791916,0.4736192071884793
0.3967127381397086,0.6998005030791916,0.4736175403430925
0.3967127381397086,0.7000607164541591,0.4736087608316525
0.3967827792304819,0.7000607164541591,0.4735940071165484
0.3967827792304819,0.7001474542458149,0.4735909543143531
0.3968061262607396,0.7001474542458149,0.4735864650557072
0.3968061262607396,0.7002341920374707,0.4735693700758808
0.3970162495330594,0.7002341920374707,0.4734857388028738
0.3970162495330594,0.7003209298291265,0.4734777102771472
0.3970395965633171,0.7003209298291265,0.4734523912787066
0.3970395965633171,0.7004076676207823,0.4734428764742645
0.3971096376540904,0.7004076676207823,0.4734244040585622
0.3971096376540904,0.7004944054124382,0.4734235101954774
0.3971796787448636,0.7004944054124382,0.4733953477197474
0.3971796787448636,0.700581143204094,0.4733928694120348
0.3973431079566679,0.700581143204094,0.4732942832195338
0.3973431079566679,0.7007546187874056,0.473277630275327
0.3973664549869257,0.7007546187874056,0.4732660463302688
0.3973664549869257,0.7008413565790615,0.4732620188186063
0.3973898020171834,0.7008413565790615,0.4732463614157136
0.3973898020171834,0.701101569954029,0.4732323832325481
0.3977400074710497,0.701101569954029,0.4730746288114399
0.3977400074710497,0.7011883077456847,0.4730566794149352
0.3977867015315652,0.7011883077456847,0.4730395661733313
0.3977867015315652,0.7012750455373407,0.4730311109895896
0.3982536421367202,0.7012750455373407,0.4728185552319685
0.3982536421367202,0.7013617833289965,0.4727995853845667
0.3983236832274934,0.7013617833289965,0.4727884620463939
0.3983236832274934,0.701621996703964,0.4727272298222764
0.3983937243182667,0.701621996703964,0.4726727021947272
0.3983937243182667,0.7017087344956198,0.4726633547280655
0.398650541651102,0.7017087344956198,0.4725427652596704
0.398650541651102,0.7018822100789314,0.4725142228523123
0.3987439297721329,0.7018822100789314,0.472496340896511
0.3987439297721329,0.7021424234538989,0.4724783739507057
0.3987672768023907,0.7021424234538989,0.4724716715644791
0.3987672768023907,0.7022291612455547,0.4724679150223878
0.3992809114680613,0.7022291612455547,0.4722381760075431
0.3992809114680613,0.7023158990372105,0.4722311135579924
0.3993276055285767,0.7023158990372105,0.4722106444045196
0.3993276055285767,0.7024026368288664,0.47219826532556
0.39939764661935,0.7024026368288664,0.4721763038889865
0.39939764661935,0.702576112412178,0.4721394723764354
0.3994676877101232,0.702576112412178,0.4720699282421522
0.3994676877101232,0.7027495879954896,0.4720260065862964
0.3995377288008965,0.7027495879954896,0.4719633134715013
0.3995377288008965,0.7028363257871455,0.4719546896285005
0.399584422861412,0.7028363257871455,0.4719412441815794
0.399584422861412,0.7029230635788013,0.4719317225439454
0.399677810982443,0.7029230635788013,0.4718996409454652
0.399677810982443,0.7030098013704571,0.4718817807334209
0.3997011580127008,0.7030098013704571,0.4718784544762119
0.3997011580127008,0.7031832769537688,0.4718399018461942
0.3997245050429585,0.7031832769537688,0.4718383311575567
0.3997245050429585,0.7032700147454246,0.4718312544503433
0.3998178931639895,0.7032700147454246,0.4718025470104953
0.3998178931639895,0.7033567525370804,0.4717934351172659
0.3998879342547627,0.7033567525370804,0.4717814967564426
0.3998879342547627,0.7034434903287362,0.4717808206267732
0.3999346283152783,0.7034434903287362,0.4717521981520763
0.3999346283152783,0.703530228120392,0.4717479058483581
0.399957975345536,0.703530228120392,0.4717464769948706
0.399957975345536,0.7036169659120479,0.4717294033856311
0.400051363466567,0.7036169659120479,0.4716938645960637
0.400051363466567,0.7037037037037037,0.4716931710479628
0.400238139708629,0.7037037037037037,0.4716301550530385
0.400238139708629,0.7038771792870153,0.4716254676688175
0.4003782218901756,0.7038771792870153,0.4715694717519404
0.4003782218901756,0.7039639170786712,0.4715564843320033
0.4004249159506911,0.7039639170786712,0.4715510332910136
0.4004249159506911,0.7042241304536386,0.4715294022789517
0.4004949570414643,0.7042241304536386,0.471499753614053
0.4004949570414643,0.7043108682452944,0.4714962871468797
0.400518304071722,0.7043108682452944,0.4714619968857647
0.400518304071722,0.7043976060369503,0.4714534875893749
0.4006583862532686,0.7043976060369503,0.4714032122065176
0.4006583862532686,0.7044843438286061,0.4713951911321363
0.4007050803137841,0.7044843438286061,0.4713911246628511
0.4007050803137841,0.7045710816202619,0.4713518576700949
0.4011720209189391,0.7045710816202619,0.4711447175637533
0.4011720209189391,0.7046578194119177,0.4711416110533014
0.4013821441912589,0.7046578194119177,0.471099589023004
0.4013821441912589,0.7047445572035737,0.471098926693775
0.4014521852820321,0.7047445572035737,0.4710402769365197
0.4014521852820321,0.7048312949952295,0.4710399221804721
0.4014988793425476,0.7048312949952295,0.4710233451833522
0.4014988793425476,0.7049180327868853,0.4710208974920808
0.4015222263728054,0.7049180327868853,0.4710062386490115
0.4015222263728054,0.705004770578541,0.4710060963160741
0.4016623085543518,0.705004770578541,0.4708710217685414
0.4016623085543518,0.7050915083701969,0.4708660359107277
0.4018257377661561,0.7050915083701969,0.4708116467239798
0.4018257377661561,0.7051782461618528,0.4707984414622366
0.4018957788569294,0.7051782461618528,0.4707715963969403
0.4018957788569294,0.7052649839535086,0.4707592857784891
0.4020125140082181,0.7052649839535086,0.4707216455452281
0.4020125140082181,0.7055251973284761,0.4707008010609866
0.4020592080687336,0.7055251973284761,0.470688404882467
0.4020592080687336,0.7056119351201319,0.4706593322252749
0.4021759432200224,0.7056119351201319,0.4706231423081194
0.4021759432200224,0.7056986729117877,0.4706186098414564
0.4022693313410534,0.7056986729117877,0.4705648686223402
0.4022693313410534,0.7057854107034435,0.4705643521184984
0.4024327605528576,0.7057854107034435,0.4704898257441859
0.4024327605528576,0.7058721484950993,0.4704637763190142
0.4026428838251774,0.7058721484950993,0.4704073955683917
0.4026428838251774,0.7059588862867552,0.4703912687988529
0.4026895778856929,0.7059588862867552,0.4703850382052268
0.4026895778856929,0.706045624078411,0.4703712589473053
0.4028296600672394,0.706045624078411,0.4703195136490179
0.4028296600672394,0.7061323618700668,0.4703184811561112
0.4031565184908479,0.7061323618700668,0.470216246663709
0.4031565184908479,0.7062190996617226,0.4701888226454241
0.4032732536421367,0.7062190996617226,0.4701248739962329
0.4032732536421367,0.7063058374533784,0.4701224799783047
0.4033899887934254,0.7063058374533784,0.4700878894595148
0.4033899887934254,0.7064793130366901,0.4700678814368719
0.4034600298841987,0.7064793130366901,0.4700317812441636
0.4034600298841987,0.7065660508283459,0.4699877902941978
0.4035767650354875,0.7065660508283459,0.4698519786410474
0.4035767650354875,0.7066527886200017,0.4698373741079785
0.4037401942472917,0.7066527886200017,0.469827409209138
0.4037401942472917,0.7067395264116576,0.4698031569494054
0.403810235338065,0.7067395264116576,0.469772845647183
0.403810235338065,0.7069130019949692,0.4697697692209962
0.4038569293985805,0.7069130019949692,0.4697684231466994
0.4038569293985805,0.706999739786625,0.4697576737751754
0.4039269704893538,0.706999739786625,0.4697247128277891
0.4039269704893538,0.7070864775782808,0.4697117705862522
0.4041370937616735,0.7070864775782808,0.4696513993311179
0.4041370937616735,0.7071732153699367,0.4696388358973186
0.404370564064251,0.7071732153699367,0.4695768922445387
0.404370564064251,0.7072599531615925,0.4695737355438536
0.4045806873365707,0.7072599531615925,0.4695342453096848
0.4045806873365707,0.7073466909532483,0.4695312994085661
0.4048841987299215,0.7073466909532483,0.4693147262511919
0.4048841987299215,0.7074334287449041,0.4692978805200195
0.4051877101232723,0.7074334287449041,0.4691534626951028
0.4051877101232723,0.70752016653656,0.4691533638546187
0.4054912215166231,0.70752016653656,0.469058686821859
0.4054912215166231,0.7076069043282158,0.4690501122412823
0.4056546507284273,0.7076069043282158,0.4690069427160127
0.4056546507284273,0.7078671177031832,0.4689957597938027
0.4057713858797161,0.7078671177031832,0.4689733474648165
0.4057713858797161,0.7080405932864949,0.4689648873240661
0.4060048561822936,0.7080405932864949,0.4688678341320955
0.4060048561822936,0.7081273310781507,0.4688612765185931
0.4060982443033246,0.7081273310781507,0.4688108068557726
0.4060982443033246,0.7082140688698065,0.4688010803207633
0.4063083675756443,0.7082140688698065,0.4687218350147214
0.4063083675756443,0.7083008066614624,0.4687189077526915
0.4063550616361598,0.7083008066614624,0.4687032749984183
0.4063550616361598,0.7083875444531182,0.4687031343867911
0.4063784086664176,0.7083875444531182,0.4687026528319972
0.4063784086664176,0.708474282244774,0.4686912370771868
0.4064017556966753,0.708474282244774,0.4686828917384432
0.4064017556966753,0.7085610200364298,0.4686675449996103
0.4064484497571909,0.7085610200364298,0.4686458385422558
0.4064484497571909,0.7086477578280856,0.4686374204117562
0.4064951438177064,0.7086477578280856,0.4686060712396422
0.4064951438177064,0.7087344956197416,0.4686046138380193
0.4065418378782219,0.7087344956197416,0.468580133738302
0.4065418378782219,0.7089079712030532,0.4685612836803897
0.4066585730295106,0.7089079712030532,0.4685304880817325
0.4066585730295106,0.708994708994709,0.4685297250500125
0.4068453492715727,0.708994708994709,0.4685081414542643
0.4068453492715727,0.7090814467863649,0.4685074417171431
0.4068920433320881,0.7090814467863649,0.468474391041786
0.4068920433320881,0.7091681845780207,0.4684682657776811
0.4070788195741501,0.7091681845780207,0.4683640549272152
0.4070788195741501,0.7092549223696765,0.4683623253842378
0.4072189017556967,0.7092549223696765,0.4683393858327779
0.4072189017556967,0.7093416601613323,0.4683391391066597
0.4073356369069854,0.7093416601613323,0.4682897205085728
0.4073356369069854,0.7094283979529881,0.4682882568566885
0.4073823309675009,0.7094283979529881,0.4682806535305962
0.4073823309675009,0.7096018735362998,0.4682685239053873
0.4074290250280164,0.7096018735362998,0.4682588680811973
0.4074290250280164,0.7096886113279556,0.4682547170604436
0.4075224131490474,0.7096886113279556,0.4682363377185881
0.4075224131490474,0.7097753491196114,0.4682147086173064
0.4076624953305939,0.7097753491196114,0.4681630444992908
0.4076624953305939,0.7098620869112673,0.4681595155034405
0.407942659693687,0.7098620869112673,0.468033357735236
0.407942659693687,0.7099488247029231,0.4680290563466169
0.408036047814718,0.7099488247029231,0.4679570765147839
0.408036047814718,0.7100355624945789,0.467956402540986
0.4081527829660067,0.7100355624945789,0.4679134497674326
0.4081527829660067,0.7101223002862347,0.4679110333584593
0.4081994770265222,0.7101223002862347,0.4678690376707805
0.4081994770265222,0.7102090380778905,0.4678677582263971
0.408316212177811,0.7102090380778905,0.4678500036294292
0.408316212177811,0.7102957758695464,0.4678485295297362
0.408409600298842,0.7102957758695464,0.467795357633103
0.408409600298842,0.7103825136612022,0.4677951866463344
0.4084329473290997,0.7103825136612022,0.4677739055125102
0.4084329473290997,0.710469251452858,0.4677694052867381
0.408502988419873,0.710469251452858,0.4677198255250674
0.408502988419873,0.7105559892445138,0.467695129219315
0.4085963765409039,0.7105559892445138,0.4676357099623193
0.4085963765409039,0.7106427270361697,0.4676304877356899
0.408689764661935,0.7106427270361697,0.467562052029251
0.408689764661935,0.7107294648278255,0.4675598646862668
0.4087364587224505,0.7107294648278255,0.4675429673382784
0.4087364587224505,0.7108162026194813,0.4675363762328887
0.4088998879342547,0.7108162026194813,0.4674965396720668
0.4088998879342547,0.7109029404111371,0.4674941651989313
0.4089465819947702,0.7109029404111371,0.467472993615079
0.4089465819947702,0.7109896782027929,0.467472292432748
0.4090866641763168,0.7109896782027929,0.4674485794498708
0.4090866641763168,0.7110764159944488,0.4674426896746745
0.4093201344788942,0.7110764159944488,0.467353046886459
0.4093201344788942,0.7112498915777604,0.4673234863886598
0.4096002988419873,0.7112498915777604,0.4672124106947349
0.4096002988419873,0.7113366293694162,0.4672047529778775
0.4098571161748225,0.7113366293694162,0.4671180963557851
0.4098571161748225,0.7115101049527279,0.4671039078613141
0.4100905864774001,0.7115101049527279,0.4670152601480904
0.4100905864774001,0.7115968427443837,0.4670005215397582
0.4101606275681733,0.7115968427443837,0.4669665626577349
0.4101606275681733,0.7116835805360395,0.4669611532712869
0.4102773627194621,0.7116835805360395,0.4669207439901576
0.4102773627194621,0.7117703183276953,0.466876509310045
0.4103940978707508,0.7117703183276953,0.4668356683934709
0.4103940978707508,0.711943793911007,0.4668246923848276
0.4106042211430706,0.711943793911007,0.4667748889902846
0.4106042211430706,0.7120305317026628,0.4667713846303236
0.4106509152035861,0.7120305317026628,0.4667605446886317
0.4106509152035861,0.7122907450776303,0.4667428171859329
0.4107209562943593,0.7122907450776303,0.4667244768714224
0.4107209562943593,0.7123774828692861,0.4666913323529978
0.4107443033246171,0.7123774828692861,0.4666912774702582
0.4107443033246171,0.712464220660942,0.4666792542230397
0.4107676503548748,0.712464220660942,0.4666784215377144
0.4107676503548748,0.7125509584525977,0.4666729366268546
0.4107909973851326,0.7125509584525977,0.4666662214440232
0.4107909973851326,0.7126376962442537,0.4666578899437948
0.4108610384759059,0.7126376962442537,0.4666244801688407
0.4108610384759059,0.7127244340359095,0.4666197690350279
0.4109544265969369,0.7127244340359095,0.4665754188759695
0.4109544265969369,0.7128979096192211,0.4665330127600711
0.4109777736271946,0.7128979096192211,0.4665223775251688
0.4109777736271946,0.712984647410877,0.466506860173128
0.4110244676877101,0.712984647410877,0.4664905954396807
0.4110244676877101,0.7130713852025328,0.4664869183429012
0.4110711617482256,0.7130713852025328,0.4664546415865672
0.4110711617482256,0.7131581229941886,0.4664454218830416
0.4114213672020919,0.7131581229941886,0.4663180978613206
0.4114213672020919,0.7132448607858444,0.466286958569641
0.4115847964138961,0.7132448607858444,0.4662148524256686
0.4115847964138961,0.7134183363691561,0.466188931497883
0.4117482256257004,0.7134183363691561,0.4661214289589704
0.4117482256257004,0.7135050741608119,0.4661091201349806
0.4117715726559581,0.7135050741608119,0.4660861683740063
0.4117715726559581,0.7135918119524677,0.4660776781812548
0.4118182667164736,0.7135918119524677,0.4660612405634936
0.4118182667164736,0.7138520253274352,0.4660169502890938
0.4118883078072469,0.7138520253274352,0.4659740186065255
0.4118883078072469,0.7140255009107468,0.465937073312191
0.4119583488980202,0.7140255009107468,0.4659247119106814
0.4119583488980202,0.7142857142857143,0.465912449453267
0.4119816959282779,0.7142857142857143,0.4658908956323279
0.4119816959282779,0.7144591898690259,0.4658849716694343
0.4120517370190512,0.7144591898690259,0.4658344667060778
0.4120517370190512,0.7146326654523376,0.4658145387095184
0.4121451251400821,0.7146326654523376,0.4657527977216898
0.4121451251400821,0.7147194032439934,0.4657406432037309
0.4121684721703399,0.7147194032439934,0.4657263217705014
0.4121684721703399,0.7148061410356492,0.4657201084818022
0.4121918192005976,0.7148061410356492,0.4657064438911316
0.4121918192005976,0.7149796166189609,0.4656700588639562
0.4122618602913709,0.7149796166189609,0.465652327063374
0.4122618602913709,0.7150663544106167,0.4656457636236922
0.4122852073216287,0.7150663544106167,0.4656391511890584
0.4122852073216287,0.7151530922022725,0.465623515028012
0.412635412775495,0.7151530922022725,0.465511593099906
0.412635412775495,0.7152398299939283,0.4655075923276515
0.4126821068360105,0.7152398299939283,0.4654820672417352
0.4126821068360105,0.7153265677855842,0.4654708681140943
0.4127288008965259,0.7153265677855842,0.4654479702713466
0.4127288008965259,0.7155000433688958,0.4654304575669782
0.4128221890175569,0.7155000433688958,0.4654004995464844
0.4128221890175569,0.7155867811605516,0.4654002432258661
0.4129155771385879,0.7155867811605516,0.4653794104504186
0.4129155771385879,0.7156735189522074,0.4653664252724231
0.4129622711991034,0.7156735189522074,0.4653443698623684
0.4129622711991034,0.7157602567438633,0.4653413289692657
0.4130556593201345,0.7157602567438633,0.465262411306099
0.4130556593201345,0.7158469945355191,0.4652593807199066
0.4131723944714232,0.7158469945355191,0.4652289911434097
0.4131723944714232,0.7159337323271749,0.4652288526732009
0.4132424355621965,0.7159337323271749,0.4652056185933162
0.4132424355621965,0.7160204701188307,0.4652015741743445
0.4132657825924542,0.7160204701188307,0.4651943250705743
0.4132657825924542,0.7162806834937983,0.4651708386086564
0.4133591707134852,0.7162806834937983,0.4651489350446507
0.4133591707134852,0.716367421285454,0.4651361480014481
0.413382517743743,0.716367421285454,0.4651358872976507
0.413382517743743,0.7164541590771099,0.465130072974089
0.4134525588345162,0.7164541590771099,0.4650975301756196
0.4134525588345162,0.7165408968687658,0.4650944719033397
0.4135225999252895,0.7165408968687658,0.465083207942381
0.4135225999252895,0.7166276346604216,0.465082393784418
0.4135926410160627,0.7166276346604216,0.465013747042454
0.4135926410160627,0.7167143724520774,0.4650039359684016
0.4138261113186403,0.7167143724520774,0.4649528575782854
0.4138261113186403,0.7168011102437332,0.4649311610252338
0.413849458348898,0.7168011102437332,0.4649278142191022
0.413849458348898,0.7169745858270449,0.4649089484696467
0.4139194994396712,0.7169745858270449,0.4649015349800122
0.4139194994396712,0.7170613236187007,0.4648971907691223
0.41403623459096,0.7170613236187007,0.464875897737943
0.41403623459096,0.7172347992020123,0.4648400883718295
0.4140595816212177,0.7172347992020123,0.4648184061211413
0.4140595816212177,0.7173215369936682,0.4648068960876454
0.4142930519237953,0.7173215369936682,0.4647025452804453
0.4142930519237953,0.717408274785324,0.4647009760835612
0.4143864400448263,0.717408274785324,0.4646613945258808
0.4143864400448263,0.7174950125769798,0.4646605354561937
0.4144331341053418,0.7174950125769798,0.4646448634983187
0.4144331341053418,0.7175817503686356,0.4646384222467983
0.4145498692566305,0.7175817503686356,0.4646199106227971
0.4145498692566305,0.7176684881602914,0.4646111922036868
0.414596563317146,0.7176684881602914,0.4645995357143441
0.414596563317146,0.7177552259519473,0.4645912343336242
0.4146199103474038,0.7177552259519473,0.4645885409353288
0.4146199103474038,0.7178419637436031,0.4645733459146437
0.4154137093761673,0.7178419637436031,0.4641624188584916
0.4154137093761673,0.7179287015352589,0.4641593998422592
0.4154370564064251,0.7179287015352589,0.4641512916811238
0.4154370564064251,0.7180154393269147,0.4641333998709263
0.4156705267090026,0.7180154393269147,0.4640314084209387
0.4156705267090026,0.7181021771185706,0.464020878333868
0.4157405677997758,0.7181021771185706,0.463992589103909
0.4157405677997758,0.7181889149102264,0.4639852129476824
0.4158339559208068,0.7181889149102264,0.4639514747397703
0.4158339559208068,0.7182756527018822,0.4639241153352391
0.4159506910720956,0.7182756527018822,0.4638950906250062
0.4159506910720956,0.718362390493538,0.4638873179714428
0.4159973851326111,0.718362390493538,0.4638798486867397
0.4159973851326111,0.7184491282851938,0.4638758801449162
0.4160440791931266,0.7184491282851938,0.4638613772793134
0.4160440791931266,0.7185358660768497,0.4638608512870513
0.4162075084049308,0.7185358660768497,0.4638065112203309
0.4162075084049308,0.7186226038685055,0.46380491742857
0.4162775494957041,0.7186226038685055,0.4637331234177604
0.4162775494957041,0.7187093416601613,0.4637320265025155
0.4163242435562196,0.7187093416601613,0.46372819744202
0.4163242435562196,0.7187960794518171,0.4637183262266338
0.4164876727680239,0.7187960794518171,0.4636535338344124
0.4164876727680239,0.718882817243473,0.4636317717929097
0.4165110197982816,0.718882817243473,0.4636297988729312
0.4165110197982816,0.7190562928267846,0.4635857385178868
0.4167211430706014,0.7190562928267846,0.4634787393017088
0.4167211430706014,0.7191430306184404,0.4634708244362019
0.4169312663429211,0.7191430306184404,0.4633784426846301
0.4169312663429211,0.7192297684100962,0.4633642888345364
0.4169779604034367,0.7192297684100962,0.4633617097861424
0.4169779604034367,0.7193165062017521,0.4633575867103606
0.4170480014942099,0.7193165062017521,0.4633169395968557
0.4170480014942099,0.7194032439934079,0.4633055894806315
0.4171647366454987,0.7194032439934079,0.4632540335918895
0.4171647366454987,0.7195767195767195,0.4632530339792854
0.4173281658573029,0.7195767195767195,0.4631711717439227
0.4173281658573029,0.7197501951600312,0.4631356356070416
0.4176083302203959,0.7197501951600312,0.4630641821298639
0.4176083302203959,0.719836932951687,0.4630597217972572
0.4176783713111692,0.719836932951687,0.4630222281083841
0.4176783713111692,0.7200104085349986,0.4629962094901191
0.4177717594322002,0.7200104085349986,0.4629344993784864
0.4177717594322002,0.7200971463266546,0.4629185138453546
0.4178651475532312,0.7200971463266546,0.4628870796155198
0.4178651475532312,0.7201838841183104,0.4628860137444529
0.418075270825551,0.7201838841183104,0.4628032680319551
0.418075270825551,0.7202706219099662,0.4627956443389525
0.4181920059768397,0.7202706219099662,0.4627654337926616
0.4181920059768397,0.7204440974932779,0.4627528616950874
0.4182387000373552,0.7204440974932779,0.4627473030006981
0.4182387000373552,0.7205308352849337,0.462745902852803
0.4182853940978707,0.7205308352849337,0.4627392203214291
0.4182853940978707,0.7206175730765895,0.4627353633342727
0.4184021292491595,0.7206175730765895,0.4626977858979552
0.4184021292491595,0.7207043108682453,0.4626739857821343
0.4184721703399328,0.7207043108682453,0.4626553756589481
0.4184721703399328,0.720877786451557,0.4626446382467095
0.4187990287635413,0.720877786451557,0.4625081640612066
0.4187990287635413,0.7209645242432128,0.4625081493252824
0.418822375793799,0.7209645242432128,0.4624978281889729
0.418822375793799,0.7210512620348686,0.4624896813333492
0.4188457228240568,0.7210512620348686,0.4624792057734382
0.4188457228240568,0.7212247376181803,0.4624598103385858
0.41891576391483,0.7212247376181803,0.462419622769636
0.41891576391483,0.7213114754098361,0.4623963788180006
0.4189858050056033,0.7213114754098361,0.4623843750513444
0.4189858050056033,0.7213982132014919,0.4623730910875552
0.4192192753081808,0.7213982132014919,0.4622721447230676
0.4192192753081808,0.7214849509931477,0.4622682617255227
0.4195227867015316,0.7214849509931477,0.4620912832338495
0.4195227867015316,0.7215716887848035,0.4620868646555115
0.4195461337317893,0.7215716887848035,0.4620824907014139
0.4195461337317893,0.7216584265764594,0.4620816177218196
0.4195694807620471,0.7216584265764594,0.462059527500723
0.4195694807620471,0.7217451643681152,0.4620580197451808
0.4196395218528203,0.7217451643681152,0.4620525794678649
0.4196395218528203,0.721831902159771,0.4620524669243354
0.4197095629435936,0.721831902159771,0.4620204828790955
0.4197095629435936,0.7219186399514268,0.4620204031257515
0.4199897273066866,0.7219186399514268,0.4619207468296167
0.4199897273066866,0.7220921155347385,0.4618962756554691
0.4200364213672021,0.7220921155347385,0.4618818035088818
0.4200364213672021,0.7221788533263943,0.4618803966000822
0.4201531565184908,0.7221788533263943,0.4618338626548736
0.4201531565184908,0.7222655911180501,0.4618283442302818
0.4202231976092641,0.7222655911180501,0.4618158218175806
0.4202231976092641,0.7223523289097059,0.4617961968803811
0.4202698916697796,0.7223523289097059,0.4617846629796285
0.4202698916697796,0.7224390667013618,0.4617811833049691
0.4206901382144191,0.7224390667013618,0.4615835746752763
0.4206901382144191,0.7225258044930176,0.4615634407762978
0.4208302203959656,0.7225258044930176,0.4615090488964358
0.4208302203959656,0.7226125422846734,0.4614822808782675
0.4209002614867388,0.7226125422846734,0.4614695149763081
0.4209002614867388,0.7226992800763292,0.4614676842256107
0.4209236085169966,0.7226992800763292,0.4614633166413097
0.4209236085169966,0.7227860178679851,0.4614554181730887
0.4209703025775121,0.7227860178679851,0.4614394907108536
0.4209703025775121,0.7228727556596409,0.4614374139254452
0.4211103847590586,0.7228727556596409,0.4613849548555231
0.4211103847590586,0.7229594934512967,0.4613825676840046
0.4211337317893164,0.7229594934512967,0.4613612561702811
0.4211337317893164,0.7230462312429525,0.4613606936963
0.4211804258498319,0.7230462312429525,0.4613298716337393
0.4211804258498319,0.7231329690346083,0.4613227554056481
0.4212271199103474,0.7231329690346083,0.4612682488123222
0.4212271199103474,0.72330644461792,0.461243756069144
0.4213438550616362,0.72330644461792,0.4612317823376679
0.4213438550616362,0.7233931824095758,0.4612283296983378
0.4213672020918939,0.7233931824095758,0.4612154972294604
0.4213672020918939,0.7234799202012316,0.4612125592810878
0.4216707134852446,0.7234799202012316,0.4610871827633636
0.4216707134852446,0.7235666579928876,0.4610706348435007
0.4218341426970489,0.7235666579928876,0.4609732966091775
0.4218341426970489,0.7236533957845434,0.4609685938527551
0.4220209189391109,0.7236533957845434,0.4608725998264856
0.4220209189391109,0.7237401335761992,0.4608634798726664
0.4220442659693686,0.7237401335761992,0.4608610693768623
0.4220442659693686,0.723826871367855,0.4608197212248724
0.4220909600298842,0.723826871367855,0.4608176689456409
0.4220909600298842,0.7239136091595108,0.4608125861398089
0.4221376540903997,0.7239136091595108,0.4607478041230547
0.4221376540903997,0.7240003469511667,0.4607439802377507
0.4221843481509152,0.7240003469511667,0.4606839373883689
0.4221843481509152,0.7240870847428225,0.4606828626869177
0.4222543892416884,0.7240870847428225,0.4606600052487767
0.4222543892416884,0.7241738225344783,0.4606323987413434
0.4223010833022039,0.7241738225344783,0.4605893642687065
0.4223010833022039,0.7242605603261341,0.4605831646444321
0.4224178184534927,0.7242605603261341,0.4605549340433339
0.4224178184534927,0.7244340359094458,0.4605463107958242
0.4225345536047815,0.7244340359094458,0.4605102602267259
0.4225345536047815,0.7246075114927574,0.4604890361608494
0.4227213298468434,0.7246075114927574,0.4604120639630933
0.4227213298468434,0.7246942492844132,0.4604015728468041
0.4227913709376167,0.7246942492844132,0.4603676315320127
0.4227913709376167,0.7248677248677249,0.4603259485423171
0.42286141202839,0.7248677248677249,0.460289034748043
0.42286141202839,0.7249544626593807,0.4602796479011842
0.4229081060889055,0.7249544626593807,0.4602670133672681
0.4229081060889055,0.7250412004510365,0.4602586187369852
0.422954800149421,0.7250412004510365,0.4602043821095539
0.422954800149421,0.7251279382426924,0.4602020267876677
0.4229781471796787,0.7251279382426924,0.4601947907578506
0.4229781471796787,0.7252146760343482,0.4601938607721769
0.423048188270452,0.7252146760343482,0.4601760064269035
0.423048188270452,0.725301413826004,0.4601745874121843
0.4231182293612252,0.725301413826004,0.4601254786889196
0.4231182293612252,0.7253881516176598,0.4601237395804947
0.4233050056032872,0.7253881516176598,0.4600580963270384
0.4233050056032872,0.7254748894093156,0.4600517195197168
0.4236318640268958,0.7254748894093156,0.4598925796019134
0.4236318640268958,0.7255616272009715,0.4598896810691779
0.423888681359731,0.7255616272009715,0.4597200788039935
0.423888681359731,0.7257351027842831,0.4597147021929609
0.4239353754202465,0.7257351027842831,0.4596891665083575
0.4239353754202465,0.7258218405759389,0.4596796290428568
0.4240287635412775,0.7258218405759389,0.4596631912428947
0.4240287635412775,0.7259953161592506,0.4596313928572128
0.4243556219648861,0.7259953161592506,0.4595116799479029
0.4243556219648861,0.7260820539509064,0.4594984260935196
0.4244723571161748,0.7260820539509064,0.4594529662499634
0.4244723571161748,0.7261687917425622,0.4594367027442604
0.4245190511766903,0.7261687917425622,0.4594177383291252
0.4245190511766903,0.7264290051175297,0.4593935806166522
0.4246124392977213,0.7264290051175297,0.4593487670896182
0.4246124392977213,0.7265157429091855,0.4593395956551448
0.4248692566305566,0.7265157429091855,0.4592523029835264
0.4248692566305566,0.7266024807008413,0.4592368824117191
0.4249392977213298,0.7266024807008413,0.4592026244922323
0.4249392977213298,0.7266892184924972,0.4591950064559863
0.4252194620844228,0.7266892184924972,0.4590941007310455
0.4252194620844228,0.726775956284153,0.4590892128735722
0.4252895031751961,0.726775956284153,0.45907311398107
0.4252895031751961,0.7268626940758088,0.4590683585135986
0.4253128502054538,0.7268626940758088,0.4590666495046858
0.4253128502054538,0.7269494318674646,0.4590645073563304
0.4256864026895778,0.7269494318674646,0.4589196316991297
0.4256864026895778,0.7270361696591204,0.458904315460888
0.4257330967500934,0.7270361696591204,0.4588865182911251
0.4257330967500934,0.7271229074507763,0.4588859713489503
0.4258031378408666,0.7271229074507763,0.4588570911586317
0.4258031378408666,0.7272096452424321,0.45884261633402
0.4258731789316399,0.7272096452424321,0.4588313613951598
0.4258731789316399,0.727296383034088,0.4588197734659143
0.4259198729921554,0.727296383034088,0.458796129905522
0.4259198729921554,0.7273831208257437,0.4587936472645244
0.4259432200224131,0.7273831208257437,0.4587906568091586
0.4259432200224131,0.7274698586173997,0.4587880439434095
0.4261066492342174,0.7274698586173997,0.4587276072128448
0.4261066492342174,0.7276433342007113,0.4586946757094788
0.4261533432947329,0.7276433342007113,0.4586526687851985
0.4261533432947329,0.7277300719923671,0.4586482913140378
0.4263167725065371,0.7277300719923671,0.4586112839235826
0.4263167725065371,0.7278168097840229,0.4586084845133693
0.4266903249906612,0.7278168097840229,0.4584950226881632
0.4266903249906612,0.7279035475756788,0.4584924985397891
0.4267136720209189,0.7279035475756788,0.4584879603397963
0.4267136720209189,0.7279902853673346,0.4584842325720627
0.4267603660814344,0.7279902853673346,0.4584533833948712
0.4267603660814344,0.7280770231589904,0.4584355242960243
0.4267837131116922,0.7280770231589904,0.4584338531832049
0.4267837131116922,0.7281637609506462,0.4584238183005411
0.4269471423234964,0.7281637609506462,0.458370210294584
0.4269471423234964,0.728250498742302,0.4583701509386433
0.4270638774747852,0.728250498742302,0.4582729546368139
0.4270638774747852,0.7283372365339579,0.4582455710733104
0.4271105715353007,0.7283372365339579,0.4582163077504501
0.4271105715353007,0.7284239743256137,0.4582113849893116
0.4272506537168472,0.7284239743256137,0.4581799116791795
0.4272506537168472,0.7285107121172695,0.4581724194836336
0.427274000747105,0.7285107121172695,0.4581690366519442
0.427274000747105,0.7285974499089253,0.4581619159875266
0.4273440418378782,0.7285974499089253,0.4581446650678477
0.4273440418378782,0.7286841877005812,0.4581327791903855
0.4275775121404557,0.7286841877005812,0.4580053928736524
0.4275775121404557,0.728770925492237,0.4579984766134988
0.4276008591707135,0.728770925492237,0.4579929574291586
0.4276008591707135,0.7288576632838928,0.4579927408891782
0.4280677997758685,0.7288576632838928,0.4577717450946515
0.4280677997758685,0.7289444010755486,0.4577671931605361
0.4285113933507657,0.7289444010755486,0.4575551012421163
0.4285113933507657,0.7290311388672044,0.457544984724083
0.4285347403810235,0.7290311388672044,0.4575395566055794
0.4285347403810235,0.7291178766588603,0.4575255902295668
0.42867482256257,0.7291178766588603,0.4574897302176014
0.42867482256257,0.7292046144505161,0.4574795748494062
0.4286981695928278,0.7292046144505161,0.4574643886412171
0.4286981695928278,0.7293780900338277,0.4574478532351708
0.4289316398954053,0.7293780900338277,0.4574068301190781
0.4289316398954053,0.7294648278254836,0.4574062781774111
0.429235151288756,0.7294648278254836,0.457201775848597
0.429235151288756,0.7296383034087952,0.4571816206856842
0.4293985805005603,0.7296383034087952,0.4570257216652114
0.4293985805005603,0.729725041200451,0.4570252860394636
0.4294452745610758,0.729725041200451,0.4569697479192481
0.4294452745610758,0.7298117789921068,0.456966756573496
0.4295153156518491,0.7298117789921068,0.4569516456369841
0.4295153156518491,0.7298985167837627,0.4569395042869626
0.4295620097123646,0.7298985167837627,0.4569321538450849
0.4295620097123646,0.7299852545754185,0.456928339521789
0.4296787448636533,0.7299852545754185,0.4569120529321619
0.4296787448636533,0.7300719923670743,0.4569069306497525
0.4298421740754576,0.7300719923670743,0.4568602106736634
0.4298421740754576,0.7301587301587301,0.4568581101477265
0.4301456854688084,0.7301587301587301,0.4567707759226699
0.4301456854688084,0.730245467950386,0.4567658874181002
0.4302390735898393,0.730245467950386,0.4567133826986125
0.4302390735898393,0.7303322057420418,0.4566995535673358
0.4303558087411281,0.7303322057420418,0.4566653864601339
0.4303558087411281,0.7305056813253534,0.4566297560855035
0.4305425849831901,0.7305056813253534,0.4565292604454553
0.4305425849831901,0.7305924191170092,0.4565190586020712
0.4305892790437056,0.7305924191170092,0.4565100606303625
0.4305892790437056,0.7308526324919767,0.4564848914937828
0.4308227493462832,0.7308526324919767,0.4564223466232996
0.4308227493462832,0.7311128458669442,0.4563659471902417
0.4309161374673141,0.7311128458669442,0.4563285618441492
0.4309161374673141,0.7312863214502558,0.4563109610679372
0.4309628315278296,0.7312863214502558,0.456302711963079
0.4309628315278296,0.7313730592419116,0.4562983752794719
0.4310795666791184,0.7313730592419116,0.4562431148765501
0.4310795666791184,0.7314597970335676,0.4562397535988642
0.4311029137093761,0.7314597970335676,0.4562361882125642
0.4311029137093761,0.7315465348252234,0.4562323263450462
0.4311262607396339,0.7315465348252234,0.4562244648958845
0.4311262607396339,0.7316332726168792,0.4562149496377934
0.4311963018304072,0.7316332726168792,0.4561626750555843
0.4311963018304072,0.731720010408535,0.4561549568136438
0.4312896899514382,0.731720010408535,0.4560827198725034
0.4312896899514382,0.7318067482001909,0.4560782515478121
0.4314764661935001,0.7318067482001909,0.4559965952879694
0.4314764661935001,0.7318934859918467,0.4559910052782775
0.4316165483750467,0.7318934859918467,0.4559273460964138
0.4316165483750467,0.7319802237835025,0.4559254917120551
0.4317799775868509,0.7319802237835025,0.4558658719932021
0.4317799775868509,0.7320669615751583,0.4558610031610247
0.4321768771012327,0.7320669615751583,0.4556512430598172
0.4321768771012327,0.73224043715847,0.4556385713731932
0.4322702652222637,0.73224043715847,0.4555964380572461
0.4322702652222637,0.7323271749501258,0.4555838882611185
0.432433694434068,0.7323271749501258,0.4554805910539174
0.432433694434068,0.7324139127417816,0.4554788330086047
0.4324570414643257,0.7324139127417816,0.4554775380412199
0.4324570414643257,0.7325006505334374,0.4554718988829416
0.4324803884945835,0.7325006505334374,0.4554695705014
0.4324803884945835,0.7325873883250933,0.4554683396818837
0.4326438177063877,0.7325873883250933,0.4553300582725692
0.4326438177063877,0.7328476017000607,0.4553035967952611
0.4330640642510273,0.7328476017000607,0.4551346495842635
0.4330640642510273,0.7330210772833724,0.4551203006441585
0.4331341053418005,0.7330210772833724,0.4551109219216223
0.4331341053418005,0.7331078150750282,0.4550975347889261
0.4331574523720582,0.7331078150750282,0.4550910655372072
0.4331574523720582,0.733194552866684,0.4550405494591286
0.433180799402316,0.733194552866684,0.455025351251234
0.433180799402316,0.7332812906583398,0.4550212618491888
0.4333442286141203,0.7332812906583398,0.4549891881004309
0.4333442286141203,0.7333680284499957,0.4549817133422348
0.433367575644378,0.7333680284499957,0.4549785491635176
0.433367575644378,0.7334547662416515,0.4549762893957545
0.433460963765409,0.7334547662416515,0.4549247809409311
0.433460963765409,0.7337149796166189,0.4548799384276468
0.4335076578259245,0.7337149796166189,0.4548725120490752
0.4335076578259245,0.7338884551999306,0.4548573298789402
0.4336243929772133,0.7338884551999306,0.4548043995478148
0.4336243929772133,0.7341486685748981,0.4547832330768189
0.4336710870377288,0.7341486685748981,0.4547740585899591
0.4336710870377288,0.7344088819498655,0.4547416490046376
0.4338111692192753,0.7344088819498655,0.4547105907431702
0.4338111692192753,0.7344956197415213,0.4546753748265266
0.4342781098244303,0.7344956197415213,0.454447242934283
0.4342781098244303,0.7345823575331772,0.4544384845702863
0.4345115801270078,0.7345823575331772,0.4543381603185716
0.4345115801270078,0.734669095324833,0.4543328322251151
0.4346516623085543,0.734669095324833,0.4542751386569151
0.4346516623085543,0.7348425709081446,0.4542183962294575
0.4349084796413896,0.7348425709081446,0.4540913713858674
0.4349084796413896,0.7349293086998006,0.4540780550458206
0.4349551737019051,0.7349293086998006,0.4540674050308542
0.4349551737019051,0.7350160464914564,0.4540593459177726
0.4350719088531938,0.7350160464914564,0.4539943515952912
0.4350719088531938,0.7351027842831122,0.4539864354247273
0.4351186029137093,0.7351027842831122,0.4539571823848061
0.4351186029137093,0.735189522074768,0.4539349020029333
0.4351652969742249,0.735189522074768,0.4539307602731178
0.4351652969742249,0.7352762598664238,0.453924433243608
0.4352353380649981,0.7352762598664238,0.4539124719041689
0.4352353380649981,0.7353629976580797,0.4538980220309898
0.4353053791557714,0.7353629976580797,0.4538786768843834
0.4353053791557714,0.7354497354497355,0.4538629794420639
0.4353520732162869,0.7354497354497355,0.4538554290819566
0.4353520732162869,0.7355364732413913,0.4538340083421437
0.4353754202465446,0.7355364732413913,0.4538139971207445
0.4353754202465446,0.7356232110330471,0.4537908534977394
0.4357256257004109,0.7356232110330471,0.4536122502245105
0.4357256257004109,0.7357966866163588,0.4535905166022422
0.4358423608516996,0.7357966866163588,0.4535161634674989
0.4358423608516996,0.7358834244080146,0.4535106085934817
0.4359824430332462,0.7358834244080146,0.4534592768912465
0.4359824430332462,0.7359701621996704,0.4534563941776203
0.4360524841240194,0.7359701621996704,0.4534153727362979
0.4360524841240194,0.7360568999913262,0.4534089398048339
0.4361458722450504,0.7360568999913262,0.4533735523551583
0.4361458722450504,0.7361436377829821,0.4533601386538312
0.4363093014568547,0.7361436377829821,0.4532930874189528
0.4363093014568547,0.7362303755746379,0.453289009537057
0.4364026895778857,0.7362303755746379,0.4532330480263894
0.4364026895778857,0.7363171133662937,0.4532172172837962
0.4364260366081434,0.7363171133662937,0.4532122134290436
0.4364260366081434,0.7364038511579495,0.4532050229327885
0.4364727306686589,0.7364038511579495,0.4532034318423098
0.4364727306686589,0.7364905889496054,0.4531994075080422
0.436659506910721,0.7364905889496054,0.4531285603397647
0.436659506910721,0.7365773267412612,0.453082334269198
0.4369163242435562,0.7365773267412612,0.4529720874516504
0.4369163242435562,0.736664064532917,0.4529613353403262
0.4369396712738139,0.736664064532917,0.4529386355334032
0.4369396712738139,0.7368375401162286,0.4529152605261886
0.4370797534553605,0.7368375401162286,0.452869018664951
0.4370797534553605,0.7369242779078845,0.452862476342953
0.437406611878969,0.7369242779078845,0.4527219472730485
0.437406611878969,0.7370110156995403,0.4527119547319158
0.4375,0.7370110156995403,0.4526821048294949
0.4375,0.7370977534911961,0.4526716559447029
0.4375466940605155,0.7370977534911961,0.4526267317134091
0.4375466940605155,0.7373579668661636,0.4526140201444713
0.4376634292118042,0.7373579668661636,0.4526019317924731
0.4376634292118042,0.7374447046578194,0.4525645545236129
0.4378268584236085,0.7374447046578194,0.452484372477309
0.4378268584236085,0.7375314424494752,0.452472227612264
0.4381770638774748,0.7375314424494752,0.4523687895954776
0.4381770638774748,0.737618180241131,0.4523674287785274
0.4382237579379903,0.737618180241131,0.4523599028007883
0.4382237579379903,0.7377049180327869,0.4523419329987528
0.4384572282405678,0.7377049180327869,0.4522788341702553
0.4384572282405678,0.7377916558244427,0.4522606923262064
0.438527269331341,0.7377916558244427,0.4522104813571762
0.438527269331341,0.7378783936160985,0.4522068993865595
0.4385739633918565,0.7378783936160985,0.4521885733653555
0.4385739633918565,0.7380518691994102,0.4521784261441346
0.4386906985431453,0.7380518691994102,0.4521210690762087
0.4386906985431453,0.738138606991066,0.4521187510989841
0.4387373926036608,0.738138606991066,0.4521128576310796
0.4387373926036608,0.7382253447827218,0.4521033734145615
0.4388074336944341,0.7382253447827218,0.4520845022561398
0.4388074336944341,0.7383120825743776,0.4520610030755695
0.438994209936496,0.7383120825743776,0.4519672882316856
0.438994209936496,0.7383988203660334,0.4519605031385491
0.4390642510272693,0.7383988203660334,0.451949428150929
0.4390642510272693,0.7384855581576893,0.4519404729771488
0.4391109450877848,0.7384855581576893,0.4518968114354827
0.4391109450877848,0.738659033741001,0.4518846117514197
0.4391576391483003,0.738659033741001,0.4518569276073252
0.4391576391483003,0.7387457715326567,0.4518377981231252
0.4395778856929399,0.7387457715326567,0.4516245616496858
0.4395778856929399,0.7388325093243127,0.4516245106253352
0.4396012327231976,0.7388325093243127,0.4516179825897092
0.4396012327231976,0.7390059849076243,0.4516164950250726
0.4396479267837131,0.7390059849076243,0.4516101275987625
0.4396479267837131,0.7391794604909359,0.451591786999981
0.4396712738139708,0.7391794604909359,0.4515742109268778
0.4396712738139708,0.7392661982825918,0.4515638021782511
0.4397413149047441,0.7392661982825918,0.4515385774296196
0.4397413149047441,0.7393529360742476,0.4515217080641219
0.4397646619350018,0.7393529360742476,0.4515108560284337
0.4397646619350018,0.7394396738659034,0.4514959285436726
0.4398347030257751,0.7394396738659034,0.4514139024997591
0.4398347030257751,0.7395264116575592,0.4514073327145829
0.4398580500560328,0.7395264116575592,0.4514029345371996
0.4398580500560328,0.739613149449215,0.4513979814397513
0.4399981322375794,0.739613149449215,0.4513594643302498
0.4399981322375794,0.7396998872408709,0.4513572407221777
0.4400448262980949,0.7396998872408709,0.4513470058740865
0.4400448262980949,0.7397866250325267,0.451342275543045
0.4400681733283526,0.7397866250325267,0.45133777302164
0.4400681733283526,0.7398733628241825,0.4513314808391498
0.4401382144191259,0.7398733628241825,0.4513025433246584
0.4401382144191259,0.7399601006158383,0.4512965739747028
0.4403483376914456,0.7399601006158383,0.4511870918692201
0.4403483376914456,0.7402203139908058,0.4511493336778767
0.4405117669032499,0.7402203139908058,0.4510616577524639
0.4405117669032499,0.7403070517824616,0.4510516421734343
0.4406518490847964,0.7403070517824616,0.4509816117153257
0.4406518490847964,0.7404805273657733,0.4509482732004637
0.4409553604781472,0.7404805273657733,0.4508458957933832
0.4409553604781472,0.7407407407407407,0.4508387548629226
0.4412822189017557,0.7407407407407407,0.4506546964207045
0.4412822189017557,0.7408274785323966,0.4506480050507659
0.4413055659320134,0.7408274785323966,0.4506436099793286
0.4413055659320134,0.7409142163240524,0.4506217559735729
0.4414689951438177,0.7409142163240524,0.4505518577263403
0.4414689951438177,0.7410009541157082,0.4505429227821308
0.4414923421740754,0.7410009541157082,0.4505241021188564
0.4414923421740754,0.741087691907364,0.4505237122260142
0.4417491595069107,0.741087691907364,0.4504479723116324
0.4417491595069107,0.7411744296990198,0.4504402191500698
0.4417958535674262,0.7411744296990198,0.4504373534798673
0.4417958535674262,0.7412611674906757,0.4504276071319898
0.441819200597684,0.7412611674906757,0.4504257594455991
0.441819200597684,0.7413479052823315,0.4504009174914296
0.4418892416884572,0.7413479052823315,0.4503744870458376
0.4418892416884572,0.7414346430739873,0.4503689414660693
0.4419359357489727,0.7414346430739873,0.4503551633262372
0.4419359357489727,0.7415213808656431,0.4503308439348155
0.4421460590212925,0.7415213808656431,0.4502318147573058
0.4421460590212925,0.741608118657299,0.4502146950375202
0.442192753081808,0.741608118657299,0.4501994573593821
0.442192753081808,0.7416948564489548,0.4501838944507493
0.442286141202839,0.7416948564489548,0.4501537287696944
0.442286141202839,0.7417815942406106,0.4501413826595373
0.4423561822936122,0.7417815942406106,0.4500866362100796
0.4423561822936122,0.7418683320322664,0.450082927279683
0.442566305565932,0.7418683320322664,0.4500178408657156
0.442566305565932,0.7419550698239222,0.4500170052049704
0.4427764288382518,0.7419550698239222,0.4499297960899364
0.4427764288382518,0.7420418076155781,0.4499086759030118
0.4430799402316025,0.7420418076155781,0.4498061832881643
0.4430799402316025,0.7423020209905455,0.4498036155366832
0.4431733283526335,0.7423020209905455,0.4497398280368112
0.4431733283526335,0.7423887587822015,0.4497385711913334
0.443406798655211,0.7423887587822015,0.4496720315698381
0.443406798655211,0.742562234365513,0.4496032175807849
0.4435235338064998,0.742562234365513,0.4495776469543605
0.4435235338064998,0.7426489721571689,0.4495671414520119
0.4435935748972731,0.7426489721571689,0.4495413085365652
0.4435935748972731,0.7427357099488247,0.4495272576892255
0.4436402689577886,0.7427357099488247,0.4495155019976448
0.4436402689577886,0.7428224477404806,0.4495111061279154
0.443686963018304,0.7428224477404806,0.4494710756145785
0.443686963018304,0.7429091855321364,0.4494705496751491
0.4437103100485618,0.7429091855321364,0.4494598020079681
0.4437103100485618,0.7429959233237922,0.4494527454318645
0.4438970862906238,0.7429959233237922,0.4493594125120341
0.4438970862906238,0.743082661115448,0.4493425224415706
0.4439671273813971,0.743082661115448,0.4493210452780313
0.4439671273813971,0.7431693989071039,0.4492865030410936
0.4441772506537168,0.7431693989071039,0.4491326353882606
0.4441772506537168,0.7432561366987597,0.4491256918871058
0.4442472917444901,0.7432561366987597,0.4491213723566423
0.4442472917444901,0.7433428744904155,0.4490909481951455
0.4443873739260366,0.7433428744904155,0.4490568576581184
0.4443873739260366,0.7435163500737271,0.449020133102318
0.4445041090773253,0.7435163500737271,0.4489508325080057
0.4445041090773253,0.7436898256570388,0.4489418421837206
0.4445274561075831,0.7436898256570388,0.4489393652263757
0.4445274561075831,0.7437765634486946,0.4489334063557351
0.4446441912588719,0.7437765634486946,0.4488843638443154
0.4446441912588719,0.7438633012403504,0.4488720109982606
0.4448076204706761,0.7438633012403504,0.4488394644405808
0.4448076204706761,0.7439500390320063,0.4488170933938316
0.4454846843481509,0.7439500390320063,0.4485966990888083
0.4454846843481509,0.7440367768236621,0.4485961015445989
0.4455780724691819,0.7440367768236621,0.4485510363989941
0.4455780724691819,0.7441235146153179,0.4485464816833479
0.4457648487112439,0.7441235146153179,0.4484820630052978
0.4457648487112439,0.7442102524069737,0.448472072227138
0.4457881957415017,0.7442102524069737,0.4484239071586692
0.4457881957415017,0.7442969901986295,0.4484191006905186
0.4459983190138214,0.7442969901986295,0.4483532873471354
0.4459983190138214,0.7443837279902854,0.4483504516175154
0.4461150541651102,0.7443837279902854,0.448314130833969
0.4461150541651102,0.744557203573597,0.4482838248358599
0.4462084422861412,0.744557203573597,0.4482443274160608
0.4462084422861412,0.7446439413652528,0.4482424442419063
0.4462317893163989,0.7446439413652528,0.448231097415197
0.4462317893163989,0.7447306791569087,0.4482207088162576
0.4463018304071722,0.7447306791569087,0.4481699927969587
0.4463018304071722,0.7448174169485645,0.4481656078139139
0.4466753828912962,0.7448174169485645,0.4480195685878079
0.4466753828912962,0.7449041547402203,0.4480132771344544
0.4467687710123272,0.7449041547402203,0.4479745613627095
0.4467687710123272,0.7449908925318761,0.447970252311284
0.446792118042585,0.7449908925318761,0.4479688392437141
0.446792118042585,0.7450776303235319,0.4479573654625509
0.4468621591333582,0.7450776303235319,0.4479372652759663
0.4468621591333582,0.7452511059068436,0.4479242016146851
0.44725905864774,0.7452511059068436,0.44775010515539
0.44725905864774,0.7454245814901552,0.4477383326976177
0.4473757937990287,0.7454245814901552,0.4476972210400233
0.4473757937990287,0.7455113192818111,0.4476868749271271
0.4475158759805753,0.7455113192818111,0.447604056333991
0.4475158759805753,0.7455980570734669,0.4475986993960682
0.4475625700410908,0.7455980570734669,0.4475949385215056
0.4475625700410908,0.7456847948651227,0.4475756865153936
0.447632611131864,0.7456847948651227,0.4475380970244691
0.447632611131864,0.7457715326567785,0.4475258925028337
0.4476793051923795,0.7457715326567785,0.4475209408922266
0.4476793051923795,0.7458582704484343,0.4475138200707653
0.4477493462831527,0.7458582704484343,0.4474483633727188
0.4477493462831527,0.7459450082400902,0.4474463360160141
0.4478894284646993,0.7459450082400902,0.4473868778833583
0.4478894284646993,0.746031746031746,0.4473683251371996
0.448099551737019,0.746031746031746,0.4472684176409515
0.448099551737019,0.7461184838234018,0.4472622520906411
0.4481462457975345,0.7461184838234018,0.4472543282123874
0.4481462457975345,0.7462052216150576,0.4472502187279306
0.4482396339185656,0.7462052216150576,0.4472281953382871
0.4482396339185656,0.7462919594067136,0.4472275624636138
0.4484264101606275,0.7462919594067136,0.4471723034819458
0.4484264101606275,0.7463786971983694,0.4471694864456377
0.4485431453119163,0.7463786971983694,0.4471464899648129
0.4485431453119163,0.7464654349900252,0.4471384261519148
0.4485898393724318,0.7464654349900252,0.4471270525484766
0.4485898393724318,0.7466389105733368,0.4470899637594058
0.4487299215539783,0.7466389105733368,0.4470589286600647
0.4487299215539783,0.7468123861566485,0.4470511564968898
0.4487999626447516,0.7468123861566485,0.4470053522604871
0.4487999626447516,0.7468991239483043,0.4470033175949383
0.4488233096750093,0.7468991239483043,0.4469986443477365
0.4488233096750093,0.7471593373232718,0.4469877374801686
0.4489633918565558,0.7471593373232718,0.4469282790647766
0.4489633918565558,0.7472460751149276,0.4469226959190101
0.4490801270078446,0.7472460751149276,0.4468938564107424
0.4490801270078446,0.7473328129065834,0.4468841341657088
0.4491501680986178,0.7473328129065834,0.4468716389947786
0.4491501680986178,0.7475062884898951,0.4468502697450744
0.4493135973104221,0.7475062884898951,0.4467746308292939
0.4493135973104221,0.7475930262815509,0.4467581327995331
0.4494536794919686,0.7475930262815509,0.4466934046910715
0.4494536794919686,0.7476797640732067,0.4466778566263184
0.4496404557340306,0.7476797640732067,0.4465950967528378
0.4496404557340306,0.7477665018648625,0.4465875525027908
0.4496638027642883,0.7477665018648625,0.4465510689511073
0.4496638027642883,0.7478532396565184,0.4465400188061644
0.4498505790063504,0.7478532396565184,0.4464658967638742
0.4498505790063504,0.7479399774481742,0.4464558388618844
0.4498972730668659,0.7479399774481742,0.4464442233318932
0.4498972730668659,0.7481134530314858,0.4464320041048828
0.4502241314904744,0.7481134530314858,0.4462711817752747
0.4502241314904744,0.7482001908231416,0.4462504511240177
0.4502708255509899,0.7482001908231416,0.4462422952846275
0.4502708255509899,0.7483736664064533,0.4462270087752011
0.4507144191258871,0.7483736664064533,0.4460060399476424
0.4507144191258871,0.7484604041981091,0.4459751333391235
0.4507611131864026,0.7484604041981091,0.4459321926036371
0.4507611131864026,0.7485471419897649,0.4459215338733162
0.4508078072469182,0.7485471419897649,0.4459042409261911
0.4508078072469182,0.7486338797814208,0.4458821306043629
0.4509011953679492,0.7486338797814208,0.4458313004439975
0.4509011953679492,0.7487206175730766,0.4457766785014567
0.4511346656705267,0.7487206175730766,0.4456831500219483
0.4511346656705267,0.7488073553647324,0.4456674395475208
0.4512280537915577,0.7488073553647324,0.4456299501363302
0.4512280537915577,0.7488940931563882,0.4456234706070024
0.4516249533059395,0.7488940931563882,0.4454696457024527
0.4516249533059395,0.748980830948044,0.4454640701264656
0.4517883825177437,0.748980830948044,0.4454259871354666
0.4517883825177437,0.7490675687396999,0.445421986645551
0.4518817706387747,0.7490675687396999,0.4453748202981614
0.4518817706387747,0.7491543065313557,0.4453731255156108
0.4519284646992902,0.7491543065313557,0.445360845951005
0.4519284646992902,0.7492410443230115,0.4453537640967691
0.4522553231228988,0.7492410443230115,0.4451841320435979
0.4522553231228988,0.7493277821146673,0.44516057023002
0.4524654463952185,0.7493277821146673,0.4450725851351539
0.4524654463952185,0.7494145199063232,0.4450637848656789
0.4525821815465073,0.7494145199063232,0.4449669868950354
0.4525821815465073,0.749501257697979,0.4449566939879966
0.4526288756070228,0.749501257697979,0.4449371228260186
0.4526288756070228,0.7495879954896348,0.444933011370218
0.4527222637280538,0.7495879954896348,0.4449015467594337
0.4527222637280538,0.7496747332812906,0.4448981447747343
0.452885692939858,0.7496747332812906,0.4448238951122869
0.452885692939858,0.7497614710729464,0.444820646626431
0.4533526335450131,0.7497614710729464,0.4446460230755535
0.4533526335450131,0.7498482088646024,0.4446442266215452
0.4534460216660441,0.7498482088646024,0.4445305083789266
0.4534460216660441,0.7499349466562582,0.4445278699335532
0.4534693686963018,0.7499349466562582,0.4445237192794845
0.4534693686963018,0.7503686356145373,0.4444514221441212
0.4534927157265596,0.7503686356145373,0.4444473940336247
0.4534927157265596,0.7505421111978489,0.4444432442691026
0.4535160627568173,0.7505421111978489,0.4444178513731236
0.4535160627568173,0.7506288489895048,0.4444171227787042
0.4536561449383638,0.7506288489895048,0.4443538870319402
0.4536561449383638,0.7507155867811606,0.4443406569126726
0.4537261860291371,0.7507155867811606,0.4442878206328995
0.4537261860291371,0.7508023245728164,0.4442834450453545
0.4537728800896526,0.7508023245728164,0.4442482503850594
0.4537728800896526,0.7508890623644722,0.4442463431738878
0.4538429211804258,0.7508890623644722,0.4442270189025952
0.4538429211804258,0.750975800156128,0.444225969502976
0.4541464325737766,0.750975800156128,0.4441264811034336
0.4541464325737766,0.7510625379477839,0.4441255642007296
0.4542164736645498,0.7510625379477839,0.4440670913664958
0.4542164736645498,0.7511492757394397,0.4440658345789879
0.4545433320881584,0.7511492757394397,0.4439634472236777
0.4545433320881584,0.7512360135310955,0.4439631168313283
0.4545900261486739,0.7512360135310955,0.4439262476077226
0.4545900261486739,0.7513227513227513,0.4439033323453015
0.4546133731789316,0.7513227513227513,0.4438996951538094
0.4546133731789316,0.751496226906063,0.4438694826800491
0.4547067612999626,0.751496226906063,0.4438125912605194
0.4547067612999626,0.7515829646977188,0.4438090645963846
0.4547534553604781,0.7515829646977188,0.443803337001563
0.4547534553604781,0.7516697024893746,0.4438015185005359
0.4548468434815091,0.7516697024893746,0.4437719686794535
0.4548468434815091,0.7517564402810304,0.4437486211982956
0.4548701905117669,0.7517564402810304,0.4437304712043746
0.4548701905117669,0.7518431780726863,0.4437166793710591
0.4551737019051177,0.7518431780726863,0.4436019323208561
0.4551737019051177,0.7519299158643421,0.4436000529581881
0.4551970489353754,0.7519299158643421,0.4435921390634744
0.4551970489353754,0.7520166536559979,0.4435870736801781
0.4552904370564064,0.7520166536559979,0.4435649290852383
0.4552904370564064,0.7521033914476537,0.4435376766532554
0.4557106836010459,0.7521033914476537,0.4433717868579215
0.4557106836010459,0.7522768670309654,0.4433430247922932
0.4557340306313037,0.7522768670309654,0.443324365521387
0.4557340306313037,0.7523636048226212,0.4433118638094456
0.4557573776615614,0.7523636048226212,0.4433020471571287
0.4557573776615614,0.752450342614277,0.4433005562323371
0.4558040717220769,0.752450342614277,0.4432892711367725
0.4558040717220769,0.7525370804059328,0.4432599217346914
0.4558274187523347,0.7525370804059328,0.4432526282329914
0.4558274187523347,0.7526238181975887,0.4432434475919982
0.4559441539036235,0.7526238181975887,0.4431970406955523
0.4559441539036235,0.7527105559892445,0.4431850470966523
0.4560375420246544,0.7527105559892445,0.4431316283427644
0.4560375420246544,0.7527972937809003,0.4431184861913931
0.4560842360851699,0.7527972937809003,0.443109181884889
0.4560842360851699,0.752970769364212,0.4431066042493065
0.4561075831154277,0.752970769364212,0.4431052707511421
0.4561075831154277,0.7530575071558678,0.4430917154574177
0.4561776242062009,0.7530575071558678,0.4430311083812339
0.4561776242062009,0.7531442449475236,0.4430143405108188
0.4562009712364587,0.7531442449475236,0.4430067365984006
0.4562009712364587,0.7532309827391794,0.4429951159118351
0.4563410534180052,0.7532309827391794,0.4429112353177542
0.4563410534180052,0.7533177205308352,0.4429034515014126
0.4564344415390362,0.7533177205308352,0.4428811953736943
0.4564344415390362,0.7534044583224911,0.4428811004911966
0.4573449757190885,0.7534044583224911,0.4424131210100417
0.4573449757190885,0.7534911961141469,0.442406352838401
0.457391669779604,0.7534911961141469,0.4423738055487086
0.457391669779604,0.7535779339058027,0.4423716516911952
0.457485057900635,0.7535779339058027,0.4423104236122995
0.457485057900635,0.7537514094891145,0.4422904780429104
0.4575084049308928,0.7537514094891145,0.4422795300147126
0.4575084049308928,0.7538381472807703,0.4422785164220787
0.457578446021666,0.7538381472807703,0.4422332600815952
0.457578446021666,0.753924885072426,0.4422147392212239
0.4578352633545013,0.753924885072426,0.4420705376880693
0.4578352633545013,0.7540116228640819,0.4420655469016967
0.4578819574150168,0.7540116228640819,0.4420162876365813
0.4578819574150168,0.7540983606557377,0.4420053948723481
0.4579286514755323,0.7540983606557377,0.4419818415794431
0.4579286514755323,0.7541850984473936,0.4419689352184391
0.4580453866268211,0.7541850984473936,0.4419114654803566
0.4580453866268211,0.7543585740307052,0.4418951486111691
0.4580687336570788,0.7543585740307052,0.4418882715340706
0.4580687336570788,0.754445311822361,0.4418607899393594
0.4583022039596563,0.754445311822361,0.4417853582446028
0.4583022039596563,0.7545320496140169,0.4417787162049557
0.4583488980201718,0.7545320496140169,0.4417511987890372
0.4583488980201718,0.7546187874056727,0.4417368005294162
0.4584422861412028,0.7546187874056727,0.4416998278371732
0.4584422861412028,0.7547055251973285,0.44169631354817
0.4585356742622338,0.7547055251973285,0.441666227749206
0.4585356742622338,0.7547922629889843,0.4416557152064387
0.4585823683227493,0.7547922629889843,0.4416454389233207
0.4585823683227493,0.7548790007806401,0.4416452100520681
0.4586057153530071,0.7548790007806401,0.4416428075805019
0.4586057153530071,0.754965738572296,0.4416388639884303
0.4586290623832648,0.754965738572296,0.4416380284558684
0.4586290623832648,0.7551392141556076,0.4416263140687075
0.4588625326858424,0.7551392141556076,0.4415696515273251
0.4588625326858424,0.7552259519472634,0.4415658591245007
0.4592827792304819,0.7552259519472634,0.4414309970204152
0.4592827792304819,0.7553994275305751,0.4413989808750299
0.4593061262607396,0.7553994275305751,0.4413982244713629
0.4593061262607396,0.7555729031138867,0.4413883248652315
0.4595162495330594,0.7555729031138867,0.4413432982622877
0.4595162495330594,0.7556596409055425,0.4413383692927614
0.4595629435935749,0.7556596409055425,0.4413281417985704
0.4595629435935749,0.7557463786971984,0.4413113495513779
0.4595862906238326,0.7557463786971984,0.4413047226196132
0.4595862906238326,0.7558331164888542,0.4413034924749311
0.4596096376540904,0.7558331164888542,0.4412339631047826
0.4596096376540904,0.75591985428051,0.4412315551501973
0.4596563317146059,0.75591985428051,0.441165978385964
0.4596563317146059,0.7561800676554775,0.441146659111082
0.4599131490474412,0.7561800676554775,0.4410307834411923
0.4599131490474412,0.7562668054471333,0.4410303380251134
0.4601699663802764,0.7562668054471333,0.4409206772511512
0.4601699663802764,0.7563535432387891,0.4409043504209012
0.4602633545013074,0.7563535432387891,0.4408730408204051
0.4602633545013074,0.7564402810304449,0.440850976580005
0.4602867015315652,0.7564402810304449,0.4408188687698808
0.4602867015315652,0.7565270188221008,0.4408166175772511
0.4604267837131117,0.7565270188221008,0.4407659495563147
0.4604267837131117,0.7566137566137566,0.4407607377493842
0.4605668658946582,0.7566137566137566,0.4407040241416211
0.4605668658946582,0.7567004944054124,0.4406903964596758
0.4606602540156892,0.7567004944054124,0.4406743291862581
0.4606602540156892,0.7567872321970682,0.4406622248299209
0.4607302951064624,0.7567872321970682,0.4406484450411431
0.4607302951064624,0.7568739699887241,0.4406386367035553
0.4607536421367202,0.7568739699887241,0.4406000017083665
0.4607536421367202,0.7569607077803799,0.4405821743895864
0.461150541651102,0.7569607077803799,0.4404103305265563
0.461150541651102,0.7570474455720357,0.4404095631776328
0.4614540530444527,0.7570474455720357,0.4402927521978031
0.4614540530444527,0.7571341833636915,0.4402674719685305
0.4615941352259992,0.7571341833636915,0.440241341119307
0.4615941352259992,0.7572209211553473,0.4402246667306101
0.4617575644378035,0.7572209211553473,0.4401635315587341
0.4617575644378035,0.7573076589470032,0.4401485229396116
0.4619443406798655,0.7573076589470032,0.4400771994947013
0.4619443406798655,0.757394396738659,0.4400609831006155
0.4620377288008965,0.757394396738659,0.4400383236172074
0.4620377288008965,0.7575678723219706,0.4400164235950384
0.462177810982443,0.7575678723219706,0.4399897765977025
0.462177810982443,0.7576546101136266,0.4399829059408421
0.4623178931639895,0.7576546101136266,0.4399504482379816
0.4623178931639895,0.7577413479052824,0.439939248524487
0.462364587224505,0.7577413479052824,0.4399354137969351
0.462364587224505,0.7578280856969382,0.439918750042065
0.4625046694060515,0.7578280856969382,0.4398738191841282
0.4625046694060515,0.757914823488594,0.4398663963883695
0.462551363466567,0.757914823488594,0.4398597851358644
0.462551363466567,0.7580015612802498,0.4398448938846168
0.4629249159506911,0.7580015612802498,0.439730633836475
0.4629249159506911,0.7580882990719057,0.4397120555610901
0.4629482629809488,0.7580882990719057,0.4397042756698536
0.4629482629809488,0.7582617746552173,0.4396887749791605
0.4632284273440418,0.7582617746552173,0.4395008203767585
0.4632284273440418,0.7583485124468731,0.4394987376059528
0.4632517743742996,0.7583485124468731,0.4394939870175327
0.4632517743742996,0.7585219880301848,0.4394929268107856
0.4633918565558461,0.7585219880301848,0.4394530488372964
0.4633918565558461,0.7586954636134964,0.4394461040683074
0.4634618976466193,0.7586954636134964,0.4394326140240324
0.4634618976466193,0.7587822014051522,0.4394259509295604
0.4635319387373926,0.7587822014051522,0.4394141998584795
0.4635319387373926,0.7589556769884639,0.4393889063191318
0.4636720209189391,0.7589556769884639,0.4393148433651054
0.4636720209189391,0.7590424147801197,0.4393091489352313
0.4637654090399701,0.7590424147801197,0.4392471567500785
0.4637654090399701,0.7591291525717755,0.4392290506369777
0.4638354501307433,0.7591291525717755,0.4392119791763199
0.4638354501307433,0.7592158903634314,0.4392009648247684
0.4638587971610011,0.7592158903634314,0.439184853119274
0.4638587971610011,0.7593026281550872,0.4391844990491225
0.4639755323122899,0.7593026281550872,0.4391426226009342
0.4639755323122899,0.7594761037383988,0.4391238574108308
0.4639988793425476,0.7594761037383988,0.4391202913926101
0.4639988793425476,0.7595628415300546,0.4391108325606522
0.4640922674635786,0.7595628415300546,0.4390543369297228
0.4640922674635786,0.7596495793217105,0.4390340153608982
0.4643724318266716,0.7596495793217105,0.4389542731704788
0.4643724318266716,0.7597363171133663,0.4389511898554049
0.4648393724318266,0.7597363171133663,0.4387734619741272
0.4648393724318266,0.7598230549050221,0.4387693750345514
0.4652362719462084,0.7598230549050221,0.4385941933430098
0.4652362719462084,0.7599097926966779,0.4385853952041886
0.4655864774000747,0.7599097926966779,0.4384475071567379
0.4655864774000747,0.7599965304883338,0.438442207088226
0.4656565184908479,0.7599965304883338,0.4384200277814329
0.4656565184908479,0.7600832682799896,0.4384050227006949
0.4656798655211057,0.7600832682799896,0.4383849814018158
0.4656798655211057,0.7601700060716454,0.4383849465761115
0.4657032125513635,0.7601700060716454,0.4383778774158083
0.4657032125513635,0.7602567438633012,0.4383695906836942
0.4658666417631677,0.7602567438633012,0.4383214480244339
0.4658666417631677,0.7604302194466129,0.4383142279532179
0.4659833769144564,0.7604302194466129,0.4382768545633756
0.4659833769144564,0.7605169572382687,0.4382604613307288
0.4660534180052297,0.7605169572382687,0.4382531161438453
0.4660534180052297,0.7606036950299245,0.4382509741496667
0.4661001120657452,0.7606036950299245,0.4382428033624171
0.4661001120657452,0.7606904328215803,0.4382375824705545
0.4661935001867762,0.7606904328215803,0.4381904861042206
0.4661935001867762,0.760863908404892,0.4381803552211039
0.466216847217034,0.760863908404892,0.4381765080682714
0.466216847217034,0.7609506461965478,0.4381696044219545
0.4662401942472917,0.7609506461965478,0.438159722167585
0.4662401942472917,0.7610373839882036,0.4381439001537474
0.4662868883078072,0.7610373839882036,0.4381336175429795
0.4662868883078072,0.7612108595715154,0.4381210354682665
0.466683787822189,0.7612108595715154,0.4379557122752182
0.466683787822189,0.7612975973631712,0.4379370466155809
0.4668238700037355,0.7612975973631712,0.4378931320796384
0.4668238700037355,0.761384335154827,0.4378629929117071
0.4668939110945088,0.761384335154827,0.4377853215670629
0.4668939110945088,0.7614710729464828,0.4377828292701585
0.4670339932760552,0.7614710729464828,0.4377432334025608
0.4670339932760552,0.7615578107381386,0.4377316204036218
0.4670806873365707,0.7615578107381386,0.4377068738509543
0.4670806873365707,0.7617312863214503,0.4376959728950549
0.4671273813970863,0.7617312863214503,0.4376479772187623
0.4671273813970863,0.7618180241131061,0.4376341494843545
0.467150728427344,0.7618180241131061,0.4375987843719896
0.467150728427344,0.7619914996964178,0.4375890464738465
0.4675943220022413,0.7619914996964178,0.4373774418014139
0.4675943220022413,0.7620782374880736,0.4373672198232934
0.4679211804258498,0.7620782374880736,0.4372286021892483
0.4679211804258498,0.7621649752797294,0.4372172768676582
0.4681313036981696,0.7621649752797294,0.4371659746484994
0.4681313036981696,0.7622517130713852,0.437161451083438
0.468177997758685,0.7622517130713852,0.4371507554522092
0.468177997758685,0.762338450863041,0.4371373209763131
0.4686215913335824,0.762338450863041,0.4369290457701968
0.4686215913335824,0.7624251886546969,0.4369273140121337
0.4688083675756443,0.7624251886546969,0.4368588004729065
0.4688083675756443,0.7625119264463527,0.4368561233410574
0.4689251027269331,0.7625119264463527,0.4368301940311564
0.4689251027269331,0.7625986642380085,0.4368151179346491
0.4689951438177064,0.7625986642380085,0.436751573462714
0.4689951438177064,0.7627721398213202,0.4367456007586141
0.4690184908479641,0.7627721398213202,0.4367406461999163
0.4690184908479641,0.762858877612976,0.4367263298922572
0.4690885319387374,0.762858877612976,0.4367049065352907
0.4690885319387374,0.7629456154046318,0.4366988985347071
0.4694620844228614,0.7629456154046318,0.4365409193241932
0.4694620844228614,0.7631190909879434,0.4365297711905951
0.4695321255136346,0.7631190909879434,0.4365004886653567
0.4695321255136346,0.7632058287795993,0.4364858130510592
0.4699056779977587,0.7632058287795993,0.4362877051680229
0.4699056779977587,0.7632925665712551,0.43627646975739
0.4700691072095629,0.7632925665712551,0.4361984421661317
0.4700691072095629,0.7633793043629109,0.4361973894038579
0.4701158012700784,0.7633793043629109,0.4361783128502711
0.4701158012700784,0.7635527799462226,0.4361540305100152
0.4701391483003362,0.7635527799462226,0.4361529228940888
0.4701391483003362,0.7636395177378784,0.4361483231314244
0.4702325364213672,0.7636395177378784,0.4360961097342001
0.4702325364213672,0.7637262555295342,0.4360914125257136
0.4702792304818827,0.7637262555295342,0.4360893192844786
0.4702792304818827,0.76381299332119,0.4360845994841874
0.4703959656331715,0.76381299332119,0.4360230958599125
0.4703959656331715,0.7638997311128458,0.4360177138459082
0.470442659693687,0.7638997311128458,0.4359931379425683
0.470442659693687,0.7639864689045017,0.4359607598360834
0.470816212177811,0.7639864689045017,0.4357598731872394
0.470816212177811,0.7640732066961575,0.435734149746517
0.4708395592080687,0.7640732066961575,0.4357328047998658
0.4708395592080687,0.7641599444878133,0.435719995216986
0.4709796413896152,0.7641599444878133,0.435630447978486
0.4709796413896152,0.7642466822794691,0.4356226533321652
0.4710963765409039,0.7642466822794691,0.4356031621049608
0.4710963765409039,0.764333420071125,0.4356024358582084
0.4713531938737392,0.764333420071125,0.4355300003858674
0.4713531938737392,0.7644201578627808,0.4355284954799153
0.4714232349645125,0.7644201578627808,0.4355165459493626
0.4714232349645125,0.7645068956544366,0.4355119658383513
0.4714465819947702,0.7645068956544366,0.4355032204425827
0.4714465819947702,0.7645936334460924,0.4354873585270555
0.4714932760552858,0.7645936334460924,0.4354593070615165
0.4714932760552858,0.7646803712377482,0.4354576996003958
0.4717267463578632,0.7646803712377482,0.4354002966823076
0.4717267463578632,0.7647671090294041,0.435391449808712
0.4718668285394098,0.7647671090294041,0.4353668289285354
0.4718668285394098,0.76485384682106,0.4353628547580197
0.471936869630183,0.76485384682106,0.435271502361682
0.471936869630183,0.7649405846127157,0.4352703522267108
0.472030257751214,0.7649405846127157,0.4352574231478993
0.472030257751214,0.7650273224043715,0.4352431948710269
0.4721002988419873,0.7650273224043715,0.4352064388251874
0.4721002988419873,0.7653742735709949,0.4351890906956477
0.472123645872245,0.7653742735709949,0.435183808574863
0.472123645872245,0.7654610113626507,0.4351667756609748
0.4721936869630183,0.7654610113626507,0.4351275080845372
0.4721936869630183,0.7655477491543066,0.4351216281434228
0.4723571161748225,0.7655477491543066,0.4350149018399359
0.4723571161748225,0.7657212247376182,0.435011785393927
0.4723804632050803,0.7657212247376182,0.4350067649168371
0.4723804632050803,0.765807962529274,0.4350056519673635
0.472403810235338,0.765807962529274,0.4350042612507808
0.472403810235338,0.7658947003209299,0.435002475698878
0.4724505042958535,0.7658947003209299,0.434982771351328
0.4724505042958535,0.7659814381125857,0.434966167762007
0.472497198356369,0.7659814381125857,0.4349387149342109
0.472497198356369,0.7661549136958973,0.4349186541422182
0.4725905864774001,0.7661549136958973,0.4349023320877662
0.4725905864774001,0.7662416514875531,0.4348880610962462
0.4728240567799776,0.7662416514875531,0.4348239979079836
0.4728240567799776,0.766328389279209,0.4348170912355178
0.4728474038102353,0.766328389279209,0.4348150655598412
0.4728474038102353,0.7664151270708648,0.4347434181510649
0.4728940978707508,0.7664151270708648,0.4347136529855557
0.4728940978707508,0.7665018648625206,0.4347120138637023
0.4730808741128128,0.7665018648625206,0.4346705140195583
0.4730808741128128,0.7666753404458323,0.4346590101116779
0.4731042211430706,0.7666753404458323,0.4346514422162085
0.4731042211430706,0.7668488160291439,0.4346002109002742
0.4731509152035861,0.7668488160291439,0.4345500649889617
0.4731509152035861,0.7669355538207997,0.4345312629468741
0.4731976092641016,0.7669355538207997,0.4344891622112747
0.4731976092641016,0.7670222916124555,0.4344843034634059
0.4732909973851326,0.7670222916124555,0.4344659752959466
0.4732909973851326,0.7671090294041114,0.4344613299217753
0.4735011206574523,0.7671090294041114,0.4344036495057366
0.4735011206574523,0.7671957671957672,0.4343897834105121
0.4735945087784833,0.7671957671957672,0.4343441927802516
0.4735945087784833,0.767282504987423,0.4343371624175745
0.4737579379902876,0.767282504987423,0.4342503523823888
0.4737579379902876,0.7673692427790788,0.4342280451481128
0.4739680612626074,0.7673692427790788,0.4341663335057658
0.4739680612626074,0.7674559805707347,0.4341639089337497
0.4739914082928651,0.7674559805707347,0.4341608951702579
0.4739914082928651,0.7675427183623905,0.4341555140039788
0.4740381023533807,0.7675427183623905,0.4341050475117471
0.4740381023533807,0.7676294561540463,0.4340962952519717
0.4741314904744116,0.7676294561540463,0.4340800775450395
0.4741314904744116,0.7677161939457021,0.4340723647262515
0.4741781845349271,0.7677161939457021,0.4340358367575614
0.4741781845349271,0.7678029317373579,0.4340355431060025
0.4743182667164736,0.7678029317373579,0.4339647286976844
0.4743182667164736,0.7678896695290138,0.4339490247535454
0.4744350018677624,0.7678896695290138,0.4339200998959166
0.4744350018677624,0.7679764073206696,0.4339015441893976
0.4745283899887934,0.7679764073206696,0.4338765790675783
0.4745283899887934,0.7680631451123254,0.4338665240307705
0.4745750840493089,0.7680631451123254,0.4338433591895085
0.4745750840493089,0.7682366206956371,0.4338411127303486
0.4746684721703399,0.7682366206956371,0.433824488082683
0.4746684721703399,0.7683233584872929,0.4338174527375822
0.4747385132611131,0.7683233584872929,0.4337880335860135
0.4747385132611131,0.7684100962789487,0.4337824678972379
0.4750186776242062,0.7684100962789487,0.433650099995761
0.4750186776242062,0.7684968340706045,0.4336421290643535
0.4752288008965259,0.7684968340706045,0.4335819706058458
0.4752288008965259,0.7685835718622603,0.433567062324362
0.4752988419872992,0.7685835718622603,0.4335418938786067
0.4752988419872992,0.7686703096539163,0.433534885231164
0.4754389241688457,0.7686703096539163,0.4334749857339129
0.4754389241688457,0.768757047445572,0.4334675077145368
0.4755556593201345,0.768757047445572,0.4334190558066161
0.4755556593201345,0.7688437852372279,0.4334140847874149
0.4757190885319387,0.7688437852372279,0.4333326687302486
0.4757190885319387,0.7690172608205396,0.433321751697463
0.4757891296227119,0.7690172608205396,0.4333124379713524
0.4757891296227119,0.7691039986121954,0.4332953432202172
0.4758358236832275,0.7691039986121954,0.4332702214674728
0.4758358236832275,0.769277474195507,0.4332575597137649
0.475882517743743,0.769277474195507,0.4332419705331872
0.475882517743743,0.7693642119871628,0.4332398491652192
0.4759058647740007,0.7693642119871628,0.4332372655586377
0.4759058647740007,0.7694509497788187,0.4332337974801028
0.4760926410160627,0.7694509497788187,0.4331586820153592
0.4760926410160627,0.7695376875704745,0.4331470818185655
0.4763728053791558,0.7695376875704745,0.4330061275163007
0.4763728053791558,0.7696244253621303,0.4329978238510366
0.4765829286514755,0.7696244253621303,0.4329458995507684
0.4765829286514755,0.769797900945442,0.4329119300241739
0.476723010833022,0.769797900945442,0.4328661227276451
0.476723010833022,0.7698846387370978,0.4328579831359532
0.4767463578632798,0.7698846387370978,0.4328361593067541
0.4767463578632798,0.7699713765287536,0.4328253089479728
0.477003175196115,0.7699713765287536,0.4326526956594213
0.477003175196115,0.7700581143204094,0.4326282887433583
0.4771199103474038,0.7700581143204094,0.4326068635171237
0.4771199103474038,0.7701448521120652,0.4325790718857997
0.477283339559208,0.7701448521120652,0.4325364509233316
0.477283339559208,0.7703183276953769,0.4325073875889897
0.4774234217407546,0.7703183276953769,0.4324352930296147
0.4774234217407546,0.7704050654870327,0.4324352467972721
0.4774701158012701,0.7704050654870327,0.4324100189176693
0.4774701158012701,0.7705785410703444,0.4323719681861524
0.4778436682853941,0.7705785410703444,0.4322434267734093
0.4778436682853941,0.7706652788620002,0.4322383484910578
0.4778670153156518,0.7706652788620002,0.4322369921577277
0.4778670153156518,0.770752016653656,0.4322326813010861
0.4779837504669406,0.770752016653656,0.4322014475884808
0.4779837504669406,0.7708387544453118,0.4321829124287234
0.4781004856182294,0.7708387544453118,0.4321337837498262
0.4781004856182294,0.7709254922369676,0.4320923360685051
0.4781471796787448,0.7709254922369676,0.4320457977007804
0.4781471796787448,0.7710989678202793,0.4320053308249497
0.4781705267090026,0.7710989678202793,0.4319925979127276
0.4781705267090026,0.7711857056119351,0.4319917378368514
0.4782872618602913,0.7711857056119351,0.4319261511480228
0.4782872618602913,0.7712724434035909,0.4318793854532934
0.4784973851326111,0.7712724434035909,0.4317751587946595
0.4784973851326111,0.7713591811952468,0.4317732688356231
0.4785674262233844,0.7713591811952468,0.4317578124549106
0.4785674262233844,0.7715326567785584,0.4317519037305806
0.4791977960403437,0.7715326567785584,0.4314654644196105
0.4791977960403437,0.7716193945702142,0.4314473822146685
0.4792211430706014,0.7716193945702142,0.4314437018693267
0.4792211430706014,0.77170613236187,0.4314349141701264
0.4794079193126634,0.77170613236187,0.4313155712112503
0.4794079193126634,0.7717928701535259,0.4312761275314486
0.4795246544639522,0.7717928701535259,0.4312223166723302
0.4795246544639522,0.7718796079451817,0.431219360586092
0.4795713485244677,0.7718796079451817,0.4311979316676048
0.4795713485244677,0.7719663457368375,0.4311862329639876
0.4798048188270452,0.7719663457368375,0.4310363577300602
0.4798048188270452,0.7720530835284933,0.4310278762919092
0.4798982069480762,0.7720530835284933,0.4310080970078607
0.4798982069480762,0.772226559111805,0.4309974466269353
0.4799215539783339,0.772226559111805,0.4309945356920528
0.4799215539783339,0.7723132969034608,0.4309874161277034
0.4801783713111692,0.7723132969034608,0.4308318377493064
0.4801783713111692,0.7724000346951166,0.4308238595898954
0.480201718341427,0.7724000346951166,0.430808223013309
0.480201718341427,0.7724867724867724,0.4307976619912895
0.4804351886440045,0.7724867724867724,0.4307202905192216
0.4804351886440045,0.7726602480700842,0.4307147421456139
0.4805285767650354,0.7726602480700842,0.4306947075603551
0.4805285767650354,0.77274698586174,0.4306883664821236
0.480668658946582,0.77274698586174,0.4306257778486083
0.480668658946582,0.7728337236533958,0.4306237480242181
0.4807387000373552,0.7728337236533958,0.4305904049007222
0.4807387000373552,0.7729204614450516,0.4305879967256023
0.480762047067613,0.7729204614450516,0.430577586888154
0.480762047067613,0.7730071992367075,0.4305741710953371
0.4810655584609637,0.7730071992367075,0.4304116433036
0.4810655584609637,0.7730939370283633,0.4303985025277712
0.4812056406425102,0.7730939370283633,0.4303337909410739
0.4812056406425102,0.7731806748200191,0.4303305362659517
0.4812523347030257,0.7731806748200191,0.4303220136458743
0.4812523347030257,0.7732674126116749,0.4303121418318864
0.4812756817332835,0.7732674126116749,0.4303088889539499
0.4812756817332835,0.7733541504033308,0.4303073451517224
0.481322375793799,0.7733541504033308,0.4302805182191276
0.481322375793799,0.7734408881949866,0.4302591510088039
0.4813457228240568,0.7734408881949866,0.4302507789793596
0.4813457228240568,0.7736143637782982,0.4302284261744749
0.4815558460963765,0.7736143637782982,0.4301518628911732
0.4815558460963765,0.773701101569954,0.4301514935859977
0.4817192753081808,0.773701101569954,0.430101561808749
0.4817192753081808,0.7737878393616099,0.4300995642526809
0.4818593574897273,0.7737878393616099,0.4300094277994595
0.4818593574897273,0.7738745771532657,0.4300003191281824
0.4819527456107583,0.7738745771532657,0.429958217043049
0.4819527456107583,0.7739613149449215,0.4299519612976503
0.481976092641016,0.7739613149449215,0.429937443981721
0.481976092641016,0.7740480527365773,0.4299243600240683
0.4820227867015316,0.7740480527365773,0.429896907379604
0.4820227867015316,0.7741347905282332,0.4298921948705153
0.4823262980948823,0.7741347905282332,0.4297865791847527
0.4823262980948823,0.774221528319889,0.4297858402162487
0.4824196862159133,0.774221528319889,0.4297563203040859
0.4824196862159133,0.7743082661115448,0.4297518584990267
0.4826998505790063,0.7743082661115448,0.4296365968958147
0.4826998505790063,0.7743950039032006,0.4296336554820258
0.4827465446395219,0.7743950039032006,0.4296271344856364
0.4827465446395219,0.7745684794865123,0.4296114187795646
0.4833068733657079,0.7745684794865123,0.4293382879610951
0.4833068733657079,0.7746552172781681,0.4293160356299038
0.4833302203959656,0.7746552172781681,0.4293094916880914
0.4833302203959656,0.7748286928614797,0.4293001009959198
0.4834469555472543,0.7748286928614797,0.4292287585506271
0.4834469555472543,0.7749154306531356,0.4291985543644108
0.4835169966380276,0.7749154306531356,0.4291794873393658
0.4835169966380276,0.7750021684447914,0.429173433488625
0.4837037728800896,0.7750021684447914,0.4291153953979062
0.4837037728800896,0.775175644028103,0.4291013345115965
0.4837738139708629,0.775175644028103,0.4290522309289287
0.4837738139708629,0.7752623818197588,0.4290463361278962
0.4839839372431826,0.7752623818197588,0.4289493302291337
0.4839839372431826,0.7753491196114147,0.4289485437309737
0.4841006723944714,0.7753491196114147,0.4289090684672383
0.4841006723944714,0.7754358574030705,0.4289044184030078
0.4841473664549869,0.7754358574030705,0.4288886290739436
0.4841473664549869,0.7755225951947263,0.4288717806693882
0.4842874486365334,0.7755225951947263,0.428808274646736
0.4842874486365334,0.7756093329863821,0.4288016810941766
0.4843107956667912,0.7756093329863821,0.4287905172695033
0.4843107956667912,0.775696070778038,0.4287782491962236
0.4844975719088532,0.775696070778038,0.4287225992773404
0.4844975719088532,0.7757828085696938,0.4287159306863635
0.4845909600298842,0.7757828085696938,0.4286841547557156
0.4845909600298842,0.7759562841530054,0.4286750813886233
0.4846610011206574,0.7759562841530054,0.4286017942792136
0.4846610011206574,0.7760430219446612,0.4286011716002974
0.4847076951811729,0.7760430219446612,0.428565154242823
0.4847076951811729,0.7761297597363171,0.4285604517629967
0.4848477773627194,0.7761297597363171,0.4284715146569884
0.4848477773627194,0.776216497527973,0.4284616988178198
0.4848711243929772,0.776216497527973,0.4284471733368632
0.4848711243929772,0.7763032353196287,0.4284405488902755
0.4848944714232349,0.7763032353196287,0.4284375031016533
0.4848944714232349,0.7768236620695637,0.4283840013779805
0.485081247665297,0.7768236620695637,0.4283281092602723
0.485081247665297,0.7769971376528754,0.4283131075411696
0.4851045946955547,0.7769971376528754,0.4283037607498978
0.4851045946955547,0.7770838754445312,0.4283007139718241
0.4854314531191632,0.7770838754445312,0.4281375173534895
0.4854314531191632,0.7772573510278429,0.4281247293904593
0.485548188270452,0.7772573510278429,0.4280532742835515
0.485548188270452,0.7773440888194987,0.4280501203338229
0.4855715353007097,0.7773440888194987,0.4280419891332444
0.4855715353007097,0.7774308266111545,0.4280405998658214
0.4856649234217408,0.7774308266111545,0.4280107197058154
0.4856649234217408,0.7775175644028103,0.4280016853117847
0.4857816585730295,0.7775175644028103,0.4279548729921717
0.4857816585730295,0.7776043021944661,0.4279531860277543
0.4858050056032872,0.7776043021944661,0.4279479306136026
0.4858050056032872,0.777691039986122,0.4279440775005976
0.485828352633545,0.777691039986122,0.4279431902065175
0.485828352633545,0.7778645155694336,0.4279397252056809
0.4862719462084423,0.7778645155694336,0.4277660293535679
0.4862719462084423,0.7779512533610894,0.4277504033675438
0.4865988046320508,0.7779512533610894,0.4276297045162709
0.4865988046320508,0.7780379911527453,0.4276094012050822
0.4868089279043706,0.7780379911527453,0.4275802325145075
0.4868089279043706,0.7781247289444011,0.4275772023725295
0.4869023160254015,0.7781247289444011,0.4275395132395726
0.4869023160254015,0.7782114667360569,0.427513212049187
0.486949010085917,0.7782114667360569,0.4274128303906969
0.486949010085917,0.7782982045277127,0.4273961264926362
0.4875793799028763,0.7782982045277127,0.4271477636781298
0.4875793799028763,0.7783849423193685,0.4271454810661643
0.4879996264475159,0.7783849423193685,0.4269604348542477
0.4879996264475159,0.7784716801110244,0.4269575391695406
0.4880463205080314,0.7784716801110244,0.4269442368901023
0.4880463205080314,0.7785584179026802,0.4269339698432534
0.4882797908106089,0.7785584179026802,0.4267820435502096
0.4882797908106089,0.778645155694336,0.4267809175812959
0.4885833022039597,0.778645155694336,0.4266074270270705
0.4885833022039597,0.7787318934859918,0.4265971825354474
0.4886299962644752,0.7787318934859918,0.4265598003197847
0.4886299962644752,0.7788186312776477,0.4265580480415
0.4886533432947329,0.7788186312776477,0.4265552358574958
0.4886533432947329,0.7789053690693035,0.426525395221806
0.4887000373552484,0.7789053690693035,0.4265188038087039
0.4887000373552484,0.7791655824442709,0.4265030990156006
0.4887700784460216,0.7791655824442709,0.4264579461502453
0.4887700784460216,0.7792523202359268,0.4264319671611937
0.4889335076578259,0.7792523202359268,0.4263847506494941
0.4889335076578259,0.7793390580275826,0.4263599820402608
0.4890735898393724,0.7793390580275826,0.4262962811941854
0.4890735898393724,0.7795125336108942,0.4262765029782543
0.4891202838998879,0.7795125336108942,0.4262551399163634
0.4891202838998879,0.7795992714025501,0.426245394652569
0.4891436309301457,0.7795992714025501,0.4262432793571226
0.4891436309301457,0.7796860091942059,0.4262430556912249
0.4895638774747852,0.7796860091942059,0.4260527023434484
0.4895638774747852,0.7797727469858617,0.4260362875370651
0.4897039596563317,0.7797727469858617,0.426006208982023
0.4897039596563317,0.7798594847775175,0.4259943973371802
0.489774000747105,0.7798594847775175,0.425987264356079
0.489774000747105,0.7799462225691733,0.4259789908147121
0.4898206948076204,0.7799462225691733,0.4259688383897844
0.4898206948076204,0.7800329603608293,0.4259680188542806
0.490147553231229,0.7800329603608293,0.4257908667118171
0.490147553231229,0.780119698152485,0.4257876581545593
0.4901942472917445,0.780119698152485,0.4257513935691394
0.4901942472917445,0.7802064359441409,0.4257461349697898
0.4904043705640643,0.7802064359441409,0.4256275251499039
0.4904043705640643,0.7802931737357967,0.4256185811388634
0.490427717594322,0.7802931737357967,0.4256185113483759
0.490427717594322,0.7803799115274526,0.4256182463046949
0.4904744116548375,0.7803799115274526,0.4256138974093777
0.4904744116548375,0.7804666493191084,0.4256112296139676
0.490521105715353,0.7804666493191084,0.4255917718528524
0.490521105715353,0.7805533871107642,0.4255886853026455
0.4905444527456107,0.7805533871107642,0.4255831842627586
0.4905444527456107,0.78064012490242,0.425575021855883
0.4905677997758685,0.78064012490242,0.4255594406453556
0.4905677997758685,0.7807268626940758,0.4255553536203347
0.490614493836384,0.7807268626940758,0.4255340194784471
0.490614493836384,0.7808136004857317,0.4255319765824936
0.4907545760179305,0.7808136004857317,0.4254762978882432
0.4907545760179305,0.7809003382773875,0.4254653793965274
0.4908479641389615,0.7809003382773875,0.4254501053384318
0.4908479641389615,0.7809870760690433,0.4254491618373641
0.4908713111692193,0.7809870760690433,0.4254439414039255
0.4908713111692193,0.7810738138606991,0.4254438096979268
0.4909646992902503,0.7810738138606991,0.4253779483467774
0.4909646992902503,0.781160551652355,0.425359878897476
0.4910347403810235,0.781160551652355,0.4253453821565386
0.4910347403810235,0.7812472894440108,0.4253318960769412
0.4910580874112812,0.7812472894440108,0.4253264902050133
0.4910580874112812,0.7813340272356666,0.4253079491591131
0.4911047814717968,0.7813340272356666,0.4252783749174027
0.4911047814717968,0.7814207650273224,0.4252682244350924
0.4912215166230855,0.7814207650273224,0.4251945518632638
0.4912215166230855,0.7815075028189782,0.4251934784362156
0.4915950691072095,0.7815075028189782,0.4250185167789393
0.4915950691072095,0.7815942406106341,0.4249819225174541
0.4918518864400448,0.7815942406106341,0.4248852962717712
0.4918518864400448,0.7816809784022899,0.424856118503466
0.4920153156518491,0.7816809784022899,0.4247544610181071
0.4920153156518491,0.7817677161939457,0.4247500582237858
0.4922020918939111,0.7817677161939457,0.4246525798794396
0.4922020918939111,0.7818544539856015,0.4246442682286597
0.4923655211057153,0.7818544539856015,0.4245717874758059
0.4923655211057153,0.7819411917772574,0.4245714427943914
0.4926690324990661,0.7819411917772574,0.4244901503529281
0.4926690324990661,0.7820279295689132,0.4244847774130236
0.4926923795293239,0.7820279295689132,0.4244768354673895
0.4926923795293239,0.782114667360569,0.4244722198600312
0.4927157265595816,0.782114667360569,0.4244703213879002
0.4927157265595816,0.7822014051522248,0.4244664273477132
0.4929025028016436,0.7822014051522248,0.4244113819129552
0.4929025028016436,0.7822881429438806,0.4243929719774321
0.4929491968621591,0.7822881429438806,0.4243609619872476
0.4929491968621591,0.7824616185271923,0.4243380901376548
0.4930425849831901,0.7824616185271923,0.4242792676411607
0.4930425849831901,0.7825483563188481,0.4242694575642465
0.4930892790437056,0.7825483563188481,0.4242501182613976
0.4930892790437056,0.7828953074854714,0.4241957508787113
0.4931593201344789,0.7828953074854714,0.4241755274722664
0.4931593201344789,0.7829820452771272,0.4241608999161897
0.4932527082555099,0.7829820452771272,0.4241387203980494
0.4932527082555099,0.783068783068783,0.424135239077362
0.4933227493462832,0.783068783068783,0.4241168985456792
0.4933227493462832,0.7831555208604389,0.4240813069171782
0.4933460963765409,0.7831555208604389,0.4240715903506213
0.4933460963765409,0.7832422586520947,0.424065917738847
0.4940932013447889,0.7832422586520947,0.4237776270177135
0.4940932013447889,0.7833289964437505,0.4237640850602896
0.4941865894658199,0.7833289964437505,0.4236857107412208
0.4941865894658199,0.7834157342354063,0.4236791616898997
0.4942099364960777,0.7834157342354063,0.4236339183612844
0.4942099364960777,0.7835024720270621,0.4236050412155526
0.4942566305565932,0.7835024720270621,0.4235940558173061
0.4942566305565932,0.783589209818718,0.423572941343215
0.4943500186776242,0.783589209818718,0.4234884487093876
0.4943500186776242,0.7836759476103738,0.4234799918392253
0.494466753828913,0.7836759476103738,0.4234742262070292
0.494466753828913,0.7837626854020296,0.4234682997433309
0.4945601419499439,0.7837626854020296,0.4234490994339728
0.4945601419499439,0.7839361609853414,0.4234169859246028
0.4946768771012327,0.7839361609853414,0.4233768204627128
0.4946768771012327,0.7840228987769972,0.4233695061536544
0.4947702652222637,0.7840228987769972,0.4233347760201041
0.4947702652222637,0.784109636568653,0.4233062559729963
0.494933694434068,0.784109636568653,0.4232026851595935
0.494933694434068,0.7841963743603088,0.4232002873959416
0.4949570414643257,0.7841963743603088,0.4231980405125777
0.4949570414643257,0.7842831121519646,0.42319623807653
0.4950037355248412,0.7842831121519646,0.4231781662882485
0.4950037355248412,0.7843698499436205,0.4231595570589939
0.4951438177063877,0.7843698499436205,0.4230759498666522
0.4951438177063877,0.7844565877352763,0.4230723497518338
0.495400635039223,0.7844565877352763,0.4229325902543556
0.495400635039223,0.7846300633185879,0.4229258613693208
0.4954239820694807,0.7846300633185879,0.4229167784630232
0.4954239820694807,0.7847168011102438,0.4229110341570563
0.4954473290997385,0.7847168011102438,0.4229027386290257
0.4954473290997385,0.7848035389018996,0.4228998016761585
0.4955640642510273,0.7848035389018996,0.4228540967758587
0.4955640642510273,0.7848902766935554,0.4228487131674374
0.495587411281285,0.7848902766935554,0.4228431847827819
0.495587411281285,0.7849770144852112,0.4228375494199942
0.4956107583115428,0.7849770144852112,0.4228367405907492
0.4956107583115428,0.785063752276867,0.4228261607666687
0.4956341053418005,0.785063752276867,0.4228260647592244
0.4956341053418005,0.7851504900685229,0.4228241066731358
0.49605435188644,0.7851504900685229,0.4226211780109172
0.49605435188644,0.7853239656518345,0.4226008654781614
0.496147740007471,0.7853239656518345,0.4225480522610111
0.496147740007471,0.7854107034434903,0.422542743244922
0.4961710870377288,0.7854107034434903,0.422527069483895
0.4961710870377288,0.7854974412351462,0.4225213656392043
0.4962878221890175,0.7854974412351462,0.4225012835711874
0.4962878221890175,0.785584179026802,0.4224903747413047
0.496334516249533,0.785584179026802,0.4224828100091174
0.496334516249533,0.7856709168184578,0.4224822211287655
0.4963578632797908,0.7856709168184578,0.4224673666249285
0.4963578632797908,0.7857576546101136,0.4224647264897605
0.4965913335823683,0.7857576546101136,0.4223989332530653
0.4965913335823683,0.7858443924017694,0.4223751091577667
0.4968014568546881,0.7858443924017694,0.4222646195762093
0.4968014568546881,0.7859311301934253,0.4222631415589873
0.4968248038849458,0.7859311301934253,0.4222512964615978
0.4968248038849458,0.7860178679850811,0.4222483797639839
0.4972917444901009,0.7860178679850811,0.4220907457582464
0.4972917444901009,0.7861913435683927,0.4220518662163137
0.4974551737019051,0.7861913435683927,0.4219993758491339
0.4974551737019051,0.7862780813600486,0.4219951417477259
0.4976419499439671,0.7862780813600486,0.421879370254047
0.4976419499439671,0.7864515569433602,0.4218655125217714
0.4977353380649981,0.7864515569433602,0.4218115916322443
0.4977353380649981,0.7866250325266718,0.4217998434268021
0.4978987672768024,0.7866250325266718,0.4217504662616121
0.4978987672768024,0.7867117703183277,0.4217362939107799
0.4979688083675756,0.7867117703183277,0.4217132770667595
0.4979688083675756,0.7867985081099835,0.4217077807736417
0.4980388494583489,0.7867985081099835,0.4216969424596452
0.4980388494583489,0.7868852459016393,0.4216767231879577
0.4980621964886066,0.7868852459016393,0.4216607763311327
0.4980621964886066,0.7869719836932951,0.4216489414933768
0.4980855435188644,0.7869719836932951,0.4216433758698238
0.4980855435188644,0.787058721484951,0.4216252999215485
0.4982256257004109,0.787058721484951,0.4215891154337285
0.4982256257004109,0.7871454592766068,0.421583421099525
0.4983190138214419,0.7871454592766068,0.4215582638664104
0.4983190138214419,0.7872321970682626,0.4215565610675219
0.4986692192753081,0.7872321970682626,0.4213575785206409
0.4986692192753081,0.7873189348599184,0.4213572262599862
0.4989960776989167,0.7873189348599184,0.4212616529836283
0.4989960776989167,0.7874056726515742,0.4212512432108738
0.499159506910721,0.7874056726515742,0.4212065525662015
0.499159506910721,0.7874924104432302,0.421205663964564
0.4993929772132984,0.7874924104432302,0.4211673799205351
0.4993929772132984,0.787579148234886,0.4211657947973218
0.4994630183040717,0.787579148234886,0.4211453263960972
0.4994630183040717,0.7876658860265418,0.4211259967337646
0.4994863653343295,0.7876658860265418,0.421118163309276
0.4994863653343295,0.7877526238181976,0.4211120613401297
0.4995564064251027,0.7877526238181976,0.4210845083441549
0.4995564064251027,0.7878393616098535,0.4210709132835373
0.4996497945461337,0.7878393616098535,0.4210310371365382
0.4996497945461337,0.7879260994015093,0.4210058623382771
0.4996964886066492,0.7879260994015093,0.4209717771039628
0.4996964886066492,0.7880995749848209,0.4209515511077242
0.4998132237579379,0.7880995749848209,0.4209325530179489
0.4998132237579379,0.7881863127764767,0.4209251230006283
0.4999766529697422,0.7881863127764767,0.4208763544021803
0.4999766529697422,0.7882730505681326,0.4208754766096482
0.500186776242062,0.7882730505681326,0.4207822986296966
0.500186776242062,0.7883597883597884,0.4207737647859013
0.5002101232723197,0.7883597883597884,0.4207699944218007
0.5002101232723197,0.7884465261514442,0.4207678153297802
0.5003268584236085,0.7884465261514442,0.4207226478919534
0.5003268584236085,0.7885332639431,0.4206701300095092
0.5003735524841241,0.7885332639431,0.420639722551806
0.5003735524841241,0.7886200017347559,0.420633902572965
0.5004202465446396,0.7886200017347559,0.4206070910060249
0.5004202465446396,0.7887934773180675,0.4205688704594026
0.5009805752708255,0.7887934773180675,0.4203885607313448
0.5009805752708255,0.7888802151097233,0.4203727932077586
0.5011673515128876,0.7888802151097233,0.4202599093443434
0.5011673515128876,0.789053690693035,0.4202426562523021
0.5014241688457228,0.789053690693035,0.4201303479583813
0.5014241688457228,0.7892271662763466,0.4201196607195019
0.5015175569667538,0.7892271662763466,0.4200855783949258
0.5015175569667538,0.7893139040680024,0.4200852260092095
0.501680986178558,0.7893139040680024,0.4200078786765743
0.501680986178558,0.7894006418596583,0.4200062467296362
0.5017276802390735,0.7894006418596583,0.4199751259883058
0.5017276802390735,0.7894873796513141,0.4199541836238112
0.5018677624206201,0.7894873796513141,0.4198952432473311
0.5018677624206201,0.7895741174429699,0.4198703682853464
0.5019144564811356,0.7895741174429699,0.4198357344325538
0.5019144564811356,0.7896608552346257,0.4198239090571297
0.5020078446021666,0.7896608552346257,0.4197496641437886
0.5020078446021666,0.7898343308179374,0.41972659568319
0.5020311916324244,0.7898343308179374,0.4197159451670286
0.5020311916324244,0.7899210686095932,0.4197067679449073
0.5020778856929399,0.7899210686095932,0.4196824214750715
0.5020778856929399,0.790007806401249,0.419676627560189
0.5023347030257751,0.790007806401249,0.4195849878180963
0.5023347030257751,0.7900945441929048,0.4195844972758958
0.5025448262980949,0.7900945441929048,0.4194951569513299
0.5025448262980949,0.7902680197762165,0.4194547848901288
0.5025681733283527,0.7902680197762165,0.4194524263212357
0.5025681733283527,0.7903547575678723,0.4194518052480935
0.5026849084796414,0.7903547575678723,0.4193905899471163
0.5026849084796414,0.7904414953595281,0.4193847529589858
0.5028016436309302,0.7904414953595281,0.4193395991681011
0.5028016436309302,0.7905282331511839,0.4193375868676112
0.5029884198729921,0.7905282331511839,0.4192620103709035
0.5029884198729921,0.7906149709428398,0.419258353860621
0.5030117669032499,0.7906149709428398,0.4192542248083575
0.5030117669032499,0.7907017087344956,0.4192437550124206
0.5031518490847964,0.7907017087344956,0.4192103778167673
0.5031518490847964,0.7907884465261514,0.4192074915189429
0.5033152782966007,0.7907884465261514,0.4190957173300633
0.5033152782966007,0.7908751843178072,0.4190803545835333
0.503478707508405,0.7908751843178072,0.4190197719404634
0.503478707508405,0.791048659901119,0.4189798060414833
0.5035020545386627,0.791048659901119,0.4189335527546103
0.5035020545386627,0.7911353976927747,0.4189236744455197
0.5037121778109824,0.7911353976927747,0.4187681695970114
0.5037121778109824,0.7912221354844305,0.4187679951686883
0.5037588718714979,0.7912221354844305,0.4187507243776972
0.5037588718714979,0.7913088732760863,0.4187295703342915
0.5038055659320134,0.7913088732760863,0.418711051118405
0.5038055659320134,0.7913956110677423,0.4187104295824837
0.5038756070227867,0.7913956110677423,0.4186633485648011
0.5038756070227867,0.791482348859398,0.418659923082927
0.504039036234591,0.791482348859398,0.4186271542364849
0.504039036234591,0.7915690866510539,0.4186204857021119
0.5042958535674262,0.7915690866510539,0.4184876255175853
0.5042958535674262,0.7916558244427097,0.4184803805274326
0.5043425476279417,0.7916558244427097,0.4184717016075243
0.5043425476279417,0.7918293000260214,0.4184228787480349
0.5044592827792305,0.7918293000260214,0.4183933648330236
0.5044592827792305,0.7919160378176772,0.4183436573958569
0.5044826298094882,0.7919160378176772,0.4183178833231409
0.5044826298094882,0.7920895134009888,0.4182907604306705
0.5046927530818079,0.7920895134009888,0.4182004412962794
0.5046927530818079,0.7921762511926447,0.4181454892708807
0.5047161001120657,0.7921762511926447,0.418115704423265
0.5047161001120657,0.7922629889843005,0.4181129042330885
0.5048561822936123,0.7922629889843005,0.4180336405336218
0.5048561822936123,0.7923497267759563,0.4180335013058621
0.5049028763541278,0.7923497267759563,0.4180282138904511
0.5049028763541278,0.792523202359268,0.4180161433116613
0.5049495704146433,0.792523202359268,0.4179911314549379
0.5049495704146433,0.7926966779425796,0.4179675565743316
0.504972917444901,0.7926966779425796,0.4179583624837354
0.504972917444901,0.7927834157342354,0.4179411069898919
0.5055565932013448,0.7927834157342354,0.4176319900244355
0.5055565932013448,0.7928701535258912,0.4175982421013191
0.5056499813223758,0.7928701535258912,0.4175354436549509
0.5056499813223758,0.7929568913175471,0.4175264268908739
0.5056966753828913,0.7929568913175471,0.4175252898379972
0.5056966753828913,0.7930436291092029,0.4175249810099589
0.5057200224131491,0.7930436291092029,0.4175092480461121
0.5057200224131491,0.7931303669008587,0.4174986078754523
0.50581341053418,0.7931303669008587,0.4174579570529743
0.50581341053418,0.7932171046925145,0.4174540661629623
0.5058367575644378,0.7932171046925145,0.417448876301013
0.5058367575644378,0.7933038424841704,0.4174426343488122
0.5058834516249533,0.7933038424841704,0.4174253475274813
0.5058834516249533,0.7933905802758262,0.4174115758529626
0.5059301456854688,0.7933905802758262,0.4174069156775868
0.5059301456854688,0.793477318067482,0.4173872653782208
0.5060702278670153,0.793477318067482,0.4172884572273768
0.5060702278670153,0.7935640558591378,0.4172845076642627
0.506093574897273,0.7935640558591378,0.4172672354356898
0.506093574897273,0.7936507936507936,0.4172625607546705
0.5063036981695929,0.7936507936507936,0.4171563311505264
0.5063036981695929,0.7937375314424495,0.4171413939390033
0.5065605155024281,0.7937375314424495,0.4170283570797003
0.5065605155024281,0.7938242692341053,0.4170276181803539
0.5066539036234591,0.7938242692341053,0.4170153483621316
0.5066539036234591,0.7939110070257611,0.4170065431285791
0.5067005976839746,0.7939110070257611,0.4169910706034129
0.5067005976839746,0.7939977448174169,0.4169654600248536
0.5068640268957788,0.7939977448174169,0.4168797720425372
0.5068640268957788,0.7940844826090728,0.4168707397723022
0.5070974971983564,0.7940844826090728,0.4167839997121408
0.5070974971983564,0.7941712204007286,0.4167746874173383
0.5073543145311916,0.7941712204007286,0.4166727494640483
0.5073543145311916,0.7942579581923844,0.4166567019603588
0.5077979081060889,0.7942579581923844,0.4164589414455251
0.5077979081060889,0.7943446959840402,0.4164423827856215
0.5078446021666044,0.7943446959840402,0.4164319954366139
0.5078446021666044,0.794431433775696,0.4164318434392018
0.5082181546507284,0.794431433775696,0.416333240103258
0.5082181546507284,0.7945181715673519,0.4163226896599816
0.508545013074337,0.7945181715673519,0.4161506274363326
0.508545013074337,0.7946049093590077,0.4161498152976874
0.5086150541651102,0.7946049093590077,0.4161294947520533
0.5086150541651102,0.7946916471506635,0.4161242395951441
0.508638401195368,0.7946916471506635,0.4161171567958525
0.508638401195368,0.7947783849423193,0.4161130589268352
0.5088018304071722,0.7947783849423193,0.4160612777027682
0.5088018304071722,0.7948651227339751,0.4160527319488785
0.5089652596189764,0.7948651227339751,0.4159718538024115
0.5089652596189764,0.7950385983172868,0.4159505139549265
0.5093154650728428,0.7950385983172868,0.415823787850237
0.5093154650728428,0.7951253361089426,0.4158019670059757
0.5096189764661935,0.7951253361089426,0.4156935465039886
0.5096189764661935,0.7952120739005984,0.4156907967737948
0.509665670526709,0.7952120739005984,0.415679813404597
0.509665670526709,0.7952988116922544,0.4156731734904247
0.5097123645872245,0.7952988116922544,0.4156591782781919
0.5097123645872245,0.7953855494839102,0.4156408310876733
0.5097357116174822,0.7953855494839102,0.4156240399493015
0.5097357116174822,0.795472287275566,0.4156125258650499
0.5098524467687711,0.795472287275566,0.4155596682434219
0.5098524467687711,0.7955590250672218,0.4155548250541797
0.5098757937990288,0.7955590250672218,0.4155414969798217
0.5098757937990288,0.7956457628588776,0.4155229806545171
0.5099925289503175,0.7956457628588776,0.4154593709836766
0.5099925289503175,0.7957325006505335,0.4154552849043965
0.510132611131864,0.7957325006505335,0.4154026326936748
0.510132611131864,0.7959927140255009,0.4153767487299494
0.5101559581621218,0.7959927140255009,0.4153694644230208
0.5101559581621218,0.7961661896088126,0.41535989051169
0.5102726933134105,0.7961661896088126,0.4153286199324195
0.5102726933134105,0.7962529274004684,0.4153180945459452
0.5103894284646993,0.7962529274004684,0.4152736709625673
0.5103894284646993,0.7963396651921242,0.4152618275394203
0.5104361225252148,0.7963396651921242,0.4152399334342607
0.5104361225252148,0.7965131407754359,0.4152323198417135
0.5110431453119163,0.7965131407754359,0.4149591921553912
0.5110431453119163,0.7965998785670917,0.4149491667115876
0.5111365334329473,0.7965998785670917,0.4149184831236465
0.5111365334329473,0.7966866163587475,0.4149170991524639
0.5113466567052671,0.7966866163587475,0.4147993561512582
0.5113466567052671,0.7967733541504033,0.4147880390330629
0.5117669032499066,0.7967733541504033,0.4146183428011637
0.5117669032499066,0.7968600919420592,0.4145970305361913
0.5117902502801643,0.7968600919420592,0.4145905247003196
0.5117902502801643,0.796946829733715,0.4145821166275634
0.5118602913709376,0.796946829733715,0.4145776046924019
0.5118602913709376,0.7970335675253708,0.4145731021916388
0.5118836384011953,0.7970335675253708,0.4145729905096087
0.5118836384011953,0.7971203053170266,0.4145607655109796
0.5119770265222263,0.7971203053170266,0.414538044924791
0.5119770265222263,0.7972070431086824,0.4145348429815245
0.5121871497945462,0.7972070431086824,0.414421170179823
0.5121871497945462,0.7972937809003383,0.414415895454899
0.5122338438550617,0.7972937809003383,0.4143853482967722
0.5122338438550617,0.7973805186919941,0.4143822343478007
0.5125140082181546,0.7973805186919941,0.4143014725655433
0.5125140082181546,0.7974672564836499,0.4143002053801273
0.5127941725812477,0.7974672564836499,0.4141765098278522
0.5127941725812477,0.7977274698586174,0.4141565305545767
0.5128408666417632,0.7977274698586174,0.4141319463025279
0.5128408666417632,0.7978142076502732,0.4141108157808987
0.5132611131864027,0.7978142076502732,0.4139114383949893
0.5132611131864027,0.797900945441929,0.4139089013770254
0.5135412775494957,0.797900945441929,0.4137473234196753
0.5135412775494957,0.7979876832335848,0.4137377615822911
0.5135646245797535,0.7979876832335848,0.4137328040475109
0.5135646245797535,0.7980744210252407,0.4137243030875187
0.5135879716100112,0.7980744210252407,0.413723837847308
0.5135879716100112,0.7981611588168965,0.413716135662635
0.5137047067613,0.7981611588168965,0.4136809371010036
0.5137047067613,0.7982478966085523,0.4136687547218581
0.5137280537915577,0.7982478966085523,0.4136554732003948
0.5137280537915577,0.7983346344002081,0.4136537616769997
0.5138214419125887,0.7983346344002081,0.4136280418820676
0.5138214419125887,0.798421372191864,0.4136106443666598
0.5138447889428465,0.798421372191864,0.413607909075653
0.5138447889428465,0.7985081099835198,0.413605281228856
0.513891483003362,0.7985081099835198,0.4136025161140184
0.513891483003362,0.7985948477751756,0.4136001699435477
0.5141483003361972,0.7985948477751756,0.4135180764122305
0.5141483003361972,0.7986815855668314,0.4135170868637171
0.514358423608517,0.7986815855668314,0.413392861951535
0.514358423608517,0.7987683233584872,0.4133810821167922
0.5147086290623832,0.7987683233584872,0.4132536405564492
0.5147086290623832,0.7991152745251106,0.4132301038131173
0.514731976092641,0.7991152745251106,0.413180982288775
0.514731976092641,0.7992020123167665,0.413151988351839
0.514825364213672,0.7992020123167665,0.4130793331960142
0.514825364213672,0.7993754879000781,0.4130473380746279
0.5148720582741875,0.7993754879000781,0.413042737663592
0.5148720582741875,0.7996357012750456,0.4130071757399992
0.5148954053044452,0.7996357012750456,0.4130053591183603
0.5148954053044452,0.799895914650013,0.4129910208512781
0.5150121404557341,0.799895914650013,0.4129161448335449
0.5150121404557341,0.8000693902333247,0.4129061385333049
0.515292304818827,0.8000693902333247,0.4127437510216976
0.515292304818827,0.8001561280249805,0.4127259959630517
0.5153156518490848,0.8001561280249805,0.4127242601609897
0.5153156518490848,0.8002428658166363,0.4127185007578168
0.5154557340306313,0.8002428658166363,0.4126556658064936
0.5154557340306313,0.8003296036082921,0.4126374695504273
0.5155491221516623,0.8003296036082921,0.4126202064710661
0.5155491221516623,0.800416341399948,0.4126079504042123
0.5161094508778483,0.800416341399948,0.412358986211085
0.5161094508778483,0.8005898169832596,0.4123422897155844
0.5162261860291371,0.8005898169832596,0.4122909161807874
0.5162261860291371,0.8006765547749154,0.412279479047562
0.5162728800896526,0.8006765547749154,0.4122770721544473
0.5162728800896526,0.8007632925665713,0.4122365967346825
0.5166464325737766,0.8007632925665713,0.4121110236983197
0.5166464325737766,0.8008500303582271,0.4121066426159592
0.5166931266342921,0.8008500303582271,0.4120767018844407
0.5166931266342921,0.8009367681498829,0.412059580110105
0.5168565558460964,0.8009367681498829,0.4120251398629602
0.5168565558460964,0.8010235059415387,0.4120229813299173
0.5169265969368696,0.8010235059415387,0.4120068008944083
0.5169265969368696,0.8011102437331945,0.4120045161254514
0.5171834142697049,0.8011102437331945,0.4119521374936405
0.5171834142697049,0.8011969815248504,0.4119304314577496
0.5172067612999627,0.8011969815248504,0.4119238301921026
0.5172067612999627,0.8012837193165062,0.4119158356040446
0.5173001494209937,0.8012837193165062,0.4118651119103084
0.5173001494209937,0.8014571948998178,0.4118502431889129
0.5173468434815092,0.8014571948998178,0.4117884406526875
0.5173468434815092,0.8015439326914737,0.4117578756897175
0.5173935375420247,0.8015439326914737,0.4117555381297338
0.5173935375420247,0.8016306704831295,0.4117545227246905
0.5174168845722824,0.8016306704831295,0.4117509973636324
0.5174168845722824,0.8018041460664411,0.4117350961019489
0.5174869256630557,0.8018041460664411,0.4117194210299533
0.5174869256630557,0.8018908838580969,0.4116784435597075
0.5175102726933134,0.8018908838580969,0.4116553281842537
0.5175102726933134,0.8019776216497528,0.4116544971269363
0.5175569667538289,0.8019776216497528,0.4116482065161138
0.5175569667538289,0.8020643594414086,0.4116431546014168
0.5175803137840866,0.8020643594414086,0.4116309369603995
0.5175803137840866,0.8021510972330644,0.4116262397168353
0.5177203959656331,0.8021510972330644,0.4115828159703637
0.5177203959656331,0.8022378350247202,0.4115818751756017
0.5177904370564064,0.8022378350247202,0.4115720318031747
0.5177904370564064,0.8023245728163761,0.41157096266594
0.517837131116922,0.8023245728163761,0.4115569522724919
0.517837131116922,0.802411310608032,0.4115443107460815
0.517930519237953,0.802411310608032,0.4115056790367711
0.517930519237953,0.8024980483996877,0.4114972457460591
0.5180005603287262,0.8024980483996877,0.4114859369098333
0.5180005603287262,0.8025847861913435,0.4114598806690283
0.5180939484497572,0.8025847861913435,0.4114359783851177
0.5180939484497572,0.8027582617746553,0.4114288353838197
0.518117295480015,0.8027582617746553,0.4114163412602966
0.518117295480015,0.8028449995663111,0.4114160388548317
0.5182573776615614,0.8028449995663111,0.4113251830774885
0.5182573776615614,0.8029317373579669,0.4112694883431537
0.5183974598431079,0.8029317373579669,0.4112252485665948
0.5183974598431079,0.8030184751496227,0.4112209345614503
0.5184208068733657,0.8030184751496227,0.41120454092773
0.5184208068733657,0.8031052129412786,0.4111601970558715
0.518677624206201,0.8031052129412786,0.4110673725963463
0.518677624206201,0.8031919507329344,0.4110649642523135
0.518864400448263,0.8031919507329344,0.41096410286547
0.518864400448263,0.8032786885245902,0.4109453131103373
0.5190978707508405,0.8032786885245902,0.4108312900898663
0.5190978707508405,0.8034521641079018,0.4107798553705553
0.5192146059021292,0.8034521641079018,0.4107546010862842
0.5192146059021292,0.8035389018995577,0.4107489516791222
0.5194480762047068,0.8035389018995577,0.4106117960488024
0.5194480762047068,0.8037123774828693,0.4105998359050677
0.5194714232349645,0.8037123774828693,0.4105984205990352
0.5194714232349645,0.8037991152745251,0.4105980319115192
0.5195648113559955,0.8037991152745251,0.4105846762020463
0.5195648113559955,0.803885853066181,0.4105831549717124
0.5201251400821816,0.803885853066181,0.4102447641544792
0.5201251400821816,0.8039725908578368,0.4102438853615244
0.5203352633545013,0.8039725908578368,0.4101774414226302
0.5203352633545013,0.8040593286494926,0.4101541264904523
0.5203586103847591,0.8040593286494926,0.410130659145687
0.5203586103847591,0.8041460664411484,0.4101077896942563
0.5205220395965633,0.8041460664411484,0.4100306013014271
0.5205220395965633,0.8042328042328042,0.4100191877269548
0.5213391856555846,0.8042328042328042,0.4096399442861091
0.5213391856555846,0.8043195420244601,0.4096219202459616
0.5214092267463578,0.8043195420244601,0.4096024975069003
0.5214092267463578,0.8044062798161159,0.4095896984613989
0.5223197609264102,0.8044062798161159,0.4091607627580972
0.5223197609264102,0.8044930176077717,0.4091569637753447
0.5224831901382144,0.8044930176077717,0.4090978403072554
0.5224831901382144,0.8046664931910834,0.409090601794713
0.5226466193500187,0.8046664931910834,0.409012693421389
0.5226466193500187,0.804839968774395,0.4089861989266253
0.5227400074710497,0.804839968774395,0.4089656872817592
0.5227400074710497,0.8050134443577066,0.4089599188039905
0.5227633545013074,0.8050134443577066,0.4089500945679801
0.5227633545013074,0.8051001821493625,0.4089363056521107
0.5229734777736272,0.8051001821493625,0.4087958467452525
0.5229734777736272,0.8051869199410183,0.4087855112195753
0.522996824803885,0.8051869199410183,0.4087717065366373
0.522996824803885,0.8052736577326741,0.4087642253725817
0.5231369069854315,0.8052736577326741,0.4086656079284113
0.5231369069854315,0.8053603955243299,0.4086593166613127
0.5232069480762047,0.8053603955243299,0.408610769983558
0.5232069480762047,0.8054471333159858,0.4085903678282293
0.5232536421367202,0.8054471333159858,0.4085689414806585
0.5232536421367202,0.8055338711076416,0.4085637690783356
0.5233003361972357,0.8055338711076416,0.4085420542936478
0.5233003361972357,0.8056206088992974,0.40853713221871
0.523743929772133,0.8056206088992974,0.4082250283522889
0.523743929772133,0.8057073466909532,0.40822158641365
0.5237672768023908,0.8057073466909532,0.4082155739985253
0.5237672768023908,0.805794084482609,0.4082032953119044
0.5237906238326485,0.805794084482609,0.4081854138001882
0.5237906238326485,0.8058808222742649,0.4081832078272526
0.5238606649234218,0.8058808222742649,0.4081687873775218
0.5238606649234218,0.8060542978575765,0.4081425134739544
0.5239774000747105,0.8060542978575765,0.4080557555458295
0.5239774000747105,0.8061410356492323,0.4080536047027946
0.5240474411654837,0.8061410356492323,0.4080302255997657
0.5240474411654837,0.8062277734408881,0.4080153411883247
0.5241875233470302,0.8062277734408881,0.4079815830785041
0.5241875233470302,0.806314511232544,0.407977558589389
0.5242809114680612,0.806314511232544,0.4079603861874955
0.5242809114680612,0.8064012490241999,0.4079533567018389
0.5243509525588346,0.8064012490241999,0.4079192710574147
0.5243509525588346,0.8064879868158557,0.4079102763628159
0.5244676877101233,0.8064879868158557,0.4078527399260928
0.5244676877101233,0.8065747246075115,0.4078525807028051
0.5247245050429585,0.8065747246075115,0.4077360679910567
0.5247245050429585,0.8066614623991674,0.4077344376844288
0.5248178931639895,0.8066614623991674,0.4076261519798199
0.5248178931639895,0.8069216757741348,0.4075962909266107
0.5250747104968249,0.8069216757741348,0.4074636946700606
0.5250747104968249,0.8070084135657906,0.4074607546016525
0.5251214045573404,0.8070084135657906,0.4074482882047802
0.5251214045573404,0.8070951513574465,0.4074431019889116
0.5251914456481136,0.8070951513574465,0.4073959425692682
0.5251914456481136,0.8071818891491023,0.4073702050289659
0.5253548748599178,0.8071818891491023,0.407287252722497
0.5253548748599178,0.8072686269407581,0.407277980258286
0.5254716100112066,0.8072686269407581,0.4072413376935988
0.5254716100112066,0.8073553647324139,0.4072084291202162
0.525705080313784,0.8073553647324139,0.4071531787702748
0.525705080313784,0.8074421025240698,0.4071411052348846
0.525798468434815,0.8074421025240698,0.4071151466629078
0.525798468434815,0.8075288403157256,0.4071076994698551
0.5258918565558461,0.8075288403157256,0.4070822178064898
0.5258918565558461,0.8076155781073814,0.4070598886106081
0.5260786327979081,0.8076155781073814,0.4069551580724632
0.5260786327979081,0.8077023158990372,0.4069504541425766
0.5261253268584236,0.8077023158990372,0.4069447324526275
0.5261253268584236,0.807789053690693,0.4069439376975565
0.5262420620097124,0.807789053690693,0.4069181692158395
0.5262420620097124,0.8078757914823489,0.4069130136210083
0.5262887560702278,0.8078757914823489,0.4069044010730062
0.5262887560702278,0.8079625292740047,0.4068911356268216
0.5263587971610011,0.8079625292740047,0.4068676195062644
0.5263587971610011,0.8081360048573163,0.4068516473365829
0.5267556966753829,0.8081360048573163,0.4066592268137818
0.5267556966753829,0.8082227426489722,0.4066546673022734
0.5268957788569294,0.8082227426489722,0.4066123064855891
0.5268957788569294,0.808309480440628,0.4066050144677895
0.5270125140082181,0.808309480440628,0.4065808952340395
0.5270125140082181,0.8083962182322838,0.4065716007314632
0.5272693313410535,0.8083962182322838,0.4064960181366717
0.5272693313410535,0.8084829560239396,0.4064941364887779
0.527316025401569,0.8084829560239396,0.4064746917170146
0.527316025401569,0.8085696938155954,0.4064453951972319
0.5273627194620845,0.8085696938155954,0.4064218886608436
0.5273627194620845,0.8087431693989071,0.4064153912670549
0.5275494957041464,0.8087431693989071,0.406359567878097
0.5275494957041464,0.8088299071905629,0.4063509179899096
0.5275961897646619,0.8088299071905629,0.4063414626652747
0.5275961897646619,0.8089166449822187,0.4063323972722367
0.5276428838251774,0.8089166449822187,0.4063243932798884
0.5276428838251774,0.8090033827738746,0.4063178172530323
0.5278063130369817,0.8090033827738746,0.4062349717928855
0.5278063130369817,0.8090901205655304,0.406229625336763
0.5278997011580127,0.8090901205655304,0.4062075849134751
0.5278997011580127,0.809263596148842,0.4061863753424041
0.5280164363093015,0.809263596148842,0.4061160597596694
0.5280164363093015,0.8093503339404978,0.4060909214322349
0.5282265595816212,0.8093503339404978,0.4060349539006865
0.5282265595816212,0.8094370717321537,0.4060314051565804
0.5283199477026522,0.8094370717321537,0.4060116077194294
0.5283199477026522,0.8095238095238095,0.4060071606598107
0.5286001120657452,0.8095238095238095,0.4058946866881653
0.5286001120657452,0.8096105473154653,0.4058929908020953
0.5286701531565184,0.8096105473154653,0.4058583338564655
0.5286701531565184,0.8098707606904328,0.4058433319418155
0.5287868883078073,0.8098707606904328,0.4058016177811185
0.5287868883078073,0.8099574984820886,0.4057921408791151
0.528810235338065,0.8099574984820886,0.4057872929651038
0.528810235338065,0.8100442362737444,0.4057843662933941
0.5289736645498693,0.8100442362737444,0.4057360605746488
0.5289736645498693,0.8101309740654002,0.4057286104308777
0.529183787822189,0.8101309740654002,0.4056285931758935
0.529183787822189,0.810304449648712,0.4055892113717985
0.5293005229734777,0.810304449648712,0.4055327240356019
0.5293005229734777,0.8104779252320236,0.4055237300263863
0.5294172581247665,0.8104779252320236,0.4054012418340948
0.5294172581247665,0.8105646630236795,0.4053777948076887
0.5294406051550243,0.8105646630236795,0.4053530285959112
0.5294406051550243,0.8107381386069911,0.4053499441371091
0.5296740754576018,0.8107381386069911,0.405235396198534
0.5296740754576018,0.8108248763986469,0.4052333626895464
0.529744116548375,0.8108248763986469,0.4052087584695991
0.529744116548375,0.8109116141903027,0.4051987057940255
0.5299775868509525,0.8109116141903027,0.4051341912956545
0.5299775868509525,0.8109983519819586,0.4051317543252191
0.5301877101232724,0.8109983519819586,0.4050590765092574
0.5301877101232724,0.8111718275652702,0.4050538551045175
0.5305612626073963,0.8111718275652702,0.404829865635537
0.5305612626073963,0.811258565356926,0.4048016291060667
0.5306079566679118,0.811258565356926,0.4047866153270328
0.5306079566679118,0.8113453031485819,0.4047717869690787
0.530864774000747,0.8113453031485819,0.4046719014032457
0.530864774000747,0.8115187787318935,0.4046579154579178
0.5309581621217782,0.8115187787318935,0.4046230960118234
0.5309581621217782,0.811778992106861,0.404582106693045
0.5310048561822936,0.811778992106861,0.4045674308112009
0.5310048561822936,0.8119524676901726,0.4044976182254468
0.5310282032125514,0.8119524676901726,0.4044915163132394
0.5310282032125514,0.8120392054818284,0.4044893312887153
0.5311215913335824,0.8120392054818284,0.4044613147754798
0.5311215913335824,0.8121259432734843,0.4044481159149719
0.5311682853940979,0.8121259432734843,0.4044303932770519
0.5311682853940979,0.8122126810651401,0.4044192736398729
0.5313317146059021,0.8122126810651401,0.4043056227241566
0.5313317146059021,0.8123861566484517,0.4042979444352111
0.5316819200597684,0.8123861566484517,0.4040622154994169
0.5316819200597684,0.8126463700234192,0.4040261566172924
0.5317519611505417,0.8126463700234192,0.4039675556646906
0.5317519611505417,0.8128198456067308,0.403958448485326
0.5320087784833769,0.8128198456067308,0.4038610357210696
0.5320087784833769,0.8129933211900425,0.4038456048386384
0.5320321255136347,0.8129933211900425,0.4038455022615637
0.5320321255136347,0.8131667967733541,0.4038232140887947
0.5320554725438924,0.8131667967733541,0.4038091130259483
0.5320554725438924,0.8132535345650099,0.403804671304292
0.5323356369069854,0.8132535345650099,0.4037108494225931
0.5323356369069854,0.8133402723566658,0.4036921162406298
0.533129435935749,0.8133402723566658,0.4032613192561978
0.533129435935749,0.8134270101483216,0.4032518433768159
0.5331527829660068,0.8134270101483216,0.4032199455168941
0.5331527829660068,0.8136004857316332,0.4032168619818604
0.5331994770265223,0.8136004857316332,0.4032155014980334
0.5331994770265223,0.8136872235232891,0.4032021571032153
0.53322282405678,0.8136872235232891,0.4031869111038996
0.53322282405678,0.813773961314945,0.403186205697157
0.5332695181172955,0.813773961314945,0.4031605147413636
0.5332695181172955,0.8138606991066007,0.4031491514050017
0.5332928651475533,0.8138606991066007,0.403143543347196
0.5332928651475533,0.8139474368982565,0.4031378375621522
0.5334562943593575,0.8139474368982565,0.4030351687987438
0.5334562943593575,0.8140341746899123,0.4030188696809694
0.5336197235711617,0.8140341746899123,0.4029454132550438
0.5336197235711617,0.8141209124815683,0.4029357532727631
0.5336664176316772,0.8141209124815683,0.4028669147009039
0.5336664176316772,0.8142076502732241,0.4028630040795634
0.5337364587224505,0.8142076502732241,0.4028145996741409
0.5337364587224505,0.8142943880648799,0.402810650685443
0.5340166230855435,0.8142943880648799,0.4026580776206067
0.5340166230855435,0.8143811258565357,0.4026562865638439
0.5342033993276055,0.8143811258565357,0.4025614629220158
0.5342033993276055,0.8145546014398474,0.4025048424028045
0.534250093388121,0.8145546014398474,0.4024862721004472
0.534250093388121,0.8146413392315032,0.4024762188879707
0.5345536047814718,0.8146413392315032,0.40235923227459
0.5345536047814718,0.814728077023159,0.4023328031641197
0.5346703399327606,0.814728077023159,0.4022965138688822
0.5346703399327606,0.8148148148148148,0.4022955765692705
0.5347403810235338,0.8148148148148148,0.4022552591554692
0.5347403810235338,0.8149015526064707,0.4022437820532815
0.5349738513261113,0.8149015526064707,0.4021071912438194
0.5349738513261113,0.8149882903981265,0.4021047431650688
0.5350205453866268,0.8149882903981265,0.4020845325198439
0.5350205453866268,0.8150750281897823,0.4020798687687419
0.5350438924168845,0.8150750281897823,0.4020560465458508
0.5350438924168845,0.8151617659814381,0.402025556475752
0.5351139335076578,0.8151617659814381,0.4019979331564387
0.5351139335076578,0.815248503773094,0.4019903403265876
0.5353240567799776,0.815248503773094,0.4018828763613125
0.5353240567799776,0.8153352415647498,0.4018799054636084
0.5357443033246171,0.8153352415647498,0.4017243172882978
0.5357443033246171,0.8154219793564056,0.4017237162256443
0.5360011206574524,0.8154219793564056,0.4016359524193233
0.5360011206574524,0.8155087171480614,0.4016355130280556
0.5360711617482257,0.8155087171480614,0.4015912345734991
0.5360711617482257,0.8155954549397172,0.4015903974648441
0.5361645498692567,0.8155954549397172,0.4015388012185953
0.5361645498692567,0.8156821927313731,0.4015385453919576
0.5361878968995144,0.8156821927313731,0.401516647821647
0.5361878968995144,0.8157689305230289,0.401511663117142
0.5362345909600299,0.8157689305230289,0.401505973920451
0.5362345909600299,0.8158556683146847,0.4014982075755299
0.5363513261113186,0.8158556683146847,0.4014552043469295
0.5363513261113186,0.8161158816896522,0.4014090303949065
0.5363746731415764,0.8161158816896522,0.4013828033548692
0.5363746731415764,0.816202619481308,0.4013718315301581
0.5364213672020919,0.816202619481308,0.4013624283876085
0.5364213672020919,0.8162893572729638,0.4013514966896557
0.5366081434441539,0.8162893572729638,0.4011856890504943
0.5366081434441539,0.8163760950646196,0.401174097579687
0.5367248785954427,0.8163760950646196,0.4010969051511982
0.5367248785954427,0.8164628328562755,0.4010862730940536
0.5368416137467314,0.8164628328562755,0.4010422495031779
0.5368416137467314,0.8165495706479313,0.4010334560969182
0.5371217781098244,0.8165495706479313,0.4008805183581635
0.5371217781098244,0.8166363084395871,0.4008784807582027
0.5371684721703399,0.8166363084395871,0.4008433763920059
0.5371684721703399,0.8167230462312429,0.4008272127025998
0.5374019424729174,0.8167230462312429,0.400709690594132
0.5374019424729174,0.8168097840228987,0.4006886843309759
0.5374719835636907,0.8168097840228987,0.4006787329648552
0.5374719835636907,0.8168965218145546,0.4006659184374608
0.5375887187149795,0.8168965218145546,0.4005933985393066
0.5375887187149795,0.8169832596062104,0.400570549343799
0.5376821068360105,0.8169832596062104,0.4005350703059721
0.5376821068360105,0.817156735189522,0.4004996105331345
0.5380089652596189,0.817156735189522,0.4003283210296183
0.5380089652596189,0.8175036863561453,0.4003047421638217
0.5382424355621965,0.8175036863561453,0.40019654182776
0.5382424355621965,0.8175904241478011,0.4001882182199228
0.5382657825924543,0.8175904241478011,0.4001799774717538
0.5382657825924543,0.817677161939457,0.40017815785068
0.5383358236832275,0.817677161939457,0.4001663238399471
0.5383358236832275,0.8177638997311129,0.4001659145613763
0.538475905864774,0.8177638997311129,0.4001419051490137
0.538475905864774,0.8178506375227687,0.4001204338129352
0.538662682106836,0.8178506375227687,0.4000540971020739
0.538662682106836,0.8179373753144245,0.4000483264595398
0.5387093761673515,0.8179373753144245,0.4000419289989287
0.5387093761673515,0.8180241131060804,0.4000312041564925
0.538849458348898,0.8180241131060804,0.3999741309037625
0.538849458348898,0.8182843264810478,0.3999499734913141
0.5388961524094136,0.8182843264810478,0.3999179488953068
0.5388961524094136,0.8183710642727036,0.3999133572193695
0.5390362345909601,0.8183710642727036,0.3998304592008947
0.5390362345909601,0.8185445398560153,0.399798725278408
0.5391529697422488,0.8185445398560153,0.3997622708112879
0.5391529697422488,0.8186312776476711,0.3997618163363959
0.5394564811355995,0.8186312776476711,0.3996805616879434
0.5394564811355995,0.8188047532309828,0.3996748356528025
0.5399701158012701,0.8188047532309828,0.3994601034080757
0.5399701158012701,0.8188914910226386,0.3994582955247713
0.5400635039223011,0.8188914910226386,0.3993499143594141
0.5400635039223011,0.8189782288142944,0.3993212054412615
0.5402736271946208,0.8189782288142944,0.3992281232518776
0.5402736271946208,0.8190649666059502,0.3992245456329093
0.5403436682853942,0.8190649666059502,0.3992178583087977
0.5403436682853942,0.8192384421892619,0.3992047810349566
0.5403670153156519,0.8192384421892619,0.3992047466647046
0.5403670153156519,0.8193251799809177,0.3992032633907039
0.5404837504669406,0.8193251799809177,0.3991317013026607
0.5404837504669406,0.8194119177725735,0.3991198956566001
0.5405304445274561,0.8194119177725735,0.3990970157727822
0.5405304445274561,0.8194986555642293,0.3990722333771787
0.5408339559208069,0.8194986555642293,0.3989487931365173
0.5408339559208069,0.819672131147541,0.3989355035600344
0.5409039970115801,0.819672131147541,0.3989162576021041
0.5409039970115801,0.8197588689391968,0.3988737111255618
0.5410907732536422,0.8197588689391968,0.3987842816587563
0.5410907732536422,0.8198456067308526,0.3987555655144863
0.5411374673141577,0.8198456067308526,0.3987198695304678
0.5411374673141577,0.8199323445225084,0.3987194535575966
0.5411608143444154,0.8199323445225084,0.3986976259434912
0.5411608143444154,0.8201058201058201,0.3986922434361648
0.5413709376167352,0.8201058201058201,0.398625063625318
0.5413709376167352,0.8201925578974759,0.3986230981731309
0.5413942846469929,0.8201925578974759,0.3986149781479563
0.5413942846469929,0.8202792956891317,0.3986146141294254
0.5414409787075084,0.8202792956891317,0.3986010089407249
0.5414409787075084,0.8203660334807876,0.3986005238593119
0.5415577138587971,0.8203660334807876,0.3985528232628709
0.5415577138587971,0.8204527712724434,0.3985482788010207
0.5422347777362719,0.8204527712724434,0.3981585626555731
0.5422347777362719,0.8205395090640992,0.398126259292785
0.5424215539783339,0.8205395090640992,0.3980569842382819
0.5424215539783339,0.820626246855755,0.3980511699446106
0.5427250653716847,0.820626246855755,0.3979730961155141
0.5427250653716847,0.8207129846474108,0.3979714986104585
0.5427484124019425,0.8207129846474108,0.3979668546046498
0.5427484124019425,0.8207997224390667,0.397963417768414
0.5430052297347777,0.8207997224390667,0.3978418881952121
0.5430052297347777,0.8208864602307225,0.3978031906670721
0.543168658946582,0.8208864602307225,0.3977145857768965
0.543168658946582,0.8209731980223783,0.3977089649393633
0.5432387000373552,0.8209731980223783,0.397674709188466
0.5432387000373552,0.82114667360569,0.3976656935496564
0.5435188644004483,0.82114667360569,0.3975511692414121
0.5435188644004483,0.8212334113973458,0.3975506771272958
0.54391576391483,0.8212334113973458,0.3973618203603224
0.54391576391483,0.8213201491890016,0.3973479520673665
0.5442426223384386,0.8213201491890016,0.3972498066726224
0.5442426223384386,0.8214068869806574,0.3972383919518676
0.5443360104594696,0.8214068869806574,0.3971810237216149
0.5443360104594696,0.8214936247723132,0.3971584422482486
0.5443593574897273,0.8214936247723132,0.3971520978162857
0.5443593574897273,0.8215803625639692,0.3971498890545051
0.5447095629435936,0.8215803625639692,0.3970405720796984
0.5447095629435936,0.821667100355625,0.3970262198920846
0.5447796040343669,0.821667100355625,0.3969945032595093
0.5447796040343669,0.8217538381472808,0.3969884795404672
0.5448262980948824,0.8217538381472808,0.3969813091232002
0.5448262980948824,0.8218405759389366,0.396975844896982
0.5451531565184908,0.8218405759389366,0.3968625304473717
0.5451531565184908,0.8219273137305925,0.3968500897891863
0.5452231976092641,0.8219273137305925,0.3968376312466654
0.5452231976092641,0.8220140515222483,0.396820016884913
0.5453399327605528,0.8220140515222483,0.3967792967722833
0.5453399327605528,0.8221007893139041,0.3967785264721248
0.5454099738513261,0.8221007893139041,0.3967585937526214
0.5454099738513261,0.8221875271055599,0.3967338425512965
0.5457368322749346,0.8221875271055599,0.3966118733635625
0.5457368322749346,0.8222742648972157,0.3965967218514526
0.5457835263354501,0.8222742648972157,0.3965948037626221
0.5457835263354501,0.8223610026888716,0.3965947608195532
0.5461337317893163,0.8223610026888716,0.3964557359789117
0.5461337317893163,0.8224477404805274,0.3964523438146644
0.5462037728800897,0.8224477404805274,0.3964392197434857
0.5462037728800897,0.8225344782721832,0.3964080416360902
0.5462971610011207,0.8225344782721832,0.3963537632461302
0.5462971610011207,0.822621216063839,0.3963428085100601
0.5465306313036982,0.822621216063839,0.3961930196205756
0.5465306313036982,0.8227079538554949,0.3961452939872771
0.5468107956667911,0.8227079538554949,0.3959664251166787
0.5468107956667911,0.8227946916471507,0.3959489834250417
0.5471610011206575,0.8227946916471507,0.3958254661811108
0.5471610011206575,0.8228814294388065,0.3958173984120562
0.5473477773627194,0.8228814294388065,0.3957433984678138
0.5473477773627194,0.8230549050221181,0.3957343436230911
0.5474178184534927,0.8230549050221181,0.3956886783265472
0.5474178184534927,0.823141642813774,0.3956868977507992
0.5474878595442659,0.823141642813774,0.3956580132188724
0.5474878595442659,0.8232283806054298,0.3956567728255725
0.5475579006350392,0.8232283806054298,0.3956372805093174
0.5475579006350392,0.8233151183970856,0.3956146561985367
0.5475812476652969,0.8233151183970856,0.3956117637616015
0.5475812476652969,0.8234018561887414,0.39560678831331
0.5477446768771013,0.8234018561887414,0.3955549344367851
0.5477446768771013,0.8234885939803973,0.3955487372917414
0.5478847590586478,0.8234885939803973,0.3954857041148065
0.5478847590586478,0.8235753317720531,0.3954756882404481
0.5480248412401942,0.8235753317720531,0.3954349822120977
0.5480248412401942,0.8236620695637089,0.3954199452815916
0.5481882704519985,0.8236620695637089,0.3953183461236189
0.5481882704519985,0.8239222829386764,0.3953026217689461
0.548234964512514,0.8239222829386764,0.3952923745882427
0.548234964512514,0.8240090207303322,0.395276113052335
0.5483050056032872,0.8240090207303322,0.3952511475394397
0.5483050056032872,0.824095758521988,0.3952421367434977
0.5486785580874113,0.824095758521988,0.3950272803187086
0.5486785580874113,0.8241824963136438,0.3950110756623527
0.5488419872992155,0.8241824963136438,0.3948918141938629
0.5488419872992155,0.8242692341052997,0.3948886581928872
0.5489587224505043,0.8242692341052997,0.3947222363032945
0.5489587224505043,0.8244427096886113,0.3946634130607623
0.5490287635412775,0.8244427096886113,0.3946475710065563
0.5490287635412775,0.8245294474802671,0.394606889172671
0.5491454986925663,0.8245294474802671,0.394532289234163
0.5491454986925663,0.8246161852719229,0.3945295491988471
0.5492388868135973,0.8246161852719229,0.3944939996839993
0.5492388868135973,0.8247029230635788,0.3944728168725632
0.5494023160254016,0.8247029230635788,0.3943990429535395
0.5494023160254016,0.8247896608552346,0.3943930692791302
0.5494957041464326,0.8247896608552346,0.3943471984953528
0.5494957041464326,0.8248763986468904,0.3943431914720664
0.5495423982069481,0.8248763986468904,0.3943383883067707
0.5495423982069481,0.8249631364385462,0.394329603721904
0.549635786327979,0.8249631364385462,0.3943053596057152
0.549635786327979,0.8250498742302022,0.3942903509188491
0.5496591333582368,0.8250498742302022,0.3942494277625592
0.5496591333582368,0.825136612021858,0.3942460253251502
0.5497058274187523,0.825136612021858,0.3942338521858004
0.5497058274187523,0.8252233498135138,0.3942328924765939
0.5497992155397834,0.8252233498135138,0.3941201582187688
0.5497992155397834,0.8254835631884813,0.3940942864996869
0.5498692566305566,0.8254835631884813,0.3940796081104742
0.5498692566305566,0.8255703009801371,0.3940753806374623
0.5499392977213299,0.8255703009801371,0.3940193558313521
0.5499392977213299,0.8256570387717929,0.393983375139242
0.5501260739633919,0.8256570387717929,0.3939003682941763
0.5501260739633919,0.8257437765634487,0.393899836460295
0.5501727680239074,0.8257437765634487,0.3938780836486893
0.5501727680239074,0.8258305143551046,0.3938529644428868
0.5506397086290624,0.8258305143551046,0.3935805811823325
0.5506397086290624,0.8259172521467604,0.3935787009933277
0.5507330967500934,0.8259172521467604,0.3935651144995149
0.5507330967500934,0.8260039899384162,0.3935451512039478
0.5509198729921554,0.8260039899384162,0.3934296497955869
0.5509198729921554,0.826090727730072,0.3933975644002174
0.5509432200224131,0.826090727730072,0.3933756628464924
0.5509432200224131,0.8262642033133837,0.3933552838523634
0.5511766903249906,0.8262642033133837,0.3932222843449161
0.5511766903249906,0.8263509411050395,0.3932071836900158
0.5515969368696302,0.8263509411050395,0.3929886738208602
0.5515969368696302,0.8264376788966953,0.3929872245961163
0.5516436309301457,0.8264376788966953,0.3929405544211219
0.5516436309301457,0.8265244166883511,0.3929377693958165
0.5517370190511767,0.8265244166883511,0.3928884908100898
0.5517370190511767,0.826611154480007,0.3928612546815505
0.5517837131116922,0.826611154480007,0.3928489371580455
0.5517837131116922,0.8266978922716628,0.392845284587047
0.551993836384012,0.8266978922716628,0.392682185210183
0.551993836384012,0.8268713678549744,0.3926684291102332
0.5520405304445275,0.8268713678549744,0.3926599040661036
0.5520405304445275,0.8269581056466302,0.3926360442517589
0.552087224505043,0.8269581056466302,0.3926189024800123
0.552087224505043,0.8270448434382861,0.3925951116554221
0.5521339185655585,0.8270448434382861,0.3925743252526312
0.5521339185655585,0.8271315812299419,0.3925699943220057
0.5522273066865895,0.8271315812299419,0.3925127999270356
0.5522273066865895,0.8272183190215977,0.3925050116276838
0.5524374299589092,0.8272183190215977,0.3924538808514215
0.5524374299589092,0.8273050568132535,0.3924508405108755
0.552460776989167,0.8273050568132535,0.3924484469728173
0.552460776989167,0.8274785323965652,0.3924311573638044
0.5526475532312289,0.8274785323965652,0.3923692013599782
0.5526475532312289,0.827565270188221,0.3923650776637881
0.5527175943220023,0.827565270188221,0.3923386929927177
0.5527175943220023,0.8276520079798768,0.3923358336613906
0.553114493836384,0.8276520079798768,0.3922339874134959
0.553114493836384,0.8277387457715326,0.3922204078217847
0.5531611878968995,0.8277387457715326,0.392213473388443
0.5531611878968995,0.8278254835631885,0.3922018058335802
0.5534180052297348,0.8278254835631885,0.391954498426697
0.5534180052297348,0.8279122213548443,0.3919358324327401
0.5534646992902503,0.8279122213548443,0.3919115128499765
0.5534646992902503,0.8279989591465001,0.3919065489761726
0.5536281285020546,0.8279989591465001,0.3918195503830556
0.5536281285020546,0.8280856969381559,0.3917958970577581
0.5536514755323123,0.8280856969381559,0.3917812787131083
0.5536514755323123,0.8282591725214676,0.3917776678887512
0.553768210683601,0.8282591725214676,0.3917330614004746
0.553768210683601,0.8283459103131234,0.3917203022534954
0.5540250280164363,0.8283459103131234,0.3916082106244738
0.5540250280164363,0.8284326481047792,0.3915948415839979
0.5541184161374673,0.8284326481047792,0.3915818722831381
0.5541184161374673,0.828519385896435,0.3915777244028088
0.5541651101979829,0.828519385896435,0.3915649981241325
0.5541651101979829,0.828606123688091,0.3915613388116264
0.5541884572282406,0.828606123688091,0.3915532006250253
0.5541884572282406,0.8287795992714025,0.3915437396351608
0.5542118042584984,0.8287795992714025,0.3915321912145494
0.5542118042584984,0.8288663370630583,0.3915185335608879
0.5543051923795294,0.8288663370630583,0.3914738272330377
0.5543051923795294,0.8289530748547141,0.3914630417726383
0.5544452745610758,0.8289530748547141,0.3914022046657669
0.5544452745610758,0.8290398126463701,0.3913853111177704
0.5547721329846843,0.8290398126463701,0.3912574641606912
0.5547721329846843,0.8291265504380259,0.3912572462979633
0.5548655211057153,0.8291265504380259,0.3912317756479649
0.5548655211057153,0.8292132882296817,0.3912124724356929
0.5550289503175196,0.8292132882296817,0.3911206181890315
0.5550289503175196,0.8293000260213375,0.391116002076014
0.5551923795293239,0.8293000260213375,0.3910250511489064
0.5551923795293239,0.8294735016046492,0.3910049596169473
0.5554258498319014,0.8294735016046492,0.3909203421457742
0.5554258498319014,0.829560239396305,0.3908932353621908
0.5554958909226746,0.829560239396305,0.390845427967272
0.5554958909226746,0.8297337149796166,0.3908307639187308
0.5555425849831901,0.8297337149796166,0.3908236328398932
0.5555425849831901,0.8298204527712725,0.3908164862850086
0.5555659320134478,0.8298204527712725,0.3907930452525906
0.5555659320134478,0.8299071905629283,0.3907876153139547
0.5558694434067987,0.8299071905629283,0.3906375548928555
0.5558694434067987,0.8299939283545841,0.3906239312599581
0.5559394844975719,0.8299939283545841,0.3905956409073411
0.5559394844975719,0.8300806661462399,0.390588027421725
0.5560095255883452,0.8300806661462399,0.39057260093698
0.5560095255883452,0.8302541417295516,0.3905628426842952
0.5561262607396339,0.8302541417295516,0.3905317713723564
0.5561262607396339,0.8303408795212074,0.3905173848682542
0.5561496077698916,0.8303408795212074,0.3904868264864648
0.5561496077698916,0.8304276173128632,0.3904839344634221
0.5567799775868509,0.8304276173128632,0.3902045211704266
0.5567799775868509,0.830514355104519,0.390197767890364
0.5569200597683974,0.830514355104519,0.3901047136643988
0.5569200597683974,0.8306010928961749,0.3900991906043148
0.5569434067986552,0.8306010928961749,0.3900893802106824
0.5569434067986552,0.8307745684794865,0.3900467454615782
0.5569901008591707,0.8307745684794865,0.39004078299856
0.5569901008591707,0.8308613062711423,0.3900286560145199
0.557060141949944,0.8308613062711423,0.390007031013181
0.557060141949944,0.8309480440627982,0.3900015652431863
0.5570834889802018,0.8309480440627982,0.3899939142386142
0.5570834889802018,0.831034781854454,0.3899820428126396
0.5571768771012328,0.831034781854454,0.3899756518491808
0.5571768771012328,0.8312082574377656,0.3899366163797214
0.5572936122525215,0.8312082574377656,0.3898884012411656
0.5572936122525215,0.8312949952294214,0.3898640742906939
0.5574803884945835,0.8312949952294214,0.389812587222192
0.5574803884945835,0.8313817330210773,0.389812543001249
0.5575504295853567,0.8313817330210773,0.3897847302903484
0.5575504295853567,0.8314684708127331,0.3897806655487241
0.5577605528576765,0.8314684708127331,0.389711238042165
0.5577605528576765,0.8315552086043889,0.3896894108886165
0.5578072469181921,0.8315552086043889,0.3896778755774024
0.5578072469181921,0.8316419463960447,0.3896592269943156
0.5579473290997385,0.8316419463960447,0.3895586145644549
0.5579473290997385,0.8318154219793564,0.3895337232823977
0.558087411281285,0.8318154219793564,0.3894725304503436
0.558087411281285,0.8319021597710122,0.389464337948505
0.5585310048561823,0.8319021597710122,0.3892638718547425
0.5585310048561823,0.831988897562668,0.3892576462026788
0.5586477400074711,0.831988897562668,0.38920213723366
0.5586477400074711,0.8320756353543238,0.3891973982628355
0.5587644751587598,0.8320756353543238,0.3891158363232061
0.5587644751587598,0.8321623731459797,0.3891039494000677
0.5588111692192753,0.8321623731459797,0.3890829127977362
0.5588111692192753,0.8322491109376355,0.3890781847791965
0.5590913335823683,0.8322491109376355,0.3889849285704937
0.5590913335823683,0.8323358487292913,0.3889810211112549
0.5593014568546881,0.8323358487292913,0.3889533439681018
0.5593014568546881,0.832509324312603,0.3889472269520426
0.5595349271572656,0.832509324312603,0.3888779748151428
0.5595349271572656,0.8325960621042588,0.3888483489631477
0.5595582741875234,0.8325960621042588,0.3888392489975719
0.5595582741875234,0.8326827998959146,0.3888342544069024
0.5598384385506163,0.8326827998959146,0.3887220584263748
0.5598384385506163,0.833029751062538,0.3886661599302817
0.5600018677624207,0.833029751062538,0.388572735219401
0.5600018677624207,0.8331164888541938,0.3885551586315803
0.5605388494583489,0.8331164888541938,0.3882421414516868
0.5605388494583489,0.8332032266458496,0.3882252818171137
0.5605621964886066,0.8332032266458496,0.3882202852316264
0.5605621964886066,0.8332899644375055,0.3882139435211729
0.5609357489727307,0.8332899644375055,0.3880216875331229
0.5609357489727307,0.8333767022291613,0.3880197779847982
0.5613093014568546,0.8333767022291613,0.3877854580033028
0.5613093014568546,0.8334634400208171,0.3877802428483567
0.5615427717594322,0.8334634400208171,0.3877241337294105
0.5615427717594322,0.8335501778124729,0.3877169503550181
0.5616361598804632,0.8335501778124729,0.3876384739038128
0.5616361598804632,0.8336369156041287,0.3876262174236106
0.5618929772132985,0.8336369156041287,0.3874770797939142
0.5618929772132985,0.8337236533957846,0.3874576838676322
0.5620564064251027,0.8337236533957846,0.3873521045447301
0.5620564064251027,0.8338103911874404,0.3873256022348595
0.5621964886066493,0.8338103911874404,0.3872785872095062
0.5621964886066493,0.8338971289790962,0.3872612480430705
0.5622431826671648,0.8338971289790962,0.3872527699384042
0.5622431826671648,0.833983866770752,0.3872511039285147
0.5623599178184535,0.833983866770752,0.3872079370916045
0.5623599178184535,0.8340706045624079,0.3872069498444472
0.5623832648487113,0.8340706045624079,0.3872016443274086
0.5623832648487113,0.8341573423540637,0.3871518654914914
0.562686776242062,0.8341573423540637,0.3870910851716672
0.562686776242062,0.8342440801457195,0.3870881596110062
0.5627334703025775,0.8342440801457195,0.387050243414786
0.5627334703025775,0.8343308179373753,0.3870497885254453
0.5627568173328352,0.8343308179373753,0.3870335710690068
0.5627568173328352,0.8344175557290311,0.3870327426332115
0.562780164363093,0.8344175557290311,0.3869976488230013
0.562780164363093,0.834504293520687,0.3869781320435812
0.5628968995143818,0.834504293520687,0.3868869198320345
0.5628968995143818,0.8345910313123428,0.3868836284905051
0.5632937990287635,0.8345910313123428,0.3866728761086778
0.5632937990287635,0.8346777691039986,0.3866726725484459
0.56343388121031,0.8346777691039986,0.3866235646623224
0.56343388121031,0.8348512446873103,0.3866145147527414
0.5634805752708255,0.8348512446873103,0.3865847928314334
0.5634805752708255,0.8349379824789661,0.3865742595511092
0.5635739633918565,0.8349379824789661,0.3865260224293909
0.5635739633918565,0.8350247202706219,0.386519647652065
0.5636906985431454,0.8350247202706219,0.3864539982649582
0.5636906985431454,0.8351981958539335,0.3864422810900987
0.5640875980575271,0.8351981958539335,0.3862958608299106
0.5640875980575271,0.8352849336455894,0.3862916854353238
0.5645311916324244,0.8352849336455894,0.3861056268209545
0.5645311916324244,0.8353716714372452,0.3861040265930749
0.5646479267837131,0.8353716714372452,0.3860776751318948
0.5646479267837131,0.835458409228901,0.3860479778200083
0.5647413149047441,0.835458409228901,0.3860060370350354
0.5647413149047441,0.8355451470205568,0.3859879681042073
0.5648347030257751,0.8355451470205568,0.3858764848782932
0.5648347030257751,0.8358053603955243,0.385862960191588
0.5649280911468061,0.8358053603955243,0.3858174478490251
0.5649280911468061,0.8359788359788359,0.3858108986073437
0.5651382144191259,0.8359788359788359,0.385777202442835
0.5651382144191259,0.8360655737704918,0.3857739888791236
0.5653016436309302,0.8360655737704918,0.3857120634189266
0.5653016436309302,0.8361523115621476,0.3857039355640749
0.5655584609637654,0.8361523115621476,0.3855665357401432
0.5655584609637654,0.8362390493538034,0.385557928675755
0.5656285020545386,0.8362390493538034,0.3855383338254338
0.5656285020545386,0.8363257871454592,0.3855309774255872
0.5656985431453119,0.8363257871454592,0.3855215411101121
0.5656985431453119,0.8364125249371152,0.3854930941446102
0.5658152782966007,0.8364125249371152,0.3854120521328064
0.5658152782966007,0.836499262728771,0.3854029904988217
0.5658619723571162,0.836499262728771,0.3853928775814083
0.5658619723571162,0.8365860005204268,0.3853861536931413
0.5660254015689204,0.8365860005204268,0.3852932746060598
0.5660254015689204,0.8366727383120826,0.3852665812825727
0.5660954426596937,0.8366727383120826,0.3852431774027777
0.5660954426596937,0.8368462138953943,0.385216792290003
0.5661888307807247,0.8368462138953943,0.3851816195678561
0.5661888307807247,0.8369329516870501,0.385179057960201
0.5662121778109824,0.8369329516870501,0.3851677256943248
0.5662121778109824,0.8370196894787059,0.3851563083811592
0.5663522599925289,0.8370196894787059,0.3850409388857719
0.5663522599925289,0.8371064272703617,0.3850088481883237
0.566819200597684,0.8371064272703617,0.384831446622687
0.566819200597684,0.8371931650620176,0.3848235268296364
0.5673094882330968,0.8371931650620176,0.3845834393878475
0.5673094882330968,0.8372799028536734,0.384574981838422
0.5673561822936123,0.8372799028536734,0.3845686709880618
0.5673561822936123,0.837453378436985,0.3844909960796
0.56737952932387,0.837453378436985,0.3844902019347603
0.56737952932387,0.8375401162286408,0.3844899214251542
0.5675429585356743,0.8375401162286408,0.3844009980303879
0.5675429585356743,0.8376268540202967,0.3843977895858579
0.5677764288382517,0.8376268540202967,0.384297843951275
0.5677764288382517,0.8377135918119525,0.384294273385571
0.5678698169592827,0.8377135918119525,0.384175275469244
0.5678698169592827,0.8378870673952641,0.3841567894705923
0.5681266342921181,0.8378870673952641,0.3840041921420793
0.5681266342921181,0.83797380518692,0.3839949863039242
0.5681499813223758,0.83797380518692,0.3839774199799644
0.5681499813223758,0.8380605429785758,0.3839742424351157
0.5683601045946955,0.8380605429785758,0.383891790519014
0.5683601045946955,0.8381472807702316,0.3838866980088001
0.5683834516249533,0.8381472807702316,0.383882231796364
0.5683834516249533,0.8382340185618874,0.383863206405761
0.5686636159880463,0.8382340185618874,0.383644190964685
0.5686636159880463,0.8384074941451991,0.3836321508977985
0.5688270451998506,0.8384074941451991,0.3835239149492973
0.5688270451998506,0.8384942319368549,0.3835225050236901
0.5688737392603661,0.8384942319368549,0.3834866205017865
0.5688737392603661,0.8386677075201665,0.3834742398650441
0.5689671273813971,0.8386677075201665,0.3834462078215312
0.5689671273813971,0.8387544453118224,0.3834333762525644
0.5691072095629436,0.8387544453118224,0.3833849887116807
0.5691072095629436,0.8388411831034782,0.3833687318123693
0.5691305565932013,0.8388411831034782,0.383353960880787
0.5691305565932013,0.838927920895134,0.3833194304546131
0.5697609264101606,0.838927920895134,0.3830313383758501
0.5697609264101606,0.8390146586867898,0.3830286934298987
0.5699943967127381,0.8390146586867898,0.3829490574481032
0.5699943967127381,0.8391013964784456,0.3829487279480842
0.5701111318640268,0.8391013964784456,0.3828787321902274
0.5701111318640268,0.8391881342701015,0.3828547515632081
0.5701578259245424,0.8391881342701015,0.3828337330810264
0.5701578259245424,0.8392748720617573,0.3828075980172246
0.5702745610758312,0.8392748720617573,0.3827740963570306
0.5702745610758312,0.8393616098534131,0.3827132971713498
0.5705313784086664,0.8393616098534131,0.3826287950883642
0.5705313784086664,0.8395350854367247,0.3825608374216009
0.5705547254389242,0.8395350854367247,0.382552616094196
0.5705547254389242,0.8396218232283806,0.3825390053508662
0.570858236832275,0.8396218232283806,0.3824006362190297
0.570858236832275,0.8397085610200364,0.3823975154722741
0.5710917071348525,0.8397085610200364,0.3822829122616096
0.5710917071348525,0.839882036603348,0.382274608590747
0.5712551363466567,0.839882036603348,0.3822344839567259
0.5712551363466567,0.839968774395004,0.3822298719157037
0.5717687710123273,0.839968774395004,0.3820011227492955
0.5717687710123273,0.8400555121866597,0.381991769429298
0.571792118042585,0.8400555121866597,0.3819615004681057
0.571792118042585,0.8401422499783155,0.3819335122808868
0.5719555472543892,0.8401422499783155,0.3818685576940437
0.5719555472543892,0.8402289877699713,0.3818518582836916
0.5722357116174822,0.8402289877699713,0.3817230210864814
0.5722357116174822,0.8403157255616271,0.3817089838984695
0.5723991408292866,0.8403157255616271,0.3816382332724239
0.5723991408292866,0.8404024633532831,0.3816344055406132
0.5724224878595443,0.8404024633532831,0.3816289307045264
0.5724224878595443,0.8404892011449389,0.3816126763550597
0.572539223010833,0.8404892011449389,0.3815720798866218
0.572539223010833,0.8405759389365947,0.3815456029629136
0.5727493462831528,0.8405759389365947,0.3814126698759749
0.5727493462831528,0.8407494145199064,0.3813727429718128
0.5732162868883078,0.8407494145199064,0.3811218958554583
0.5732162868883078,0.840922890103218,0.3811149217987056
0.5734264101606276,0.840922890103218,0.3810308691715806
0.5734264101606276,0.8410963656865296,0.3809854554782994
0.5738233096750094,0.8410963656865296,0.3808266293966037
0.5738233096750094,0.8411831034781855,0.3808247135396028
0.5738466567052671,0.8411831034781855,0.380817499284852
0.5738466567052671,0.8412698412698413,0.3808080082112151
0.5739166977960404,0.8412698412698413,0.38075202084793
0.5739166977960404,0.8413565790614971,0.3807515469136368
0.5739633918565559,0.8413565790614971,0.3807284521541798
0.5739633918565559,0.8414433168531529,0.3807172023406163
0.5742202091893911,0.8414433168531529,0.3806344694404634
0.5742202091893911,0.8415300546448088,0.3806310173902946
0.5742669032499066,0.8415300546448088,0.3806235774085642
0.5742669032499066,0.8416167924364646,0.3806120599964439
0.5743135973104221,0.8416167924364646,0.3805895380772138
0.5743135973104221,0.8417902680197762,0.3805796112264382
0.5743369443406798,0.8417902680197762,0.3805651606327191
0.5743369443406798,0.841877005811432,0.3805460608101705
0.5744069854314531,0.841877005811432,0.3805348648395191
0.5744069854314531,0.8419637436030879,0.3805307268757242
0.5744770265222263,0.8419637436030879,0.3805159110831964
0.5744770265222263,0.8420504813947437,0.3804866996764822
0.5745003735524842,0.8420504813947437,0.3804814589698307
0.5745003735524842,0.8421372191863995,0.3804768056865398
0.5748972730668659,0.8421372191863995,0.3803246015556495
0.5748972730668659,0.8422239569780553,0.3803212104081962
0.5751774374299589,0.8422239569780553,0.3801828251620776
0.5751774374299589,0.8423106947697112,0.3801684694560022
0.5754576017930519,0.8423106947697112,0.3800885512822397
0.5754576017930519,0.842397432561367,0.3800874517686364
0.5755509899140829,0.842397432561367,0.3800671971537335
0.5755509899140829,0.8425709081446786,0.3800443178532457
0.5756910720956294,0.8425709081446786,0.3799845124620558
0.5756910720956294,0.8426576459363344,0.379984248288521
0.5761813597310422,0.8426576459363344,0.3797855249610902
0.5761813597310422,0.8427443837279903,0.3797831043108273
0.5763214419125887,0.8427443837279903,0.3797029325271044
0.5763214419125887,0.8428311215196461,0.3796908887404094
0.5764381770638775,0.8428311215196461,0.379635976606561
0.5764381770638775,0.8429178593113019,0.3796110031808787
0.5764615240941352,0.8429178593113019,0.3796066850584373
0.5764615240941352,0.8431780726862694,0.3795784498052762
0.5766016062756817,0.8431780726862694,0.3795264202112348
0.5766016062756817,0.8432648104779252,0.3795110250228466
0.576671647366455,0.8432648104779252,0.3794818445057976
0.576671647366455,0.843351548269581,0.3794809324432271
0.5767883825177438,0.843351548269581,0.3794374814669523
0.5767883825177438,0.8434382860612368,0.3794196956290895
0.5769051176690325,0.8434382860612368,0.37939598234423
0.5769051176690325,0.8435250238528927,0.3793936488880587
0.5770918939110945,0.8435250238528927,0.3792624523543296
0.5770918939110945,0.8436117616445485,0.3792594037083683
0.5771152409413522,0.8436117616445485,0.3792552181064966
0.5771152409413522,0.8436984994362043,0.3792531377419771
0.57713858797161,0.8436984994362043,0.3791798938897889
0.57713858797161,0.8437852372278601,0.3791758409661455
0.577231976092641,0.8437852372278601,0.3791244301282725
0.577231976092641,0.843871975019516,0.3791077085173647
0.5773720582741875,0.843871975019516,0.3790614446287204
0.5773720582741875,0.8442189261861393,0.3790263582103932
0.5774887934254763,0.8442189261861393,0.3789180416716426
0.5774887934254763,0.8443056639777952,0.3789114288550702
0.5776288756070228,0.8443056639777952,0.3788729704871748
0.5776288756070228,0.844392401769451,0.3788649004192252
0.5778156518490848,0.844392401769451,0.3787745001458626
0.5778156518490848,0.8444791395611068,0.3787496434538313
0.5778389988793425,0.8444791395611068,0.3787446585633587
0.5778389988793425,0.8445658773527626,0.3787409046594566
0.5779090399701158,0.8445658773527626,0.3786519387009739
0.5779090399701158,0.8447393529360743,0.3786346308844046
0.5779323870003735,0.8447393529360743,0.3785931805339499
0.5779323870003735,0.8448260907277301,0.3785890930457374
0.5780958162121778,0.8448260907277301,0.3784950200163648
0.5780958162121778,0.8449128285193859,0.3784948252322199
0.5782825924542399,0.8449128285193859,0.3784180917978751
0.5782825924542399,0.8449995663110417,0.3784125152987493
0.5784460216660441,0.8449995663110417,0.3783219065993187
0.5784460216660441,0.8450863041026976,0.3783205996736374
0.5786094508778483,0.8450863041026976,0.3782521562285269
0.5786094508778483,0.8451730418943534,0.3782395294610475
0.5787962271199103,0.8451730418943534,0.3781499833379689
0.5787962271199103,0.8452597796860092,0.3781383275660213
0.5788662682106837,0.8452597796860092,0.3781163129698671
0.5788662682106837,0.845346517477665,0.3780973023398325
0.5790997385132611,0.845346517477665,0.3779966956948868
0.5790997385132611,0.8454332552693209,0.3779819801961338
0.5801503548748599,0.8454332552693209,0.3774380103037432
0.5801503548748599,0.8455199930609767,0.3774123266519973
0.5808741128128502,0.8455199930609767,0.3769938902891967
0.5808741128128502,0.8456934686442883,0.3769864322659957
0.5809675009338812,0.8456934686442883,0.3769414763607276
0.5809675009338812,0.8457802064359441,0.3769413665262169
0.5809908479641389,0.8457802064359441,0.3768923716909101
0.5809908479641389,0.8458669442276,0.3768769941969871
0.5810375420246545,0.8458669442276,0.37687397553762
0.5810375420246545,0.8459536820192558,0.376857662548841
0.5810608890549123,0.8459536820192558,0.3768556179878853
0.5810608890549123,0.8460404198109116,0.3768365179793371
0.58108423608517,0.8460404198109116,0.3768357627283852
0.58108423608517,0.8461271576025674,0.3768352645861608
0.581177624206201,0.8461271576025674,0.3768047365854275
0.581177624206201,0.8463006331858791,0.376772031666804
0.5814344415390362,0.8463006331858791,0.3766854901312181
0.5814344415390362,0.8463873709775349,0.3766770828012448
0.5818079940231603,0.8463873709775349,0.3765014666594323
0.5818079940231603,0.8464741087691907,0.3764956293812321
0.5818780351139335,0.8464741087691907,0.3764870995474906
0.5818780351139335,0.8465608465608465,0.3764778620133864
0.581924729174449,0.8465608465608465,0.3764591148795935
0.581924729174449,0.8467343221441582,0.3764131945792753
0.5820881583862533,0.8467343221441582,0.3763513120442704
0.5820881583862533,0.846821059935814,0.3763362014288931
0.5821581994770265,0.846821059935814,0.3763201574027848
0.5821581994770265,0.8470812733107815,0.3762639218533842
0.5822282405677998,0.8470812733107815,0.3762266679826561
0.5822282405677998,0.8471680111024373,0.3762061394194557
0.582298281658573,0.8471680111024373,0.3761692358674394
0.582298281658573,0.8472547488940931,0.3761673306895358
0.5826484871124393,0.8472547488940931,0.3759971967032968
0.5826484871124393,0.8473414866857489,0.3759656869986146
0.5828352633545013,0.8473414866857489,0.3757645972411617
0.5828352633545013,0.8474282244774048,0.37575316438097
0.5830687336570788,0.8474282244774048,0.3756499133730088
0.5830687336570788,0.8475149622690606,0.3756314321727347
0.5831154277175943,0.8475149622690606,0.375599630988694
0.5831154277175943,0.8476017000607164,0.3755988202855628
0.5832321628688831,0.8476017000607164,0.3755327109394284
0.5832321628688831,0.8476884378523722,0.3755294348283414
0.5834656331714606,0.8476884378523722,0.3753338144596915
0.5834656331714606,0.8477751756440282,0.3753246809957247
0.5834889802017184,0.8477751756440282,0.3753079607041484
0.5834889802017184,0.847861913435684,0.3753069279128672
0.5838625326858423,0.847861913435684,0.3751177501490415
0.5838625326858423,0.8479486512273398,0.3751164835638164
0.5839325737766156,0.8479486512273398,0.3750652275791846
0.5839325737766156,0.8480353890189956,0.3750478571269591
0.5841660440791931,0.8480353890189956,0.3749676205398532
0.5841660440791931,0.8481221268106514,0.3749649823704041
0.5842360851699664,0.8481221268106514,0.3749480325341495
0.5842360851699664,0.8482088646023073,0.3749471908008788
0.5843528203212551,0.8482088646023073,0.3749142224798448
0.5843528203212551,0.8482956023939631,0.3749138324989348
0.5843995143817706,0.8482956023939631,0.3749099892224712
0.5843995143817706,0.8484690779772747,0.3748954175480022
0.5844929025028016,0.8484690779772747,0.3748630748984298
0.5844929025028016,0.8485558157689306,0.3748434673843599
0.5845862906238326,0.8485558157689306,0.374790013457454
0.5845862906238326,0.8486425535605864,0.3747717380609755
0.5846563317146058,0.8486425535605864,0.3747607839008374
0.5846563317146058,0.8487292913522422,0.3747597445684749
0.5848431079566679,0.8487292913522422,0.3747003387710499
0.5848431079566679,0.848816029143898,0.3746848085014373
0.5848898020171834,0.848816029143898,0.3746824009692359
0.5848898020171834,0.8489027669355538,0.3746760556451727
0.5849831901382144,0.8489027669355538,0.3746116026491117
0.5849831901382144,0.8490762425188655,0.3746063224329873
0.5850532312289877,0.8490762425188655,0.3745860906553621
0.5850532312289877,0.8491629803105213,0.3745846986974115
0.5851699663802764,0.8491629803105213,0.3745100106272088
0.5851699663802764,0.849336455893833,0.3744830806108115
0.5853333955920806,0.849336455893833,0.3744229392072808
0.5853333955920806,0.8494231936854888,0.3744178976143614
0.5853800896525961,0.8494231936854888,0.3743901561435808
0.5853800896525961,0.8495099314771446,0.3743577470693915
0.5855201718341427,0.8495099314771446,0.3742965947728743
0.5855201718341427,0.8495966692688004,0.3742860883752762
0.5855435188644005,0.8495966692688004,0.374244018842917
0.5855435188644005,0.8497701448521121,0.3742324704023664
0.5855668658946582,0.8497701448521121,0.3742116070596935
0.5855668658946582,0.8498568826437679,0.3741865299928092
0.5856369069854315,0.8498568826437679,0.3741642988144184
0.5856369069854315,0.8499436204354237,0.3741548111873131
0.5856602540156892,0.8499436204354237,0.3741413953020799
0.5856602540156892,0.8501170960187353,0.3741339416932293
0.5858003361972357,0.8501170960187353,0.3740879809039763
0.5858003361972357,0.8502038338103912,0.3740688855566566
0.5859170713485244,0.8502038338103912,0.374001257076229
0.5859170713485244,0.8503773093937028,0.3739522023477838
0.5863139708629063,0.8503773093937028,0.3737380367322518
0.5863139708629063,0.8504640471853586,0.3737344232227914
0.586524094135226,0.8504640471853586,0.3736761275855458
0.586524094135226,0.8505507849770145,0.3736640644972366
0.5866875233470302,0.8505507849770145,0.3736183931797429
0.5866875233470302,0.8506375227686703,0.3736072108107308
0.5867342174075457,0.8506375227686703,0.3735743886904851
0.5867342174075457,0.8508109983519819,0.3735660102033588
0.5868276055285767,0.8508109983519819,0.3735219733867287
0.5868276055285767,0.8508977361436377,0.3735096612046618
0.5871311169219275,0.8508977361436377,0.3733546019470398
0.5871311169219275,0.8509844739352936,0.3733193119347
0.5872478520732163,0.8509844739352936,0.3732629794135773
0.5872478520732163,0.8510712117269494,0.3732448985517217
0.5872945461337318,0.8510712117269494,0.3732238206470665
0.5872945461337318,0.8511579495186052,0.3732207943873472
0.587457975345536,0.8511579495186052,0.3731854062208385
0.587457975345536,0.851331425101917,0.3731597266213399
0.5878315278296601,0.851331425101917,0.3730227055955896
0.5878315278296601,0.8514181628935727,0.3730152676968437
0.5880183040717221,0.8514181628935727,0.3729834927428448
0.5880183040717221,0.8515049006852285,0.3729698772559126
0.5880883451624953,0.8515049006852285,0.372915805232932
0.5880883451624953,0.8515916384768843,0.3728969580175096
0.5882284273440418,0.8515916384768843,0.3728522979619091
0.5882284273440418,0.8516783762685401,0.3728392349533016
0.5884152035861039,0.8516783762685401,0.3727691884149386
0.5884152035861039,0.8517651140601961,0.3727343314474048
0.5889288382517743,0.8517651140601961,0.372501247433058
0.5889288382517743,0.8519385896435077,0.3724963426266592
0.5890222263728053,0.8519385896435077,0.3724799713536501
0.5890222263728053,0.8520253274351635,0.3724755643229576
0.5893490847964139,0.8520253274351635,0.3722538912487889
0.5893490847964139,0.8521120652268194,0.3722052811951517
0.5893957788569294,0.8521120652268194,0.3721770559260043
0.5893957788569294,0.8521988030184752,0.3721638911872602
0.5896525961897646,0.8521988030184752,0.3720415683042074
0.5896525961897646,0.852285540810131,0.3720400574872713
0.5897226372805379,0.852285540810131,0.3720116998021244
0.5897226372805379,0.8523722786017868,0.3720069712639501
0.5897459843107956,0.8523722786017868,0.3720057722099261
0.5897459843107956,0.8524590163934426,0.3720044573893014
0.5901195367949197,0.8524590163934426,0.3718520176322742
0.5901195367949197,0.8525457541850985,0.3718383560350726
0.5902362719462084,0.8525457541850985,0.3717899747016562
0.5902362719462084,0.8527192297684101,0.3717316612940274
0.5903063130369817,0.8527192297684101,0.3717048490927469
0.5903063130369817,0.8528059675600659,0.3717026194474921
0.5903296600672394,0.8528059675600659,0.3716966130427579
0.5903296600672394,0.8528927053517218,0.3716610325711721
0.5903763541277549,0.8528927053517218,0.3716377918970951
0.5903763541277549,0.8529794431433776,0.3716057820245381
0.5904230481882704,0.8529794431433776,0.3716005211200647
0.5904230481882704,0.8530661809350334,0.3715973189418454
0.5904463952185282,0.8530661809350334,0.3715906004005623
0.5904463952185282,0.8531529187266892,0.3715746263906111
0.5904697422487859,0.8531529187266892,0.3715516529940422
0.5904697422487859,0.853239656518345,0.3715282360598013
0.5905397833395593,0.853239656518345,0.3715178210545914
0.5905397833395593,0.8533263943100009,0.3715096611727955
0.5906798655211057,0.8533263943100009,0.3714491143289721
0.5906798655211057,0.8534998698933125,0.371424562046649
0.5909833769144565,0.8534998698933125,0.3712775484835621
0.5909833769144565,0.8535866076849683,0.3712634282453457
0.5910534180052297,0.8535866076849683,0.3712284632810115
0.5910534180052297,0.8539335588515916,0.3711997235381158
0.5911935001867762,0.8539335588515916,0.3711551094007247
0.5911935001867762,0.8540202966432474,0.3711506824126901
0.5913569293985805,0.8540202966432474,0.371108570598937
0.5913569293985805,0.8541070344349033,0.3710899443352367
0.5914503175196115,0.8541070344349033,0.3710592268635334
0.5914503175196115,0.8541937722265591,0.3710507297197559
0.5915203586103848,0.8541937722265591,0.3710358701977229
0.5915203586103848,0.8542805100182149,0.3710063987397461
0.5915670526709003,0.8542805100182149,0.3710012318456887
0.5915670526709003,0.8543672478098707,0.3709952892393759
0.591683787822189,0.8543672478098707,0.3709388356501609
0.591683787822189,0.8544539856015266,0.3709289241095845
0.5917071348524467,0.8544539856015266,0.3709242983903008
0.5917071348524467,0.8546274611848382,0.3709216625452967
0.5917538289129622,0.8546274611848382,0.3709098123267729
0.5917538289129622,0.8548009367681498,0.3708791538561069
0.5919639521852821,0.8548009367681498,0.3707642701622549
0.5919639521852821,0.8548876745598057,0.3707499916220237
0.5921740754576018,0.8548876745598057,0.3706350390714364
0.5921740754576018,0.8549744123514615,0.3706240420408249
0.5921974224878596,0.8549744123514615,0.3705941738821039
0.5921974224878596,0.8550611501431173,0.370593614651401
0.5922207695181173,0.8550611501431173,0.3705795640768763
0.5922207695181173,0.8551478879347731,0.3705771883036317
0.5923141576391483,0.8551478879347731,0.3705187645096663
0.5923141576391483,0.855234625726429,0.3704929313989247
0.5923841987299215,0.855234625726429,0.3704859159512422
0.5923841987299215,0.8553213635180849,0.3704827123873332
0.5926410160627568,0.8553213635180849,0.3704234741035083
0.5926410160627568,0.8554081013097407,0.3704214484559048
0.5926877101232724,0.8554081013097407,0.3703745597104104
0.5926877101232724,0.8554948391013965,0.370371921882791
0.5927810982443034,0.8554948391013965,0.3703650798806066
0.5927810982443034,0.8555815768930523,0.3703632399159976
0.5929678744863653,0.8555815768930523,0.3703007932860132
0.5929678744863653,0.8556683146847082,0.3702964440819191
0.5931079566679118,0.8556683146847082,0.3701881874543667
0.5931079566679118,0.855755052476364,0.3701868936284773
0.5932246918192006,0.855755052476364,0.3701428252464647
0.5932246918192006,0.8558417902680198,0.3701421123127543
0.5934114680612627,0.8558417902680198,0.3700991099325665
0.5934114680612627,0.8559285280596756,0.3700828327693553
0.5935748972730669,0.8559285280596756,0.3699938717242285
0.5935748972730669,0.8560152658513315,0.3699889786457048
0.5937850205453866,0.8560152658513315,0.3698893289068983
0.5937850205453866,0.8561887414346431,0.3698555044856698
0.5938317146059021,0.8561887414346431,0.3698461469554124
0.5938317146059021,0.8562754792262989,0.3698427580880141
0.5939951438177064,0.8562754792262989,0.3697882981541619
0.5939951438177064,0.8563622170179547,0.3697878482834538
0.5941118789689951,0.8563622170179547,0.3697361056939305
0.5941118789689951,0.8566224303929222,0.3697122578107734
0.5941585730295107,0.8566224303929222,0.3696907319587418
0.5941585730295107,0.856709168184578,0.3696890073690385
0.5941819200597684,0.856709168184578,0.3696751680281901
0.5941819200597684,0.8567959059762339,0.369667443166171
0.5942052670900262,0.8567959059762339,0.3696568295886924
0.5942052670900262,0.8569693815595455,0.369637038559515
0.5945554725438924,0.8569693815595455,0.3694427000665002
0.5945554725438924,0.8570561193512013,0.3694334721215903
0.594975719088532,0.8570561193512013,0.3691364179827124
0.594975719088532,0.8571428571428571,0.3691348458100046
0.5951158012700785,0.8571428571428571,0.3690945317823109
0.5951158012700785,0.857229594934513,0.3690836834560949
0.5952792304818827,0.857229594934513,0.3689645281904034
0.5952792304818827,0.8573163327261688,0.3689516727058303
0.5953025775121404,0.8573163327261688,0.3689502037512322
0.5953025775121404,0.8574030705178246,0.3689313826969802
0.5955360478147179,0.8574030705178246,0.3688297277557923
0.5955360478147179,0.8574898083094804,0.3688222423110775
0.5956994770265223,0.8574898083094804,0.3687353478865252
0.5956994770265223,0.8575765461011363,0.368731688162675
0.59572282405678,0.8575765461011363,0.3686865384029409
0.59572282405678,0.8576632838927921,0.3686722161122475
0.5958395592080687,0.8576632838927921,0.3686517608724693
0.5958395592080687,0.8577500216844479,0.3686467002200168
0.5958862532685842,0.8577500216844479,0.3686247013805491
0.5958862532685842,0.8578367594761037,0.3686218608177197
0.596002988419873,0.8578367594761037,0.3685945360394872
0.596002988419873,0.8579234972677595,0.3685916918390712
0.5960730295106462,0.8579234972677595,0.3685790599192772
0.5960730295106462,0.8580102350594154,0.3685745552551107
0.5962131116921927,0.8580102350594154,0.3684914405395917
0.5962131116921927,0.8580969728510712,0.3684907811067045
0.5964232349645125,0.8580969728510712,0.3684018082927476
0.5964232349645125,0.858183710642727,0.3683958384504691
0.59665670526709,0.858183710642727,0.3682978711870415
0.59665670526709,0.8583571862260387,0.3682953921576413
0.596750093388121,0.8583571862260387,0.3682620222745327
0.596750093388121,0.8584439240176945,0.3682601109220634
0.596843481509152,0.8584439240176945,0.3682084788875631
0.596843481509152,0.8586173996010061,0.368186433006372
0.5970069107209562,0.8586173996010061,0.3680766514198526
0.5970069107209562,0.8587041373926619,0.3680586667781547
0.5970302577512141,0.8587041373926619,0.3680231089175061
0.5970302577512141,0.8587908751843178,0.3680205299092431
0.5971002988419873,0.8587908751843178,0.3679945320306977
0.5971002988419873,0.8588776129759736,0.3679864372284894
0.5973571161748226,0.8588776129759736,0.367926828039208
0.5973571161748226,0.8589643507676294,0.3679180696381373
0.5974038102353381,0.8589643507676294,0.3679104482301327
0.5974038102353381,0.8590510885592852,0.3678668948576826
0.5975438924168845,0.8590510885592852,0.3678059632816725
0.5975438924168845,0.8591378263509412,0.3677936944580207
0.5975672394471423,0.8591378263509412,0.3677928684547022
0.5975672394471423,0.859224564142597,0.3677839912348164
0.5976606275681733,0.859224564142597,0.3677681739572324
0.5976606275681733,0.8593113019342528,0.3677634121660738
0.5977540156892044,0.8593113019342528,0.3677174855102433
0.5977540156892044,0.8593980397259086,0.3676930413873756
0.5978007097497199,0.8593980397259086,0.3676465627039205
0.5978007097497199,0.8594847775175644,0.3676435568279743
0.5978240567799776,0.8594847775175644,0.3676366857680442
0.5978240567799776,0.8595715153092203,0.3676191934761398
0.5978940978707509,0.8595715153092203,0.3675660546532757
0.5978940978707509,0.8596582531008761,0.367550284420263
0.5981742622338438,0.8596582531008761,0.3674549058196975
0.5981742622338438,0.8597449908925319,0.3674524125400182
0.5981976092641016,0.8597449908925319,0.367449536387707
0.5981976092641016,0.8598317286841877,0.3674428308336293
0.5982676503548748,0.8598317286841877,0.3673449491890095
0.5982676503548748,0.8599184664758436,0.3673077828043832
0.5983143444153903,0.8599184664758436,0.3672786998009099
0.5983143444153903,0.8600052042674994,0.3672502558741644
0.5983843855061636,0.8600052042674994,0.3672286727681029
0.5983843855061636,0.8600919420591552,0.3672275259789718
0.5984077325364213,0.8600919420591552,0.3672228602744196
0.5984077325364213,0.860178679850811,0.3672018921605237
0.5987812850205454,0.860178679850811,0.3669424356191592
0.5987812850205454,0.8602654176424668,0.3669167462786552
0.5988046320508031,0.8602654176424668,0.3669164153275834
0.5988046320508031,0.8604388932257785,0.3669098684490552
0.5989213672020919,0.8604388932257785,0.3668848726798891
0.5989213672020919,0.8605256310174343,0.3668820927653365
0.5991081434441539,0.8605256310174343,0.366760392334409
0.5991081434441539,0.8606123688090901,0.3667557863058974
0.5994350018677624,0.8606123688090901,0.3666252301894157
0.5994350018677624,0.860699106600746,0.3665977435301658
0.5995050429585357,0.860699106600746,0.3665918742512266
0.5995050429585357,0.8609593199757134,0.3665573059709275
0.5995517370190512,0.8609593199757134,0.3665242572955008
0.5995517370190512,0.8610460577673692,0.366519574824918
0.5996217781098244,0.8610460577673692,0.3664746718364395
0.5996217781098244,0.8612195333506809,0.3664608830286563
0.5998785954426596,0.8612195333506809,0.3663770418900682
0.5998785954426596,0.8613062711423367,0.3663698585222905
0.600228800896526,0.8613062711423367,0.3661116194846682
0.600228800896526,0.8614797467256483,0.3660744854271854
0.6003455360478147,0.8614797467256483,0.366050053445507
0.6003455360478147,0.8615664845173042,0.366044370759517
0.6004856182293612,0.8615664845173042,0.365952755664249
0.6004856182293612,0.86165322230896,0.3659457058831107
0.6009058647740008,0.86165322230896,0.3656761476599034
0.6009058647740008,0.8617399601006158,0.3656539181320788
0.601256070227867,0.8617399601006158,0.3654595299385242
0.601256070227867,0.8618266978922716,0.3654559386801466
0.601629622711991,0.8618266978922716,0.3652403822573066
0.601629622711991,0.8619134356839275,0.365239871314158
0.6016996638027643,0.8619134356839275,0.3652197976771554
0.6016996638027643,0.8620001734755833,0.3652165766796693
0.6017697048935375,0.8620001734755833,0.3651924372618543
0.6017697048935375,0.8621736490588949,0.3651658466141769
0.601816398954053,0.8621736490588949,0.365156197294215
0.601816398954053,0.8622603868505507,0.3651398558430649
0.6018630930145685,0.8622603868505507,0.3651111314367944
0.6018630930145685,0.8623471246422066,0.3650912806919572
0.601909787075084,0.8623471246422066,0.3650098139538769
0.601909787075084,0.8624338624338624,0.3650058923327471
0.6019798281658573,0.8624338624338624,0.3649891769547938
0.6019798281658573,0.8625206002255182,0.3649869654578579
0.6020732162868883,0.8625206002255182,0.364931706963758
0.6020732162868883,0.86269407580883,0.364927799663403
0.6022366454986926,0.86269407580883,0.3648776968795767
0.6022366454986926,0.8627808136004858,0.3648755281244461
0.6022833395592081,0.8627808136004858,0.3648635253870141
0.6022833395592081,0.8628675513921416,0.3648598702011303
0.6023300336197236,0.8628675513921416,0.3648308003307061
0.6023300336197236,0.8629542891837974,0.3648293668716916
0.6025635039223011,0.8629542891837974,0.3647089747961676
0.6025635039223011,0.8630410269754532,0.3647054013695608
0.6029370564064251,0.8630410269754532,0.3645157502445708
0.6029370564064251,0.8631277647671091,0.3645120604466689
0.6029837504669406,0.8631277647671091,0.3644806768603233
0.6029837504669406,0.8632145025587649,0.3644753468445461
0.6031938737392604,0.8632145025587649,0.3643820174680022
0.6031938737392604,0.8633012403504207,0.364365468908856
0.6032639148300336,0.8633012403504207,0.3643638393525444
0.6032639148300336,0.8633879781420765,0.3643632550886186
0.6033339559208069,0.8633879781420765,0.3643562776740968
0.6033339559208069,0.8634747159337324,0.3643554825663666
0.6034973851326111,0.8634747159337324,0.3642709762976784
0.6034973851326111,0.8635614537253882,0.3642502960217223
0.6036141202838999,0.8635614537253882,0.3641882195015724
0.6036141202838999,0.863648191517044,0.36418718199944
0.6036374673141577,0.863648191517044,0.3641721428704165
0.6036374673141577,0.8637349293086998,0.3641573577276767
0.6040343668285394,0.8637349293086998,0.3639103554462822
0.6040343668285394,0.8638216671003556,0.3638914037974252
0.6040810608890549,0.8638216671003556,0.3638649781736363
0.6040810608890549,0.8639951426836673,0.3638364111314128
0.6041511019798281,0.8639951426836673,0.3637966050595607
0.6041511019798281,0.8640818804753231,0.3637932417903342
0.6041744490100859,0.8640818804753231,0.3637905558865555
0.6041744490100859,0.8641686182669789,0.3637843178913267
0.6045713485244677,0.8641686182669789,0.3636113205023219
0.6045713485244677,0.8642553560586348,0.3636102449714867
0.6047114307060142,0.8642553560586348,0.3635381641953763
0.6047114307060142,0.8643420938502906,0.3635227983791088
0.6047347777362719,0.8643420938502906,0.3634737410087409
0.6047347777362719,0.8644288316419464,0.3634590352791809
0.6050849831901383,0.8644288316419464,0.3632263674193191
0.6050849831901383,0.8645155694336022,0.3631959155772233
0.6053418005229735,0.8645155694336022,0.3630892096812101
0.6053418005229735,0.864602307225258,0.3630640862206152
0.605575270825551,0.864602307225258,0.3629802400301418
0.605575270825551,0.8647757828085697,0.3629669452470083
0.605668658946582,0.8647757828085697,0.3629227530615608
0.605668658946582,0.8648625206002255,0.3629133520284099
0.605762047067613,0.8648625206002255,0.3628188023876715
0.605762047067613,0.8649492583918813,0.3627909926844528
0.6057853940978708,0.8649492583918813,0.3627863801215922
0.6057853940978708,0.8650359961835372,0.3627850804003587
0.6060188644004483,0.8650359961835372,0.3626903417074075
0.6060188644004483,0.865122733975193,0.3626726774770623
0.6061122525214793,0.865122733975193,0.3626284605393647
0.6061122525214793,0.8652094717668488,0.3626277498732485
0.6061589465819948,0.8652094717668488,0.3625967921416423
0.6061589465819948,0.8652962095585046,0.3625912844289571
0.606228987672768,0.8652962095585046,0.362548634766674
0.606228987672768,0.8656431607251279,0.3625380699422664
0.606322375793799,0.8656431607251279,0.3624667986494317
0.606322375793799,0.8657298985167837,0.3624482666534042
0.6064858050056033,0.8657298985167837,0.36240463524717
0.6064858050056033,0.8658166363084396,0.3624008729680658
0.6066258871871498,0.8658166363084396,0.3623443489314305
0.6066258871871498,0.8659033741000954,0.362339967204366
0.6067192753081808,0.8659033741000954,0.362299600654506
0.6067192753081808,0.8659901118917512,0.3622979037972147
0.6075130743369443,0.8659901118917512,0.3618808933045897
0.6075130743369443,0.866076849683407,0.361842717139944
0.6080267090026149,0.866076849683407,0.3615358446071433
0.6080267090026149,0.8661635874750628,0.3615237374244636
0.6081200971236459,0.8661635874750628,0.3615005143922533
0.6081200971236459,0.8663370630583745,0.3614117102465649
0.6082134852446769,0.8663370630583745,0.3613793243764012
0.6082134852446769,0.8664238008500303,0.3613681253185107
0.6083535674262234,0.8664238008500303,0.3613323252781243
0.6083535674262234,0.8665105386416861,0.3613308648200749
0.6085169966380276,0.8665105386416861,0.3612395655084005
0.6085169966380276,0.8665972764333421,0.3612215976520563
0.6086337317893163,0.8665972764333421,0.3611667132081004
0.6086337317893163,0.8666840142249979,0.3611563777709755
0.608680425849832,0.8666840142249979,0.3611524048689131
0.608680425849832,0.8667707520166537,0.3611513117479688
0.6087971610011207,0.8667707520166537,0.361111982049405
0.6087971610011207,0.8668574898083095,0.3610984702520098
0.6090072842734404,0.8668574898083095,0.3610141720489114
0.6090072842734404,0.8669442275999653,0.3610090731711773
0.6091473664549869,0.8669442275999653,0.3609534542572324
0.6091473664549869,0.867117703183277,0.3609242768056852
0.6091707134852447,0.867117703183277,0.3609101503201212
0.6091707134852447,0.8672044409749328,0.3609093901495213
0.6092641016062756,0.8672044409749328,0.360834080913471
0.6092641016062756,0.8673779165582445,0.3608037855383478
0.6097310422114307,0.8673779165582445,0.3604815481419897
0.6097310422114307,0.8674646543499003,0.3604781384085453
0.6097777362719462,0.8674646543499003,0.3604651849763221
0.6097777362719462,0.8676381299332119,0.3604536478224842
0.6099411654837504,0.8676381299332119,0.3604015897358237
0.6099411654837504,0.8677248677248677,0.3603895655788818
0.6099645125140082,0.8677248677248677,0.3603606798109346
0.6099645125140082,0.8678116055165236,0.3603542942700553
0.6101279417258125,0.8678116055165236,0.3602604050308358
0.6101279417258125,0.8678983433081794,0.3602313458964865
0.6103147179678745,0.8678983433081794,0.3601216006654161
0.6103147179678745,0.8679850810998352,0.3601118575263344
0.6104081060889055,0.8679850810998352,0.3600829102299
0.6104081060889055,0.8683320322664585,0.360037627662055
0.610828352633545,0.8683320322664585,0.3598045936479522
0.610828352633545,0.8684187700581143,0.3597998490110959
0.6118089279043706,0.8684187700581143,0.3593935861323222
0.6118089279043706,0.8685055078497701,0.3593922873303152
0.6119723571161748,0.8685055078497701,0.3593012032666534
0.6119723571161748,0.868592245641426,0.3592884774500507
0.6120190511766903,0.868592245641426,0.3592762159283218
0.6120190511766903,0.8686789834330818,0.35927048866251
0.6121824803884945,0.8686789834330818,0.3592199623788604
0.6121824803884945,0.8687657212247376,0.3591643390628839
0.6123225625700411,0.8687657212247376,0.3590628084503917
0.6123225625700411,0.8688524590163934,0.3590603012957842
0.6123692566305566,0.8688524590163934,0.3590353962550371
0.6123692566305566,0.8689391968080493,0.3590280800552103
0.6128361972357116,0.8689391968080493,0.3587337744291898
0.6128361972357116,0.8690259345997051,0.3587232860341106
0.6130229734777737,0.8690259345997051,0.3586455547787639
0.6130229734777737,0.8691126723913609,0.3586390616294113
0.6130463205080314,0.8691126723913609,0.3586287829726329
0.6130463205080314,0.8693728857663284,0.3585769264940318
0.6130696675382892,0.8693728857663284,0.3585532166887093
0.6130696675382892,0.8694596235579842,0.3585529477464416
0.6133498319013821,0.8694596235579842,0.3584286062080715
0.6133498319013821,0.86954636134964,0.3584248487474942
0.6133965259618976,0.86954636134964,0.3583887008046148
0.6133965259618976,0.8696330991412958,0.3583572169039607
0.6139101606275682,0.8696330991412958,0.3580336225245476
0.6139101606275682,0.8697198369329517,0.3580179175654707
0.6142136720209189,0.8697198369329517,0.3578232714951894
0.6142136720209189,0.8698933125162633,0.3577813834578259
0.6142837131116922,0.8698933125162633,0.35777071937519
0.6142837131116922,0.8699800503079191,0.3577425037272368
0.6144237952932387,0.8699800503079191,0.3576703851180774
0.6144237952932387,0.8700667880995749,0.3576620043045553
0.614493836384012,0.8700667880995749,0.3576417926055683
0.614493836384012,0.8701535258912309,0.3576392989761929
0.6145171834142698,0.8701535258912309,0.3576349844201245
0.6145171834142698,0.8702402636828867,0.3576216146558407
0.614587224505043,0.8702402636828867,0.3575678770077625
0.614587224505043,0.8703270014745424,0.3575576907990482
0.614680612626074,0.8703270014745424,0.3575170174256205
0.614680612626074,0.8704137392661982,0.3575158109067635
0.6150074710496825,0.8704137392661982,0.3573950230393603
0.6150074710496825,0.8705004770578542,0.357387941685485
0.6151008591707134,0.8705004770578542,0.3573371977753938
0.6151008591707134,0.8706739526411658,0.3573180830090912
0.6151709002614867,0.8706739526411658,0.3572860415531219
0.6151709002614867,0.8707606904328216,0.3572800346375436
0.6155677997758685,0.8707606904328216,0.3570788534751783
0.6155677997758685,0.8708474282244774,0.3570779016153197
0.6156611878968995,0.8708474282244774,0.3569576899215004
0.6156611878968995,0.8709341660161333,0.3569306781477306
0.6159180052297348,0.8709341660161333,0.3568156311139229
0.6159180052297348,0.8710209038077891,0.3567999674352262
0.6159646992902503,0.8710209038077891,0.3567562390666629
0.6159646992902503,0.8711943793911007,0.3567215354754045
0.6163149047441165,0.8711943793911007,0.3565279084534345
0.6163149047441165,0.8712811171827566,0.3565123300576209
0.6163849458348898,0.8712811171827566,0.3564590942779385
0.6163849458348898,0.8713678549744124,0.3564542294666601
0.6165717220769518,0.8713678549744124,0.3563355339084408
0.6165717220769518,0.8714545927660682,0.3563336195747051
0.616641763167725,0.8714545927660682,0.356321423140388
0.616641763167725,0.871541330557724,0.3563071268309865
0.6168285394097871,0.871541330557724,0.3562314321466191
0.6168285394097871,0.8716280683493798,0.3562141828578052
0.6168752334703026,0.8716280683493798,0.3562055187421166
0.6168752334703026,0.8717148061410357,0.3562007099553579
0.6171087037728801,0.8717148061410357,0.3561353936566461
0.6171087037728801,0.8718015439326915,0.356128537852735
0.6173655211057153,0.8718015439326915,0.3560324475229385
0.6173655211057153,0.8718882817243473,0.356020635332814
0.6174355621964887,0.8718882817243473,0.3559920198562915
0.6174355621964887,0.8719750195160031,0.3559868935306732
0.6177857676503549,0.8719750195160031,0.3558211454197721
0.6177857676503549,0.872061757307659,0.3558114826501076
0.6178324617108704,0.872061757307659,0.3558087776399835
0.6178324617108704,0.8721484950993148,0.3558032291566222
0.6182060141949944,0.8721484950993148,0.355617556682839
0.6182060141949944,0.8722352328909706,0.355616499539221
0.6182293612252522,0.8722352328909706,0.3556114857690572
0.6182293612252522,0.8724087084742822,0.3556067497999507
0.6186029137093761,0.8724087084742822,0.3554554389753243
0.6186029137093761,0.8725821840575939,0.3554523198645289
0.6187429958909226,0.8725821840575939,0.3554223818975575
0.6187429958909226,0.8726689218492497,0.3554183068826944
0.6189297721329847,0.8726689218492497,0.3552898401356441
0.6189297721329847,0.8727556596409055,0.3552794309707591
0.6190231602540157,0.8727556596409055,0.355227666866822
0.6190231602540157,0.8728423974325613,0.3551851423310053
0.6191632424355622,0.8728423974325613,0.3551298679631308
0.6191632424355622,0.8729291352242172,0.3551191873323136
0.6192332835263354,0.8729291352242172,0.3550799180440799
0.6192332835263354,0.873015873015873,0.3550753090208686
0.6193266716473664,0.873015873015873,0.3550454250396352
0.6193266716473664,0.8731026108075288,0.3550298249651668
0.6195834889802018,0.8731026108075288,0.3549000704091591
0.6195834889802018,0.8731893485991846,0.354885724544826
0.6200504295853567,0.8731893485991846,0.3546874197712829
0.6200504295853567,0.8733628241824963,0.3546786117218312
0.62012047067613,0.8733628241824963,0.3546507904919506
0.62012047067613,0.8734495619741521,0.3546316699854837
0.620494023160254,0.8734495619741521,0.3544795208023694
0.620494023160254,0.8736230375574637,0.3544692545202521
0.6205173701905118,0.8736230375574637,0.3544458638708766
0.6205173701905118,0.8737097753491196,0.3544446503767788
0.6205640642510273,0.8737097753491196,0.3544182728426437
0.6205640642510273,0.873969988724087,0.3543735896336881
0.6207041464325738,0.873969988724087,0.3542811713416226
0.6207041464325738,0.874056726515743,0.3542737926238698
0.6207274934628315,0.874056726515743,0.3542595192162184
0.6207274934628315,0.8741434643073988,0.3542366131156184
0.6207508404930893,0.8741434643073988,0.3542326342307386
0.6207508404930893,0.8742302020990546,0.3542114225749339
0.6208909226746357,0.8742302020990546,0.3541561568091391
0.6208909226746357,0.8743169398907104,0.3541373155618155
0.6211477400074711,0.8743169398907104,0.3540519200705888
0.6211477400074711,0.8744036776823662,0.3540394425089435
0.6212411281285021,0.8744036776823662,0.3540080479392948
0.6212411281285021,0.8744904154740221,0.3540045124513037
0.6213812103100486,0.8744904154740221,0.3539600517779526
0.6213812103100486,0.8745771532656779,0.3539499973981145
0.6214045573403063,0.8745771532656779,0.3539491581050689
0.6214045573403063,0.8746638910573337,0.3539456180539769
0.6215679865521105,0.8746638910573337,0.3538446785135993
0.6215679865521105,0.8747506288489895,0.353835752717352
0.6218014568546881,0.8747506288489895,0.3537346002328854
0.6218014568546881,0.8748373666406454,0.3537297476949291
0.6218714979454614,0.8748373666406454,0.3537184204019183
0.6218714979454614,0.875010842223957,0.3536821905703531
0.6219882330967501,0.875010842223957,0.3536338965005015
0.6219882330967501,0.8750975800156128,0.3536263104217518
0.6220582741875234,0.8750975800156128,0.3535722274411582
0.6220582741875234,0.8751843178072686,0.353571718084287
0.6222917444901008,0.8751843178072686,0.3534494485207859
0.6222917444901008,0.8753577933905803,0.3534282805708271
0.6223384385506163,0.8753577933905803,0.3534040461922751
0.6223384385506163,0.8754445311822361,0.3534018071609638
0.6224785207321629,0.8754445311822361,0.3533610396079598
0.6224785207321629,0.8756180067655478,0.3533233800734424
0.6226186029137094,0.8756180067655478,0.353240225675358
0.6226186029137094,0.8757047445572036,0.3532283906952017
0.6226419499439672,0.8757047445572036,0.3532144681285687
0.6226419499439672,0.8757914823488594,0.3532123468303824
0.6234590960029884,0.8757914823488594,0.3528230774989294
0.6234590960029884,0.8758782201405152,0.3528020547185498
0.6237626073963392,0.8758782201405152,0.3526997608653064
0.6237626073963392,0.875964957932171,0.3526990095542207
0.6238559955173701,0.875964957932171,0.3526727498578186
0.6238559955173701,0.8760516957238269,0.3526706860490025
0.624159506910721,0.8760516957238269,0.352553182593294
0.624159506910721,0.8761384335154827,0.3525465239277239
0.6244863653343294,0.8761384335154827,0.3524171740727942
0.6244863653343294,0.8762251713071385,0.3523950416455368
0.6245564064251027,0.8762251713071385,0.352383474880353
0.6245564064251027,0.8763986468904502,0.352367308414926
0.6245797534553604,0.8763986468904502,0.3523611589086367
0.6245797534553604,0.876485384682106,0.352351488112543
0.6246497945461338,0.876485384682106,0.3522995257669371
0.6246497945461338,0.8765721224737618,0.3522989252991545
0.6248599178184535,0.8765721224737618,0.3521373490753853
0.6248599178184535,0.8767455980570734,0.3521040943521086
0.6251400821815465,0.8767455980570734,0.3520176866653861
0.6251400821815465,0.8768323358487293,0.3520134059118162
0.625186776242062,0.8768323358487293,0.3520031381683529
0.625186776242062,0.8769190736403851,0.3519917008666914
0.6252334703025775,0.8769190736403851,0.3519793165347167
0.6252334703025775,0.8770925492236967,0.3519704103326279
0.6253735524841241,0.8770925492236967,0.3518763622055155
0.6253735524841241,0.8771792870153526,0.3518740924366194
0.6257704519985058,0.8771792870153526,0.3516949952810296
0.6257704519985058,0.8772660248070084,0.3516828081274573
0.6259105341800523,0.8772660248070084,0.3515933095359614
0.6259105341800523,0.8773527625986642,0.3515639534091043
0.6266342921180426,0.8773527625986642,0.3510734694989077
0.6266342921180426,0.87743950039032,0.3510630674429612
0.6267510272693313,0.87743950039032,0.3510323082373885
0.6267510272693313,0.8775262381819758,0.3510067543528411
0.626774374299589,0.8775262381819758,0.3510054985698417
0.626774374299589,0.8776129759736317,0.3510045731281003
0.6268911094508779,0.8776129759736317,0.350969211641202
0.6268911094508779,0.8776997137652875,0.3509620485643629
0.6269611505416511,0.8776997137652875,0.3509494368850886
0.6269611505416511,0.8777864515569433,0.3509277680985473
0.6270778856929399,0.8777864515569433,0.3508582873095411
0.6270778856929399,0.8778731893485991,0.3508530137913612
0.6271479267837131,0.8778731893485991,0.3508270601787054
0.6271479267837131,0.8779599271402551,0.3508228646440521
0.6272179678744864,0.8779599271402551,0.350771446334284
0.6272179678744864,0.8780466649319109,0.3507532108166129
0.6273113559955174,0.8780466649319109,0.3506889545370081
0.6273113559955174,0.8781334027235667,0.3506611462073834
0.6273347030257751,0.8781334027235667,0.3506495571965474
0.6273347030257751,0.8782201405152225,0.3506394754183017
0.6273580500560328,0.8782201405152225,0.3506352446350147
0.6273580500560328,0.8783936160985342,0.35059058741627
0.6277082555098992,0.8783936160985342,0.3503767140495983
0.6277082555098992,0.87848035389019,0.3503656231363204
0.6282218901755696,0.87848035389019,0.3501906426418623
0.6282218901755696,0.8785670916818458,0.3501878136782436
0.6282452372058274,0.8785670916818458,0.3501536163883519
0.6282452372058274,0.8787405672651575,0.3501242063146711
0.628291931266343,0.8787405672651575,0.3500779958452238
0.628291931266343,0.8788273050568133,0.3500766791671746
0.6284320134478895,0.8788273050568133,0.3499740507199936
0.6284320134478895,0.8789140428484691,0.3499688005166526
0.6285254015689204,0.8789140428484691,0.3499349840067471
0.6285254015689204,0.8790007806401249,0.3499069989546206
0.6285487485991782,0.8790007806401249,0.3498668603250878
0.6285487485991782,0.8790875184317807,0.3498297704243263
0.628572095629436,0.8790875184317807,0.3498290304031175
0.628572095629436,0.8791742562234366,0.3498242545571807
0.6289689951438177,0.8791742562234366,0.3496474944686129
0.6289689951438177,0.8792609940150924,0.349646093688947
0.6290156892043333,0.8792609940150924,0.3496361030930418
0.6290156892043333,0.8793477318067482,0.3496358997980043
0.6290857302951065,0.8793477318067482,0.3496101002059704
0.6290857302951065,0.879434469598404,0.3496048082130516
0.629319200597684,0.879434469598404,0.3494969042505806
0.629319200597684,0.8795212073900599,0.3494910026422797
0.6295293238700037,0.8795212073900599,0.3494206964383995
0.6295293238700037,0.8796079451817157,0.3494165118521
0.6297161001120657,0.8796079451817157,0.3493395232425939
0.6297161001120657,0.8796946829733715,0.3493247570067306
0.6297627941725813,0.8796946829733715,0.3493019507729742
0.6297627941725813,0.8798681585566831,0.3492833186797229
0.6298094882330968,0.8798681585566831,0.3492680735477665
0.6298094882330968,0.879954896348339,0.3492242896062679
0.62987952932387,0.879954896348339,0.3491546245795277
0.62987952932387,0.8800416341399948,0.3491441248635207
0.6299262233843855,0.8800416341399948,0.3491314947994751
0.6299262233843855,0.8801283719316506,0.349100151293888
0.6299962644751588,0.8801283719316506,0.3490577297995548
0.6299962644751588,0.8802151097233064,0.3490494036136383
0.6300896525961898,0.8802151097233064,0.348985330281821
0.6300896525961898,0.8803018475149623,0.3489745535645048
0.6302997758685095,0.8803018475149623,0.3488833986071161
0.6302997758685095,0.8803885853066181,0.3488801128527263
0.6303698169592827,0.8803885853066181,0.3488238130626837
0.6303698169592827,0.8804753230982739,0.3488110753535497
0.6305799402316026,0.8804753230982739,0.3486131717516264
0.6305799402316026,0.8805620608899297,0.3486130781387216
0.6306266342921181,0.8805620608899297,0.3486014041976818
0.6306266342921181,0.8806487986815855,0.3485989093485246
0.6307667164736646,0.8806487986815855,0.3484728239986737
0.6307667164736646,0.8807355364732414,0.3484674256660528
0.6309301456854688,0.8807355364732414,0.3483777525696238
0.6309301456854688,0.8808222742648972,0.3483497604816745
0.6310468808367575,0.8808222742648972,0.3483000609750755
0.6310468808367575,0.880909012056553,0.3482937950231086
0.6311869630183041,0.880909012056553,0.3482385234241323
0.6311869630183041,0.8809957498482088,0.3482377920338186
0.6312336570788196,0.8809957498482088,0.3482189964241795
0.6312336570788196,0.8810824876398647,0.3481927726235806
0.6313270451998506,0.8810824876398647,0.3481436612674499
0.6313270451998506,0.8811692254315205,0.3481237464282347
0.6313737392603661,0.8811692254315205,0.3481048046630303
0.6313737392603661,0.8812559632231763,0.3480746500448469
0.6314204333208816,0.8812559632231763,0.3480157058071621
0.6314204333208816,0.8813427010148321,0.348007678030053
0.6314904744116548,0.8813427010148321,0.3479753507619996
0.6314904744116548,0.8814294388064879,0.3479396569054617
0.6315371684721703,0.8814294388064879,0.3478401615310558
0.6315371684721703,0.8815161765981439,0.3478364921278915
0.6316072095629436,0.8815161765981439,0.3478132943848727
0.6316072095629436,0.8816896521814555,0.3478076747762125
0.6316539036234591,0.8816896521814555,0.3477723570187472
0.6316539036234591,0.8817763899731113,0.3477523075568202
0.6319807620470677,0.8817763899731113,0.3475224239666686
0.6319807620470677,0.8818631277647672,0.3475184062858512
0.6322142323496451,0.8818631277647672,0.3474059792854475
0.6322142323496451,0.881949865556423,0.3473899349713123
0.6322842734404184,0.881949865556423,0.3473653000461529
0.6322842734404184,0.8821233411397346,0.3473196568258202
0.6323776615614494,0.8821233411397346,0.347289676805863
0.6323776615614494,0.8822100789313904,0.3472846622142289
0.6324477026522226,0.8822100789313904,0.3472630009346568
0.6324477026522226,0.8822968167230463,0.3472575537974119
0.6327278670153157,0.8822968167230463,0.3470648826653684
0.6327278670153157,0.8823835545147021,0.3470436706551971
0.6330080313784087,0.8823835545147021,0.3468893609065112
0.6330080313784087,0.8825570300980137,0.3468098053426264
0.6330780724691819,0.8825570300980137,0.3467601585662505
0.6330780724691819,0.8826437678896696,0.3467523336731907
0.6335683601045947,0.8826437678896696,0.3464445018566837
0.6335683601045947,0.8827305056813254,0.3464424027518447
0.6337784833769144,0.8827305056813254,0.3462960218922085
0.6337784833769144,0.8828172434729812,0.3462890831045475
0.6338251774374299,0.8828172434729812,0.3462844993975185
0.6338251774374299,0.882903981264637,0.346267689587162
0.6340119536794919,0.882903981264637,0.3461582216449153
0.6340119536794919,0.8829907190562928,0.3461502356789074
0.6344088531938737,0.8829907190562928,0.3459515142520315
0.6344088531938737,0.8830774568479487,0.3459437576631324
0.6353894284646993,0.8830774568479487,0.3455591252304782
0.6353894284646993,0.8831641946396045,0.3455590832463798
0.6357629809488233,0.8831641946396045,0.3453500646684524
0.6357629809488233,0.8832509324312603,0.3453374191512429
0.6357863279790811,0.8832509324312603,0.3453353351736323
0.6357863279790811,0.8833376702229161,0.3453351559237647
0.6358797161001121,0.8833376702229161,0.3452880766336883
0.6358797161001121,0.8834244080145719,0.3452482897358009
0.6360197982816586,0.8834244080145719,0.3451764987436704
0.6360197982816586,0.8835111458062278,0.3451679739909553
0.636159880463205,0.8835111458062278,0.3450611740141668
0.636159880463205,0.8835978835978836,0.3449879294593766
0.636253268584236,0.8835978835978836,0.3449626461223988
0.636253268584236,0.8836846213895394,0.3449190562655672
0.6364166977960404,0.8836846213895394,0.3448791926747431
0.6364166977960404,0.8837713591811952,0.3448693620814231
0.6366268210683601,0.8837713591811952,0.3448032855681503
0.6366268210683601,0.8838580969728511,0.344777434747207
0.6367435562196488,0.8838580969728511,0.3447367896060177
0.6367435562196488,0.8839448347645069,0.3447300986691822
0.6373739260366081,0.8839448347645069,0.3442817114993409
0.6373739260366081,0.8840315725561627,0.3442755225861666
0.6374906611878969,0.8840315725561627,0.3441892372158172
0.6374906611878969,0.8841183103478185,0.3441862390120686
0.6375373552484124,0.8841183103478185,0.3441800573219262
0.6375373552484124,0.8842050481394743,0.3441398201434799
0.6376073963391856,0.8842050481394743,0.3441102236530323
0.6376073963391856,0.8842917859311302,0.3440935198555259
0.6377941725812477,0.8842917859311302,0.343986728226294
0.6377941725812477,0.884378523722786,0.3439703038643226
0.6382144191258872,0.884378523722786,0.3436555942450653
0.6382144191258872,0.8844652615144418,0.3436256533921193
0.6383778483376914,0.8844652615144418,0.3435307065926551
0.6383778483376914,0.8845519993060976,0.3435202687933067
0.6384478894284648,0.8845519993060976,0.343473978577833
0.6384478894284648,0.8846387370977535,0.3434562198043446
0.6385412775494957,0.8846387370977535,0.3434240162857622
0.6385412775494957,0.8847254748894093,0.3434221523393662
0.6386580127007845,0.8847254748894093,0.3433811756833335
0.6386580127007845,0.8848122126810651,0.3433168935635268
0.6388681359731042,0.8848122126810651,0.3432188153472804
0.6388681359731042,0.8849856882643767,0.3431330330208531
0.638891483003362,0.8849856882643767,0.3431137284776957
0.638891483003362,0.8850724260560326,0.3431026151459398
0.6390082181546507,0.8850724260560326,0.343048660644891
0.6390082181546507,0.8851591638476884,0.343036379309667
0.6393117295480015,0.8851591638476884,0.3429133963964724
0.6393117295480015,0.8852459016393442,0.3428795179583767
0.6398487112439297,0.8852459016393442,0.3425393343367386
0.6398487112439297,0.885332639431,0.3425390690126596
0.6398720582741875,0.885332639431,0.3425350373949239
0.6398720582741875,0.885419377222656,0.3425300210023442
0.6399420993649608,0.885419377222656,0.342485612852646
0.6399420993649608,0.8855061150143118,0.3424813059738213
0.6401055285767651,0.8855061150143118,0.3423995828246142
0.6401055285767651,0.8855928528059676,0.3423930923046789
0.6402222637280538,0.8855928528059676,0.3423712439496675
0.6402222637280538,0.8856795905976234,0.3423546561134437
0.6404557340306313,0.8856795905976234,0.3422394139531755
0.6404557340306313,0.8858530661809351,0.3422376239204489
0.6407592454239821,0.8858530661809351,0.3420859404927509
0.6407592454239821,0.8859398039725909,0.3420656395281782
0.6408292865147553,0.8859398039725909,0.3420546695722585
0.6408292865147553,0.8860265417642467,0.3420462639297678
0.6410861038475906,0.8860265417642467,0.3419605316849085
0.6410861038475906,0.8861132795559025,0.3419551926170191
0.6411094508778483,0.8861132795559025,0.3419466999755733
0.6411094508778483,0.8862000173475584,0.341891732399201
0.6411794919686216,0.8862000173475584,0.3418573208330089
0.6411794919686216,0.88637349293087,0.3418334477514748
0.6415296974224879,0.88637349293087,0.3416308963190461
0.6415296974224879,0.8864602307225258,0.3416261502893218
0.6415530444527456,0.8864602307225258,0.3416221626607981
0.6415530444527456,0.8865469685141816,0.3416077968152641
0.6415997385132611,0.8865469685141816,0.3416042363042578
0.6415997385132611,0.8866337063058375,0.3415994538533673
0.6420666791184161,0.8866337063058375,0.3413822926504458
0.6420666791184161,0.8867204440974933,0.3413631711611441
0.6423468434815092,0.8867204440974933,0.3412877446006481
0.6423468434815092,0.8868071818891491,0.3412876569668323
0.6424869256630557,0.8868071818891491,0.3412036765357773
0.6424869256630557,0.8868939196808049,0.3412032102336868
0.6426270078446021,0.8868939196808049,0.3411602445284496
0.6426270078446021,0.8870673952641166,0.3411473531051134
0.6427203959656331,0.8870673952641166,0.3411162181205373
0.6427203959656331,0.8871541330557724,0.3411130279736362
0.6429538662682107,0.8871541330557724,0.3410404651157079
0.6429538662682107,0.887327608639084,0.3410275555750797
0.643023907358984,0.887327608639084,0.3409805485518987
0.643023907358984,0.8874143464307399,0.3409632448186445
0.6430706014194995,0.8874143464307399,0.3409352065768717
0.6430706014194995,0.8875010842223957,0.3409296633591149
0.6431873365707882,0.8875010842223957,0.3408797415960312
0.6431873365707882,0.8875878220140515,0.3408763081035061
0.64358423608517,0.8875878220140515,0.3406884437731677
0.64358423608517,0.8876745598057073,0.3406824475083663
0.6436075831154278,0.8876745598057073,0.3406676980892424
0.6436075831154278,0.8877612975973632,0.3406575690697589
0.644144564811356,0.8877612975973632,0.3403955227134143
0.644144564811356,0.8879347731806748,0.3403600330099011
0.6442612999626448,0.8879347731806748,0.3403145662783777
0.6442612999626448,0.8880215109723306,0.3402851373751332
0.6443546880836758,0.8880215109723306,0.3402488484589527
0.6443546880836758,0.8881082487639864,0.3402268251536834
0.6444013821441913,0.8881082487639864,0.3401952412653801
0.6444013821441913,0.8881949865556423,0.3401832973072909
0.64451811729548,0.8881949865556423,0.3401448558590964
0.64451811729548,0.8882817243472981,0.3401414325309264
0.6445648113559955,0.8882817243472981,0.3401107734433508
0.6445648113559955,0.8883684621389539,0.3400884933168526
0.644611505416511,0.8883684621389539,0.3400655755643511
0.644611505416511,0.8884551999306097,0.3400447961915934
0.6448683227493462,0.8884551999306097,0.3398851757282026
0.6448683227493462,0.8885419377222656,0.3398752569459365
0.6449383638401195,0.8885419377222656,0.3398535885281101
0.6449383638401195,0.8886286755139214,0.3398487172730317
0.644985057900635,0.8886286755139214,0.3398400833409761
0.644985057900635,0.8887154133055772,0.3398395634456537
0.645545386626821,0.8887154133055772,0.3396412204340588
0.645545386626821,0.888802151097233,0.3396389405530542
0.6461290623832648,0.888802151097233,0.3393361879424867
0.6461290623832648,0.8888888888888888,0.3392878854174296
0.6463858797161001,0.8888888888888888,0.339127589993922
0.6463858797161001,0.8889756266805448,0.3391256521989363
0.6466193500186777,0.8889756266805448,0.3390177308901336
0.6466193500186777,0.8890623644722006,0.339000822590633
0.6467360851699664,0.8890623644722006,0.3389410670873788
0.6467360851699664,0.8891491022638564,0.3389209796870683
0.6469462084422861,0.8891491022638564,0.3388651105448551
0.6469462084422861,0.8892358400555122,0.338864349563282
0.6474131490474412,0.8892358400555122,0.3385946445911009
0.6474131490474412,0.8893225778471681,0.3385898028554118
0.6474598431079567,0.8893225778471681,0.3385671330830631
0.6474598431079567,0.8894093156388239,0.3385526220208109
0.6476466193500187,0.8894093156388239,0.3384702721053715
0.6476466193500187,0.8894960534304797,0.3384657336560271
0.6476699663802764,0.8894960534304797,0.3384510929661083
0.6476699663802764,0.8895827912221355,0.3384456144837897
0.6482536421367202,0.8895827912221355,0.3381941840842163
0.6482536421367202,0.8896695290137913,0.3381764008526081
0.6485104594695554,0.8896695290137913,0.3380457869488915
0.6485104594695554,0.8897562668054472,0.3380435475213236
0.6485338064998132,0.8897562668054472,0.3380289331044969
0.6485338064998132,0.889843004597103,0.3380247704464167
0.6487672768023908,0.889843004597103,0.3378682569135629
0.6487672768023908,0.8899297423887588,0.3378657188318044
0.6489073589839373,0.8899297423887588,0.3378044893109261
0.6489073589839373,0.8900164801804146,0.3377981364670986
0.6490474411654837,0.8900164801804146,0.3376955919741081
0.6490474411654837,0.8901032179720705,0.3376948148653559
0.6494676877101233,0.8901032179720705,0.3374836448071594
0.6494676877101233,0.8901899557637263,0.3374523780057453
0.6500280164363093,0.8901899557637263,0.3371838672857058
0.6500280164363093,0.8902766935553821,0.3371702886979086
0.6502147926783713,0.8902766935553821,0.3370006900833348
0.6502147926783713,0.8903634313470379,0.3369732617053325
0.6502614867388868,0.8903634313470379,0.3369342736025769
0.6502614867388868,0.8904501691386937,0.3369149256030187
0.6507751214045573,0.8904501691386937,0.3365095732286164
0.6507751214045573,0.8905369069303496,0.3364910129293816
0.6508218154650729,0.8905369069303496,0.3364791463345881
0.6508218154650729,0.8906236447220054,0.3364696898772332
0.6508685095255884,0.8906236447220054,0.3364356685191625
0.6508685095255884,0.8907103825136612,0.3364308809342533
0.6508918565558461,0.8907103825136612,0.3364201929338625
0.6508918565558461,0.890797120305317,0.3364180341617789
0.6509385506163616,0.890797120305317,0.3363958898814166
0.6509385506163616,0.8908838580969729,0.3363932470920381
0.6511253268584236,0.8908838580969729,0.3363093609715644
0.6511253268584236,0.8909705958886287,0.3363055776898576
0.6512420620097124,0.8909705958886287,0.3362815203956327
0.6512420620097124,0.8910573336802845,0.336279524671115
0.6514054912215166,0.8910573336802845,0.3361321714765012
0.6514054912215166,0.8911440714719403,0.3361309292883565
0.6515222263728053,0.8911440714719403,0.3360834562390394
0.6515222263728053,0.8912308092635961,0.3360717867557538
0.6517090026148674,0.8912308092635961,0.3359983971815208
0.6517090026148674,0.8914042848469078,0.3359771799288576
0.6518257377661562,0.8914042848469078,0.3359044276783832
0.6518257377661562,0.8914910226385636,0.3358814716179377
0.6520358610384759,0.8914910226385636,0.3358102528317072
0.6520358610384759,0.8915777604302194,0.3357845954493953
0.652502801643631,0.8915777604302194,0.3355550560033402
0.652502801643631,0.8916644982218753,0.3355424109761999
0.6525261486738887,0.8916644982218753,0.3355389169487236
0.6525261486738887,0.8917512360135311,0.335526335804809
0.6525728427344042,0.8917512360135311,0.3355137920878912
0.6525728427344042,0.8918379738051869,0.3354839533178875
0.6526895778856929,0.8918379738051869,0.3354307809904565
0.6526895778856929,0.8920114493884985,0.3353996337749305
0.6527362719462084,0.8920114493884985,0.3353826827624037
0.6527362719462084,0.892271662763466,0.3353436531998488
0.6527596189764662,0.892271662763466,0.3353332465383219
0.6527596189764662,0.8924451383467777,0.3353122276700174
0.6530164363093015,0.8924451383467777,0.3352080181969815
0.6530164363093015,0.8926186139300893,0.3351676256106848
0.6532032125513635,0.8926186139300893,0.3350821477124427
0.6532032125513635,0.8927053517217451,0.3350356225603281
0.653623459096003,0.8927053517217451,0.3349112271192195
0.653623459096003,0.8927920895134009,0.3349002939661627
0.653716847217034,0.8927920895134009,0.3348666488861698
0.653716847217034,0.8928788273050569,0.3348663386403725
0.6539736645498693,0.8928788273050569,0.3347497344574113
0.6539736645498693,0.8929655650967127,0.334744012366754
0.653997011580127,0.8929655650967127,0.3347330781222746
0.653997011580127,0.8930523028883685,0.3347326720961835
0.6540670526709003,0.8930523028883685,0.3347154972636328
0.6540670526709003,0.8931390406800243,0.3346953087115607
0.6541137467314158,0.8931390406800243,0.334653524317586
0.6541137467314158,0.8932257784716802,0.3346433212687784
0.654183787822189,0.8932257784716802,0.3346037663039961
0.654183787822189,0.893312516263336,0.3345863491617868
0.6542071348524467,0.893312516263336,0.334583376716849
0.6542071348524467,0.8933992540549918,0.3345813769086563
0.6544172581247665,0.8933992540549918,0.3344646756492192
0.6544172581247665,0.8934859918466476,0.3344646504842591
0.6544872992155398,0.8934859918466476,0.3344535762252075
0.6544872992155398,0.8935727296383034,0.3344456112574068
0.6547674635786328,0.8935727296383034,0.3343494836126017
0.6547674635786328,0.8937462052216151,0.3343170610433136
0.654930892790437,0.8937462052216151,0.3342389292131842
0.654930892790437,0.8938329430132709,0.3342199294085314
0.6550009338812103,0.8938329430132709,0.3341939290898241
0.6550009338812103,0.8939196808049267,0.3341823787232185
0.655117669032499,0.8939196808049267,0.3340981634025753
0.655117669032499,0.8940064185965826,0.3340893881225453
0.6551410160627568,0.8940064185965826,0.3340860438181957
0.6551410160627568,0.8940931563882384,0.3340811900925998
0.6552110571535301,0.8940931563882384,0.3340283918863462
0.6552110571535301,0.8941798941798942,0.3340218452767268
0.6557713858797161,0.8941798941798942,0.3337330527922996
0.6557713858797161,0.89426663197155,0.3337248590500408
0.655864774000747,0.89426663197155,0.3336795483459527
0.655864774000747,0.8943533697632058,0.3336701438944848
0.6559114680612627,0.8943533697632058,0.3336201496289166
0.6559114680612627,0.8945268453465175,0.3335588217803352
0.6559348150915204,0.8945268453465175,0.3335504650631601
0.6559348150915204,0.8946135831381733,0.3335176495392707
0.6559815091520359,0.8946135831381733,0.3335087755926156
0.6559815091520359,0.8947003209298291,0.3335005395787691
0.6564017556966754,0.8947003209298291,0.3332263879039596
0.6564017556966754,0.8947870587214849,0.3332239068906935
0.6567753081807994,0.8947870587214849,0.3330173442937097
0.6567753081807994,0.8948737965131408,0.3330157719889287
0.6567986552110572,0.8948737965131408,0.3330092928357285
0.6567986552110572,0.8949605343047966,0.3329959262541268
0.6568453492715727,0.8949605343047966,0.3329947522860895
0.6568453492715727,0.8950472720964524,0.3329725522281966
0.6568920433320882,0.8950472720964524,0.3329521150659541
0.6568920433320882,0.8951340098881082,0.3329320550901784
0.6574523720582742,0.8951340098881082,0.3325322128713134
0.6574523720582742,0.8953074854714199,0.3325065333394421
0.657569107209563,0.8953074854714199,0.3324267600743961
0.657569107209563,0.8953942232630757,0.3324187386896426
0.6581994770265223,0.8953942232630757,0.3320988031098491
0.6581994770265223,0.8954809610547315,0.3320884295907156
0.6583629062383265,0.8954809610547315,0.3320173658892066
0.6583629062383265,0.8955676988463873,0.3320107455557884
0.6583862532685842,0.8955676988463873,0.3319991543876107
0.6583862532685842,0.8956544366380432,0.3319847797982311
0.658409600298842,0.8956544366380432,0.3319758650036062
0.658409600298842,0.895741174429699,0.3319665939037522
0.658596376540904,0.895741174429699,0.3318317027067097
0.658596376540904,0.8958279122213548,0.3318235360750362
0.6586664176316772,0.8958279122213548,0.3317930849094084
0.6586664176316772,0.8959146500130106,0.3317894647249654
0.6588064998132238,0.8959146500130106,0.3317104663697355
0.6588064998132238,0.8960013878046665,0.3317014042504308
0.658876540903997,0.8960013878046665,0.331673021188364
0.658876540903997,0.8960881255963223,0.3316713275253106
0.6588998879342548,0.8960881255963223,0.3316322622324644
0.6588998879342548,0.8961748633879781,0.3316084258208838
0.6589465819947703,0.8961748633879781,0.3315847911802163
0.6589465819947703,0.8962616011796339,0.3315832928092485
0.6591333582368323,0.8962616011796339,0.331473718132995
0.6591333582368323,0.8963483389712897,0.3314629380990996
0.6592734404183788,0.8963483389712897,0.3313737094678676
0.6592734404183788,0.8965218145546014,0.3313689046137791
0.6593668285394098,0.8965218145546014,0.3313379762483014
0.6593668285394098,0.8966085523462572,0.3313263863411474
0.6595769518117296,0.8966085523462572,0.3312092783663802
0.6595769518117296,0.896695290137913,0.3311775501090986
0.6604874859917819,0.896695290137913,0.3308362407731554
0.6604874859917819,0.8968687657212248,0.3308267062719146
0.6605341800522974,0.8968687657212248,0.3307945137406588
0.6605341800522974,0.8969555035128806,0.3307877451054658
0.6610945087784834,0.8969555035128806,0.3305823447260152
0.6610945087784834,0.8970422413045364,0.3305796910449116
0.6613980201718341,0.8970422413045364,0.3304558165199542
0.6613980201718341,0.8972157168878481,0.3304479062697943
0.6614914082928651,0.8972157168878481,0.3303888914720355
0.6614914082928651,0.8973024546795039,0.3303432869145175
0.6615847964138961,0.8973024546795039,0.3303049472347091
0.6615847964138961,0.8973891924711597,0.3302923823979302
0.6616081434441539,0.8973891924711597,0.330289628633162
0.6616081434441539,0.8974759302628155,0.3302815904548458
0.661888307807247,0.8974759302628155,0.3301274343385297
0.661888307807247,0.8975626680544714,0.3301269361680568
0.6619116548375047,0.8975626680544714,0.330111468818886
0.6619116548375047,0.8976494058461272,0.3300862099091344
0.6619583488980202,0.8976494058461272,0.3300754375678308
0.6619583488980202,0.897736143637783,0.3300656815709705
0.6619816959282779,0.897736143637783,0.3300623172628668
0.6619816959282779,0.8978228814294388,0.3300620180752275
0.6620750840493089,0.8978228814294388,0.3300175035395767
0.6620750840493089,0.8979096192210946,0.3299802709240075
0.6623319013821442,0.8979096192210946,0.3298631549161394
0.6623319013821442,0.8979963570127505,0.3298619456575916
0.6625653716847217,0.8979963570127505,0.3297228470188721
0.6625653716847217,0.8980830948044063,0.3297224853735572
0.6627754949570415,0.8980830948044063,0.3296027580105054
0.6627754949570415,0.8982565703877179,0.3295878807142717
0.6635225999252895,0.8982565703877179,0.3291836740594653
0.6635225999252895,0.8983433081793738,0.3291655266399623
0.6640595816212178,0.8983433081793738,0.3288769653721241
0.6640595816212178,0.8984300459710296,0.3288661901894851
0.6642463578632798,0.8984300459710296,0.3288259952923158
0.6642463578632798,0.8985167837626854,0.3288107761502639
0.6648533806499813,0.8985167837626854,0.3285213787824582
0.6648533806499813,0.8986035215543412,0.3285192906638439
0.6648767276802391,0.8986035215543412,0.3285134437802071
0.6648767276802391,0.898690259345997,0.3284948120791481
0.6649234217407546,0.898690259345997,0.3284910973139168
0.6649234217407546,0.8987769971376529,0.3284656731898155
0.6650401568920433,0.8987769971376529,0.3284142599301054
0.6650401568920433,0.8988637349293087,0.3283692928769677
0.6650635039223011,0.8988637349293087,0.3283619995571112
0.6650635039223011,0.8989504727209645,0.3283593289471825
0.6651568920433321,0.8989504727209645,0.328280336524303
0.6651568920433321,0.8990372105126203,0.3282748080848715
0.6652269331341053,0.8990372105126203,0.3282207212093234
0.6652269331341053,0.899210686095932,0.3282150449715387
0.6656238326484871,0.899210686095932,0.3280777624072177
0.6656238326484871,0.8992974238875878,0.3280769026119968
0.6656471796787449,0.8992974238875878,0.328074219958807
0.6656471796787449,0.8993841616792436,0.3280730789855229
0.6658106088905491,0.8993841616792436,0.3280291637454615
0.6658106088905491,0.8995576372625553,0.3280210464978438
0.6658573029510646,0.8995576372625553,0.3279934473227892
0.6658573029510646,0.8996443750542111,0.327984273801522
0.6662075084049309,0.8996443750542111,0.327823520098559
0.6662075084049309,0.8997311128458669,0.3278185019164614
0.6663242435562197,0.8997311128458669,0.3277781836235574
0.6663242435562197,0.8998178506375227,0.3277392648791085
0.6667211430706014,0.8998178506375227,0.3274381404314027
0.6667211430706014,0.8999045884291786,0.3274184730957903
0.6668845722824057,0.8999045884291786,0.3273369458676136
0.6668845722824057,0.8999913262208344,0.3273357263642883
0.666954613373179,0.8999913262208344,0.3272979761999967
0.666954613373179,0.9000780640124902,0.3272895241587753
0.6670246544639522,0.9000780640124902,0.3272756274502141
0.6670246544639522,0.900164801804146,0.3272738174112122
0.6671413896152409,0.900164801804146,0.3272279001984186
0.6671413896152409,0.9002515395958018,0.3272222861594701
0.6672581247665297,0.9002515395958018,0.3271869601673456
0.6672581247665297,0.9003382773874578,0.3271734496139377
0.6674215539783339,0.9003382773874578,0.3270868055654745
0.6674215539783339,0.9005984907624252,0.3270859338326356
0.667608330220396,0.9005984907624252,0.3269797322111817
0.667608330220396,0.9006852285540811,0.3269706627623476
0.6677250653716847,0.9006852285540811,0.3268822756052978
0.6677250653716847,0.9007719663457368,0.3268587640574379
0.6679585356742622,0.9007719663457368,0.3267219919593683
0.6679585356742622,0.9009454419290484,0.3267124528656367
0.6687523347030258,0.9009454419290484,0.326173149225813
0.6687523347030258,0.9011189175123602,0.3261630570232395
0.6691025401568921,0.9011189175123602,0.3259084538619904
0.6691025401568921,0.901205655304016,0.3258856671927684
0.6691492342174076,0.901205655304016,0.3258679047265318
0.6691492342174076,0.9012923930956718,0.3258618339759578
0.6696395218528203,0.9012923930956718,0.3256145909033462
0.6696395218528203,0.9013791308873276,0.3255957257208038
0.6701298094882331,0.9013791308873276,0.325268295385923
0.6701298094882331,0.9014658686789836,0.3252655489475058
0.6703165857302951,0.9014658686789836,0.3252213469755888
0.6703165857302951,0.9015526064706392,0.3252159870537182
0.6704566679118417,0.9015526064706392,0.3251506478832773
0.6704566679118417,0.9018128198456068,0.3250953698660156
0.6705033619723572,0.9018128198456068,0.3250864585867891
0.6705033619723572,0.9020730332205742,0.3250707593659735
0.6707134852446769,0.9020730332205742,0.324952492087335
0.6707134852446769,0.90215977101223,0.3249351215218631
0.6708302203959656,0.90215977101223,0.3249029715391703
0.6708302203959656,0.9024199843871976,0.3248630409997439
0.6708535674262234,0.9024199843871976,0.3248449648664964
0.6708535674262234,0.9025067221788532,0.3248440493747265
0.6711570788195742,0.9025067221788532,0.3247205977504279
0.6711570788195742,0.9025934599705092,0.3247004622637001
0.6713438550616362,0.9025934599705092,0.324514939797117
0.6713438550616362,0.902680197762165,0.3245130202649054
0.6714372431826672,0.902680197762165,0.3244649293345149
0.6714372431826672,0.9027669355538208,0.3244434100200699
0.6716707134852447,0.9027669355538208,0.3242937400095498
0.6716707134852447,0.9029404111371324,0.3242306839253688
0.6720909600298842,0.9029404111371324,0.3240642331553027
0.6720909600298842,0.9030271489287884,0.32405653477898
0.6725112065745237,0.9030271489287884,0.3238009137168951
0.6725112065745237,0.903113886720444,0.3238004271368974
0.6727213298468435,0.903113886720444,0.323634058623564
0.6727213298468435,0.9032006245121,0.3236268160377229
0.673141576391483,0.9032006245121,0.3234711755024182
0.673141576391483,0.9032873623037556,0.3234599320949151
0.6732816585730295,0.9032873623037556,0.3233977845598448
0.6732816585730295,0.9033741000954116,0.3233951088795744
0.6738186402689578,0.9033741000954116,0.3230411018409326
0.6738186402689578,0.9034608378870674,0.323021991211417
0.6741221516623086,0.9034608378870674,0.3228873239362224
0.6741221516623086,0.9035475756787232,0.3228833803454866
0.6742388868135973,0.9035475756787232,0.3228243861365415
0.6742388868135973,0.903634313470379,0.3227933259521585
0.6745190511766903,0.903634313470379,0.3225861067143019
0.6745190511766903,0.9037210512620348,0.3225777592913228
0.6745890922674636,0.9037210512620348,0.3225536511645331
0.6745890922674636,0.9038077890536907,0.3225453756391606
0.6749392977213299,0.9038077890536907,0.3223922165612209
0.6749392977213299,0.9038945268453464,0.3223776318364529
0.6749626447515876,0.9038945268453464,0.3223671036206282
0.6749626447515876,0.9039812646370023,0.3223535249001034
0.6750560328726186,0.9039812646370023,0.3223069639045831
0.6750560328726186,0.904068002428658,0.3222616889669372
0.6752428091146806,0.904068002428658,0.3221413386805135
0.6752428091146806,0.904154740220314,0.322129421872887
0.6754295853567426,0.904154740220314,0.3220080833909821
0.6754295853567426,0.9043282158036255,0.3219982372418171
0.6759899140829286,0.9043282158036255,0.3217390629909563
0.6759899140829286,0.9044149535952816,0.3216995946810352
0.6762700784460217,0.9044149535952816,0.3215137704895623
0.6762700784460217,0.9045016913869371,0.3215127202436334
0.6763167725065372,0.9045016913869371,0.3215028274062652
0.6763167725065372,0.9045884291785932,0.321502577960543
0.676340119536795,0.9045884291785932,0.3214931816188567
0.676340119536795,0.9047619047619048,0.3214671138753716
0.6763634665670527,0.9047619047619048,0.3214486887807247
0.6763634665670527,0.9048486425535606,0.3214435602138515
0.6763868135973105,0.9048486425535606,0.3214331578245882
0.6763868135973105,0.9049353803452164,0.3214216334031187
0.6765969368696302,0.9049353803452164,0.3213271775628987
0.6765969368696302,0.9050221181368724,0.3213112964922761
0.6768537542024654,0.9050221181368724,0.3211950153879722
0.6768537542024654,0.905108855928528,0.3211797432389092
0.6773440418378782,0.905108855928528,0.3209111979985893
0.6773440418378782,0.905195593720184,0.3209089786578203
0.6774841240194247,0.905195593720184,0.3208564842797426
0.6774841240194247,0.9052823315118396,0.3208502742014028
0.678021105715353,0.9052823315118396,0.3206467267565266
0.678021105715353,0.9053690693034956,0.3206446719264674
0.6781611878968995,0.9053690693034956,0.3205938820109107
0.6781611878968995,0.9054558070951514,0.3205828306523691
0.6785113933507658,0.9054558070951514,0.3204164142188218
0.6785113933507658,0.9055425448868072,0.3204089927930538
0.6786981695928278,0.9055425448868072,0.3202342481176261
0.6786981695928278,0.905629282678463,0.3202190686230479
0.6787215166230856,0.905629282678463,0.320213490197315
0.6787215166230856,0.9057160204701188,0.3202124107700738
0.6788149047441165,0.9057160204701188,0.3201216077899304
0.6788149047441165,0.9058027582617748,0.3201201743779192
0.6792118042584984,0.9058027582617748,0.3199253491160452
0.6792118042584984,0.9058894960534304,0.3199061033805607
0.6793285394097871,0.9058894960534304,0.3198506566818306
0.6793285394097871,0.9059762338450864,0.3198268521356199
0.6794219275308181,0.9059762338450864,0.3198156351237756
0.6794219275308181,0.906062971636742,0.3197807037276241
0.6794452745610758,0.906062971636742,0.3197721030592881
0.6794452745610758,0.906149709428398,0.319755787621548
0.6795153156518491,0.906149709428398,0.3197354626939908
0.6795153156518491,0.9062364472200538,0.3197184120771276
0.6796553978333956,0.9062364472200538,0.3196676800745213
0.6796553978333956,0.9063231850117096,0.3196573846485264
0.6797487859544266,0.9063231850117096,0.3196107698072123
0.6797487859544266,0.9064099228033654,0.3196012635133836
0.6798421740754576,0.9064099228033654,0.3195456447347607
0.6798421740754576,0.9064966605950212,0.3195295186735154
0.6799355621964887,0.9064966605950212,0.3194963200174731
0.6799355621964887,0.9065833983866772,0.3194459025929884
0.6801690324990661,0.9065833983866772,0.319331069399043
0.6801690324990661,0.9067568739699888,0.3193072329387706
0.6802157265595816,0.9067568739699888,0.3192966482963044
0.6802157265595816,0.9068436117616444,0.3192643985617603
0.6802390735898394,0.9068436117616444,0.3192530728693799
0.6802390735898394,0.9069303495533004,0.3192301265305112
0.6807060141949944,0.9069303495533004,0.3188838576216046
0.6807060141949944,0.9070170873449562,0.3188819892390462
0.6813597310422115,0.9070170873449562,0.3183481457435999
0.6813597310422115,0.907103825136612,0.3183122552633428
0.681406425102727,0.907103825136612,0.3183042199613503
0.681406425102727,0.9071905629282678,0.3183003854179056
0.6814531191632425,0.9071905629282678,0.3182671808024657
0.6814531191632425,0.9072773007199236,0.3182622938947168
0.68168658946582,0.9072773007199236,0.3180527055587996
0.68168658946582,0.9073640385115797,0.3180473508561167
0.6817566305565932,0.9073640385115797,0.3179735846075272
0.6817566305565932,0.9074507763032352,0.3179700312142585
0.6817799775868509,0.9074507763032352,0.3179474692248896
0.6817799775868509,0.9075375140948913,0.3179469464048982
0.6822002241314905,0.9075375140948913,0.3177661185073573
0.6822002241314905,0.9076242518865468,0.317762023227031
0.6824803884945835,0.9076242518865468,0.3175965938019942
0.6824803884945835,0.9077109896782029,0.3175885473854358
0.6827372058274187,0.9077109896782029,0.317427534487168
0.6827372058274187,0.9078844652615145,0.3174048669265186
0.6830640642510273,0.9078844652615145,0.3172494795878829
0.6830640642510273,0.9079712030531704,0.3172412084277844
0.6831341053418005,0.9079712030531704,0.3172115577735945
0.6831341053418005,0.908057940844826,0.317155493934193
0.6831574523720583,0.908057940844826,0.3171447284850039
0.6831574523720583,0.908144678636482,0.3171089919452987
0.6834843107956667,0.908144678636482,0.31692465626999
0.6834843107956667,0.9082314164281378,0.3169235050605499
0.6835310048561823,0.9082314164281378,0.3168803398805909
0.6835310048561823,0.9083181542197936,0.3168799078699182
0.6835776989166978,0.9083181542197936,0.31685794499294
0.6835776989166978,0.9084048920114494,0.3168563192358589
0.6836010459469556,0.9084048920114494,0.3168396045417808
0.6836010459469556,0.9084916298031052,0.3168180233983866
0.6838111692192753,0.9084916298031052,0.3167211985814615
0.6838111692192753,0.9085783675947612,0.3166836232303509
0.6840913335823683,0.9085783675947612,0.3165588977662531
0.6840913335823683,0.9086651053864168,0.3165555509553932
0.6847450504295853,0.9086651053864168,0.3162146830127096
0.6847450504295853,0.9087518431780728,0.316210531667673
0.6852820321255136,0.9087518431780728,0.3159840642179023
0.6852820321255136,0.9088385809697284,0.3159770772205708
0.6854221143070601,0.9088385809697284,0.3159511025424129
0.6854221143070601,0.9089253187613844,0.315928491735303
0.6854454613373179,0.9089253187613844,0.3158970045786512
0.6854454613373179,0.9090120565530402,0.3158782527992436
0.6855621964886066,0.9090120565530402,0.3158403396698017
0.6855621964886066,0.909098794344696,0.3158395622235106
0.6859824430332462,0.909098794344696,0.3155974574391642
0.6859824430332462,0.9091855321363518,0.3155969639706438
0.6866128128502055,0.9091855321363518,0.3152551891570189
0.6866128128502055,0.9092722699280076,0.315253159044996
0.6870564064251027,0.9092722699280076,0.3150476892166033
0.6870564064251027,0.9093590077196636,0.3150419429022639
0.6874766529697423,0.9093590077196636,0.314847069026076
0.6874766529697423,0.9094457455113192,0.314846469714659
0.687686776242062,0.9094457455113192,0.3147018776014652
0.687686776242062,0.9095324833029752,0.3146934405646676
0.688247104968248,0.9095324833029752,0.314461283925217
0.688247104968248,0.9096192210946308,0.3144509850868379
0.6884105341800523,0.9096192210946308,0.3142715260098636
0.6884105341800523,0.9097059588862868,0.3142410006986319
0.6886206574523721,0.9097059588862868,0.3141548575548252
0.6886206574523721,0.9097926966779426,0.3141502358874319
0.6893911094508779,0.9097926966779426,0.3138040092059068
0.6893911094508779,0.9098794344695984,0.3137995536521684
0.6896479267837131,0.9098794344695984,0.3137553865577344
0.6896479267837131,0.9099661722612542,0.3137544937338209
0.6896946208442286,0.9099661722612542,0.3137325389191686
0.6896946208442286,0.91005291005291,0.3137259164528454
0.6900681733283527,0.91005291005291,0.3135424546809293
0.6900681733283527,0.9102263856362216,0.3135210453325658
0.6902782966006724,0.9102263856362216,0.3134137546260294
0.6902782966006724,0.9103131234278776,0.3134132234591316
0.6903016436309302,0.9103131234278776,0.3134081977846186
0.6903016436309302,0.9103998612195332,0.3133972450909226
0.6903249906611879,0.9103998612195332,0.3133935072438821
0.6903249906611879,0.9104865990111892,0.3133790573426558
0.6905117669032499,0.9104865990111892,0.3132602829772424
0.6905117669032499,0.9106600745945008,0.3132052272860485
0.6906985431453119,0.9106600745945008,0.3130293298372515
0.6906985431453119,0.9107468123861566,0.3130277771624282
0.6908152782966007,0.9107468123861566,0.3129918599499008
0.6908152782966007,0.9108335501778124,0.312979896075593
0.6908619723571162,0.9108335501778124,0.3129756242462929
0.6908619723571162,0.9109202879694684,0.3129732495155396
0.690978707508405,0.9109202879694684,0.3128874717025828
0.690978707508405,0.911007025761124,0.3128316602810389
0.6912121778109824,0.911007025761124,0.3126886848691366
0.6912121778109824,0.91109376355278,0.3126882950322678
0.6913055659320134,0.91109376355278,0.3126482716486315
0.6913055659320134,0.9111805013444356,0.3126388658166815
0.6915156892043333,0.9111805013444356,0.3125692822656709
0.6915156892043333,0.9112672391360916,0.3125635244565905
0.692099364960777,0.9112672391360916,0.3121173519360548
0.692099364960777,0.9113539769277474,0.3121146523721917
0.6927997758685095,0.9113539769277474,0.3117346600317032
0.6927997758685095,0.9114407147194032,0.3117303034275076
0.6928231228987672,0.9114407147194032,0.3117221616806486
0.6928231228987672,0.9116141903027148,0.3116939752503908
0.6928698169592827,0.9116141903027148,0.3116867876771155
0.6928698169592827,0.9117009280943708,0.3116823629664067
0.6929865521105716,0.9117009280943708,0.3116588808797282
0.6929865521105716,0.9117876658860266,0.3116332904925317
0.693406798655211,0.9117876658860266,0.3113465053304136
0.693406798655211,0.9118744036776824,0.3113403344552001
0.6944107209562944,0.9118744036776824,0.3107399979951394
0.6944107209562944,0.9119611414693382,0.3107331994734829
0.6944340679865522,0.9119611414693382,0.3107305499113023
0.6944340679865522,0.912047879260994,0.3107276974174161
0.6945974971983564,0.912047879260994,0.3106185728163119
0.6945974971983564,0.91213461705265,0.3106016932536519
0.6948076204706761,0.91213461705265,0.310514514832972
0.6948076204706761,0.9122213548443056,0.3105074110720244
0.6953679491968622,0.9122213548443056,0.3102072966498019
0.6953679491968622,0.9123080926359616,0.3102050487788444
0.6956014194994397,0.9123080926359616,0.310105311265532
0.6956014194994397,0.9123948304276172,0.3100955410229308
0.6956481135599552,0.9123948304276172,0.3100825635628567
0.6956481135599552,0.912568306010929,0.3100675305815871
0.6956714605902129,0.912568306010929,0.3100608854091519
0.6956714605902129,0.9126550438025848,0.310059743379234
0.6956948076204706,0.9126550438025848,0.3100417009857903
0.6956948076204706,0.9127417815942406,0.310037145693542
0.6957648487112439,0.9127417815942406,0.3099709138879439
0.6957648487112439,0.9128285193858964,0.3099430467889131
0.6957881957415016,0.9128285193858964,0.3099341555264794
0.6957881957415016,0.9129152571775524,0.3099281261823983
0.6958348898020171,0.9129152571775524,0.3098966678025466
0.6958348898020171,0.913001994969208,0.3098911931041498
0.6961617482256257,0.913001994969208,0.3097378840429784
0.6961617482256257,0.913088732760864,0.3097298211275633
0.6967687710123273,0.913088732760864,0.3094787633245819
0.6967687710123273,0.9131754705525196,0.3094745900369788
0.6972824056779977,0.9131754705525196,0.3091945849729545
0.6972824056779977,0.9132622083441756,0.3091906994547652
0.6979828165857302,0.9132622083441756,0.3087592411223657
0.6979828165857302,0.9133489461358314,0.3087487951921506
0.6981462457975346,0.9133489461358314,0.3086382300397309
0.6981462457975346,0.9134356839274872,0.3085957697835836
0.6981929398580501,0.9134356839274872,0.3085906850076102
0.6981929398580501,0.913522421719143,0.3085885204888204
0.6982629809488233,0.913522421719143,0.3085644336060599
0.6982629809488233,0.9136091595107988,0.308540195546242
0.6984497571908853,0.9136091595107988,0.308480192262708
0.6984497571908853,0.9136958973024548,0.3084516233588839
0.6984964512514008,0.9136958973024548,0.3084097221786288
0.6984964512514008,0.9137826350941104,0.3083511375509635
0.6990100859170714,0.9137826350941104,0.308127776314301
0.6990100859170714,0.9138693728857664,0.3081233924169649
0.6992202091893911,0.9138693728857664,0.3080506832375497
0.6992202091893911,0.913956110677422,0.3080386515044852
0.6999673141576391,0.913956110677422,0.307664290100072
0.6999673141576391,0.914042848469078,0.3076433519710388
0.7001307433694434,0.914042848469078,0.3075070102932038
0.7001307433694434,0.9141295862607338,0.3075037206212371
0.7002474785207322,0.9141295862607338,0.3074447207068473
0.7002474785207322,0.9142163240523896,0.3074019045971959
0.7003408666417632,0.9142163240523896,0.3073388754784708
0.7003408666417632,0.9143030618440454,0.3073100524464257
0.7011813597310422,0.9143030618440454,0.3069488777388204
0.7011813597310422,0.9143897996357012,0.3069219453352145
0.7014381770638775,0.9143897996357012,0.3068010915899267
0.7014381770638775,0.9144765374273572,0.3067996861008227
0.7015782592454239,0.9144765374273572,0.3067548116491716
0.7015782592454239,0.9146500130106688,0.3067178858227917
0.701951811729548,0.9146500130106688,0.3065951440439978
0.701951811729548,0.9147367508023244,0.3065922566915895
0.7023954053044452,0.9147367508023244,0.3063822477679396
0.7023954053044452,0.9148234885939804,0.306364794377858
0.7025121404557341,0.9148234885939804,0.3063056695259067
0.7025121404557341,0.914996964177292,0.3062221969042664
0.7026755696675383,0.914996964177292,0.3061754607431678
0.7026755696675383,0.9150837019689478,0.3061639810370031
0.7031191632424355,0.9150837019689478,0.3059561449839482
0.7031191632424355,0.9151704397606036,0.3059494842240128
0.7032825924542399,0.9151704397606036,0.3058610442763639
0.7032825924542399,0.9152571775522595,0.3058390956923431
0.7033526335450131,0.9152571775522595,0.3058242296365782
0.7033526335450131,0.9153439153439152,0.3058216033586509
0.7036327979081061,0.9153439153439152,0.3057162207122096
0.7036327979081061,0.9154306531355711,0.305701917861701
0.7037028389988793,0.9154306531355711,0.3056916649430367
0.7037028389988793,0.915517390927227,0.3056912636884333
0.7037962271199103,0.915517390927227,0.305662629020465
0.7037962271199103,0.9156041287188827,0.3056593989740598
0.7044499439671273,0.9156041287188827,0.3052380302362545
0.7044499439671273,0.9156908665105388,0.305231731861905
0.7045199850579006,0.9156908665105388,0.3051403794835415
0.7045199850579006,0.9157776043021943,0.3051195771936523
0.7047067612999627,0.9157776043021943,0.305071629559029
0.7047067612999627,0.9158643420938504,0.3050694851160973
0.7047534553604782,0.9158643420938504,0.305054677530003
0.7047534553604782,0.9159510798855062,0.3050523676762218
0.7050336197235711,0.9159510798855062,0.3049558755585589
0.7050336197235711,0.916037817677162,0.3049495840162389
0.7056873365707882,0.916037817677162,0.3046058151217671
0.7056873365707882,0.9161245554688178,0.3045646690661813
0.706271012327232,0.9161245554688178,0.3042408031920454
0.706271012327232,0.9162112932604736,0.3042018563994474
0.7064344415390362,0.9162112932604736,0.3041058448182839
0.7064344415390362,0.9162980310521294,0.3040974555873872
0.7065745237205827,0.9162980310521294,0.3039875575075129
0.7065745237205827,0.9164715066354412,0.3039291694183065
0.7065978707508405,0.9164715066354412,0.3039242415559784
0.7065978707508405,0.9165582444270968,0.303916905039943
0.7069480762047068,0.9165582444270968,0.3037238066550745
0.7069480762047068,0.9166449822187528,0.3037105556890606
0.707111505416511,0.9166449822187528,0.3036337500999269
0.707111505416511,0.9167317200104084,0.303620903011816
0.7075317519611506,0.9167317200104084,0.3033275072487816
0.7075317519611506,0.9168184578020644,0.3033128152651648
0.7081154277175943,0.9168184578020644,0.3028614440551616
0.7081154277175943,0.9169051955937202,0.3028608421870747
0.7081621217781098,0.9169051955937202,0.302853191636888
0.7081621217781098,0.916991933385376,0.3028383337405158
0.7081854688083675,0.916991933385376,0.3028373552341143
0.7081854688083675,0.9170786711770318,0.3028132243278874
0.7083022039596564,0.9170786711770318,0.3027294180995014
0.7083022039596564,0.9171654089686876,0.3027179204638318
0.7086057153530071,0.9171654089686876,0.3026030374131538
0.7086057153530071,0.9172521467603436,0.3025648706472537
0.7088391856555846,0.9172521467603436,0.3024047066222068
0.7088391856555846,0.9173388845519992,0.3024010391264599
0.7089092267463578,0.9173388845519992,0.3023643932740524
0.7089092267463578,0.9174256223436552,0.3023595500078984
0.7094228614120284,0.9174256223436552,0.302175870528854
0.7094228614120284,0.9175123601353108,0.3021640998918914
0.7094695554725439,0.9175123601353108,0.3021242236395156
0.7094695554725439,0.9175990979269668,0.3021203932577634
0.7099598431079567,0.9175990979269668,0.301760527924831
0.7099598431079567,0.9176858357186226,0.3017602499917224
0.7100298841987299,0.9176858357186226,0.3017082929684939
0.7100298841987299,0.9178593113019342,0.3016690562209367
0.7103100485618229,0.9178593113019342,0.3014273665541949
0.7103100485618229,0.91794604909359,0.3014078035081733
0.7104501307433695,0.91794604909359,0.3013570073784575
0.7104501307433695,0.9181195246769016,0.3013180504905316
0.7104734777736272,0.9181195246769016,0.3013171753555085
0.7104734777736272,0.9182062624685576,0.3013016227794839
0.7106135599551737,0.9182062624685576,0.3011941083134899
0.7106135599551737,0.9182930002602132,0.3011902876798612
0.7106369069854315,0.9182930002602132,0.3011710906524161
0.7106369069854315,0.9183797380518692,0.3011489557094143
0.710776989166978,0.9183797380518692,0.3010701408706948
0.710776989166978,0.918466475843525,0.3010662169032019
0.7108236832274935,0.918466475843525,0.3010580383976095
0.7108236832274935,0.9185532136351808,0.3010408138569211
0.7109170713485244,0.9185532136351808,0.3010082071058525
0.7109170713485244,0.9186399514268366,0.3010003268569592
0.7111738886813598,0.9186399514268366,0.3008280475080677
0.7111738886813598,0.9187266892184924,0.3007928150731704
0.7116408292865147,0.9187266892184924,0.3005098749963194
0.7116408292865147,0.9188134270101485,0.3004903022034723
0.7119209936496078,0.9188134270101485,0.3003283313544187
0.7119209936496078,0.91898690259346,0.3002945016318056
0.7119910347403811,0.91898690259346,0.3002713196786005
0.7119910347403811,0.9190736403851156,0.3002441149063117
0.7121544639521853,0.9190736403851156,0.3000789998973474
0.7121544639521853,0.9191603781767717,0.3000703803701621
0.712271199103474,0.9191603781767717,0.30003489142851
0.712271199103474,0.9192471159684276,0.3000297867059471
0.7128315278296601,0.9192471159684276,0.2997500948051732
0.7128315278296601,0.9193338537600833,0.2997363352955419
0.7130183040717221,0.9193338537600833,0.2996368043366503
0.7130183040717221,0.919420591551739,0.2996313475558908
0.7131583862532686,0.919420591551739,0.2995765157714334
0.7131583862532686,0.919507329343395,0.299520076790465
0.7133918565558461,0.919507329343395,0.2993959215113432
0.7133918565558461,0.9195940671350508,0.2993665000141196
0.7134152035861039,0.9195940671350508,0.2993647204799041
0.7134152035861039,0.9196808049267066,0.2993538632630773
0.7134618976466194,0.9196808049267066,0.2993317510147441
0.7134618976466194,0.9197675427183624,0.2993283847329229
0.7135786327979081,0.9197675427183624,0.2992842303346937
0.7135786327979081,0.919941018301674,0.2992412161141742
0.7139288382517743,0.919941018301674,0.2990612356307289
0.7139288382517743,0.92002775609333,0.2990495647739265
0.7146992902502801,0.92002775609333,0.2986458413654084
0.7146992902502801,0.9201144938849856,0.2986247826575092
0.7148393724318267,0.9201144938849856,0.2985849105633686
0.7148393724318267,0.9202879694682974,0.298579941854143
0.7149794546133732,0.9202879694682974,0.2985063445281227
0.7149794546133732,0.9203747072599532,0.2984882871721053
0.7152129249159507,0.9203747072599532,0.2983766113796248
0.7152129249159507,0.920461445051609,0.2983344156838211
0.7152596189764662,0.920461445051609,0.298294956869981
0.7152596189764662,0.9205481828432648,0.29824535908846
0.7154697422487859,0.9205481828432648,0.298159623070117
0.7154697422487859,0.9206349206349206,0.2981450329880581
0.7157032125513635,0.9206349206349206,0.2980456652580854
0.7157032125513635,0.9207216584265764,0.2980241754632965
0.7157732536421367,0.9207216584265764,0.2979960207236291
0.7157732536421367,0.9208083962182324,0.2979907752718403
0.7159600298841987,0.9208083962182324,0.2979438148331935
0.7159600298841987,0.920895134009888,0.2979323111307586
0.716403623459096,0.920895134009888,0.2976677597399221
0.716403623459096,0.920981871801544,0.2976449998211942
0.7164503175196115,0.920981871801544,0.2975928225055935
0.7164503175196115,0.9210686095931998,0.2975825836395042
0.716497011580127,0.9210686095931998,0.2975814725956299
0.716497011580127,0.9211553473848556,0.2975531442617927
0.716683787822189,0.9211553473848556,0.2974279929169735
0.716683787822189,0.9212420851765114,0.2974057167332639
0.7167538289129622,0.9212420851765114,0.2973813315518326
0.7167538289129622,0.9213288229681672,0.297379465424522
0.7168005229734777,0.9213288229681672,0.2973564917361876
0.7168005229734777,0.921415560759823,0.2973472309003664
0.717244116548375,0.921415560759823,0.2970034735859334
0.717244116548375,0.9215022985514788,0.297001383228305
0.7172908106088905,0.9215022985514788,0.2969807663644395
0.7172908106088905,0.9215890363431348,0.2969564715524765
0.7173841987299215,0.9215890363431348,0.2968957657074175
0.7173841987299215,0.9216757741347904,0.2968835605337463
0.7182013447889428,0.9216757741347904,0.2965079793606341
0.7182013447889428,0.9217625119264464,0.2964809919028304
0.7191819200597684,0.9217625119264464,0.2958080080247663
0.7191819200597684,0.9218492497181022,0.2957711963558512
0.7193686963018304,0.9218492497181022,0.2956789256780961
0.7193686963018304,0.921935987509758,0.2956574305844979
0.7194153903623459,0.921935987509758,0.2956242888495394
0.7194153903623459,0.9220227253014138,0.2956205582576928
0.7195554725438924,0.9220227253014138,0.2955141193275432
0.7195554725438924,0.9221094630930696,0.2954960189309025
0.7196255136346656,0.9221094630930696,0.2954563201488965
0.7196255136346656,0.9221962008847254,0.2954550878966816
0.7196488606649234,0.9221962008847254,0.2954201537511801
0.7196488606649234,0.9222829386763812,0.2954133091775509
0.7200224131490475,0.9222829386763812,0.2950925998775576
0.7200224131490475,0.9223696764680372,0.2950751695065078
0.7202091893911095,0.9223696764680372,0.2950009216904918
0.7202091893911095,0.9224564142596928,0.2949868052673569
0.7204660067239447,0.9224564142596928,0.2948582105486854
0.7204660067239447,0.9225431520513488,0.294849394463201
0.7205827418752335,0.9225431520513488,0.2947667996341401
0.7205827418752335,0.9226298898430046,0.2947648655858116
0.7206060889054913,0.9226298898430046,0.2947626775499636
0.7206060889054913,0.9227166276346604,0.2947450493641085
0.7216800522973478,0.9227166276346604,0.2941104214759796
0.7216800522973478,0.9228033654263162,0.2941078812502883
0.7217967874486365,0.9228033654263162,0.2940788216401507
0.7217967874486365,0.922890103217972,0.2940759948228884
0.7220536047814718,0.922890103217972,0.2938865443441509
0.7220536047814718,0.9229768410096278,0.2938769020030475
0.7220769518117296,0.9229768410096278,0.2938593709882541
0.7220769518117296,0.9230635788012838,0.2938456127808134
0.7222870750840493,0.9230635788012838,0.2937108283928845
0.7222870750840493,0.9231503165929396,0.2937083267469569
0.7226139335076578,0.9231503165929396,0.2935120380810552
0.7226139335076578,0.9232370543845954,0.2934971942637021
0.722683974598431,0.9232370543845954,0.2934736896338934
0.722683974598431,0.9234105299679072,0.2934359614185804
0.7233376914456481,0.9234105299679072,0.2931624657920361
0.7233376914456481,0.9234972677595628,0.2931525722175067
0.7233843855061636,0.9234972677595628,0.2931069797736156
0.7233843855061636,0.9235840055512188,0.2931007378622026
0.7237345909600299,0.9235840055512188,0.2928797775919165
0.7237345909600299,0.9236707433428744,0.2928774560062035
0.7238279790810609,0.9236707433428744,0.2928112974113794
0.7238279790810609,0.9237574811345304,0.2928016777722146
0.7238513261113186,0.9237574811345304,0.2927898111993851
0.7238513261113186,0.9238442189261862,0.2927867398087567
0.7239213672020919,0.9238442189261862,0.2927579419496694
0.7239213672020919,0.923930956717842,0.2927548614192681
0.7242715726559582,0.923930956717842,0.2925610920939172
0.7242715726559582,0.9240176945094978,0.2925584235962921
0.7246684721703399,0.9240176945094978,0.2922657032943317
0.7246684721703399,0.9241044323011536,0.2922494931751234
0.7252054538662682,0.9241044323011536,0.2918214924522733
0.7252054538662682,0.9241911700928096,0.2918055222182221
0.7253688830780725,0.9241911700928096,0.2916992532553294
0.7253688830780725,0.9242779078844652,0.2916939186144753
0.725415577138588,0.9242779078844652,0.2916707344931537
0.725415577138588,0.9243646456761212,0.291665137798149
0.7254389241688457,0.9243646456761212,0.2916545980605204
0.7254389241688457,0.9244513834677768,0.2916542210556523
0.7255556593201344,0.9244513834677768,0.2916063629314616
0.7255556593201344,0.9245381212594328,0.291570963605964
0.7258358236832275,0.9245381212594328,0.2914064918503447
0.7258358236832275,0.9246248590510886,0.29139772688523
0.7261393350765782,0.9246248590510886,0.2911902513306349
0.7261393350765782,0.9247115968427444,0.2911872954266099
0.7261860291370937,0.9247115968427444,0.2911701397562857
0.7261860291370937,0.9247983346344002,0.291159501197741
0.7262093761673515,0.9247983346344002,0.2911013828931753
0.7262093761673515,0.924885072426056,0.2910590846845848
0.7263961524094136,0.924885072426056,0.2909435222753818
0.7263961524094136,0.924971810217712,0.290932047266044
0.7271199103474039,0.924971810217712,0.2904491514378589
0.7271199103474039,0.9251452858010236,0.2904121468185584
0.7272132984684349,0.9251452858010236,0.2903722743765076
0.7272132984684349,0.9252320235926792,0.2903630561915032
0.7274934628315278,0.9252320235926792,0.2901966598082931
0.7274934628315278,0.9253187613843352,0.2901893833609009
0.7277269331341053,0.9253187613843352,0.2899974848237164
0.7277269331341053,0.9255789747593026,0.2899512427566554
0.7281004856182294,0.9255789747593026,0.2897323227874799
0.7281004856182294,0.9256657125509584,0.2897083574886989
0.7282172207695181,0.9256657125509584,0.2896692949890894
0.7282172207695181,0.9257524503426144,0.2896641476738106
0.7284973851326111,0.9257524503426144,0.2895261077334075
0.7284973851326111,0.92583918813427,0.2895227005361929
0.7285907732536422,0.92583918813427,0.2894979862594395
0.7285907732536422,0.925925925925926,0.28949098720936
0.7287542024654464,0.925925925925926,0.2894473265049239
0.7287542024654464,0.9260126637175816,0.2894465140667133
0.7288942846469929,0.9260126637175816,0.2893906552350512
0.7288942846469929,0.9260994015092376,0.2893801451006547
0.7298982069480762,0.9260994015092376,0.2889406826986431
0.7298982069480762,0.9261861393008934,0.2888602642888619
0.730108330220396,0.9261861393008934,0.2888062834307925
0.730108330220396,0.9262728770925492,0.288796806653014
0.7302250653716847,0.9262728770925492,0.2887166400513035
0.7302250653716847,0.926359614884205,0.2887040793932064
0.7305285767650355,0.926359614884205,0.2884900297178615
0.7305285767650355,0.9264463526758608,0.288470377765566
0.7307387000373552,0.9264463526758608,0.2883424838085363
0.7307387000373552,0.9265330904675168,0.2883337058667773
0.731135599551737,0.9265330904675168,0.2881644391482905
0.731135599551737,0.9266198282591726,0.2881638000135516
0.731228987672768,0.9266198282591726,0.2881314065728572
0.731228987672768,0.9267065660508284,0.2880970389176702
0.7316725812476653,0.9267065660508284,0.2879241637985862
0.7316725812476653,0.9267933038424842,0.2879042172452423
0.731882704519985,0.9267933038424842,0.2878061272464092
0.731882704519985,0.92688004163414,0.2877976616938902
0.7321395218528203,0.92688004163414,0.2876069140386817
0.7321395218528203,0.926966779425796,0.2876052294455284
0.7325831154277176,0.926966779425796,0.2873366628389744
0.7325831154277176,0.9270535172174516,0.287330056968695
0.7328165857302951,0.9270535172174516,0.2871537703268394
0.7328165857302951,0.9271402550091076,0.2871479172747112
0.7330267090026149,0.9271402550091076,0.2869844118299126
0.7330267090026149,0.9272269928007632,0.2869779974635165
0.7332601793051924,0.9272269928007632,0.2868420997168013
0.7332601793051924,0.9273137305924192,0.2867968373417138
0.7335169966380276,0.9273137305924192,0.2866500177027059
0.7335169966380276,0.927400468384075,0.286644033926057
0.7336103847590586,0.927400468384075,0.2865743440009151
0.7336103847590586,0.9274872061757308,0.2865690165119471
0.7337738139708629,0.9274872061757308,0.2864322542529046
0.7337738139708629,0.9275739439673866,0.2864308414234894
0.7339372431826672,0.9275739439673866,0.2863796045110797
0.7339372431826672,0.9276606817590424,0.2863469839932353
0.7342174075457601,0.9276606817590424,0.2861505823741125
0.7342174075457601,0.9277474195506984,0.2861490690326607
0.7348477773627194,0.9277474195506984,0.2856452222902409
0.7348477773627194,0.927834157342354,0.2856415476680382
0.7354081060889055,0.927834157342354,0.2853367985537636
0.7354081060889055,0.92792089513401,0.2853162845248891
0.735454800149421,0.92792089513401,0.2852954894499065
0.735454800149421,0.9280943707173216,0.2852909216014025
0.7354781471796787,0.9280943707173216,0.2852891337634339
0.7354781471796787,0.9281811085089774,0.2852848631041236
0.7357816585730295,0.9281811085089774,0.2851840089197363
0.7357816585730295,0.9282678463006332,0.2851739713462551
0.735828352633545,0.9282678463006332,0.2851198971946825
0.735828352633545,0.928354584092289,0.2851084550804306
0.7358983937243183,0.928354584092289,0.2850594080669133
0.7358983937243183,0.9284413218839448,0.2850493725338642
0.7359684348150916,0.9284413218839448,0.2850049203454078
0.7359684348150916,0.9285280596756008,0.2849958006844134
0.736388681359731,0.9285280596756008,0.2846776133811242
0.736388681359731,0.9286147974672564,0.2846719834280103
0.7364120283899888,0.9286147974672564,0.2846691382979641
0.7364120283899888,0.9287015352589124,0.2846607224525412
0.7365521105715352,0.9287015352589124,0.2846026264542483
0.7365521105715352,0.928788273050568,0.2845961974800066
0.7367155397833396,0.928788273050568,0.2845107500155798
0.7367155397833396,0.928875010842224,0.2845079317487055
0.7369723571161748,0.928875010842224,0.2843224193709037
0.7369723571161748,0.9289617486338798,0.2843171272962708
0.7372525214792678,0.9289617486338798,0.2841803726379741
0.7372525214792678,0.9290484864255356,0.2841698982475625
0.7372758685095255,0.9290484864255356,0.284169646872093
0.7372758685095255,0.9291352242171914,0.2841551233816012
0.7372992155397834,0.9291352242171914,0.2841229392635874
0.7372992155397834,0.9292219620088472,0.2840941673478826
0.7376727680239074,0.9292219620088472,0.2839041375770228
0.7376727680239074,0.9293086998005032,0.283874754692495
0.7379295853567426,0.9293086998005032,0.2837055523967047
0.7379295853567426,0.9293954375921588,0.2836934385547893
0.7379996264475158,0.9293954375921588,0.283634096943676
0.7379996264475158,0.9294821753838148,0.2836117373890796
0.7385132611131864,0.9294821753838148,0.2833124385337212
0.7385132611131864,0.9295689131754704,0.2832827868613283
0.7394704893537543,0.9295689131754704,0.2825751710334614
0.7394704893537543,0.9296556509671264,0.2825474147124732
0.7397973477773627,0.9296556509671264,0.282297850921048
0.7397973477773627,0.9297423887587822,0.2822723754000888
0.7400775121404557,0.9297423887587822,0.2820793575329781
0.7400775121404557,0.929829126550438,0.2820715004725918
0.7402642883825178,0.929829126550438,0.2819592748680998
0.7402642883825178,0.9299158643420938,0.2819396690931104
0.7407545760179305,0.9299158643420938,0.281649259559361
0.7407545760179305,0.9300026021337496,0.2816268485734099
0.7409413522599926,0.9300026021337496,0.2814941571522729
0.7409413522599926,0.9300893399254055,0.2814920086549689
0.7410580874112813,0.9300893399254055,0.2814245755580999
0.7410580874112813,0.9301760777170612,0.2814162455684383
0.7415250280164363,0.9301760777170612,0.2811719733080503
0.7415250280164363,0.9302628155087171,0.2811358547476908
0.741548375046694,0.9302628155087171,0.2811258627787565
0.741548375046694,0.930349553300373,0.281119776054349
0.7418051923795294,0.930349553300373,0.2809935318086719
0.7418051923795294,0.9304362910920289,0.2809864164612352
0.7418752334703026,0.9304362910920289,0.2809408919235846
0.7418752334703026,0.9305230288836848,0.2809218492656958
0.7421320508031378,0.9305230288836848,0.2807807264115557
0.7421320508031378,0.9306965044669964,0.2807525475251655
0.7425522973477774,0.9306965044669964,0.2804518240146803
0.7425522973477774,0.930783242258652,0.2804419518270663
0.7428091146806126,0.930783242258652,0.2803438598262108
0.7428091146806126,0.930869980050308,0.2803374870214536
0.7430659320134478,0.930869980050308,0.2802297036483089
0.7430659320134478,0.9309567178419638,0.2802245624312796
0.7431593201344789,0.9309567178419638,0.2801828210514211
0.7431593201344789,0.9311301934252754,0.2801368707362052
0.7432527082555099,0.9311301934252754,0.2801069446356786
0.7432527082555099,0.9312169312169312,0.2801063415708048
0.7432994023160254,0.9312169312169312,0.2800709510882863
0.7432994023160254,0.9313036690085872,0.2800632216323018
0.7434628315278297,0.9313036690085872,0.2799938977855564
0.7434628315278297,0.9313904068002428,0.2799763366716896
0.7436262607396339,0.9313904068002428,0.2798966293853407
0.7436262607396339,0.9314771445918988,0.2798966052875913
0.7437896899514381,0.9314771445918988,0.2798305798546175
0.7437896899514381,0.9315638823835544,0.2798213602986927
0.7438363840119537,0.9315638823835544,0.2797736311770683
0.7438363840119537,0.9316506201752104,0.279772521164831
0.7441632424355622,0.9316506201752104,0.2796329675166167
0.7441632424355622,0.9317373579668662,0.2796281495627752
0.744653530070975,0.9317373579668662,0.2792493662480856
0.744653530070975,0.931824095758522,0.2792253708780331
0.7448870003735525,0.931824095758522,0.2791090992921841
0.7448870003735525,0.9319108335501778,0.2791083537039226
0.745213858797161,0.9319108335501778,0.2788617363118961
0.745213858797161,0.9319975713418336,0.2788512928655843
0.7462411281285021,0.9319975713418336,0.2782211897888146
0.7462411281285021,0.9320843091334896,0.2782194394693652
0.7463345162495331,0.9320843091334896,0.2781350265374445
0.7463345162495331,0.9321710469251452,0.2781349180020671
0.746614680612626,0.9321710469251452,0.2780247810252374
0.746614680612626,0.9322577847168012,0.2780073142281656
0.7467547627941726,0.9322577847168012,0.2779402123851568
0.7467547627941726,0.9323445225084568,0.2779213417968681
0.7468714979454614,0.9323445225084568,0.2778930499674993
0.7468714979454614,0.9325179980917686,0.2778278881749956
0.7469181920059769,0.9325179980917686,0.2777461331889015
0.7469181920059769,0.9326047358834244,0.2777320057499909
0.7469882330967501,0.9326047358834244,0.2776972745428113
0.7469882330967501,0.9326914736750802,0.2776904902672117
0.7472217033993276,0.9326914736750802,0.2775815695261769
0.7472217033993276,0.932778211466736,0.2775545573642165
0.7475952558834517,0.932778211466736,0.2773240863275276
0.7475952558834517,0.932864949258392,0.2773120067406671
0.7476652969742249,0.932864949258392,0.2772861900525551
0.7476652969742249,0.9329516870500476,0.2772848091826813
0.7478053791557714,0.9329516870500476,0.2772199198889487
0.7478053791557714,0.9330384248417036,0.2772099344040191
0.7479921553978334,0.9330384248417036,0.2770914941145619
0.7479921553978334,0.9331251626333592,0.2770906443794819
0.748225625700411,0.9331251626333592,0.2770102446221505
0.748225625700411,0.9332119004250152,0.2769760958849454
0.7484824430332462,0.9332119004250152,0.2767892719904962
0.7484824430332462,0.933298638216671,0.2767851513054629
0.7485991781845349,0.933298638216671,0.2767386444379819
0.7485991781845349,0.9333853760083268,0.2767323958525364
0.748972730668659,0.9333853760083268,0.2765133455626363
0.748972730668659,0.9334721137999826,0.2764772801728654
0.7492062009712365,0.9334721137999826,0.2764040159754382
0.7492062009712365,0.9335588515916384,0.2763876149889691
0.7495330593948449,0.9335588515916384,0.2760337832475358
0.7495330593948449,0.93373232717495,0.2759991439442774
0.749719835636907,0.93373232717495,0.2758911608095906
0.749719835636907,0.933819064966606,0.2758675554408765
0.75,0.933819064966606,0.2756662679924949
0.75,0.9339058027582616,0.2756522053986823
0.7501167351512887,0.9339058027582616,0.2755729017207814
0.7501167351512887,0.9339925405499176,0.2755642254574456
0.750186776242062,0.9339925405499176,0.2755289606885317
0.750186776242062,0.9340792783415734,0.2755267505519648
0.750280164363093,0.9340792783415734,0.2754666292156309
0.750280164363093,0.9341660161332292,0.275464461352505
0.7503735524841241,0.9341660161332292,0.2754040827039654
0.7503735524841241,0.934252753924885,0.2753852629280895
0.7507237579379903,0.934252753924885,0.2751379177548725
0.7507237579379903,0.9343394917165408,0.2750987890026789
0.7508171460590213,0.9343394917165408,0.2750265288421512
0.7508171460590213,0.9344262295081968,0.2750214067801834
0.7509572282405678,0.9344262295081968,0.2749191842814339
0.7509572282405678,0.9345129672998526,0.274908226440933
0.7509805752708255,0.9345129672998526,0.2748967804398056
0.7509805752708255,0.9345997050915084,0.2748784431828057
0.7510506163615988,0.9345997050915084,0.2748325680714575
0.7510506163615988,0.9346864428831642,0.274817642142547
0.7511206574523721,0.9346864428831642,0.2747814463749402
0.7511206574523721,0.93477318067482,0.2747700245277339
0.7511906985431454,0.93477318067482,0.2747098659686612
0.7511906985431454,0.934859918466476,0.2747021246749966
0.7515409039970116,0.934859918466476,0.274430542103147
0.7515409039970116,0.9349466562581316,0.2744292692268187
0.7517276802390735,0.9349466562581316,0.2743224966024481
0.7517276802390735,0.9350333940497876,0.2743106366841586
0.7519844975719089,0.9350333940497876,0.2741388420687402
0.7519844975719089,0.9351201318414432,0.2741332063557748
0.7525448262980949,0.9351201318414432,0.273813379180908
0.7525448262980949,0.9352068696330992,0.2737756503410631
0.7527316025401569,0.9352068696330992,0.2736610781360865
0.7527316025401569,0.935293607424755,0.2736549966032499
0.7528249906611879,0.935293607424755,0.2736072295989055
0.7528249906611879,0.9353803452164108,0.2736064623926126
0.7529884198729921,0.9353803452164108,0.2735254885891361
0.7529884198729921,0.9355538207997224,0.2734340846723618
0.7535487485991782,0.9355538207997224,0.2730920603716676
0.7535487485991782,0.9356405585913784,0.2730624140320857
0.7536187896899514,0.9356405585913784,0.2730359936541079
0.7536187896899514,0.935727296383034,0.2730340876372609
0.7536421367202092,0.935727296383034,0.2730304280868422
0.7536421367202092,0.93581403417469,0.2730219738135965
0.7539923421740754,0.93581403417469,0.272806524331225
0.7539923421740754,0.9359007719663456,0.2728007780505485
0.7540623832648488,0.9359007719663456,0.2727288004311368
0.7540623832648488,0.9359875097580016,0.2727130106807338
0.754225812476653,0.9359875097580016,0.2726370193800908
0.754225812476653,0.9360742475496574,0.2726354200616444
0.7543425476279417,0.9360742475496574,0.2725615180409863
0.7543425476279417,0.9361609853413132,0.2725404671435398
0.7544359357489727,0.9361609853413132,0.272488771563446
0.7544359357489727,0.936247723132969,0.272484534878501
0.7544592827792305,0.936247723132969,0.272475710458093
0.7544592827792305,0.9363344609246248,0.2724509445028733
0.754505976839746,0.9363344609246248,0.2724150831392578
0.754505976839746,0.9364211987162808,0.2724060478756265
0.7545526709002615,0.9364211987162808,0.2724009654092395
0.7545526709002615,0.9365079365079364,0.2723844799239007
0.754599364960777,0.9365079365079364,0.2723780124155536
0.754599364960777,0.9365946742995924,0.2723727002719706
0.7547161001120657,0.9365946742995924,0.2723086656143795
0.7547161001120657,0.936681412091248,0.2722974073521971
0.7547394471423235,0.936681412091248,0.2722951646421367
0.7547394471423235,0.936768149882904,0.272291941839665
0.7550429585356743,0.936768149882904,0.2721723222317018
0.7550429585356743,0.9368548876745598,0.2721709848095561
0.755159693686963,0.9368548876745598,0.272107194452181
0.755159693686963,0.9369416254662156,0.272049814154503
0.7552063877474785,0.9369416254662156,0.2720409823645751
0.7552063877474785,0.9370283632578714,0.2720289361069293
0.7553231228987672,0.9370283632578714,0.2719917227491611
0.7553231228987672,0.9372018388411832,0.2719775714293151
0.7556966753828913,0.9372018388411832,0.2717316789245534
0.7556966753828913,0.9372885766328388,0.2717291945695883
0.7558367575644378,0.9372885766328388,0.2716057700937204
0.7558367575644378,0.9373753144244948,0.2716008960777987
0.7560702278670153,0.9373753144244948,0.2714701442763697
0.7560702278670153,0.9374620522161504,0.2714677445286813
0.7562570041090774,0.9374620522161504,0.2713960421453506
0.7562570041090774,0.9375487900078064,0.2713947670500104
0.7567005976839746,0.9375487900078064,0.2710542518106436
0.7567005976839746,0.937722265591118,0.2710403349363102
0.7568173328352633,0.937722265591118,0.27095736211644
0.7568173328352633,0.9378090033827738,0.2709572299628123
0.7571208442286141,0.9378090033827738,0.270729044391081
0.7571208442286141,0.9378957411744298,0.2707137766388136
0.7573076204706761,0.9378957411744298,0.2706033124573445
0.7573076204706761,0.9379824789660856,0.270591220109841
0.7573543145311916,0.9379824789660856,0.2705859885894052
0.7573543145311916,0.9380692167577414,0.2705740799605026
0.7580547254389242,0.9380692167577414,0.2701698953929479
0.7580547254389242,0.9381559545493972,0.2701347121539725
0.7583348898020171,0.9381559545493972,0.2699401377303699
0.7583348898020171,0.938242692341053,0.2698990743845513
0.7583815838625327,0.938242692341053,0.2698734446226145
0.7583815838625327,0.9383294301327088,0.2698668269880971
0.7584983190138215,0.9383294301327088,0.2698410351918164
0.7584983190138215,0.9384161679243648,0.2698282968171088
0.7588018304071722,0.9384161679243648,0.2696088217514041
0.7588018304071722,0.9385029057160204,0.2695842479419587
0.7588485244676877,0.9385029057160204,0.2695674640348775
0.7588485244676877,0.9385896435076764,0.2695500450991499
0.7588952185282032,0.9385896435076764,0.2695225986390256
0.7588952185282032,0.9386763812993322,0.269496839063873
0.759198729921554,0.9386763812993322,0.2693251914582985
0.759198729921554,0.938763119090988,0.2693202482810956
0.7593388121031005,0.938763119090988,0.2692668106203436
0.7593388121031005,0.9388498568826438,0.2692587327892376
0.759478894284647,0.9388498568826438,0.2691718417955531
0.759478894284647,0.9389365946742996,0.2691612864632082
0.7598991408292866,0.9389365946742996,0.2688489165782886
0.7598991408292866,0.9390233324659554,0.268829841973351
0.7599925289503175,0.9390233324659554,0.2687537378964612
0.7599925289503175,0.9391100702576112,0.2687419003715884
0.7601793051923795,0.9391100702576112,0.2685904317865919
0.7601793051923795,0.9391968080492672,0.2685829702793088
0.7602960403436683,0.9391968080492672,0.2684518524637853
0.7602960403436683,0.9393702836325788,0.2684254654319417
0.7604361225252148,0.9393702836325788,0.2683784086839359
0.7604361225252148,0.9395437592158904,0.2683709440495585
0.761253268584236,0.9395437592158904,0.2678690208534232
0.761253268584236,0.9396304970075462,0.2678662060904212
0.7615567799775869,0.9396304970075462,0.267629356386596
0.7615567799775869,0.9398039725908578,0.2675717527160242
0.7618369443406798,0.9398039725908578,0.2672788003858126
0.7618369443406798,0.9398907103825136,0.2672766722600425
0.7621404557340307,0.9398907103825136,0.267095826383093
0.7621404557340307,0.9399774481741696,0.2670915080870745
0.7622104968248039,0.9399774481741696,0.2670431262604821
0.7622104968248039,0.9400641859658252,0.2670398515970377
0.7623739260366081,0.9400641859658252,0.2669880998477895
0.7623739260366081,0.9401509237574812,0.2669388990704171
0.7625373552484124,0.9401509237574812,0.2668207068939361
0.7625373552484124,0.9402376615491368,0.266801569224535
0.7635412775494957,0.9402376615491368,0.2663021882572551
0.7635412775494957,0.9404111371324486,0.2662537973563258
0.7637047067613,0.9404111371324486,0.2660684416721273
0.7637047067613,0.9404978749241044,0.2660498802444604
0.7638447889428465,0.9404978749241044,0.2659776105724472
0.7638447889428465,0.9405846127157602,0.2659747158795389
0.7639148300336197,0.9405846127157602,0.2659107648705602
0.7639148300336197,0.940671350507416,0.2659070021868021
0.7639381770638775,0.940671350507416,0.2658795740310244
0.7639381770638775,0.940758088299072,0.2658659187875052
0.7641949943967128,0.940758088299072,0.2657266768025587
0.7641949943967128,0.9408448260907276,0.2657250533346087
0.7644051176690325,0.9408448260907276,0.2656545409692981
0.7644051176690325,0.9409315638823836,0.2656456602858206
0.7644985057900635,0.9409315638823836,0.265570272589764
0.7644985057900635,0.9410183016740392,0.2655488617311617
0.7649420993649608,0.9410183016740392,0.2652941673945876
0.7649420993649608,0.9411050394656952,0.2652755529602725
0.7653623459096003,0.9411050394656952,0.2649814699922836
0.7653623459096003,0.941191777257351,0.2649805632320594
0.7656658573029511,0.941191777257351,0.2647722233778842
0.7656658573029511,0.9412785150490068,0.2647499331180274
0.7657358983937244,0.9412785150490068,0.2646840050321233
0.7657358983937244,0.9413652528406626,0.2646487804776563
0.7657592454239821,0.9413652528406626,0.2646389725049304
0.7657592454239821,0.9414519906323184,0.264619377193163
0.7657825924542399,0.9414519906323184,0.2646085439600231
0.7657825924542399,0.9415387284239743,0.2646083491085036
0.7658759805752708,0.9415387284239743,0.2645409095350702
0.7658759805752708,0.94162546621563,0.2645369858993275
0.7663896152409414,0.94162546621563,0.2643296444019327
0.7663896152409414,0.941712204007286,0.2643284530952567
0.7669265969368696,0.941712204007286,0.263948366445866
0.7669265969368696,0.9417989417989416,0.2639425495966503
0.7670666791184161,0.9417989417989416,0.2638609940385368
0.7670666791184161,0.9419724173822536,0.2638458038632778
0.7673468434815092,0.9419724173822536,0.2636615975496045
0.7673468434815092,0.9420591551739091,0.263656528786947
0.7678137840866642,0.9420591551739091,0.2633802037588432
0.7678137840866642,0.9421458929655652,0.2633529455433055
0.7680706014194995,0.9421458929655652,0.2632269299877701
0.7680706014194995,0.942232630757221,0.2632076469202272
0.7681406425102727,0.942232630757221,0.2631630885665948
0.7681406425102727,0.9423193685488768,0.2631495951778337
0.7682340306313037,0.9423193685488768,0.2630569779662233
0.7682340306313037,0.9424061063405326,0.2630500520216289
0.7683974598431079,0.9424061063405326,0.2630170296771975
0.7683974598431079,0.9425795819238442,0.2629618181802337
0.7684208068733657,0.9425795819238442,0.2629307042286111
0.7684208068733657,0.9426663197155,0.2629063624920013
0.7688177063877475,0.9426663197155,0.2626727592657616
0.7688177063877475,0.942753057507156,0.2626635917379396
0.7688877474785207,0.942753057507156,0.2626093019436556
0.7688877474785207,0.9428397952988116,0.2625676456961691
0.7690978707508405,0.9428397952988116,0.2624480960023433
0.7690978707508405,0.9430132708821234,0.2624267648726689
0.7696581994770265,0.9430132708821234,0.2621353816003405
0.7696581994770265,0.9431000086737792,0.2621329330616265
0.7700550989914083,0.9431000086737792,0.2619155726685773
0.7700550989914083,0.943186746465435,0.26190296631791
0.7703586103847591,0.943186746465435,0.261756787473734
0.7703586103847591,0.9432734842570908,0.2617448313915788
0.7706154277175943,0.9432734842570908,0.2616640442051873
0.7706154277175943,0.9433602220487466,0.2616513726658818
0.7708255509899141,0.9433602220487466,0.261533215732296
0.7708255509899141,0.9434469598404024,0.2614625665593045
0.7710590212924916,0.9434469598404024,0.2613645486705582
0.7710590212924916,0.943620435423714,0.2613549223273766
0.7711057153530071,0.943620435423714,0.2613194101536393
0.7711057153530071,0.94370717321537,0.2613187627755359
0.7721096376540904,0.94370717321537,0.2606620346036571
0.7721096376540904,0.9437939110070258,0.2606460064946911
0.7726699663802764,0.9437939110070258,0.2603249101876999
0.7726699663802764,0.9438806487986816,0.2603233145731133
0.7730201718341427,0.9438806487986816,0.2600905616532609
0.7730201718341427,0.9439673865903374,0.2600661502381478
0.773276989166978,0.9439673865903374,0.259903491679357
0.773276989166978,0.9440541243819932,0.2599001683075739
0.7738606649234218,0.9440541243819932,0.2594724567588345
0.7738606649234218,0.944140862173649,0.259453015129352
0.7742342174075457,0.944140862173649,0.2591451179699129
0.7742342174075457,0.9442275999653048,0.2591391972613316
0.7743276055285767,0.9442275999653048,0.2590842310289117
0.7743276055285767,0.9443143377569608,0.2590746650352286
0.7743509525588346,0.9443143377569608,0.2590675914338288
0.7743509525588346,0.9444010755486164,0.2590643381332527
0.7747245050429585,0.9444010755486164,0.2588796282649656
0.7747245050429585,0.9444878133402724,0.2588460256669577
0.7750980575270826,0.9444878133402724,0.2585769972402875
0.7750980575270826,0.9445745511319282,0.2585627347486671
0.7752147926783713,0.9445745511319282,0.2585181488206994
0.7752147926783713,0.9447480267152398,0.2584894775611797
0.7752381397086291,0.9447480267152398,0.2584866987433112
0.7752381397086291,0.9448347645068956,0.2584834159178023
0.7753782218901756,0.9448347645068956,0.2584392410670011
0.7753782218901756,0.9449215022985514,0.2584364787744708
0.7754716100112066,0.9449215022985514,0.2584050201239907
0.7754716100112066,0.9450082400902072,0.258399983538327
0.7755416511019798,0.9450082400902072,0.2583740123868876
0.7755416511019798,0.9450949778818633,0.2583603985737179
0.7755649981322376,0.9450949778818633,0.2583588910190202
0.7755649981322376,0.9451817156735188,0.2582844373245431
0.775611692192753,0.9451817156735188,0.2582492135928873
0.775611692192753,0.9452684534651749,0.2581942836554888
0.7757517743742995,0.9452684534651749,0.2581314258850616
0.7757517743742995,0.9453551912568308,0.2581271866499782
0.7759152035861039,0.9453551912568308,0.258025412632591
0.7759152035861039,0.9454419290484865,0.2580155475796293
0.7759852446768771,0.9454419290484865,0.2579754658494165
0.7759852446768771,0.9455286668401424,0.2579542713329665
0.7760319387373926,0.9455286668401424,0.2579429517498777
0.7760319387373926,0.945615404631798,0.2579074801154706
0.7761486738886814,0.945615404631798,0.2578746720651897
0.7761486738886814,0.945702142423454,0.2578649126493556
0.7766389615240942,0.945702142423454,0.2575296393186074
0.7766389615240942,0.9457888802151098,0.2574978437623136
0.7767790437056407,0.9457888802151098,0.2573850762032824
0.7767790437056407,0.9458756180067656,0.2573804647478138
0.7768023907358984,0.9458756180067656,0.2573574164282992
0.7768023907358984,0.9459623557984214,0.2573243347199302
0.7768257377661562,0.9459623557984214,0.2573240043406483
0.7768257377661562,0.9460490935900772,0.2573199996505669
0.7771525961897646,0.9460490935900772,0.2571286681693185
0.7771525961897646,0.9462225691733888,0.2571018361936257
0.7772226372805379,0.9462225691733888,0.2570412754684745
0.7772226372805379,0.9463093069650448,0.257021693513341
0.7772459843107956,0.9463093069650448,0.257020263761662
0.7772459843107956,0.9464827825483564,0.2569787153588222
0.7772926783713112,0.9464827825483564,0.2569685647410449
0.7772926783713112,0.946656258131668,0.2569120971051065
0.7773393724318267,0.946656258131668,0.2568810783211618
0.7773393724318267,0.9467429959233238,0.2568609293958038
0.7776662308554352,0.9467429959233238,0.2565980090944417
0.7776662308554352,0.9468297337149796,0.2565978577202488
0.7777129249159507,0.9468297337149796,0.2565832522123233
0.7777129249159507,0.9469164715066356,0.2565692739200345
0.7778530070974972,0.9469164715066356,0.2564892048020541
0.7778530070974972,0.9470032092982912,0.2564857945521052
0.7783666417631677,0.9470032092982912,0.2561579718917647
0.7783666417631677,0.9471766848816028,0.2561299335143574
0.778436682853941,0.9471766848816028,0.2561094689424836
0.778436682853941,0.9472634226732588,0.2561055579810078
0.7785534180052297,0.9472634226732588,0.2560119450772485
0.7785534180052297,0.9474368982565704,0.256000063757824
0.7785767650354875,0.9474368982565704,0.2559603403133734
0.7785767650354875,0.947610373839882,0.2559226518387847
0.778997011580127,0.947610373839882,0.25567883671377
0.778997011580127,0.947697111631538,0.2556631015933713
0.779090399701158,0.947697111631538,0.2556260403130211
0.779090399701158,0.9477838494231936,0.2556168966366807
0.7791604407919313,0.9477838494231936,0.2556024835139006
0.7791604407919313,0.9478705872148496,0.2555159628228201
0.7794639521852821,0.9478705872148496,0.2553663732894522
0.7794639521852821,0.9479573250065052,0.2553514617996774
0.7795806873365708,0.9479573250065052,0.2553139533644792
0.7795806873365708,0.948130800589817,0.2552667126376527
0.7796507284273441,0.948130800589817,0.2552459043117235
0.7796507284273441,0.9482175383814728,0.2552375327262726
0.7800943220022413,0.9482175383814728,0.2549536952063059
0.7800943220022413,0.9483042761731286,0.2549493465527862
0.7802344041837879,0.9483042761731286,0.2548459865912723
0.7802344041837879,0.9483910139647844,0.2548215776791679
0.7806313036981696,0.9483910139647844,0.2545847751767316
0.7806313036981696,0.9484777517564404,0.2545337691574301
0.7806779977586851,0.9484777517564404,0.2544994893320454
0.7806779977586851,0.948564489548096,0.2544878102203847
0.7807246918192006,0.948564489548096,0.254470656072304
0.7807246918192006,0.948651227339752,0.2544495163913071
0.7808180799402316,0.948651227339752,0.2543618587079704
0.7808180799402316,0.9487379651314076,0.2543594169428963
0.7809581621217782,0.9487379651314076,0.2542930902917689
0.7809581621217782,0.9488247029230636,0.2542746196982645
0.7810982443033246,0.9488247029230636,0.2541932187406915
0.7810982443033246,0.9489114407147194,0.2541628999963865
0.7811215913335824,0.9489114407147194,0.2541618389828813
0.7811215913335824,0.9489981785063752,0.2541505456086456
0.7811449383638401,0.9489981785063752,0.2541437950748163
0.7811449383638401,0.9491716540896868,0.2541255718088586
0.7812383264848711,0.9491716540896868,0.2540597723496312
0.7812383264848711,0.9492583918813428,0.2540490733328366
0.7815184908479641,0.9492583918813428,0.2538353732923554
0.7815184908479641,0.9494318674646544,0.253790603492166
0.7816118789689951,0.9494318674646544,0.2537137899095506
0.7816118789689951,0.9495186052563102,0.2537041542290553
0.7818453492715727,0.9495186052563102,0.2535960464125322
0.7818453492715727,0.949605343047966,0.2535801139397802
0.7819153903623459,0.949605343047966,0.2535603886000797
0.7819153903623459,0.949692080839622,0.2535583970670563
0.7824990661187897,0.949692080839622,0.2532108531999513
0.7824990661187897,0.9497788186312776,0.2531950784094361
0.7828726186029137,0.9497788186312776,0.2530324559047777
0.7828726186029137,0.9498655564229336,0.2530251054494277
0.7829426596936869,0.9498655564229336,0.2530124486242355
0.7829426596936869,0.9499522942145892,0.2529954310222883
0.7831060889054913,0.9499522942145892,0.2528519591616622
0.7831060889054913,0.9500390320062452,0.2527584817382249
0.7831527829660068,0.9500390320062452,0.2527223651581233
0.7831527829660068,0.950125769797901,0.2527151950821452
0.7831761299962645,0.950125769797901,0.2527046562640577
0.7831761299962645,0.9502125075895568,0.2526922424099586
0.7838064998132238,0.9502125075895568,0.2525025611118948
0.7838064998132238,0.9502992453812126,0.2524994028216304
0.7838531938737393,0.9502992453812126,0.2524734278652271
0.7838531938737393,0.9503859831728684,0.2524540525100014
0.7844135225999253,0.9503859831728684,0.2520491116865593
0.7844135225999253,0.9504727209645244,0.25200561107004
0.7846236458722451,0.9504727209645244,0.2517948330704637
0.7846236458722451,0.95055945875618,0.2517782918325834
0.7851139335076578,0.95055945875618,0.2514796846654223
0.7851139335076578,0.950646196547836,0.2514691540582443
0.7851606275681733,0.950646196547836,0.2514357207878582
0.7851606275681733,0.9507329343394916,0.2514353397601254
0.7855108330220396,0.9507329343394916,0.2512581788021079
0.7855108330220396,0.9508196721311476,0.2512386837063189
0.7857676503548748,0.9508196721311476,0.251115356785309
0.7857676503548748,0.9509931477144592,0.2510750251391801
0.7860244676877102,0.9509931477144592,0.25089761230926
0.7860244676877102,0.951079885506115,0.2508845008672062
0.7866314904744116,0.951079885506115,0.2505002680291653
0.7866314904744116,0.9511666232977708,0.2504994218564548
0.787915577138588,0.9511666232977708,0.2497395038463583
0.787915577138588,0.9512533610894268,0.2497367490909063
0.788289129622712,0.9512533610894268,0.2495626594641812
0.788289129622712,0.9513400988810824,0.2495614394164684
0.7883358236832275,0.9513400988810824,0.2495389685588649
0.7883358236832275,0.9514268366727384,0.2495294622766931
0.7885225999252895,0.9514268366727384,0.2494354403624146
0.7885225999252895,0.951513574464394,0.2494333429491851
0.7891996638027643,0.951513574464394,0.2490683777944609
0.7891996638027643,0.95160031225605,0.2490636263667075
0.7895265222263728,0.95160031225605,0.2488958476752589
0.7895265222263728,0.9516870500477058,0.248894018474335
0.7900401568920433,0.9516870500477058,0.2485087037133072
0.7900401568920433,0.9517737878393616,0.2484982061229973
0.7901335450130743,0.9517737878393616,0.2483435921533404
0.7901335450130743,0.9519472634226732,0.2482584626195151
0.7902035861038476,0.9519472634226732,0.2482473643318627
0.7902035861038476,0.9520340012143292,0.2482400294779474
0.790250280164363,0.9520340012143292,0.2482215337849369
0.790250280164363,0.9521207390059848,0.248205544929863
0.7904837504669406,0.9521207390059848,0.2480444031222193
0.7904837504669406,0.9522074767976408,0.2480177767344712
0.7907639148300336,0.9522074767976408,0.2478461682571844
0.7907639148300336,0.9522942145892964,0.2478461069576525
0.7909506910720956,0.9522942145892964,0.2477308372718335
0.7909506910720956,0.9523809523809524,0.2477228998275323
0.7915577138587971,0.9523809523809524,0.247355648658331
0.7915577138587971,0.9524676901726082,0.2473416890812549
0.7916044079193126,0.9524676901726082,0.2472996923886332
0.7916044079193126,0.952554427964264,0.2472940328599026
0.7917444901008591,0.952554427964264,0.2472419306826522
0.7917444901008591,0.9526411657559198,0.2472098373802307
0.7920246544639522,0.9526411657559198,0.2470854172989853
0.7920246544639522,0.9527279035475756,0.2470785777091331
0.7921413896152409,0.9527279035475756,0.2469876083349202
0.7921413896152409,0.9529013791308872,0.2469464237197186
0.7922814717967874,0.9529013791308872,0.2468362012959816
0.7922814717967874,0.9529881169225431,0.2468252175547023
0.7923515128875607,0.9529881169225431,0.2467882936188367
0.7923515128875607,0.953074854714199,0.2467879350108203
0.7926316772506538,0.953074854714199,0.2465927062165339
0.7926316772506538,0.9531615925058547,0.2465746025770107
0.792701718341427,0.9531615925058547,0.2465614055322538
0.792701718341427,0.9532483302975108,0.2465423253239239
0.79298188270452,0.9532483302975108,0.2463259449715448
0.79298188270452,0.9533350680891663,0.2463103848359894
0.7940791931266343,0.9533350680891663,0.2454868366556675
0.7940791931266343,0.9534218058808224,0.2454867066288155
0.7945461337317893,0.9534218058808224,0.2451780122444776
0.7945461337317893,0.953508543672478,0.2451704075252122
0.7946395218528203,0.953508543672478,0.2450879264170833
0.7946395218528203,0.9536820192557898,0.2450279702735108
0.7947329099738514,0.9536820192557898,0.2449574464000929
0.7947329099738514,0.9537687570474456,0.2449551119440668
0.7948496451251401,0.9537687570474456,0.2448945428129405
0.7948496451251401,0.9538554948391014,0.2448872801083264
0.7948963391856556,0.9538554948391014,0.2448670393366091
0.7948963391856556,0.9539422326307572,0.2448643232696933
0.7950597683974598,0.9539422326307572,0.2446885208665314
0.7950597683974598,0.9541157082140688,0.2446537773965392
0.7953399327605528,0.9541157082140688,0.2444584462149953
0.7953399327605528,0.9542891837973804,0.2444472155425003
0.7954099738513261,0.9542891837973804,0.2444424077416973
0.7954099738513261,0.9543759215890364,0.2444230823393856
0.7959236085169966,0.9543759215890364,0.2440680940530987
0.7959236085169966,0.9544626593806922,0.2440568827599968
0.7960870377288009,0.9544626593806922,0.2439729681976868
0.7960870377288009,0.954549397172348,0.2439624784756172
0.7961337317893163,0.954549397172348,0.2439466860974602
0.7961337317893163,0.9546361349640038,0.2439344210666784
0.7967641016062756,0.9546361349640038,0.2435704647692892
0.7967641016062756,0.9548096105473156,0.2435587498253244
0.7968341426970489,0.9548096105473156,0.2435197785988926
0.7968341426970489,0.9548963483389712,0.2435022532237668
0.7974645125140082,0.9548963483389712,0.2431315267087646
0.7974645125140082,0.9549830861306272,0.2431298649736542
0.7975112065745237,0.9549830861306272,0.2430989379272703
0.7975112065745237,0.9550698239222828,0.2430964748651377
0.7975579006350392,0.9550698239222828,0.2430912639422795
0.7975579006350392,0.9551565617139388,0.2430879062714637
0.7979314531191632,0.9551565617139388,0.242852507237918
0.7979314531191632,0.9552432995055946,0.2428030622976152
0.7980248412401942,0.9552432995055946,0.2427404958710141
0.7980248412401942,0.9553300372972504,0.2427375807318333
0.7980948823309675,0.9553300372972504,0.2426886724223305
0.7980948823309675,0.9554167750889062,0.2426866606681242
0.7981182293612252,0.9554167750889062,0.2426536649803105
0.7981182293612252,0.955503512880562,0.2426458493583286
0.7987252521479268,0.955503512880562,0.2423833478445481
0.7987252521479268,0.955590250672218,0.2423574994183178
0.7988419872992155,0.955590250672218,0.2422976083129189
0.7988419872992155,0.9556769884638736,0.2422579042871502
0.798888681359731,0.9556769884638736,0.2422289239989929
0.798888681359731,0.9557637262555296,0.2421861706006071
0.7993322749346283,0.9557637262555296,0.2418847771363924
0.7993322749346283,0.9558504640471852,0.2418759913362903
0.7997992155397834,0.9558504640471852,0.241502454379733
0.7997992155397834,0.956023939630497,0.2414879052647078
0.8001494209936496,0.956023939630497,0.2413412656663358
0.8001494209936496,0.9561106774221528,0.2413292005494801
0.8002194620844229,0.9561106774221528,0.2412718732959268
0.8002194620844229,0.9561974152138086,0.2412704535825133
0.8003828912962271,0.9561974152138086,0.2411736258814042
0.8003828912962271,0.9562841530054644,0.2411602653567643
0.8007564437803512,0.9562841530054644,0.2409834946845046
0.8007564437803512,0.9563708907971205,0.240979335878934
0.8008264848711244,0.9563708907971205,0.2409662145878331
0.8008264848711244,0.956457628588776,0.2409645859033705
0.8011066492342174,0.956457628588776,0.2408189742300004
0.8011066492342174,0.956544366380432,0.2408088133669541
0.8014568546880837,0.956544366380432,0.2406442610338508
0.8014568546880837,0.9568045797553996,0.2405922650587409
0.8014802017183414,0.9568045797553996,0.2405911320361993
0.8014802017183414,0.9568913175470553,0.2405773481210981
0.8016202838998879,0.9568913175470553,0.2404692395075113
0.8016202838998879,0.956978055338711,0.2404581554854947
0.8016436309301457,0.956978055338711,0.2404491256485362
0.8016436309301457,0.9570647931303669,0.2404448968174809
0.8017136720209189,0.9570647931303669,0.240414298833273
0.8017136720209189,0.9571515309220228,0.2404064189207604
0.8019704893537543,0.9571515309220228,0.2403048135862709
0.8019704893537543,0.9572382687136786,0.2402835375578749
0.8020638774747852,0.9572382687136786,0.2401744435641897
0.8020638774747852,0.9573250065053344,0.2401481281794468
0.8026242062009712,0.9573250065053344,0.2397653997851215
0.8026242062009712,0.9574117442969902,0.2397624400165449
0.8026942472917445,0.9574117442969902,0.2397301509709082
0.8026942472917445,0.957585219880302,0.2396814416714826
0.8027175943220023,0.957585219880302,0.2396682299652441
0.8027175943220023,0.9576719576719576,0.2396526050026859
0.8028576765035488,0.9576719576719576,0.2396110793538547
0.8028576765035488,0.9577586954636136,0.2395905176022237
0.8029977586850953,0.9577586954636136,0.2395490353969346
0.8029977586850953,0.9578454332552692,0.2395481945593663
0.8030677997758685,0.9578454332552692,0.2395244997433773
0.8030677997758685,0.9579321710469252,0.2395086513610135
0.8032779230481882,0.9579321710469252,0.239364806417658
0.8032779230481882,0.958018908838581,0.2393487365126628
0.8033713111692192,0.958018908838581,0.2392356608298278
0.8033713111692192,0.9581056466302368,0.2392150208642678
0.8035580874112813,0.9581056466302368,0.2391690223956879
0.8035580874112813,0.9583658600052044,0.2391420658295813
0.8036748225625701,0.9583658600052044,0.2389820381308433
0.8036748225625701,0.95845259779686,0.2389812490495609
0.803768210683601,0.95845259779686,0.2389348278401724
0.803768210683601,0.958539335588516,0.2389054773318829
0.8039082928651475,0.958539335588516,0.2388051522822339
0.8039082928651475,0.9586260733801716,0.2388005361068622
0.8039316398954053,0.9586260733801716,0.2387941590659095
0.8039316398954053,0.9587128111718276,0.2387807679896235
0.8040016809861785,0.9587128111718276,0.2387614290622638
0.8040016809861785,0.9587995489634834,0.2387516058895836
0.8044452745610758,0.9587995489634834,0.2384661513599981
0.8044452745610758,0.958973024546795,0.2383836151556512
0.8047721329846843,0.958973024546795,0.2381305321417478
0.8047721329846843,0.9591465001301068,0.2380668089775373
0.8050989914082929,0.9591465001301068,0.2378440587144769
0.8050989914082929,0.9592332379217624,0.2378388855766136
0.8056593201344789,0.9592332379217624,0.2374815071348668
0.8056593201344789,0.9593199757134184,0.2374715591934926
0.8058460963765409,0.9593199757134184,0.2373803898136768
0.8058460963765409,0.959406713505074,0.2373542632414661
0.806406425102727,0.959406713505074,0.237132801429269
0.806406425102727,0.95949345129673,0.237126133847156
0.806499813223758,0.95949345129673,0.237082324564975
0.806499813223758,0.9595801890883858,0.2370785243008779
0.8070134478894284,0.9595801890883858,0.236823786148174
0.8070134478894284,0.9596669268800416,0.2368203061542435
0.8072235711617483,0.9596669268800416,0.2366962865522668
0.8072235711617483,0.9597536646716974,0.2366782133814525
0.8072702652222637,0.9597536646716974,0.2366470744916604
0.8072702652222637,0.9598404024633532,0.2366461855130993
0.807527082555099,0.9598404024633532,0.2364420470661795
0.807527082555099,0.9599271402550092,0.2364003899393999
0.808087411281285,0.9599271402550092,0.2360759978830517
0.808087411281285,0.9600138780466648,0.2360751395271022
0.8081341053418005,0.9600138780466648,0.2360279366380751
0.8081341053418005,0.9601006158383208,0.2360222928064562
0.8085310048561823,0.9601006158383208,0.2357454562719136
0.8085310048561823,0.9601873536299764,0.2357437458558764
0.8088111692192753,0.9601873536299764,0.2355970485421549
0.8088111692192753,0.9602740914216324,0.2355912818759477
0.8088345162495331,0.9602740914216324,0.2355790464990812
0.8088345162495331,0.9603608292132882,0.2355774468848321
0.8096983563690698,0.9603608292132882,0.2348193705442031
0.8096983563690698,0.960447567004944,0.234797646133863
0.8100018677624207,0.960447567004944,0.2346167689050831
0.8100018677624207,0.9605343047965998,0.234606527187862
0.8100485618229362,0.9605343047965998,0.234575120239048
0.8100485618229362,0.9606210425882558,0.2345409009516376
0.8107723197609265,0.9606210425882558,0.2341726493981968
0.8107723197609265,0.9607077803799116,0.2341576447563929
0.8115894658199477,0.9607077803799116,0.2336147996668313
0.8115894658199477,0.9607945181715674,0.2336075824411088
0.8118229361225252,0.9607945181715674,0.2334616038884494
0.8118229361225252,0.9608812559632232,0.2334498652422888
0.812219835636907,0.9608812559632232,0.2331861654944107
0.812219835636907,0.960967993754879,0.2331826975912049
0.8123599178184535,0.960967993754879,0.2331115701781233
0.8123599178184535,0.9611414693381908,0.2331054919956517
0.8127334703025775,0.9611414693381908,0.2327968452532531
0.8127334703025775,0.9612282071298464,0.2327770923067488
0.8130369816959283,0.9612282071298464,0.2326106937574404
0.8130369816959283,0.9613149449215024,0.2326106272030668
0.8132237579379903,0.9613149449215024,0.2324485857044397
0.8132237579379903,0.9615751582964698,0.2324143936073256
0.8135739633918565,0.9615751582964698,0.2322859939810228
0.8135739633918565,0.9616618960881256,0.2322771469784467
0.8136906985431454,0.9616618960881256,0.2321652213038751
0.8136906985431454,0.9617486338797814,0.2321375133663106
0.8140175569667538,0.9617486338797814,0.231961454420514
0.8140175569667538,0.9618353716714372,0.231960298052043
0.8142977213298468,0.9618353716714372,0.2317255837328624
0.8142977213298468,0.9619221094630932,0.2317164239027683
0.8143210683601046,0.9619221094630932,0.2316781129270758
0.8143210683601046,0.9620088472547488,0.2316748607128487
0.8144378035113934,0.9620088472547488,0.2316307043088995
0.8144378035113934,0.9620955850464048,0.2316247975390684
0.8146712738139709,0.9620955850464048,0.2314659029668451
0.8146712738139709,0.9621823228380604,0.2314534459954387
0.8153016436309302,0.9621823228380604,0.2310295749079256
0.8153016436309302,0.9622690606297164,0.2310276518154858
0.8157218901755696,0.9622690606297164,0.2308624184523822
0.8157218901755696,0.9623557984213722,0.2308521301663334
0.815791931266343,0.9623557984213722,0.2308028713616142
0.815791931266343,0.962442536213028,0.230793809113502
0.815978707508405,0.962442536213028,0.2306981710516393
0.815978707508405,0.9625292740046838,0.2306264886542766
0.8162588718714979,0.9625292740046838,0.2303664605554811
0.8162588718714979,0.9626160117963396,0.2303640124471613
0.8166791184161375,0.9626160117963396,0.2300477333786608
0.8166791184161375,0.9627027495879956,0.2300459348707767
0.817753081807994,0.9627027495879956,0.2295348217461313
0.817753081807994,0.9627894873796512,0.2295042073457828
0.8178231228987672,0.9627894873796512,0.2294557040422931
0.8178231228987672,0.9628762251713072,0.2294530541466011
0.8180799402316026,0.9628762251713072,0.2293057989102825
0.8180799402316026,0.9629629629629628,0.2292984401939235
0.8185468808367575,0.9629629629629628,0.2290115778098447
0.8185468808367575,0.9630497007546188,0.2289891353425864
0.8194807620470677,0.9630497007546188,0.2282438319412383
0.8194807620470677,0.9631364385462746,0.2282425343265681
0.8197609264101606,0.9631364385462746,0.2280185881317636
0.8197609264101606,0.9632231763379304,0.2280099331870729
0.8198776615614494,0.9632231763379304,0.2278478177022139
0.8198776615614494,0.9633099141295862,0.2278423112156887
0.8199477026522226,0.9633099141295862,0.2277287230573598
0.8199477026522226,0.963396651921242,0.2277154861920062
0.8202745610758312,0.963396651921242,0.2275355602432049
0.8202745610758312,0.963483389712898,0.2275261605613527
0.8203912962271199,0.963483389712898,0.2274555722627302
0.8203912962271199,0.9635701275045536,0.2274400521252394
0.8209049308927905,0.9635701275045536,0.2270268585639133
0.8209049308927905,0.9636568652962096,0.2270198586241191
0.8218154650728428,0.9636568652962096,0.2264277029174475
0.8218154650728428,0.9637436030878652,0.2264112644005848
0.8221189764661935,0.9637436030878652,0.2262144051945103
0.8221189764661935,0.9638303408795212,0.2261926991315638
0.8225158759805753,0.9638303408795212,0.2259458201800174
0.8225158759805753,0.963917078671177,0.2259106634475709
0.8227493462831528,0.963917078671177,0.2257300323486576
0.8227493462831528,0.9640038164628328,0.2257151999035409
0.8236131864026895,0.9640038164628328,0.2250442312206105
0.8236131864026895,0.9640905542544886,0.2250342367498968
0.8237766156144939,0.9640905542544886,0.224924368790282
0.8237766156144939,0.9641772920461446,0.2249117147299698
0.8247338438550617,0.9641772920461446,0.2243479138435575
0.8247338438550617,0.9642640298378004,0.2243366404934945
0.8250373552484124,0.9642640298378004,0.224154408465537
0.8250373552484124,0.9643507676294562,0.2241473149864785
0.825364213672021,0.9643507676294562,0.2239325420875483
0.825364213672021,0.964437505421112,0.2239279429391808
0.8256443780351139,0.964437505421112,0.2238356244824179
0.8256443780351139,0.9645242432127678,0.2237970103133911
0.8258311542771759,0.9645242432127678,0.2236435869466289
0.8258311542771759,0.9646109810044236,0.2236413560073523
0.8260879716100112,0.9646109810044236,0.2234979504172131
0.8260879716100112,0.9646977187960796,0.2234846874550995
0.8261580127007845,0.9646977187960796,0.2233930165887766
0.8261580127007845,0.9647844565877352,0.2233880810663244
0.8263214419125887,0.9647844565877352,0.2233200994372138
0.8263214419125887,0.9648711943793912,0.2233133589148088
0.8263681359731042,0.9648711943793912,0.2232753790425932
0.8263681359731042,0.964957932171047,0.2232296915873375
0.8265549122151662,0.964957932171047,0.2231582601816848
0.8265549122151662,0.9650446699627028,0.2231373142820192
0.8268117295480015,0.9650446699627028,0.223015470821876
0.8268117295480015,0.9651314077543586,0.2230091719590038
0.8275121404557341,0.9651314077543586,0.2226720022378547
0.8275121404557341,0.9652181455460144,0.2226348819198391
0.8280958162121778,0.9652181455460144,0.2223208831808799
0.8280958162121778,0.9653048833376702,0.2222969912878969
0.8281892043332089,0.9653048833376702,0.2222666107179939
0.8281892043332089,0.965391621129326,0.22226115268964
0.8283059394844976,0.965391621129326,0.2221949736675046
0.8283059394844976,0.9655650967126376,0.222175547702934
0.8283292865147553,0.9655650967126376,0.2221703298505483
0.8283292865147553,0.9657385722959494,0.2221398514366627
0.8283526335450131,0.9657385722959494,0.2221388864466944
0.8283526335450131,0.9658253100876052,0.2221307762172099
0.8295666791184161,0.9658253100876052,0.2213870799675631
0.8295666791184161,0.965912047879261,0.2213757007488681
0.8300336197235711,0.965912047879261,0.2211021483111652
0.8300336197235711,0.9659987856709168,0.2210690748947482
0.8302203959656331,0.9659987856709168,0.220987106806711
0.8302203959656331,0.9660855234625726,0.2209724213982196
0.8303604781471797,0.9660855234625726,0.220916621928068
0.8303604781471797,0.9661722612542284,0.2208836060172599
0.8310608890549123,0.9661722612542284,0.2204144555587839
0.8310608890549123,0.9662589990458844,0.2204052329690127
0.8312009712364588,0.9662589990458844,0.2203196346344111
0.8312009712364588,0.96634573683754,0.2202948413982891
0.8312243182667165,0.96634573683754,0.2202811886250211
0.8312243182667165,0.966432474629196,0.2202594437294946
0.8313177063877475,0.966432474629196,0.2201905507158938
0.8313177063877475,0.9665192124208518,0.2201844414612699
0.8313877474785207,0.9665192124208518,0.2201670556376146
0.8313877474785207,0.9666059502125076,0.2201666278525172
0.8314344415390362,0.9666059502125076,0.2200901771677315
0.8314344415390362,0.9666926880041634,0.2200880230430474
0.8319013821441913,0.9666926880041634,0.2196886028145147
0.8319013821441913,0.9667794257958192,0.2196881481839525
0.8319947702652223,0.9667794257958192,0.2195890828468324
0.8319947702652223,0.966866163587475,0.2195717845679161
0.8320414643257378,0.966866163587475,0.2195289939840203
0.8320414643257378,0.9669529013791308,0.2195193359867758
0.8328352633545013,0.9669529013791308,0.2190099413463968
0.8328352633545013,0.9670396391707868,0.2189745191132146
0.8329286514755323,0.9670396391707868,0.2189265153551872
0.8329286514755323,0.9671263769624424,0.2189101687887965
0.833045386626821,0.9671263769624424,0.2188507389584206
0.833045386626821,0.9672131147540984,0.2188458226471181
0.8331854688083675,0.9672131147540984,0.2186874111118185
0.8331854688083675,0.9672998525457542,0.218672490416517
0.8336057153530071,0.9672998525457542,0.2183004681104263
0.8336057153530071,0.96738659033741,0.2182902113821886
0.8338625326858423,0.96738659033741,0.2180995572432283
0.8338625326858423,0.9674733281290658,0.218095820729122
0.8342127381397086,0.9674733281290658,0.2178479098395954
0.8342127381397086,0.9675600659207216,0.2178373836035674
0.8343294732909974,0.9675600659207216,0.2176591447649987
0.8343294732909974,0.9676468037123774,0.2176504422864404
0.8346096376540904,0.9676468037123774,0.2174672293524279
0.8346096376540904,0.9677335415040332,0.2174318079916916
0.834749719835637,0.9677335415040332,0.2172517442378349
0.834749719835637,0.9678202792956891,0.2172149569857672
0.8350765782592454,0.9678202792956891,0.2169656986261698
0.8350765782592454,0.967907017087345,0.2169565273890494
0.8353100485618229,0.967907017087345,0.216876442662119
0.8353100485618229,0.9679937548790007,0.2168655432870352
0.8354267837131117,0.9679937548790007,0.2167130310377002
0.8354267837131117,0.9680804926706568,0.2166969190697386
0.835590212924916,0.9680804926706568,0.2165628205470035
0.835590212924916,0.9681672304623123,0.216552991716575
0.8356602540156892,0.9681672304623123,0.216508787489182
0.8356602540156892,0.9682539682539684,0.2164999927575464
0.836710870377288,0.9682539682539684,0.2157692198052708
0.836710870377288,0.968340706045624,0.2157520902128885
0.836804258498319,0.968340706045624,0.2156954249043006
0.836804258498319,0.96842744383728,0.2156744983900886
0.837271199103474,0.96842744383728,0.2153128756346918
0.837271199103474,0.9685141816289358,0.2153085175007043
0.8373412401942473,0.9685141816289358,0.2152515859226872
0.8373412401942473,0.9686009194205916,0.2152497595631061
0.8374346283152783,0.9686009194205916,0.2152119337050366
0.8374346283152783,0.9687743950039032,0.2151671019169472
0.8376214045573404,0.9687743950039032,0.2150064800665313
0.8376214045573404,0.9688611327955592,0.2149848776055541
0.8376447515875981,0.9688611327955592,0.2149825182760276
0.8376447515875981,0.9689478705872148,0.2149761653882447
0.8377147926783713,0.9689478705872148,0.2149278826911145
0.8377147926783713,0.9690346083788708,0.214920511809281
0.8379015689204333,0.9690346083788708,0.214781289352538
0.8379015689204333,0.9691213461705264,0.2147554869905396
0.8380883451624953,0.9691213461705264,0.2146901583500045
0.8380883451624953,0.9692080839621824,0.2146753939378346
0.8384618976466194,0.9692080839621824,0.2145346672489595
0.8384618976466194,0.9692948217538382,0.2145137622527438
0.8385085917071349,0.9692948217538382,0.2145016877029437
0.8385085917071349,0.969381559545494,0.2144902475327956
0.8391156144938364,0.969381559545494,0.214157957493373
0.8391156144938364,0.9694682973371498,0.2141355508699922
0.8393724318266716,0.9694682973371498,0.2139553903629474
0.8393724318266716,0.9695550351288056,0.2139531809830746
0.8396759432200224,0.9695550351288056,0.213782139245277
0.8396759432200224,0.9696417729204616,0.2137805728342032
0.8396992902502801,0.9696417729204616,0.2137640677534575
0.8396992902502801,0.9697285107121172,0.2137473944635373
0.839816025401569,0.9697285107121172,0.2137092325091636
0.839816025401569,0.9698152485037732,0.2137026582836506
0.8402596189764662,0.9698152485037732,0.2133490779407957
0.8402596189764662,0.9699019862954288,0.2133311713436284
0.8402829660067239,0.9699019862954288,0.213316723776718
0.8402829660067239,0.9699887240870848,0.2133097008044696
0.8403530070974972,0.9699887240870848,0.2132791653399982
0.8403530070974972,0.9700754618787406,0.2132751754649124
0.8415203586103848,0.9700754618787406,0.212370979600697
0.8415203586103848,0.9701621996703964,0.2123689934908762
0.8418939110945087,0.9701621996703964,0.2119592817832748
0.8418939110945087,0.9702489374620522,0.2119385587255827
0.8420573403063131,0.9702489374620522,0.211842707696706
0.8420573403063131,0.970335675253708,0.2117967317727083
0.8421040343668286,0.970335675253708,0.2117728237036061
0.8421040343668286,0.970422413045364,0.2117546692001991
0.8424775868509525,0.970422413045364,0.2114324532333487
0.8424775868509525,0.9705091508370196,0.2114133329859526
0.8430145685468808,0.9705091508370196,0.2111697690408164
0.8430145685468808,0.9705958886286756,0.2111128489550914
0.8436215913335824,0.9705958886286756,0.2106097028120513
0.8436215913335824,0.9706826264203312,0.2106005693269851
0.8437850205453866,0.9706826264203312,0.2104564266086077
0.8437850205453866,0.9707693642119872,0.2104377457394504
0.8438317146059021,0.9707693642119872,0.2104348363950086
0.8438317146059021,0.970856102003643,0.2104332797242982
0.8438550616361599,0.970856102003643,0.2104225439885825
0.8438550616361599,0.9709428397952988,0.2104157473639282
0.8439717967874486,0.9709428397952988,0.210350766293482
0.8439717967874486,0.9710295775869546,0.2102935542616073
0.8441118789689951,0.9710295775869546,0.2102086013862104
0.8441118789689951,0.9711163153786104,0.210208506794463
0.844135225999253,0.9711163153786104,0.210205812309453
0.844135225999253,0.9712030531702665,0.2101864302365498
0.8446255136346656,0.9712030531702665,0.2098626004727348
0.8446255136346656,0.971289790961922,0.20984644138272
0.8449990661187897,0.971289790961922,0.2095826129949038
0.8449990661187897,0.971376528753578,0.2095814873009461
0.845069107209563,0.971376528753578,0.2095485151566828
0.845069107209563,0.9714632665452336,0.2095404646927332
0.8452325364213672,0.9714632665452336,0.2094551534406977
0.8452325364213672,0.9715500043368896,0.2094340452833498
0.8455127007844602,0.9715500043368896,0.2091959447940689
0.8455127007844602,0.9716367421285454,0.2091885705922403
0.846096376540904,0.9716367421285454,0.208752607728179
0.846096376540904,0.9717234799202012,0.2087391923157556
0.8463998879342548,0.9717234799202012,0.2085087268893766
0.8463998879342548,0.971810217711857,0.2084576764151335
0.8471236458722451,0.971810217711857,0.2079716977233126
0.8471236458722451,0.9718969555035128,0.2079658947678159
0.8472170339932761,0.9718969555035128,0.2079450244395623
0.8472170339932761,0.9719836932951688,0.2078895678197375
0.8475672394471423,0.9719836932951688,0.2074595709197284
0.8475672394471423,0.9720704310868246,0.2074440841694813
0.8477540156892044,0.9720704310868246,0.2073404137515648
0.8477540156892044,0.9721571688784804,0.2073215848379095
0.8480808741128129,0.9721571688784804,0.2071494534805944
0.8480808741128129,0.9722439066701362,0.2070974254523139
0.8486878968995144,0.9722439066701362,0.2065651603184259
0.8486878968995144,0.972330644461792,0.2065610283303609
0.8488980201718341,0.972330644461792,0.2064503509166279
0.8488980201718341,0.972417382253448,0.2064441300457853
0.8491081434441539,0.972417382253448,0.2062708079193895
0.8491081434441539,0.9725041200451036,0.2062584558363649
0.8492482256257005,0.9725041200451036,0.2061436498515289
0.8492482256257005,0.9726775956284152,0.2061087010689802
0.8495050429585357,0.9726775956284152,0.2057150638465229
0.8495050429585357,0.9727643334200712,0.2056828285356358
0.849948636533433,0.9727643334200712,0.2054111520070456
0.849948636533433,0.972851071211727,0.2053918484805702
0.8500887187149795,0.972851071211727,0.2053223846992734
0.8500887187149795,0.9729378090033828,0.2053095386600356
0.850695741501681,0.9729378090033828,0.2048310419225341
0.850695741501681,0.9731112845866944,0.2048245462299989
0.8510926410160627,0.9731112845866944,0.2046364971874825
0.8510926410160627,0.9731980223783504,0.204633076243842
0.8512093761673515,0.9731980223783504,0.2045450444470552
0.8512093761673515,0.973284760170006,0.2045071578618852
0.8513261113186402,0.973284760170006,0.20436687246586
0.8513261113186402,0.973371497961662,0.2043375686886129
0.8514194994396713,0.973371497961662,0.2042967478095101
0.8514194994396713,0.9734582357533176,0.2042958224045077
0.8515362345909601,0.9734582357533176,0.2042110282456181
0.8515362345909601,0.9735449735449736,0.20417435372114
0.8516996638027643,0.9735449735449736,0.2040353805053876
0.8516996638027643,0.9736317113366294,0.2040061529955126
0.8519798281658573,0.9736317113366294,0.2038174459284422
0.8519798281658573,0.9737184491282852,0.2037451395586957
0.8520498692566305,0.9737184491282852,0.2037210581735786
0.8520498692566305,0.973805186919941,0.2037087484459264
0.8522833395592081,0.973805186919941,0.2035147224297316
0.8522833395592081,0.9738919247115968,0.2034991436070131
0.8524934628315278,0.9738919247115968,0.2034057187417978
0.8524934628315278,0.9739786625032528,0.2034040847777356
0.8527736271946208,0.9739786625032528,0.2031725459319963
0.8527736271946208,0.9740654002949084,0.2031698960554332
0.8536608143444154,0.9740654002949084,0.2024970029341344
0.8536608143444154,0.9741521380865644,0.2024864075428508
0.8537308554351887,0.9741521380865644,0.2023886642106617
0.8537308554351887,0.97423887587822,0.2023851660143549
0.8541744490100859,0.97423887587822,0.2020601812818264
0.8541744490100859,0.974325613669876,0.2020522625685206
0.8542678371311169,0.974325613669876,0.2020021373196113
0.8542678371311169,0.9744123514615318,0.2019664262562401
0.8542911841613747,0.9744123514615318,0.2019573779319474
0.8542911841613747,0.9744990892531876,0.2019496382540115
0.854361225252148,0.9744990892531876,0.201891334541493
0.854361225252148,0.9745858270448434,0.2018806018662654
0.8544779604034367,0.9745858270448434,0.2018316456591673
0.8544779604034367,0.9746725648364992,0.2017175363450816
0.8568126634292118,0.9746725648364992,0.1995315465937558
0.8568126634292118,0.9747593026281552,0.1994843793298729
0.8569060515502428,0.9747593026281552,0.1994215301484392
0.8569060515502428,0.9748460404198108,0.1993798243924566
0.8569994396712738,0.9748460404198108,0.1993041285452226
0.8569994396712738,0.9749327782114668,0.1992567123642866
0.8577932387000373,0.9749327782114668,0.1988260703871288
0.8577932387000373,0.9750195160031224,0.1988181601536911
0.8579333208815839,0.9750195160031224,0.1986416869832297
0.8579333208815839,0.9751062537947784,0.1985936128202161
0.8581200971236459,0.9751062537947784,0.1984852170776109
0.8581200971236459,0.97527972937809,0.198474689330664
0.8587971610011207,0.97527972937809,0.1976497416384175
0.8587971610011207,0.9753664671697458,0.1976406004881652
0.8589372431826672,0.9753664671697458,0.1975769145103917
0.8589372431826672,0.9754532049614016,0.1975540238050019
0.859614307060142,0.9754532049614016,0.1971560044675897
0.859614307060142,0.9755399427530576,0.1971292131377602
0.8598244303324617,0.9755399427530576,0.1969878838924783
0.8598244303324617,0.9757134183363692,0.1969674708274027
0.8601512887560703,0.9757134183363692,0.1967664601340659
0.8601512887560703,0.975800156128025,0.1967662647995518
0.8609450877848338,0.975800156128025,0.1962954113900276
0.8609450877848338,0.9758868939196808,0.1962735103163689
0.8613186402689578,0.9758868939196808,0.1960276326885037
0.8613186402689578,0.9759736317113368,0.195992184057192
0.8625793799028764,0.9759736317113368,0.1951122275756789
0.8625793799028764,0.9760603695029924,0.1950820943495583
0.8628828912962271,0.9760603695029924,0.1947209027625916
0.8628828912962271,0.9761471072946484,0.1947166010760715
0.8640502428091147,0.9761471072946484,0.1937586993907993
0.8640502428091147,0.976233845086304,0.1937548147684901
0.8641436309301457,0.976233845086304,0.1936922590563398
0.8641436309301457,0.97632058287796,0.1936724618008359
0.8642837131116922,0.97632058287796,0.1935750477044742
0.8642837131116922,0.9765807962529274,0.1935450404919467
0.8646105715353007,0.9765807962529274,0.1932824473791339
0.8646105715353007,0.9766675340445832,0.1932819151967708
0.8648206948076205,0.9766675340445832,0.1930819672983762
0.8648206948076205,0.9767542718362392,0.1930695425682439
0.8652876354127755,0.9767542718362392,0.1927769935144788
0.8652876354127755,0.9769277474195508,0.1927638566885053
0.8655677997758685,0.9769277474195508,0.1924935808508721
0.8655677997758685,0.9770144852112064,0.1924925324232391
0.8658479641389615,0.9770144852112064,0.1923132974095676
0.8658479641389615,0.9771012230028624,0.1922504922595505
0.8660580874112813,0.9771012230028624,0.1920353918531413
0.8660580874112813,0.9771879607945182,0.1920257759022874
0.8667351512887561,0.9771879607945182,0.191417574781074
0.8667351512887561,0.977274698586174,0.1914154734063679
0.8671787448636533,0.977274698586174,0.1912011260043025
0.8671787448636533,0.9773614363778298,0.1911995688665763
0.8682760552857677,0.9773614363778298,0.1903713353885493
0.8682760552857677,0.9774481741694856,0.1903688963189168
0.8685795666791184,0.9774481741694856,0.1900362761586784
0.8685795666791184,0.9775349119611416,0.1900147230230836
0.8687429958909226,0.9775349119611416,0.1899460474155654
0.8687429958909226,0.9776216497527972,0.18992616167385
0.8687663429211804,0.9776216497527972,0.1899133103875656
0.8687663429211804,0.9777083875444532,0.1899109863547775
0.8692566305565932,0.9777083875444532,0.1895966917007395
0.8692566305565932,0.9777951253361088,0.189580192364753
0.87012047067613,0.9777951253361088,0.1890222184171311
0.87012047067613,0.9778818631277648,0.1890044552240095
0.8705407172207695,0.9778818631277648,0.1886594194734844
0.8705407172207695,0.9779686009194206,0.1886439972904829
0.8714979454613373,0.9779686009194206,0.1876905692734348
0.8714979454613373,0.9780553387110764,0.1876872096797185
0.871614680612626,0.9780553387110764,0.1876051152243666
0.871614680612626,0.9781420765027322,0.1876002928487677
0.8719648860664924,0.9781420765027322,0.187305058423682
0.8719648860664924,0.978228814294388,0.1872724113066508
0.8720582741875234,0.978228814294388,0.1871858001435877
0.8720582741875234,0.978315552086044,0.187185583051599
0.8723617855808741,0.978315552086044,0.1868991936339991
0.8723617855808741,0.9784022898776996,0.1868891106030161
0.8729221143070601,0.9784022898776996,0.186454616860043
0.8729221143070601,0.9784890276693556,0.1864483958160284
0.8734357489727307,0.9784890276693556,0.1860442059875655
0.8734357489727307,0.9785757654610112,0.1860428431641343
0.8736925663055659,0.9785757654610112,0.1858559606727357
0.8736925663055659,0.9786625032526672,0.1858399004400784
0.8737626073963392,0.9786625032526672,0.1857781353831007
0.8737626073963392,0.978749241044323,0.1857499240409135
0.8742995890922675,0.978749241044323,0.185296485494938
0.8742995890922675,0.9788359788359788,0.1852929923707483
0.8743696301830407,0.9788359788359788,0.1852326150575015
0.8743696301830407,0.9790094544192904,0.1851985783876257
0.8744630183040717,0.9790094544192904,0.1851581048190644
0.8744630183040717,0.9790961922109463,0.1851461245974687
0.8748832648487113,0.9790961922109463,0.1847725247334338
0.8748832648487113,0.979182930002602,0.1847664071278367
0.8752334703025775,0.979182930002602,0.1844081252847376
0.8752334703025775,0.979269667794258,0.1843971066024345
0.8761440044826299,0.979269667794258,0.1836192077020664
0.8761440044826299,0.9794431433775695,0.1835502682287414
0.8762140455734031,0.9794431433775695,0.1835209773970745
0.8762140455734031,0.9795298811692256,0.183504131123902
0.8764008218154651,0.9795298811692256,0.1834001248996405
0.8764008218154651,0.9796166189608811,0.1833520718579722
0.8764241688457228,0.9796166189608811,0.1833370505607172
0.8764241688457228,0.9797033567525372,0.1833138607565108
0.8769611505416511,0.9797033567525372,0.1829120497248354
0.8769611505416511,0.9797900945441927,0.1828659439518758
0.8773347030257751,0.9797900945441927,0.1824867433250533
0.8773347030257751,0.9798768323358488,0.1824596810929705
0.8776615614493837,0.9798768323358488,0.1821591543324673
0.8776615614493837,0.9799635701275046,0.1821524392074088
0.8781751961150541,0.9799635701275046,0.1816135180946246
0.8781751961150541,0.9800503079191604,0.1816114444844657
0.8789223010833022,0.9800503079191604,0.180881795778024
0.8789223010833022,0.9801370457108162,0.1808456597922786
0.8799262233843855,0.9801370457108162,0.1799386706229782
0.8799262233843855,0.980223783502472,0.1799256732421773
0.880439858050056,0.980223783502472,0.179409978245007
0.880439858050056,0.980310521294128,0.1793788349498218
0.880906798655211,0.980310521294128,0.1790803647902297
0.880906798655211,0.9803972590857836,0.1790627525332395
0.8809301456854688,0.9803972590857836,0.1790611431849196
0.8809301456854688,0.9804839968774396,0.1790545974215844
0.8811169219275308,0.9804839968774396,0.1789404613890538
0.8811169219275308,0.9805707346690952,0.1789325595552779
0.8815605155024281,0.9805707346690952,0.1784784802276809
0.8815605155024281,0.9806574724607512,0.1784639876653826
0.8818640268957788,0.9806574724607512,0.1782357505315611
0.8818640268957788,0.980744210252407,0.178232329426216
0.8821208442286141,0.980744210252407,0.1780455188243109
0.8821208442286141,0.9808309480440628,0.1780388533119653
0.8826578259245424,0.9808309480440628,0.1776769261753011
0.8826578259245424,0.9809176858357186,0.17766829293468
0.8827979081060889,0.9809176858357186,0.177597743640884
0.8827979081060889,0.9810911614190304,0.177561787349444
0.8832648487112439,0.9810911614190304,0.177148794576942
0.8832648487112439,0.981177899210686,0.1771266650595159
0.8833815838625327,0.981177899210686,0.1770436883249566
0.8833815838625327,0.981264637002342,0.1770362420074485
0.8836150541651102,0.981264637002342,0.1768737751273379
0.8836150541651102,0.9813513747939976,0.1768134326386973
0.8836850952558835,0.9813513747939976,0.1767601692398144
0.8836850952558835,0.9814381125856536,0.1767357197722248
0.8837784833769144,0.9814381125856536,0.1766199417351154
0.8837784833769144,0.9815248503773094,0.1766120460928826
0.8838485244676877,0.9815248503773094,0.1765232130809605
0.8838485244676877,0.9816115881689652,0.1765225812856606
0.8838718714979454,0.9816115881689652,0.176500091073414
0.8838718714979454,0.981698325960621,0.1764527434914785
0.8841286888307808,0.981698325960621,0.1762048438362468
0.8841286888307808,0.9817850637522768,0.1762027426316188
0.8845956294359357,0.9817850637522768,0.1758107179122421
0.8845956294359357,0.9818718015439328,0.175763121277746
0.8847824056779977,0.9818718015439328,0.1755764275987238
0.8847824056779977,0.9819585393355884,0.1755723180914709
0.8848524467687711,0.9819585393355884,0.1754627564418286
0.8848524467687711,0.9820452771272444,0.175455948164742
0.8854828165857302,0.9820452771272444,0.1748856783519654
0.8854828165857302,0.9821320149189,0.1748743091777228
0.885506163615988,0.9821320149189,0.1748561812474743
0.885506163615988,0.982218752710556,0.1748347497083946
0.8859731042211431,0.982218752710556,0.1743087524209051
0.8859731042211431,0.9823054905022118,0.1742929233648358
0.8861365334329473,0.9823054905022118,0.1741400434456196
0.8861365334329473,0.9823922282938676,0.1741390482818409
0.8865100859170714,0.9823922282938676,0.1738637152723394
0.8865100859170714,0.9824789660855234,0.173854763048232
0.8873739260366081,0.9824789660855234,0.1731817409861272
0.8873739260366081,0.9825657038771792,0.173173960955318
0.8873972730668659,0.9825657038771792,0.1731537920993501
0.8873972730668659,0.9826524416688353,0.1731412702341599
0.8875840493089279,0.9826524416688353,0.1730074139743886
0.8875840493089279,0.9827391794604908,0.1729942190181065
0.8878408666417632,0.9827391794604908,0.1727584880702777
0.8878408666417632,0.9828259172521469,0.1727583284891143
0.8881443780351139,0.9828259172521469,0.1724794853655633
0.8881443780351139,0.9829126550438024,0.1724645182095122
0.8881677250653717,0.9829126550438024,0.1724504039177339
0.8881677250653717,0.9829993928354585,0.1724376138267563
0.8882377661561449,0.9829993928354585,0.1723698968035129
0.8882377661561449,0.9830861306271144,0.1723698645621534
0.8886580127007845,0.9830861306271144,0.1718687044510494
0.8886580127007845,0.98317286841877,0.1718662696083678
0.8886813597310422,0.98317286841877,0.1718009991550811
0.8886813597310422,0.9833463440020817,0.1717748536248269
0.8895918939110945,0.9833463440020817,0.170989136922649
0.8895918939110945,0.9834330817937376,0.170988756844082
0.8897786701531565,0.9834330817937376,0.170903552594142
0.8897786701531565,0.9835198195853934,0.1708790403135288
0.8904323870003735,0.9835198195853934,0.1703495700866729
0.8904323870003735,0.983693295168705,0.1703082143961513
0.8905024280911468,0.983693295168705,0.170243989363522
0.8905024280911468,0.9837800329603608,0.1702271950790894
0.8905257751214045,0.9837800329603608,0.1702238004642
0.8905257751214045,0.9838667707520168,0.1702231199051308
0.89057246918192,0.9838667707520168,0.1702091018331385
0.89057246918192,0.9839535085436724,0.1701934087823574
0.8907592454239821,0.9839535085436724,0.1701330604124983
0.8907592454239821,0.9840402463353284,0.1700609726861388
0.8908059394844976,0.9840402463353284,0.1700434563439516
0.8908059394844976,0.984126984126984,0.1700394365483707
0.8908292865147553,0.984126984126984,0.1700351779707902
0.8908292865147553,0.98421372191864,0.1699643006431254
0.8908526335450131,0.98421372191864,0.1699069532552803
0.8908526335450131,0.9843004597102958,0.1697859587918484
0.8910394097870751,0.9843004597102958,0.1696315438935494
0.8910394097870751,0.9843871975019516,0.1695892760605786
0.8913429211804258,0.9843871975019516,0.1693641062725113
0.8913429211804258,0.9844739352936074,0.1693495266640212
0.8915530444527456,0.9844739352936074,0.1692060874335397
0.8915530444527456,0.9845606730852632,0.1691998952633877
0.8923701905117669,0.9845606730852632,0.1685810509289484
0.8923701905117669,0.9846474108769192,0.1685806817496181
0.8925336197235711,0.9846474108769192,0.1684760388463886
0.8925336197235711,0.9847341486685748,0.168430838932131
0.8928137840866642,0.9847341486685748,0.1682147233191641
0.8928137840866642,0.9848208864602308,0.1682114859338023
0.8934208068733657,0.9848208864602308,0.1676027014489848
0.8934208068733657,0.9849076242518864,0.167591775085545
0.8935141949943967,0.9849076242518864,0.167465483764904
0.8935141949943967,0.9849943620435424,0.1674438334563736
0.8939344415390362,0.9849943620435424,0.1670492896480447
0.8939344415390362,0.9850810998351982,0.1669644749431372
0.8943780351139335,0.9850810998351982,0.1665084615615545
0.8943780351139335,0.985167837626854,0.1664988629434856
0.8948449757190885,0.985167837626854,0.1659282901120196
0.8948449757190885,0.9852545754185098,0.1659172509132135
0.8950084049308928,0.9852545754185098,0.1657098589882523
0.8950084049308928,0.9853413132101656,0.1656989736515676
0.8951251400821816,0.9853413132101656,0.1656121679597677
0.8951251400821816,0.9854280510018216,0.1655485116857279
0.8952885692939858,0.9854280510018216,0.1653166446633004
0.8952885692939858,0.9855147887934772,0.165313560211303
0.8976699663802764,0.9855147887934772,0.1629219332848633
0.8976699663802764,0.9856015265851332,0.1629214984036305
0.8978100485618229,0.9856015265851332,0.1625839182258776
0.8978100485618229,0.9856882643767888,0.1625489173785779
0.897996824803885,0.9856882643767888,0.162382417885708
0.897996824803885,0.9857750021684448,0.1623258319464886
0.898743929772133,0.9857750021684448,0.1616903244627973
0.898743929772133,0.9858617399601006,0.1616671139630283
0.898930706014195,0.9858617399601006,0.1615692556672332
0.898930706014195,0.9859484777517564,0.1615644376044581
0.8998178931639895,0.9859484777517564,0.160891339547727
0.8998178931639895,0.9860352155434122,0.1608146288988443
0.9000280164363093,0.9860352155434122,0.1605475671157067
0.9000280164363093,0.986121953335068,0.1605336187191656
0.9006583862532686,0.986121953335068,0.1598102546190959
0.9006583862532686,0.986208691126724,0.159770513816674
0.900891856555846,0.986208691126724,0.1595817971807702
0.900891856555846,0.9862954289183796,0.1595582055109483
0.9019191258871871,0.9862954289183796,0.1585086920813533
0.9019191258871871,0.9863821667100356,0.1584645789589317
0.902222637280538,0.9863821667100356,0.1582852101911057
0.902222637280538,0.9864689045016912,0.158273667030372
0.9033199477026522,0.9864689045016912,0.1573924757012049
0.9033199477026522,0.9865556422933472,0.1573665855467944
0.9034600298841988,0.9865556422933472,0.1572594092281165
0.9034600298841988,0.9867291178766588,0.1572266600218763
0.9036468061262608,0.9867291178766588,0.1570475767065389
0.9036468061262608,0.9868158556683146,0.1570329313219045
0.9038569293985804,0.9868158556683146,0.1568532920836765
0.9038569293985804,0.9869025934599706,0.156821171410423
0.9042538289129622,0.9869025934599706,0.1564245797816643
0.9042538289129622,0.9870760690432822,0.1564138048822716
0.9043472170339932,0.9870760690432822,0.1563392805179029
0.9043472170339932,0.987162806834938,0.1563392277520892
0.9047674635786328,0.987162806834938,0.1559213277176013
0.9047674635786328,0.9872495446265938,0.155894400525055
0.9050009338812104,0.9872495446265938,0.1557627386186389
0.9050009338812104,0.9873362824182496,0.1557601270195214
0.9050709749719836,0.9873362824182496,0.1557350457272459
0.9050709749719836,0.9874230202099056,0.1557203846963538
0.905234404183788,0.9874230202099056,0.1555136373150554
0.905234404183788,0.9875097580015612,0.1554962372929774
0.9066118789689952,0.9875097580015612,0.1541901422360118
0.9066118789689952,0.9875964957932172,0.1540996636447802
0.9066585730295108,0.9875964957932172,0.1539907999487638
0.9066585730295108,0.987683233584873,0.1539397699626422
0.9069620844228614,0.987683233584873,0.1536682917372926
0.9069620844228614,0.9877699713765288,0.1536069453836994
0.9070788195741502,0.9877699713765288,0.1535152000654004
0.9070788195741502,0.9878567091681846,0.1535095091070168
0.9071722076951813,0.9878567091681846,0.1533220081284876
0.9071722076951813,0.9879434469598404,0.1533011355775769
0.9072422487859544,0.9879434469598404,0.1532839460944258
0.9072422487859544,0.9880301847514962,0.1532539527268536
0.9078959656331714,0.9880301847514962,0.1526644899332113
0.9078959656331714,0.988116922543152,0.1526530594417536
0.9082928651475533,0.988116922543152,0.1523084649974296
0.9082928651475533,0.988203660334808,0.1522984147403766
0.9092033993276056,0.988203660334808,0.1514476396957026
0.9092033993276056,0.9882903981264636,0.1514297838349378
0.9093668285394098,0.9882903981264636,0.1512744884875554
0.9093668285394098,0.9883771359181196,0.1512707357178274
0.909903810235338,0.9883771359181196,0.1507735656532446
0.909903810235338,0.9884638737097754,0.1507350958763166
0.9100438924168844,0.9884638737097754,0.1506422491684421
0.9100438924168844,0.9885506115014312,0.1506287147382335
0.9103240567799776,0.9885506115014312,0.1502542872105005
0.9103240567799776,0.988637349293087,0.1502342608304296
0.911047814717968,0.988637349293087,0.1493333570147671
0.911047814717968,0.9888108248763986,0.1493256458487508
0.9110711617482256,0.9888108248763986,0.1493201106537013
0.9110711617482256,0.9889843004597104,0.1492536391988416
0.9117248785954428,0.9889843004597104,0.148761064795565
0.9117248785954428,0.989071038251366,0.1487566922614485
0.9121918192005976,0.989071038251366,0.1484073534732857
0.9121918192005976,0.989157776043022,0.148379268981323
0.9126821068360104,0.989157776043022,0.1479037966841792
0.9126821068360104,0.9892445138346778,0.1478703338904391
0.912728800896526,0.9892445138346778,0.1478376468792736
0.912728800896526,0.9893312516263336,0.1478362805391676
0.9128922301083302,0.9893312516263336,0.1476726565173483
0.9128922301083302,0.9894179894179894,0.1476635126046388
0.913195741501681,0.9894179894179894,0.1474037608631737
0.913195741501681,0.9895047272096452,0.1473733493012811
0.9138027642883824,0.9895047272096452,0.1467761286338093
0.9138027642883824,0.989591465001301,0.1467621953542789
0.9138728053791556,0.989591465001301,0.146670350044522
0.9138728053791556,0.9896782027929568,0.1466647837940818
0.9145265222263728,0.9896782027929568,0.1460896032773011
0.9145265222263728,0.9897649405846128,0.146074612542667
0.914783339559208,0.9897649405846128,0.1458251132134207
0.914783339559208,0.9898516783762684,0.1458214040011191
0.9150635039223012,0.9898516783762684,0.1454773021008792
0.9150635039223012,0.9899384161679244,0.145475738042149
0.9152035861038476,0.9899384161679244,0.1453562545466235
0.9152035861038476,0.990111891751236,0.145323774774925
0.9153436682853942,0.990111891751236,0.1451886333370246
0.9153436682853942,0.9901986295428918,0.1451758452983779
0.9156004856182294,0.9901986295428918,0.14496514608061
0.9156004856182294,0.9902853673345476,0.1449535514736036
0.915717220769518,0.9902853673345476,0.1448632854291132
0.915717220769518,0.9903721051262034,0.1448548731769623
0.9161841613746732,0.9903721051262034,0.1446452214438701
0.9161841613746732,0.9904588429178594,0.1446341793202279
0.9164643257377662,0.9904588429178594,0.1442371672425056
0.9164643257377662,0.9905455807095151,0.144211220766306
0.91798188270452,0.9905455807095151,0.1422103447369658
0.91798188270452,0.990632318501171,0.1421890670041008
0.918262047067613,0.990632318501171,0.1419931021336251
0.918262047067613,0.9907190562928267,0.1419748804556658
0.9183320881583864,0.9907190562928267,0.1419142631864737
0.9183320881583864,0.9908925318761383,0.1418225547038506
0.918635599551737,0.9908925318761383,0.1416200043435556
0.918635599551737,0.9909792696677944,0.1415993345927743
0.9190791931266344,0.9909792696677944,0.1413500188691708
0.9190791931266344,0.99106600745945,0.1413487905982922
0.919102540156892,0.99106600745945,0.1413405560891923
0.919102540156892,0.991152745251106,0.1413108803185312
0.9192659693686964,0.991152745251106,0.1411501321149978
0.9192659693686964,0.9912394830427618,0.1411346261256474
0.9212738139708628,0.9912394830427618,0.1391907439964002
0.9212738139708628,0.9913262208344176,0.139116680051033
0.9216707134852448,0.9913262208344176,0.1387940312650449
0.9216707134852448,0.9914129586260734,0.1387634697883284
0.923515128875607,0.9914129586260734,0.1367144335178793
0.923515128875607,0.9914996964177292,0.1366977200319217
0.9241221516623086,0.9914996964177292,0.1362550724774167
0.9241221516623086,0.9915864342093852,0.1362358132579223
0.9242388868135972,0.9915864342093852,0.1361388355353617
0.9242388868135972,0.9916731720010408,0.1361372310738505
0.9254529323870004,0.9916731720010408,0.1345515519556458
0.9254529323870004,0.9917599097926968,0.134541068213482
0.92587317893164,0.9917599097926968,0.1341150148142424
0.92587317893164,0.9918466475843524,0.13408049565084
0.9267837131116922,0.9918466475843524,0.1330313546155429
0.9267837131116922,0.99210686095932,0.1329942404624937
0.927834329473291,0.99210686095932,0.1317331171094511
0.927834329473291,0.9921935987509758,0.1317088755199215
0.9321068360104596,0.9921935987509758,0.1278390579689112
0.9321068360104596,0.9922803365426316,0.127811149949111
0.9329473290997384,0.9922803365426316,0.1266738095534942
0.9329473290997384,0.9923670743342876,0.1266480237904881
0.9330407172207696,0.9923670743342876,0.1265674018002729
0.9330407172207696,0.9924538121259432,0.1265470194097497
0.9331574523720584,0.9924538121259432,0.1263836248912205
0.9331574523720584,0.9925405499175992,0.1263618797274498
0.9338345162495332,0.9925405499175992,0.1256940716272248
0.9338345162495332,0.9926272877092548,0.1256572295601097
0.9339512514008218,0.9926272877092548,0.1255385890562997
0.9339512514008218,0.9927140255009108,0.1255315108778671
0.9345582741875234,0.9927140255009108,0.1247325128395315
0.9345582741875234,0.9928007632925666,0.1246968833534926
0.9350252147926784,0.9928007632925666,0.1241833315171956
0.9350252147926784,0.9928875010842224,0.1241750258189625
0.9353754202465446,0.9928875010842224,0.1239138227586343
0.9353754202465446,0.9929742388758782,0.1239083427307298
0.9360291370937616,0.9929742388758782,0.1231826966085913
0.9360291370937616,0.993060976667534,0.1231571340522916
0.9365194247291744,0.993060976667534,0.1226658502134424
0.9365194247291744,0.99314771445919,0.1226498873407369
0.936939671273814,0.99314771445919,0.1222977220154575
0.936939671273814,0.9932344522508456,0.1222500234362028
0.9375466940605156,0.9932344522508456,0.1215406101924749
0.9375466940605156,0.9933211900425016,0.1215403753669926
0.9390642510272692,0.9933211900425016,0.1196934125462571
0.9390642510272692,0.9934079278341572,0.1196366014872349
0.9394844975719088,0.9934079278341572,0.1192493361668453
0.9394844975719088,0.9934946656258132,0.1192278438397411
0.9402549495704148,0.9934946656258132,0.1184977831910255
0.9402549495704148,0.993581403417469,0.1184803587728438
0.941072095629436,0.993581403417469,0.1174664913669898
0.941072095629436,0.9936681412091248,0.1174401971402456
0.9413522599925288,0.9936681412091248,0.117183292401554
0.9413522599925288,0.9937548790007806,0.117181970738852
0.9419826298094882,0.9937548790007806,0.1165197416473891
0.9419826298094882,0.9938416167924364,0.1164473565245473
0.9423328352633544,0.9938416167924364,0.1160902386600443
0.9423328352633544,0.9939283545840925,0.1160799719668871
0.9445741501680986,0.9939283545840925,0.1134928508261159
0.9445741501680986,0.994015092375748,0.1134674441997235
0.9447142323496452,0.994015092375748,0.1132478390595816
0.9447142323496452,0.994101830167404,0.11324076029471
0.9447375793799028,0.994101830167404,0.1132281889178564
0.9447375793799028,0.9941885679590596,0.1131781211422631
0.9464886066492342,0.9941885679590596,0.1107983528630482
0.9464886066492342,0.9942753057507157,0.1107937721988913
0.9476092641016064,0.9942753057507157,0.1094765258275692
0.9476092641016064,0.9943620435423716,0.1094090002611087
0.9490801270078446,0.9943620435423716,0.1080314551330576
0.9490801270078446,0.9944487813340273,0.1079933990750248
0.949150168098618,0.9944487813340273,0.1078855264734662
0.949150168098618,0.994535519125683,0.1078738715091168
0.9501073963391856,0.994535519125683,0.106590697829776
0.9501073963391856,0.9946222569173389,0.1065892428571391
0.9518817706387748,0.9946222569173389,0.1039802331545648
0.9518817706387748,0.9947089947089948,0.1039439395822588
0.9519284646992904,0.9947089947089948,0.1039283813720574
0.9519284646992904,0.9947957325006506,0.1039044435212396
0.9525588345162496,0.9947957325006506,0.1031427903101142
0.9525588345162496,0.9949692080839622,0.1031090029950446
0.9539830033619724,0.9949692080839622,0.1016300124560362
0.9539830033619724,0.995055945875618,0.1016090285100521
0.9541464325737766,0.995055945875618,0.1014622470598347
0.9541464325737766,0.995142683667274,0.1014453361081669
0.954590026148674,0.995142683667274,0.1007931816144592
0.954590026148674,0.9952294214589296,0.1007639675862646
0.9549402316025402,0.9952294214589296,0.1002135284410161
0.9549402316025402,0.9953161592505856,0.1001863376476266
0.9552437429958908,0.9953161592505856,0.0996722211404149
0.9552437429958908,0.9954028970422412,0.0996272762533594
0.9553137840866642,0.9954028970422412,0.0995429083811718
0.9553137840866642,0.9954896348338972,0.099480696539937
0.9566912588718716,0.9954896348338972,0.0979224351309855
0.9566912588718716,0.995576372625553,0.0978666306379446
0.956924729174449,0.995576372625553,0.0973556072966774
0.956924729174449,0.9956631104172088,0.0973303807340216
0.9572749346283153,0.9956631104172088,0.096981214079619
0.9572749346283153,0.9957498482088646,0.0969801241089343
0.9586290623832648,0.9957498482088646,0.095293767314754
0.9586290623832648,0.9958365860005204,0.0952884219245792
0.9597030257751216,0.9958365860005204,0.0944186242882745
0.9597030257751216,0.9959233237921764,0.0943991415207343
0.9601466193500188,0.9959233237921764,0.0939021605081075
0.9601466193500188,0.996010061583832,0.0938625315732806
0.9605435188644004,0.996010061583832,0.0933075623227274
0.9605435188644004,0.996096799375488,0.0932633618234486
0.9609871124392976,0.996096799375488,0.0924744114179374
0.9609871124392976,0.9961835371671436,0.0924734144597568
0.9610104594695554,0.9961835371671436,0.092470387334714
0.9610104594695554,0.9962702749587996,0.0923876182520619
0.9610805005603288,0.9962702749587996,0.0923291536362386
0.9610805005603288,0.9963570127504554,0.0923241892951348
0.9611271946208444,0.9963570127504554,0.0922609175367892
0.9611271946208444,0.9964437505421112,0.0922136361992888
0.961430706014195,0.9964437505421112,0.0918119294228174
0.961430706014195,0.996530488333767,0.0918077742186822
0.9618509525588346,0.996530488333767,0.0911317602162086
0.9618509525588346,0.9966172261254228,0.0911287128283807
0.9627848337691446,0.9966172261254228,0.0898689830815363
0.9627848337691446,0.9967039639170788,0.0898641009490109
0.963018304071722,0.9967039639170788,0.0895938356199723
0.963018304071722,0.9968774395003904,0.0894710823021945
0.964816025401569,0.9968774395003904,0.0873417382113533
0.964816025401569,0.996964177292046,0.0873265544593921
0.9676643630930146,0.996964177292046,0.0844571978676212
0.9676643630930146,0.997050915083702,0.0843617582073436
0.9686916324243556,0.997050915083702,0.0829074013788789
0.9686916324243556,0.9971376528753578,0.082864623370252
0.9690418378782218,0.9971376528753578,0.0823983751818671
0.9690418378782218,0.9972243906670136,0.0823272044463895
0.969415390362346,0.9972243906670136,0.0818531778938552
0.969415390362346,0.9973111284586694,0.0818243312604819
0.9695554725438924,0.9973111284586694,0.0816939876273191
0.9695554725438924,0.9973978662503252,0.0816859382788101
0.9698356369069854,0.9973978662503252,0.0811468978648239
0.9698356369069854,0.9974846040419812,0.0811170371303272
0.9699290250280164,0.9974846040419812,0.0810098995170502
0.9699290250280164,0.9975713418336368,0.080928506622028
0.9712598057527082,0.9975713418336368,0.078870304133868
0.9712598057527082,0.9976580796252928,0.0788481578840578
0.9714232349645124,0.9976580796252928,0.0786203157931303
0.9714232349645124,0.9977448174169484,0.0785695881888557
0.9717734404183788,0.9977448174169484,0.0782762224099283
0.9717734404183788,0.9978315552086044,0.0782571313385341
0.9753688830780723,0.9978315552086044,0.0730108061103494
0.9753688830780723,0.9979182930002602,0.0728865234068804
0.975789129622712,0.9979182930002602,0.072275910790151
0.975789129622712,0.998005030791916,0.072261473850936
0.976162682106836,0.998005030791916,0.0718228876578237
0.976162682106836,0.9980917685835718,0.071815829134207
0.9771432573776616,0.9980917685835718,0.0700527660240938
0.9771432573776616,0.9981785063752276,0.0700452880184951
0.9775168098617856,0.9981785063752276,0.0695962166708782
0.9775168098617856,0.9982652441668836,0.0695828796907794
0.979174449010086,0.9982652441668836,0.0675201425591845
0.979174449010086,0.9983519819585394,0.06751912021158
0.9842874486365334,0.9983519819585394,0.0601211656777822
0.9842874486365334,0.9984387197501952,0.0601207219685104
0.9843107956667912,0.9984387197501952,0.0600706257242956
0.9843107956667912,0.998525457541851,0.0600494590856846
0.9849178184534928,0.998525457541851,0.0593439371062541
0.9849178184534928,0.9986121953335068,0.059339936697732
0.98536141202839,0.9986121953335068,0.0584147819166678
0.98536141202839,0.9986989331251628,0.0583433414396513
0.987415950691072,0.9986989331251628,0.054835047597026
0.987415950691072,0.9987856709168184,0.0548237533027051
0.9878828912962272,0.9987856709168184,0.054325142524045
0.9878828912962272,0.9988724087084744,0.0543178234334855
0.9879062383264848,0.9988724087084744,0.0543085144683392
0.9879062383264848,0.99895914650013,0.0542571409196473
0.9884665670526708,0.99895914650013,0.0533112298833217
0.9884665670526708,0.999045884291786,0.0532447850938604
0.9890268957788568,0.999045884291786,0.0519079788771306
0.9890268957788568,0.9991326220834418,0.0518774014161927
0.9902175943220024,0.9991326220834418,0.0501229252470631
0.9902175943220024,0.9992193598750976,0.0501132456680061
0.9929258498319014,0.9992193598750976,0.045243068194937
0.9929258498319014,0.9993060976667534,0.0452272397702432
0.9929958909226746,0.9993060976667534,0.045094426290216
0.9929958909226746,0.9993928354584092,0.0448940946523497
0.9938830780724692,0.9993928354584092,0.0429982816950468
0.9938830780724692,0.9994795732500652,0.0429930918750777
0.993906425102727,0.9994795732500652,0.0429487219706644
0.993906425102727,0.9995663110417208,0.0429167890078505
0.9974785207321628,0.9995663110417208,0.0341097971622212
0.9974785207321628,0.9996530488333768,0.0341055842127521
0.997758685095256,0.9996530488333768,0.0334975578827925
0.997758685095256,0.9997397866250324,0.033227760703852
0.9980388494583488,0.9997397866250324,0.032139656082747
0.9980388494583488,0.9998265244166884,0.0320285973275543
0.9990894658199476,0.9998265244166884,0.028102504539213
0.9990894658199476,0.9999132622083442,0.0280792775842163
0.9995564064251028,0.9999132622083442,0.0247738101847991
0.9995564064251028,1.0,0.0247655982761892
1.0,1.0,0.0175926770872066
