fpr,tpr,threshold
0.0,0.0,inf
0.0,8.673779165582444e-05,0.9699534380944467
0.0,0.00017347558331164888,0.9290759328654483
2.3347030257751215e-05,0.00017347558331164888,0.9254563042179337
2.3347030257751215e-05,0.0009541157082140688,0.9136900009755553
7.004109077325365e-05,0.0009541157082140688,0.9128396505542146
7.004109077325365e-05,0.0012143290831815423,0.9109197919380977
9.338812103100486e-05,0.0012143290831815423,0.9108137893112037
9.338812103100486e-05,0.001387804666493191,0.9061623604840326
0.00011673515128875607,0.001387804666493191,0.905173258116043
0.00011673515128875607,0.0014745424581490156,0.9042303743136769
0.0001400821815465073,0.0014745424581490156,0.9038124908562825
0.0001400821815465073,0.00156128024980484,0.9030028609564502
0.0001634292118042585,0.00156128024980484,0.9024727353550478
0.0001634292118042585,0.0016480180414606643,0.9021730551062037
0.00018677624206200972,0.0016480180414606643,0.9019799218183626
0.00018677624206200972,0.001734755833116489,0.9015431184791747
0.00023347030257751214,0.001734755833116489,0.9008221802329693
0.00023347030257751214,0.0019082314164281377,0.9000206020151933
0.00025681733283526337,0.0019082314164281377,0.8996951631983776
0.00025681733283526337,0.0025153959580189087,0.8948747680456691
0.0002801643630930146,0.0025153959580189087,0.894324342575759
0.0002801643630930146,0.0036429872495446266,0.8897174932207612
0.000326858423608517,0.0036429872495446266,0.8891938035709067
0.000326858423608517,0.004076676207823749,0.8881601598047861
0.0003502054538662682,0.004076676207823749,0.887685383914064
0.0003502054538662682,0.004770578541070344,0.8868381844553084
0.00037355248412401944,0.004770578541070344,0.8862721990686084
0.00037355248412401944,0.004944054124381993,0.885954133752048
0.0003968995143817706,0.004944054124381993,0.8858499351917406
0.0003968995143817706,0.005117529707693642,0.8853554816369953
0.00044359357489727306,0.005117529707693642,0.8849256603471464
0.00044359357489727306,0.005291005291005291,0.884257760303546
0.0004902876354127755,0.005291005291005291,0.883844979507088
0.0004902876354127755,0.005377743082661116,0.8835917656967475
0.0005136346656705267,0.005377743082661116,0.8834793248343362
0.0005136346656705267,0.005551218665972764,0.882787447273654
0.000536981695928278,0.005551218665972764,0.8827389185920429
0.000536981695928278,0.005898169832596062,0.8826423805439774
0.0005836757564437803,0.005898169832596062,0.8823516732231552
0.0005836757564437803,0.0059849076242518865,0.8822058922923761
0.0006070227867015315,0.0059849076242518865,0.8821144331105449
0.0006070227867015315,0.006505334374186833,0.8813484798156572
0.0006303698169592828,0.006505334374186833,0.8813291145557418
0.0006303698169592828,0.007285974499089253,0.8792582702765581
0.000653716847217034,0.007285974499089253,0.8792230137588151
0.000653716847217034,0.007459450082400902,0.87883613365631
0.0006770638774747852,0.007459450082400902,0.8788031829080405
0.0006770638774747852,0.0078064012490242,0.8783796813419165
0.0007237579379902877,0.0078064012490242,0.878205403961948
0.0007237579379902877,0.007893139040680024,0.878076461440588
0.0007704519985057901,0.007893139040680024,0.8776511962051103
0.0007704519985057901,0.008066614623991674,0.8772505827475002
0.0007937990287635412,0.008066614623991674,0.876929888120866
0.0007937990287635412,0.008673779165582445,0.8751733812492344
0.0008404930892790437,0.008673779165582445,0.8751600856017866
0.0008404930892790437,0.009020730332205741,0.8749189829844561
0.0008871871497945461,0.009020730332205741,0.874801015812677
0.0008871871497945461,0.009107468123861567,0.8747175461461172
0.0009105341800522974,0.009107468123861567,0.8741991241593099
0.0009105341800522974,0.009194205915517391,0.8740049624988153
0.0009338812103100486,0.009194205915517391,0.873921308719424
0.0009338812103100486,0.009627894873796514,0.8733166378387385
0.0009572282405677998,0.009627894873796514,0.8733125815924528
0.0009572282405677998,0.009801370457108162,0.873228043003107
0.000980575270825551,0.009801370457108162,0.8731886407885423
0.000980575270825551,0.00997484604041981,0.8730533379656613
0.0010039223010833021,0.00997484604041981,0.8726496394113468
0.0010039223010833021,0.010061583832075635,0.8723762549270987
0.0010272693313410535,0.010061583832075635,0.8722300866617863
0.0010272693313410535,0.010321797207043109,0.8720113952769466
0.0010506163615988046,0.010321797207043109,0.8719666510291363
0.0010506163615988046,0.010408534998698933,0.8718663222565002
0.001073963391856556,0.010408534998698933,0.8714985488887534
0.001073963391856556,0.010495272790354757,0.8714839728469413
0.0011206574523720584,0.010495272790354757,0.8712451147657443
0.0011206574523720584,0.010582010582010581,0.8712283545588171
0.0011440044826298095,0.010582010582010581,0.8711800731076653
0.0011440044826298095,0.011102437331945528,0.8702337388754089
0.0011673515128875606,0.011102437331945528,0.8701202052472967
0.0011673515128875606,0.011189175123601354,0.8698538664117781
0.001214045573403063,0.011189175123601354,0.8696422911067294
0.001214045573403063,0.011275912915257178,0.8694660146366007
0.0012607396339185655,0.011275912915257178,0.8691888122835878
0.0012607396339185655,0.011362650706913002,0.8689947619670343
0.0012840866641763168,0.011362650706913002,0.8689008233086898
0.0012840866641763168,0.011449388498568826,0.8688710319863941
0.001307433694434068,0.011449388498568826,0.86856845694013
0.001307433694434068,0.01153612629022465,0.8683428303424998
0.0013307807246918193,0.01153612629022465,0.8682173134295856
0.0013307807246918193,0.011622864081880475,0.8681129306140722
0.001424168845722824,0.011622864081880475,0.8676880364030455
0.001424168845722824,0.011796339665192125,0.8675599584303216
0.0014942099364960778,0.011796339665192125,0.8673980035330048
0.0014942099364960778,0.012750455373406194,0.8651433528827002
0.0015175569667538289,0.012750455373406194,0.8651043688028096
0.0015175569667538289,0.01309740654002949,0.8640928402709576
0.0015642510272693313,0.01309740654002949,0.8638704171931451
0.0015642510272693313,0.013184144331685315,0.863857757385289
0.0015875980575270825,0.013184144331685315,0.8638402059761663
0.0015875980575270825,0.013617833289964437,0.8628832292572857
0.0016109450877848338,0.013617833289964437,0.8623639307960846
0.0016109450877848338,0.013704571081620261,0.8622971117979815
0.001634292118042585,0.013704571081620261,0.8622449590536241
0.001634292118042585,0.013878046664931911,0.8620851605899721
0.0016576391483003362,0.013878046664931911,0.8618469460240381
0.0016576391483003362,0.014138260039899384,0.8612300057394483
0.0017043332088158387,0.014138260039899384,0.8607289034765637
0.0017043332088158387,0.014224997831555208,0.8602775512191001
0.0017276802390735898,0.014224997831555208,0.8600426659275178
0.0017276802390735898,0.014398473414866858,0.8597751663137947
0.0017977213298468436,0.014398473414866858,0.859710229205987
0.0017977213298468436,0.01483216237314598,0.8593894244616922
0.0018210683601045947,0.01483216237314598,0.8590833760090074
0.0018210683601045947,0.014918900164801805,0.8589000357046451
0.0018444153903623458,0.014918900164801805,0.8588616758559542
0.0018444153903623458,0.015179113539769277,0.8585738292311528
0.0018677624206200972,0.015179113539769277,0.8585518054847674
0.0018677624206200972,0.015439326914736751,0.8580234965043099
0.0019144564811355996,0.015439326914736751,0.8577549780638001
0.0019144564811355996,0.015526064706392576,0.8576419699797401
0.0019378035113933507,0.015526064706392576,0.8574959065551208
0.0019378035113933507,0.015959753664671696,0.8565215499151784
0.001961150541651102,0.015959753664671696,0.8563447374837639
0.001961150541651102,0.016219967039639172,0.855962266636947
0.001984497571908853,0.016219967039639172,0.8559100055464817
0.001984497571908853,0.016653655997918293,0.8554321183726977
0.0020078446021666043,0.016653655997918293,0.8554300532846201
0.0020078446021666043,0.01682713158122994,0.8553982866041552
0.0020311916324243554,0.01682713158122994,0.8553723798520847
0.0020311916324243554,0.016913869372885765,0.8553623629371958
0.002077885692939858,0.016913869372885765,0.8552544911735529
0.002077885692939858,0.01734755833116489,0.8548573093916114
0.002147926783713112,0.01734755833116489,0.8545536296382132
0.002147926783713112,0.017867985081099835,0.854180496318383
0.002171273813970863,0.017867985081099835,0.8541612474545106
0.002171273813970863,0.01795472287275566,0.8539083139384552
0.002194620844228614,0.01795472287275566,0.8537870191012773
0.002194620844228614,0.018041460664411483,0.8537467817216173
0.002217967874486365,0.018041460664411483,0.8535865332399131
0.002217967874486365,0.018214936247723135,0.8534769964246502
0.0022413149047441168,0.018214936247723135,0.8534249056542719
0.0022413149047441168,0.018388411831034783,0.8529856058624639
0.002264661935001868,0.018388411831034783,0.8529126778301686
0.002264661935001868,0.018822100789313904,0.8520488997632971
0.00231135599551737,0.018822100789313904,0.8519970830733454
0.00231135599551737,0.018995576372625552,0.851951078708073
0.0023347030257751212,0.018995576372625552,0.8519120117047698
0.0023347030257751212,0.019255789747593028,0.8518169647808761
0.002381397086290624,0.019255789747593028,0.8514069036360341
0.002381397086290624,0.019776216497527973,0.8511293143416213
0.0024514381770638777,0.019776216497527973,0.8508803164708592
0.0024514381770638777,0.019862954289183797,0.8508769050011336
0.00249813223757938,0.019862954289183797,0.850837122874997
0.00249813223757938,0.01994969208083962,0.8507229680703133
0.002521479267837131,0.01994969208083962,0.8506477529843315
0.002521479267837131,0.02012316766415127,0.8506125345396995
0.0025681733283526337,0.02012316766415127,0.8505680250639758
0.0025681733283526337,0.020209905455807094,0.8505410038780701
0.002591520358610385,0.020209905455807094,0.8501882092206119
0.002591520358610385,0.02029664324746292,0.8501310266994725
0.0026615614493836386,0.02029664324746292,0.849686809600374
0.0026615614493836386,0.020383381039118745,0.8495379668605174
0.0026849084796413897,0.020383381039118745,0.8495209524360621
0.0026849084796413897,0.020556856622430394,0.8491079234838099
0.002708255509899141,0.020556856622430394,0.8491011522028405
0.002708255509899141,0.02107728337236534,0.8487266154001845
0.002754949570414643,0.02107728337236534,0.8486862210925954
0.002754949570414643,0.021164021164021163,0.8484229748455213
0.0027782966006723946,0.021164021164021163,0.8482748075284138
0.0027782966006723946,0.021250758955676987,0.8482346297102856
0.002824990661187897,0.021250758955676987,0.8482067517976437
0.002824990661187897,0.021597710122300287,0.8480320527379854
0.0028716847217033995,0.021597710122300287,0.8480250637507152
0.0028716847217033995,0.022465088038858532,0.8470023745019466
0.0028950317519611506,0.022465088038858532,0.8469963024765805
0.0028950317519611506,0.022551825830514356,0.846949698392932
0.0029183787822189017,0.022551825830514356,0.8469175782247758
0.0029183787822189017,0.02263856362217018,0.8469034360592727
0.0030117669032499066,0.02263856362217018,0.8468223354593676
0.0030117669032499066,0.02281203920548183,0.8465258679538633
0.0030818079940231604,0.02281203920548183,0.8462013470319021
0.0030818079940231604,0.02324572816376095,0.8457456801345317
0.0031285020545386627,0.02324572816376095,0.8455375419914254
0.0031285020545386627,0.0234192037470726,0.8454201740627068
0.003151849084796414,0.0234192037470726,0.8454170034758594
0.003151849084796414,0.023505941538728425,0.845326294350843
0.0031985431453119165,0.023505941538728425,0.8452225121269236
0.0031985431453119165,0.023679417122040074,0.8451596022095165
0.0032218901755696676,0.023679417122040074,0.8451260274025647
0.0032218901755696676,0.023766154913695898,0.8451094453362251
0.0032452372058274187,0.023766154913695898,0.8450704194476129
0.0032452372058274187,0.023939630497007546,0.8448423749673513
0.0033152782966006725,0.023939630497007546,0.8447271876831087
0.0033152782966006725,0.02402636828866337,0.8446501885131931
0.0033386253268584236,0.02402636828866337,0.8446085804907747
0.0033386253268584236,0.024286581663630843,0.8444325734262103
0.0033619723571161747,0.024286581663630843,0.844400812146088
0.0033619723571161747,0.024460057246942495,0.8442109121400803
0.003385319387373926,0.024460057246942495,0.8442050044825067
0.003385319387373926,0.024720270621909967,0.844058641904269
0.0034086664176316774,0.024720270621909967,0.843999536551683
0.0034086664176316774,0.024893746205221615,0.8438496849755838
0.0034320134478894285,0.024893746205221615,0.8438184920593972
0.0034320134478894285,0.02498048399687744,0.8437819593640544
0.0034553604781471796,0.02498048399687744,0.8436471861409917
0.0034553604781471796,0.025153959580189088,0.8434098749156866
0.0035020545386626823,0.025153959580189088,0.8433663183795729
0.0035020545386626823,0.025327435163500736,0.8432369930002395
0.003595442659693687,0.025327435163500736,0.8430095041072239
0.003595442659693687,0.025587648538468212,0.8427364745518227
0.0036187896899514383,0.025587648538468212,0.8426970550868
0.0036187896899514383,0.02576112412177986,0.8426313058566525
0.0036421367202091894,0.02576112412177986,0.842630940337191
0.0036421367202091894,0.02593459970509151,0.8424679621905111
0.0036654837504669405,0.02593459970509151,0.8423922481256524
0.0036654837504669405,0.02671523982999393,0.8418569242778934
0.0036888307807246916,0.02671523982999393,0.8418168324442168
0.0036888307807246916,0.026888715413305578,0.8413799385708217
0.003712177810982443,0.026888715413305578,0.8413410396868296
0.003712177810982443,0.026975453204961402,0.8412834180865856
0.0037588718714979454,0.026975453204961402,0.8410696907135534
0.0037588718714979454,0.027062190996617226,0.8410228671116047
0.003805565932013448,0.027062190996617226,0.8409186317715991
0.003805565932013448,0.02714892878827305,0.8408491324135934
0.003828912962271199,0.02714892878827305,0.8408303119069813
0.003828912962271199,0.027495879954896347,0.8406207891554596
0.0038522599925289503,0.027495879954896347,0.8405524571505576
0.0038522599925289503,0.027842831121519647,0.8400960318883485
0.0038989540530444526,0.027842831121519647,0.8399852599555071
0.0038989540530444526,0.028189782288142944,0.8399042618198357
0.003922301083302204,0.028189782288142944,0.8398058957719655
0.003922301083302204,0.028363257871454592,0.8394260130971829
0.003968995143817706,0.028363257871454592,0.8392399567841344
0.003968995143817706,0.02853673345476624,0.8391736651428436
0.004015689204333209,0.02853673345476624,0.83916909433004
0.004015689204333209,0.028710209038077892,0.838869213291595
0.004109077325364214,0.028710209038077892,0.8386280001545308
0.004109077325364214,0.028796946829733716,0.8385922993642678
0.0042258124766529695,0.028796946829733716,0.8384955346211046
0.0042258124766529695,0.02949084916298031,0.8377089137511079
0.004272506537168473,0.02949084916298031,0.8376924411195837
0.004272506537168473,0.029751062537947785,0.837545569200371
0.004365894658199477,0.029751062537947785,0.8372974762475751
0.004365894658199477,0.02983780032960361,0.837223061340979
0.00443593574897273,0.02983780032960361,0.8369464521826357
0.00443593574897273,0.030098013704571082,0.8367285354971659
0.0044592827792304815,0.030098013704571082,0.8367224552408978
0.0044592827792304815,0.030184751496226906,0.8366861189610778
0.004505976839745985,0.030184751496226906,0.8365828008007276
0.004505976839745985,0.03044496487119438,0.8362590730008881
0.004599364960776989,0.03044496487119438,0.8359641766162238
0.004599364960776989,0.030531702662850203,0.8357999618262699
0.00462271199103474,0.030531702662850203,0.8357739924603932
0.00462271199103474,0.030618440454506027,0.8357733950822948
0.004646059021292491,0.030618440454506027,0.8357416601132952
0.004646059021292491,0.030965391621129327,0.8356413517557617
0.0046694060515502425,0.030965391621129327,0.8356333790895145
0.0046694060515502425,0.031138867204440975,0.8355634709669502
0.004762794172581248,0.031138867204440975,0.8353636911314197
0.004762794172581248,0.0312256049960968,0.8353587902558659
0.004832835263354501,0.0312256049960968,0.8347861029654198
0.004832835263354501,0.03131234278775263,0.8347530834138893
0.004856182293612252,0.03131234278775263,0.8346286027736713
0.004856182293612252,0.031746031746031744,0.8342008671703619
0.0049262233843855065,0.031746031746031744,0.8338116092131842
0.0049262233843855065,0.03183276953768757,0.8337804094330715
0.004949570414643258,0.03183276953768757,0.8337146716245079
0.004949570414643258,0.03200624512099922,0.8334853663868653
0.005019611505416511,0.03200624512099922,0.8334402921939374
0.005019611505416511,0.032266458495966696,0.8331746386434267
0.005042958535674262,0.032266458495966696,0.8331657420675807
0.005042958535674262,0.03278688524590164,0.8330906918219835
0.005066305565932013,0.03278688524590164,0.8329105009245912
0.005066305565932013,0.03313383641252494,0.8327691595825789
0.005112999626447516,0.03313383641252494,0.8324573368752014
0.005112999626447516,0.03322057420418076,0.832378382374812
0.005206387747478521,0.03322057420418076,0.832269165739143
0.005206387747478521,0.033394049787492414,0.8321889443159303
0.005229734777736272,0.033394049787492414,0.8321807774605953
0.005229734777736272,0.03365426316245988,0.8320980021644089
0.005253081807994023,0.03365426316245988,0.8320541407839122
0.005253081807994023,0.03400121432908318,0.8316924421195266
0.005276428838251774,0.03400121432908318,0.8316808362514276
0.005276428838251774,0.03408795212073901,0.8316455353109726
0.005299775868509525,0.03408795212073901,0.8316373731969211
0.005299775868509525,0.03452164107901813,0.8312662326844902
0.005323122898767277,0.03452164107901813,0.8312506861469139
0.005323122898767277,0.03469511666232978,0.8309693328204554
0.005346469929025028,0.03469511666232978,0.8308686908117423
0.005346469929025028,0.0347818544539856,0.8308103586231411
0.005416511019798282,0.0347818544539856,0.8307150442074576
0.005416511019798282,0.03486859224564143,0.8305640074705287
0.005463205080313784,0.03486859224564143,0.8305302701461337
0.005463205080313784,0.03556249457888802,0.8304061831850542
0.005486552110571535,0.03556249457888802,0.830360656886016
0.005486552110571535,0.03564923237054385,0.8301899842606173
0.005509899140829286,0.03564923237054385,0.8299987557553445
0.005509899140829286,0.03573597016219967,0.829930563897013
0.005533246171087038,0.03573597016219967,0.8298201604389444
0.005533246171087038,0.0358227079538555,0.8297357435492425
0.005556593201344789,0.0358227079538555,0.8297045832205054
0.005556593201344789,0.03642987249544627,0.8295017518108617
0.00557994023160254,0.03642987249544627,0.8294885641337124
0.00557994023160254,0.03669008587041374,0.8293788240672852
0.0056032872618602915,0.03669008587041374,0.8293614280556593
0.0056032872618602915,0.03712377482869286,0.8292686629178433
0.005649981322375794,0.03712377482869286,0.8292437515710135
0.005649981322375794,0.03721051262034868,0.8292016049473925
0.005720022413149047,0.03721051262034868,0.829113005496558
0.005720022413149047,0.03729725041200451,0.8290980429980636
0.00576671647366455,0.03729725041200451,0.8289819158461696
0.00576671647366455,0.03764420157862781,0.8288097086371521
0.005813410534180052,0.03764420157862781,0.828758276333566
0.005813410534180052,0.037730939370283635,0.8287416474586009
0.005883451624953306,0.037730939370283635,0.8285828694447918
0.005883451624953306,0.037817677161939456,0.8285230704421642
0.005930145685468808,0.037817677161939456,0.8284552058393272
0.005930145685468808,0.03790441495359528,0.8284224335117146
0.005976839745984311,0.03790441495359528,0.8283751396803474
0.005976839745984311,0.037991152745251104,0.8283480609854712
0.006023533806499813,0.037991152745251104,0.8282205039004793
0.006023533806499813,0.03825136612021858,0.828113092045742
0.0060702278670153155,0.03825136612021858,0.828039060058338
0.0060702278670153155,0.0383381039118744,0.8280228627387974
0.006093574897273067,0.0383381039118744,0.8280113276053619
0.006093574897273067,0.038771792870153525,0.8278218772523649
0.006163615988046321,0.038771792870153525,0.8277574440774236
0.006163615988046321,0.03894526845346517,0.8276948257255109
0.006210310048561823,0.03894526845346517,0.8276069962733589
0.006210310048561823,0.039032006245121,0.827599102824447
0.0062803511393350765,0.039032006245121,0.8275571783528604
0.0062803511393350765,0.03911874403677682,0.8275401037124788
0.006327045199850579,0.03911874403677682,0.827477293681609
0.006327045199850579,0.03929221962008847,0.8274241585915858
0.006420433320881584,0.03929221962008847,0.8272714244916024
0.006420433320881584,0.0393789574117443,0.8271508181863512
0.006443780351139335,0.0393789574117443,0.8270603774167624
0.006443780351139335,0.03981264637002342,0.8268105814669895
0.006467127381397086,0.03981264637002342,0.8267465838467765
0.006467127381397086,0.03989938416167924,0.826726852634469
0.00653716847217034,0.03989938416167924,0.8265448381187213
0.00653716847217034,0.04041981091161419,0.8261797261608155
0.006560515502428091,0.04041981091161419,0.8261770448250689
0.006560515502428091,0.04111371324486079,0.8259422255452056
0.006583862532685843,0.04111371324486079,0.8259217308535688
0.006583862532685843,0.041287188828172436,0.8258455942111979
0.006607209562943594,0.041287188828172436,0.825752438118827
0.006607209562943594,0.04137392661982826,0.8257085972161593
0.006630556593201345,0.04137392661982826,0.8257073741784189
0.006630556593201345,0.041460664411484084,0.8256409785582677
0.006653903623459096,0.041460664411484084,0.8255568549968393
0.006653903623459096,0.041547402203139905,0.8255543056246668
0.006677250653716847,0.041547402203139905,0.825552469077144
0.006677250653716847,0.04163413999479573,0.8255384966110755
0.006770638774747852,0.04163413999479573,0.8253153611662135
0.006770638774747852,0.04189435336976321,0.8251773559999501
0.006793985805005604,0.04189435336976321,0.8250773098335801
0.006793985805005604,0.04206782895307486,0.8247269188476781
0.006817332835263355,0.04206782895307486,0.8247063683084808
0.006817332835263355,0.04215456674473068,0.8246366041635961
0.006864026895778857,0.04215456674473068,0.8245268139776942
0.006864026895778857,0.042241304536386505,0.824341660039446
0.006887373926036608,0.042241304536386505,0.8243324447713978
0.006887373926036608,0.04241478011969815,0.8243244574634861
0.006910720956294359,0.04241478011969815,0.8243116021756156
0.006910720956294359,0.04276173128632145,0.8242278989907943
0.006980762047067613,0.04276173128632145,0.8239664220776962
0.006980762047067613,0.043021944661288926,0.8238471016008688
0.0070041090773253645,0.043021944661288926,0.8237848109766468
0.0070041090773253645,0.043195420244600574,0.8236262800658404
0.007027456107583116,0.043195420244600574,0.8235241967455246
0.007027456107583116,0.043282158036256395,0.8234151328540507
0.007050803137840867,0.043282158036256395,0.8232409928517321
0.007050803137840867,0.04336889582791222,0.8231968359384038
0.007074150168098618,0.04336889582791222,0.8231406727721122
0.007074150168098618,0.04354237141122387,0.82291163146805
0.007167538289129622,0.04354237141122387,0.8227235533246017
0.007167538289129622,0.04371584699453552,0.822609327091814
0.007237579379902877,0.04371584699453552,0.8224461531389733
0.007237579379902877,0.04388932257784717,0.8224367315681315
0.007284273440418379,0.04388932257784717,0.8224138328129396
0.007284273440418379,0.043976060369502995,0.8224135383659096
0.00730762047067613,0.043976060369502995,0.8224030721681217
0.00730762047067613,0.044062798161158816,0.8223444210960057
0.007330967500933881,0.044062798161158816,0.8222410620848299
0.007330967500933881,0.04414953595281464,0.8221756082603345
0.007424355621964886,0.04414953595281464,0.8219025993957273
0.007424355621964886,0.044236273744470464,0.821899684367584
0.0074477026522226375,0.044236273744470464,0.821830842893503
0.0074477026522226375,0.04432301153612629,0.8218236800560494
0.007471049682480389,0.04432301153612629,0.8217877234525925
0.007471049682480389,0.04440974932778211,0.8217868170191316
0.007517743742995891,0.04440974932778211,0.8217805353736932
0.007517743742995891,0.04458322491109376,0.8216417211089665
0.007657825924542398,0.04458322491109376,0.8213231691141238
0.007657825924542398,0.04466996270274959,0.8212912076136677
0.0076811729548001495,0.04466996270274959,0.821251271467195
0.0076811729548001495,0.044930176077717064,0.8211569664957216
0.007727867015315652,0.044930176077717064,0.8211093618240739
0.007727867015315652,0.04527712724434036,0.8208788670234629
0.007751214045573403,0.04527712724434036,0.8208525761288151
0.007751214045573403,0.04536386503599618,0.8207939716908296
0.00789129622711991,0.04536386503599618,0.8206721683112115
0.00789129622711991,0.04545060282765201,0.8205968047180991
0.007961337317893164,0.04545060282765201,0.8204060698861743
0.007961337317893164,0.04562407841096366,0.8201994391781287
0.007984684348150915,0.04562407841096366,0.8201858744388306
0.007984684348150915,0.04588429178593113,0.8201051215102253
0.008054725438924168,0.04588429178593113,0.8199252398909377
0.008054725438924168,0.045971029577586954,0.8198753427466103
0.00807807246918192,0.045971029577586954,0.8198393939377097
0.00807807246918192,0.04605776736924278,0.8198229759346682
0.00810141949943967,0.04605776736924278,0.8197917028766338
0.00810141949943967,0.04631798074421025,0.8196463221719869
0.008171460590212926,0.04631798074421025,0.8195463959617169
0.008171460590212926,0.04709862086911267,0.8192398564800574
0.008218154650728428,0.04709862086911267,0.8192077857481999
0.008218154650728428,0.04744557203573597,0.8189167311986713
0.00826484871124393,0.04744557203573597,0.8188887221725855
0.00826484871124393,0.047619047619047616,0.818763834460676
0.008311542771759432,0.047619047619047616,0.8186470403694599
0.008311542771759432,0.04805273657732674,0.8185884295625154
0.008334889802017183,0.04805273657732674,0.8185007448059094
0.008334889802017183,0.04813947436898257,0.8184882997553846
0.008358236832274935,0.04813947436898257,0.8184769221747569
0.008358236832274935,0.04822621216063839,0.8184555682560535
0.008404930892790437,0.04822621216063839,0.8183942820840296
0.008404930892790437,0.04831294995229422,0.8183161333778105
0.008428277923048188,0.04831294995229422,0.8183046240287295
0.008428277923048188,0.048746638910573334,0.8178616014936421
0.008498319013821441,0.048746638910573334,0.8176766713143246
0.008498319013821441,0.04883337670222916,0.8176474634685174
0.008521666044079192,0.04883337670222916,0.8176124086957888
0.008521666044079192,0.04900685228554081,0.8175067032610888
0.008568360104594696,0.04900685228554081,0.8174193509781796
0.008568360104594696,0.04918032786885246,0.81735158775856
0.008591707134852447,0.04918032786885246,0.8172989771510465
0.008591707134852447,0.049267065660508286,0.8172664369749942
0.008615054165110199,0.049267065660508286,0.8172514859501291
0.008615054165110199,0.049353803452164106,0.8172391237209089
0.008708442286141203,0.049353803452164106,0.8171623111773041
0.008708442286141203,0.049440541243819934,0.8171581495609075
0.008731789316398954,0.049440541243819934,0.817148160531197
0.008731789316398954,0.049527279035475755,0.8171449035347358
0.008778483376914456,0.049527279035475755,0.817041201647186
0.008778483376914456,0.04961401682713158,0.8169067447451781
0.008825177437429959,0.04961401682713158,0.8167915144784377
0.008825177437429959,0.0497007546187874,0.8167753391547823
0.00884852446768771,0.0497007546187874,0.816705558340566
0.00884852446768771,0.04996096799375488,0.8165911756502274
0.00887187149794546,0.04996096799375488,0.8165220777024167
0.00887187149794546,0.05013444357706653,0.8162502743109716
0.008918565558460963,0.05013444357706653,0.8161604531137456
0.008918565558460963,0.050221181368722355,0.8161501876282826
0.00903530070974972,0.050221181368722355,0.8158145811888401
0.00903530070974972,0.050394656952034,0.8158137345019147
0.009058647740007471,0.050394656952034,0.8158069930493692
0.009058647740007471,0.05056813253534565,0.8155055310825283
0.009081994770265223,0.05056813253534565,0.8154653147366626
0.009081994770265223,0.0507416081186573,0.8154000245339297
0.009105341800522974,0.0507416081186573,0.815366351324257
0.009105341800522974,0.05082834591031312,0.815232440052553
0.00922207695181173,0.05082834591031312,0.8148071429899267
0.00922207695181173,0.05091508370196895,0.8147173356368886
0.009268771012327232,0.05091508370196895,0.8145951322797976
0.009268771012327232,0.051001821493624776,0.8145611554008555
0.009315465072842734,0.051001821493624776,0.8145113741431567
0.009315465072842734,0.051088559285280596,0.8145110020813386
0.009338812103100485,0.051088559285280596,0.8144939216159497
0.009338812103100485,0.05178246161852719,0.8142739267295102
0.009548935375420247,0.05178246161852719,0.8139670512039346
0.009548935375420247,0.052216150576806314,0.8138649593361256
0.009595629435935749,0.052216150576806314,0.8136568907017129
0.009595629435935749,0.05238962616011796,0.8135815107575739
0.009642323496451251,0.05238962616011796,0.8134422742944368
0.009642323496451251,0.05247636395177379,0.8134406255933115
0.009665670526709002,0.05247636395177379,0.8134400302297362
0.009665670526709002,0.05273657732674126,0.8133471059913382
0.009689017556966753,0.05273657732674126,0.8132867379196469
0.009689017556966753,0.052823315118397086,0.8132415394868475
0.009782405677997758,0.052823315118397086,0.8129454126455194
0.009782405677997758,0.05291005291005291,0.81291586005853
0.009829099738513262,0.05291005291005291,0.812785054543157
0.009829099738513262,0.052996790701708735,0.8127411703186056
0.009875793799028764,0.052996790701708735,0.8127176818604194
0.009875793799028764,0.05308352849336456,0.8125931584811789
0.009922487859544266,0.05308352849336456,0.8124333765469672
0.009922487859544266,0.05317026628502038,0.8124141148305564
0.009969181920059769,0.05317026628502038,0.8123869916611344
0.009969181920059769,0.05343047965998786,0.8122964432688158
0.00999252895031752,0.05343047965998786,0.8122278116152095
0.00999252895031752,0.05369069303495533,0.8121724930857184
0.01001587598057527,0.05369069303495533,0.8120844273310933
0.01001587598057527,0.053777430826611156,0.8120624396925167
0.010085917071348524,0.053777430826611156,0.8119728076450194
0.010085917071348524,0.053864168618266976,0.8119652501194828
0.010109264101606275,0.053864168618266976,0.8119375673103623
0.010109264101606275,0.053950906409922804,0.811720081193845
0.010132611131864026,0.053950906409922804,0.8116724480080868
0.010132611131864026,0.054037644201578625,0.8116030094952655
0.010155958162121777,0.054037644201578625,0.811588243490419
0.010155958162121777,0.05412438199323445,0.8115151988931488
0.01020265222263728,0.05412438199323445,0.8114880161556537
0.01020265222263728,0.05421111978489028,0.8114792176455998
0.010225999252895033,0.05421111978489028,0.8114746737824068
0.010225999252895033,0.05438459536820193,0.8113223475693159
0.010272693313410535,0.05438459536820193,0.8112632613334549
0.010272693313410535,0.0546448087431694,0.8112197268661983
0.010319387373926037,0.0546448087431694,0.8111492611000071
0.010319387373926037,0.054991759909792694,0.810985406415945
0.01036608143444154,0.054991759909792694,0.8108282490471866
0.01036608143444154,0.05516523549310435,0.8106917950398767
0.01038942846469929,0.05516523549310435,0.8106834521098855
0.01038942846469929,0.05525197328476017,0.8106295079818236
0.010412775494957041,0.05525197328476017,0.8105655236788311
0.010412775494957041,0.05542544886807182,0.8104389410506061
0.010459469555472544,0.05542544886807182,0.8103061492661195
0.010459469555472544,0.05585913782635094,0.8101451514813182
0.010482816585730295,0.05585913782635094,0.8100862244571433
0.010482816585730295,0.05594587561800676,0.810075078445202
0.010552857676503548,0.05594587561800676,0.8100578929703712
0.010552857676503548,0.05603261340966259,0.8100430995640183
0.0105762047067613,0.05603261340966259,0.8100412897822988
0.0105762047067613,0.05611935120131841,0.810035449612968
0.010669592827792306,0.05611935120131841,0.809884529071966
0.010669592827792306,0.05620608899297424,0.8098787249038997
0.010692939858050057,0.05620608899297424,0.8098744518986839
0.010692939858050057,0.056292826784630066,0.8098413695704791
0.010716286888307808,0.056292826784630066,0.809814087607958
0.010716286888307808,0.05637956457628589,0.8097264645848057
0.010739633918565559,0.05637956457628589,0.809672149232773
0.010739633918565559,0.056553040159597535,0.8096509435223367
0.010786327979081061,0.056553040159597535,0.8096302264671242
0.010786327979081061,0.05663977795125336,0.8095661975786635
0.010833022039596563,0.05663977795125336,0.8095448397284037
0.010833022039596563,0.057333680284499956,0.8092911220631935
0.010856369069854314,0.057333680284499956,0.809180407639414
0.010856369069854314,0.057420418076155784,0.8091463729634774
0.010879716100112066,0.057420418076155784,0.8091303866699286
0.010879716100112066,0.05759389365946743,0.8091096179433075
0.010903063130369817,0.05759389365946743,0.8090650686670631
0.010903063130369817,0.05768063145112325,0.8090086250024485
0.010926410160627568,0.05768063145112325,0.8090069757225149
0.010926410160627568,0.05776736924277908,0.8090056067096671
0.011019798281658572,0.05776736924277908,0.80876350477715
0.011019798281658572,0.058287795992714025,0.808547161091099
0.011089839372431827,0.058287795992714025,0.8083588586230455
0.011089839372431827,0.05837453378436985,0.8083107573166088
0.011113186402689578,0.05837453378436985,0.8082341178241805
0.011113186402689578,0.0585480093676815,0.8081629648612234
0.01113653343294733,0.0585480093676815,0.8081315420618959
0.01113653343294733,0.05880822274264897,0.8080545755760462
0.01115988046320508,0.05880822274264897,0.8080281953017169
0.01115988046320508,0.05898169832596062,0.8079954679763651
0.011183227493462832,0.05898169832596062,0.8079469567956656
0.011183227493462832,0.05941538728423974,0.8076046468281377
0.01134665670526709,0.05941538728423974,0.8073959313795804
0.01134665670526709,0.05950212507589557,0.8073756318139246
0.01137000373552484,0.05950212507589557,0.807320670097933
0.01137000373552484,0.05976233845086304,0.8071290183348969
0.011393350765782592,0.05976233845086304,0.8070926629026097
0.011393350765782592,0.05984907624251887,0.807088974722741
0.011416697796040343,0.05984907624251887,0.8070726334685158
0.011416697796040343,0.05993581403417469,0.8070350505182252
0.011440044826298094,0.05993581403417469,0.8070179651981799
0.011440044826298094,0.060196027409142164,0.806876349438418
0.011463391856555847,0.060196027409142164,0.8068669356996283
0.011463391856555847,0.06071645415907711,0.8066745544841765
0.011486738886813598,0.06071645415907711,0.8066007896289973
0.011486738886813598,0.06088992974238876,0.8065005425191674
0.01151008591707135,0.06088992974238876,0.8064658171940854
0.01151008591707135,0.060976667534044585,0.8064076138745471
0.0115334329473291,0.060976667534044585,0.8063937094291631
0.0115334329473291,0.061063405325700405,0.8063744914377712
0.011556779977586851,0.061063405325700405,0.806330552579661
0.011556779977586851,0.06115014311735623,0.8063286411361057
0.011603474038102354,0.06115014311735623,0.8062796425807268
0.011603474038102354,0.06158383207563536,0.8061197316538005
0.011650168098617856,0.06158383207563536,0.8060648143517031
0.011650168098617856,0.061930783242258654,0.805903302566126
0.011673515128875607,0.061930783242258654,0.8058820183881873
0.011673515128875607,0.062017521033914474,0.8058808656128602
0.01172020918939111,0.062017521033914474,0.805849114913541
0.01172020918939111,0.0621042588255703,0.8058465621110862
0.01174355621964886,0.0621042588255703,0.8058359827739431
0.01174355621964886,0.06253794778384943,0.8057391190841644
0.011766903249906611,0.06253794778384943,0.8057263896755229
0.011766903249906611,0.06262468557550525,0.8057249510677574
0.011790250280164363,0.06262468557550525,0.8056869961883171
0.011790250280164363,0.06305837453378436,0.805642582525361
0.011836944340679865,0.06305837453378436,0.8055946434845788
0.011836944340679865,0.06314511232544019,0.80559354834383
0.011860291370937616,0.06314511232544019,0.805574885882565
0.011860291370937616,0.06357880128371932,0.805128061765858
0.01190698543145312,0.06357880128371932,0.8050560839604516
0.01190698543145312,0.06366553907537514,0.8050516961349246
0.011977026522226373,0.06366553907537514,0.8048848816068975
0.011977026522226373,0.06418596582531008,0.8047314598080147
0.012023720582741875,0.06418596582531008,0.8047028121235595
0.012023720582741875,0.06435944140862174,0.8046896121151534
0.012047067612999627,0.06435944140862174,0.8046504024812186
0.012047067612999627,0.06479313036690086,0.804559288155817
0.012070414643257378,0.06479313036690086,0.8045171631385738
0.012070414643257378,0.0649666059502125,0.8043920772810643
0.012140455734030631,0.0649666059502125,0.8043229603660171
0.012140455734030631,0.06548703270014745,0.804176124897297
0.012163802764288382,0.06548703270014745,0.8041702441190877
0.012163802764288382,0.06557377049180328,0.8041154628933105
0.012187149794546133,0.06557377049180328,0.8040163961528426
0.012187149794546133,0.06566050828345911,0.8037880342648961
0.012233843855061636,0.06566050828345911,0.8037504045643259
0.012233843855061636,0.06583398386677075,0.8036291692971265
0.012257190885319387,0.06583398386677075,0.8035983136249801
0.012257190885319387,0.06592072165842658,0.8035968795515255
0.012280537915577138,0.06592072165842658,0.803536974531319
0.012280537915577138,0.0660074594500824,0.8035237480481555
0.01230388494583489,0.0660074594500824,0.8035140639393679
0.01230388494583489,0.06609419724173822,0.8035091948527877
0.012373926036608144,0.06609419724173822,0.8034771843143638
0.012373926036608144,0.0663544106167057,0.8033674015078005
0.012397273066865895,0.0663544106167057,0.8033612105002662
0.012397273066865895,0.06652788620001734,0.803302949894501
0.012420620097123646,0.06652788620001734,0.8032637732746611
0.012420620097123646,0.066701361783329,0.8032314508269635
0.012467314157639148,0.066701361783329,0.8032137641274181
0.012467314157639148,0.06713505074160812,0.8030058762943724
0.012537355248412402,0.06713505074160812,0.8028698884210937
0.012537355248412402,0.06739526411657559,0.8027389986615564
0.012584049308927904,0.06739526411657559,0.8025553475597762
0.012584049308927904,0.06756873969988723,0.8024706243764117
0.012654090399701157,0.06756873969988723,0.8024024316939977
0.012654090399701157,0.06774221528319889,0.8023055990823192
0.012724131490474412,0.06774221528319889,0.8022203423492487
0.012724131490474412,0.06800242865816636,0.8022020109284833
0.012794172581247666,0.06800242865816636,0.8019564035330764
0.012794172581247666,0.06808916644982219,0.8019286210680814
0.012840866641763168,0.06808916644982219,0.8019073169248689
0.012840866641763168,0.06817590424147801,0.8018469921867384
0.01288756070227867,0.06817590424147801,0.8017215902822326
0.01288756070227867,0.06843611761644548,0.8014347922084146
0.012934254762794173,0.06843611761644548,0.8013684586242855
0.012934254762794173,0.06852285540810131,0.801361308443257
0.012957601793051924,0.06852285540810131,0.8013350575040594
0.012957601793051924,0.06869633099141297,0.8012769220074822
0.013004295853567426,0.06869633099141297,0.8012054543866651
0.013004295853567426,0.06895654436638043,0.801160444529413
0.013027642883825177,0.06895654436638043,0.8011310290992686
0.013027642883825177,0.06904328215803626,0.8011296823986287
0.013050989914082928,0.06904328215803626,0.801128627551153
0.013050989914082928,0.0692167577413479,0.8010604708745828
0.01307433694434068,0.0692167577413479,0.8010246736409771
0.01307433694434068,0.06939023332465956,0.8010033987803904
0.013121031004856181,0.06939023332465956,0.8009733043932269
0.013121031004856181,0.06973718449128286,0.8007879134579259
0.013167725065371685,0.06973718449128286,0.8007287428605047
0.013167725065371685,0.06982392228293868,0.8007212326565962
0.013214419125887188,0.06982392228293868,0.8006419574600196
0.013214419125887188,0.07008413565790615,0.8005644663927048
0.01326111318640269,0.07008413565790615,0.8005381965866187
0.01326111318640269,0.07017087344956198,0.8005301705182988
0.013307807246918192,0.07017087344956198,0.8004988991352764
0.013307807246918192,0.07034434903287362,0.8004165549700498
0.013331154277175943,0.07034434903287362,0.8003033241599634
0.013331154277175943,0.07043108682452945,0.8002887796313927
0.013354501307433694,0.07043108682452945,0.8002860702117552
0.013354501307433694,0.07069130019949692,0.800188358244816
0.013424542398206948,0.07069130019949692,0.7997845256493454
0.013424542398206948,0.07077803799115275,0.7997693554543981
0.013447889428464699,0.07077803799115275,0.7996881351593486
0.013447889428464699,0.07112498915777604,0.7994573880859621
0.01347123645872245,0.07112498915777604,0.7994394796974191
0.01347123645872245,0.07121172694943187,0.7994011645547068
0.013564624579753456,0.07121172694943187,0.7992275677662893
0.013564624579753456,0.07155867811605517,0.7991652705475494
0.013587971610011207,0.07155867811605517,0.7991276466074466
0.013587971610011207,0.071645415907711,0.7991236938466392
0.013611318640268958,0.071645415907711,0.7991122805956712
0.013611318640268958,0.07181889149102264,0.7990720180824497
0.01363466567052671,0.07181889149102264,0.7990368609302899
0.01363466567052671,0.07207910486599012,0.7987659052829752
0.01365801270078446,0.07207910486599012,0.7987599787078923
0.01365801270078446,0.07225258044930176,0.7987369737800256
0.013681359731042212,0.07225258044930176,0.7987214606115343
0.013681359731042212,0.07242605603261341,0.7985905971234378
0.013751400821815465,0.07242605603261341,0.7984649944230393
0.013751400821815465,0.07259953161592506,0.7984395751869524
0.013774747852073216,0.07259953161592506,0.7983005953192208
0.013774747852073216,0.07268626940758088,0.7982500997749249
0.013798094882330967,0.07268626940758088,0.7982211610270976
0.013798094882330967,0.07285974499089254,0.7981640305606632
0.013821441912588718,0.07285974499089254,0.7981109072860709
0.013821441912588718,0.07303322057420418,0.7980215204729479
0.01386813597310422,0.07303322057420418,0.7979211414565375
0.01386813597310422,0.0734669095324833,0.7978389434382382
0.013891483003361972,0.0734669095324833,0.7978030332799426
0.013891483003361972,0.07355364732413913,0.79768060941216
0.013938177063877474,0.07355364732413913,0.7976444999503913
0.013938177063877474,0.07364038511579495,0.7976284216605848
0.014054912215166231,0.07364038511579495,0.7975111105013979
0.014054912215166231,0.07372712290745077,0.7975007218038093
0.014101606275681734,0.07372712290745077,0.7974149251213782
0.014101606275681734,0.0738138606991066,0.7974088690086191
0.014148300336197236,0.0738138606991066,0.7972215093241202
0.014148300336197236,0.07407407407407407,0.7969384055870236
0.014171647366454987,0.07407407407407407,0.7969269923233101
0.014171647366454987,0.07424754965738573,0.7968236227392573
0.014194994396712738,0.07424754965738573,0.7968160315305612
0.014194994396712738,0.07442102524069737,0.7967039511625477
0.01424168845722824,0.07442102524069737,0.7965669466148462
0.01424168845722824,0.0745077630323532,0.7965590964424887
0.014265035487485991,0.0745077630323532,0.7965481959894248
0.014265035487485991,0.07459450082400902,0.796538035938861
0.014311729548001494,0.07459450082400902,0.796511389559439
0.014311729548001494,0.07494145199063232,0.7964217905355472
0.014335076578259245,0.07494145199063232,0.7964010039336741
0.014335076578259245,0.07511492757394397,0.7962531718278432
0.014358423608516996,0.07511492757394397,0.7962469576356102
0.014358423608516996,0.07563535432387891,0.7959796744067137
0.014381770638774749,0.07563535432387891,0.7959290707230513
0.014381770638774749,0.07598230549050221,0.7958486728129863
0.014451811729548002,0.07598230549050221,0.7957672780718408
0.014451811729548002,0.07606904328215804,0.7957487618884188
0.014475158759805753,0.07606904328215804,0.7957307556816172
0.014475158759805753,0.07624251886546969,0.7957193777317888
0.014498505790063504,0.07624251886546969,0.7956719579758362
0.014498505790063504,0.07650273224043716,0.7954900777529887
0.014568546880836758,0.07650273224043716,0.7954024178676815
0.014568546880836758,0.07658947003209299,0.7953937016100333
0.014591893911094509,0.07658947003209299,0.7953889071207889
0.014591893911094509,0.07676294561540463,0.7953041960592728
0.014661935001867762,0.07676294561540463,0.795234839990385
0.014661935001867762,0.07684968340706046,0.7952083334245246
0.014731976092641015,0.07684968340706046,0.7951576291678839
0.014731976092641015,0.07693642119871628,0.7950837725740739
0.014755323122898767,0.07693642119871628,0.795021722740424
0.014755323122898767,0.07702315899037211,0.7950000225146543
0.014778670153156518,0.07702315899037211,0.7949397557541149
0.014778670153156518,0.07745684794865122,0.7947515077480303
0.01480201718341427,0.07745684794865122,0.7947301098667497
0.01480201718341427,0.07763032353196288,0.7946959985735629
0.014848711243929773,0.07763032353196288,0.7946418895340225
0.014848711243929773,0.0777170613236187,0.7946152482368584
0.014872058274187524,0.0777170613236187,0.7946009300835726
0.014872058274187524,0.07789053690693035,0.7944755368978426
0.014895405304445275,0.07789053690693035,0.7944715505501139
0.014895405304445275,0.07849770144852113,0.7942402463401395
0.014942099364960777,0.07849770144852113,0.7942078410138719
0.014942099364960777,0.0787579148234886,0.7941437725650877
0.01501214045573403,0.0787579148234886,0.7939870015343422
0.01501214045573403,0.07884465261514442,0.7939804467317383
0.015105528576765035,0.07884465261514442,0.7937412653925819
0.015105528576765035,0.07893139040680024,0.793707294722984
0.015152222637280537,0.07893139040680024,0.7936320022907049
0.015152222637280537,0.07901812819845606,0.7936062349979719
0.015175569667538288,0.07901812819845606,0.7936024196111937
0.015175569667538288,0.07910486599011189,0.7936012078271432
0.015245610758311543,0.07910486599011189,0.7933970627075848
0.015245610758311543,0.07919160378176772,0.7933497592531438
0.015315651849084797,0.07919160378176772,0.7931726909317205
0.015315651849084797,0.07927834157342355,0.793129092476102
0.015338998879342548,0.07927834157342355,0.7930833903430983
0.015338998879342548,0.07953855494839102,0.7928508201255995
0.015362345909600299,0.07953855494839102,0.7928435158538519
0.015362345909600299,0.07962529274004684,0.7928086674037826
0.01538569293985805,0.07962529274004684,0.7927701269344762
0.01538569293985805,0.07971203053170266,0.7927262114610494
0.015502428091146806,0.07971203053170266,0.7926275502524777
0.015502428091146806,0.07988550611501431,0.792515905224934
0.01559581621217781,0.07988550611501431,0.7924237655483853
0.01559581621217781,0.08005898169832595,0.792366696362594
0.015619163242435561,0.08005898169832595,0.7923501835210375
0.015619163242435561,0.08014571948998178,0.7923361112778302
0.015642510272693314,0.08014571948998178,0.7922926770622492
0.015642510272693314,0.08023245728163761,0.7922506213930872
0.015665857302951065,0.08023245728163761,0.79221860882973
0.015665857302951065,0.08040593286494926,0.7921553689474692
0.015689204333208816,0.08040593286494926,0.7921112941386499
0.015689204333208816,0.08049267065660508,0.7920947502516665
0.015712551363466568,0.08049267065660508,0.792093030405138
0.015712551363466568,0.0805794084482609,0.7920808729423797
0.01575924542398207,0.0805794084482609,0.792035393183059
0.01575924542398207,0.08075288403157256,0.7918534306024133
0.01578259245423982,0.08075288403157256,0.791839073371145
0.01578259245423982,0.0809263596148842,0.7918087433804646
0.015852633545013074,0.0809263596148842,0.7917749772881657
0.015852633545013074,0.0812733107815075,0.7916946518211452
0.015922674635786328,0.0812733107815075,0.7916107538754913
0.015922674635786328,0.08136004857316333,0.791603605667361
0.01594602166604408,0.08136004857316333,0.7916035631177936
0.01594602166604408,0.0816202619481308,0.7914454980391225
0.01596936869630183,0.0816202619481308,0.7912532577016355
0.01596936869630183,0.08179373753144245,0.7912338876726351
0.016086103847590585,0.08179373753144245,0.791217952156799
0.016086103847590585,0.08188047532309828,0.7911913815880314
0.01615614493836384,0.08188047532309828,0.7911443689507474
0.01615614493836384,0.08196721311475409,0.7911379503469588
0.01617949196862159,0.08196721311475409,0.7911082499863809
0.01617949196862159,0.08205395090640992,0.791100960939774
0.01620283899887934,0.08205395090640992,0.7910581419508269
0.01620283899887934,0.08214068869806575,0.7910454431567056
0.016249533059394843,0.08214068869806575,0.7909974877316976
0.016249533059394843,0.0823141642813774,0.7909639103323711
0.016272880089652598,0.0823141642813774,0.7909410649214701
0.016272880089652598,0.0826611154480007,0.790807808969672
0.01629622711991035,0.0826611154480007,0.7908070496109263
0.01629622711991035,0.08274785323965651,0.7907386583240084
0.016366268210683602,0.08274785323965651,0.7906339443077032
0.016366268210683602,0.08283459103131234,0.7906234807226653
0.016389615240941353,0.08283459103131234,0.7906131808592912
0.016389615240941353,0.08326827998959146,0.7904513048699618
0.016412962271199105,0.08326827998959146,0.790440341763278
0.016412962271199105,0.08344175557290312,0.7904060833741211
0.016483003361972358,0.08344175557290312,0.7903572909595225
0.016483003361972358,0.08352849336455893,0.7903478091624381
0.016623085543518865,0.08352849336455893,0.7902386794917001
0.016623085543518865,0.08361523115621476,0.7901823729548241
0.016669779604034367,0.08361523115621476,0.790069554019013
0.016669779604034367,0.08370196894787059,0.790016130575655
0.01671647366454987,0.08370196894787059,0.7899510126480449
0.01671647366454987,0.08396218232283806,0.7898894832475916
0.01673982069480762,0.08396218232283806,0.7897994101185393
0.01673982069480762,0.08404892011449389,0.7897821792381323
0.016809861785580874,0.08404892011449389,0.7897096907916262
0.016809861785580874,0.08439587128111718,0.7895265981126584
0.016879902876354127,0.08439587128111718,0.7894997738736365
0.016879902876354127,0.08465608465608465,0.7892854997186485
0.016903249906611878,0.08465608465608465,0.7892237096872705
0.016903249906611878,0.08491629803105213,0.7891753954893989
0.01697329099738513,0.08491629803105213,0.7891451079532049
0.01697329099738513,0.08500303582270795,0.7891275806998493
0.016996638027642882,0.08500303582270795,0.789061794219062
0.016996638027642882,0.0855234625726429,0.7886456418457661
0.017019985057900634,0.0855234625726429,0.7886456074471968
0.017019985057900634,0.08561020036429873,0.788643343995899
0.017066679118416136,0.08561020036429873,0.7886074384832339
0.017066679118416136,0.08578367594761037,0.7885587524139288
0.017160067239447144,0.08578367594761037,0.7884295895432579
0.017160067239447144,0.0858704137392662,0.7883476684470717
0.017206761299962646,0.0858704137392662,0.7883339325846287
0.017206761299962646,0.08595715153092202,0.7883293599504597
0.017253455360478148,0.08595715153092202,0.7882312797891572
0.017253455360478148,0.08639084048920115,0.7880955697985584
0.01730014942099365,0.08639084048920115,0.7879994837360091
0.01730014942099365,0.08691126723913609,0.7878066557793602
0.017346843481509153,0.08691126723913609,0.7877825119115831
0.017346843481509153,0.08708474282244774,0.7877644516401183
0.017370190511766904,0.08708474282244774,0.7877513619149781
0.017370190511766904,0.08725821840575938,0.7877055762435525
0.017556966753828913,0.08725821840575938,0.7874661570911559
0.017556966753828913,0.08734495619741521,0.7874455248626815
0.017603660814344415,0.08734495619741521,0.7874001369353371
0.017603660814344415,0.08751843178072687,0.7873271578452417
0.017627007844602166,0.08751843178072687,0.7872671132758977
0.017627007844602166,0.08769190736403851,0.7872190405338216
0.017650354874859917,0.08769190736403851,0.7871717725629918
0.017650354874859917,0.08777864515569433,0.7871391203950887
0.01767370190511767,0.08777864515569433,0.7871091954952691
0.01767370190511767,0.08786538294735016,0.7870711105414051
0.01772039596563317,0.08786538294735016,0.7869575719844346
0.01772039596563317,0.0880388585306618,0.7869440267081944
0.01774374299589092,0.0880388585306618,0.7869131097516788
0.01774374299589092,0.08812559632231763,0.7868712594962721
0.017767090026148673,0.08812559632231763,0.7868699753679764
0.017767090026148673,0.08821233411397346,0.7868380733434184
0.017860478147179677,0.08821233411397346,0.7866402718210956
0.017860478147179677,0.08829907190562929,0.7865841855971171
0.01788382517743743,0.08829907190562929,0.7865181564688674
0.01788382517743743,0.0883858096972851,0.7864717932673173
0.017930519237952934,0.0883858096972851,0.786461985650309
0.017930519237952934,0.08881949865556422,0.786367297630898
0.018000560328726187,0.08881949865556422,0.7862484742578705
0.018000560328726187,0.08907971203053171,0.7861990390682817
0.01802390735898394,0.08907971203053171,0.7861956095912631
0.01802390735898394,0.08916644982218752,0.786181172987445
0.018140642510272694,0.08916644982218752,0.7860301716492814
0.018140642510272694,0.08925318761384335,0.7860243260415833
0.01825737766156145,0.08925318761384335,0.7858044693587284
0.01825737766156145,0.08933992540549918,0.7857565713714334
0.018397459843107956,0.08933992540549918,0.7855995148340855
0.018397459843107956,0.089426663197155,0.7855774163998138
0.01846750093388121,0.089426663197155,0.7855223599059474
0.01846750093388121,0.08960013878046665,0.7855077138154957
0.01849084796413896,0.08960013878046665,0.7854847865160703
0.01849084796413896,0.0901205655304016,0.7851229409669768
0.018537542024654463,0.0901205655304016,0.785058557562828
0.018537542024654463,0.09029404111371324,0.7849346255358194
0.018607583115427716,0.09029404111371324,0.78485292522922
0.018607583115427716,0.09038077890536907,0.784746470549057
0.018630930145685468,0.09038077890536907,0.7847201826430534
0.018630930145685468,0.0904675166970249,0.7847046270185604
0.01870097123645872,0.0904675166970249,0.7846658902754691
0.01870097123645872,0.09064099228033655,0.7845859907219052
0.018724318266716472,0.09064099228033655,0.7845524837857436
0.018724318266716472,0.09090120565530402,0.78446882442655
0.018747665296974223,0.09090120565530402,0.784461540117973
0.018747665296974223,0.09098794344695985,0.7844548152758957
0.018771012327231978,0.09098794344695985,0.7843785096825879
0.018771012327231978,0.09116141903027149,0.7841970678241847
0.018887747478520733,0.09116141903027149,0.7840875769401647
0.018887747478520733,0.09124815682192731,0.7840677780216319
0.018911094508778484,0.09124815682192731,0.7840640668703264
0.018911094508778484,0.09168184578020644,0.783920014139617
0.018981135599551738,0.09168184578020644,0.783838092239055
0.018981135599551738,0.09211553473848556,0.7835644450409747
0.019074523720582742,0.09211553473848556,0.7834660015054655
0.019074523720582742,0.09220227253014138,0.7834397091105929
0.019097870750840493,0.09220227253014138,0.7834328068067526
0.019097870750840493,0.09237574811345303,0.7833038163835192
0.019191258871871498,0.09237574811345303,0.783191842787597
0.019191258871871498,0.09246248590510886,0.7831637620212988
0.01926129996264475,0.09246248590510886,0.7830544659500864
0.01926129996264475,0.09289617486338798,0.782941606230339
0.019284646992902502,0.09289617486338798,0.7829190580294195
0.019284646992902502,0.09306965044669963,0.7828704129866471
0.019307994023160253,0.09306965044669963,0.782852401676494
0.019307994023160253,0.09315638823835545,0.7828320467035672
0.019378035113933507,0.09315638823835545,0.7827667814340031
0.019378035113933507,0.09341660161332292,0.7827009975597705
0.01942472917444901,0.09341660161332292,0.7826148085633712
0.01942472917444901,0.0936768149882904,0.7825768325424293
0.01947142323496451,0.0936768149882904,0.7825455745977157
0.01947142323496451,0.09385029057160205,0.7825251055417038
0.019494770265222262,0.09385029057160205,0.7824002446401359
0.019494770265222262,0.0940237661549137,0.7823798048961972
0.019541464325737765,0.0940237661549137,0.7823309062081986
0.019541464325737765,0.09411050394656952,0.7822720567494766
0.01958815838625327,0.09411050394656952,0.7821882362065806
0.01958815838625327,0.09419724173822534,0.7821853135558278
0.019634852446768773,0.09419724173822534,0.7821646962474151
0.019634852446768773,0.09428397952988117,0.7821284968779358
0.019704893537542026,0.09428397952988117,0.7820625302996125
0.019704893537542026,0.09445745511319281,0.7820421238896018
0.019728240567799777,0.09445745511319281,0.7820084023373549
0.019728240567799777,0.09454419290484864,0.7819480523666393
0.019751587598057528,0.09454419290484864,0.7818704495089859
0.019751587598057528,0.09463093069650447,0.7818663778793966
0.01982162868883078,0.09463093069650447,0.7818197136181202
0.01982162868883078,0.09489114407147194,0.7817418386468225
0.019868322749346284,0.09489114407147194,0.7816434964049739
0.019868322749346284,0.09506461965478359,0.7816013221288849
0.019938363840119537,0.09506461965478359,0.7813809759420676
0.019938363840119537,0.09515135744643942,0.7813158255688941
0.019961710870377288,0.09515135744643942,0.7813141830540835
0.019961710870377288,0.09532483302975106,0.7812073924288686
0.01998505790063504,0.09532483302975106,0.781185279801772
0.01998505790063504,0.09558504640471853,0.7811481269367204
0.020078446021666044,0.09558504640471853,0.7810270122269679
0.020078446021666044,0.09584525977968601,0.7809312916261185
0.020101793051923795,0.09584525977968601,0.780924616442583
0.020101793051923795,0.09601873536299765,0.7808836879559677
0.020125140082181546,0.09601873536299765,0.7808679970757977
0.020125140082181546,0.09627894873796514,0.7807544872990634
0.0201951811729548,0.09627894873796514,0.780688941044947
0.0201951811729548,0.09645242432127678,0.7806445841710267
0.0202418752334703,0.09645242432127678,0.7805543220526213
0.0202418752334703,0.09662589990458843,0.780443447627886
0.020288569293985804,0.09662589990458843,0.7804135430071527
0.020288569293985804,0.09671263769624425,0.7802152456088536
0.020428651475532314,0.09671263769624425,0.7800030342418274
0.020428651475532314,0.09679937548790007,0.7799649068641488
0.020451998505790065,0.09679937548790007,0.779938959543304
0.020451998505790065,0.0968861132795559,0.7799187464098041
0.020475345536047816,0.0968861132795559,0.7798771117850338
0.020475345536047816,0.09740654002949085,0.7797211125464258
0.02052203959656332,0.09740654002949085,0.7797094791266566
0.02052203959656332,0.09749327782114667,0.7796374980127354
0.02054538662682107,0.09749327782114667,0.7796025736267351
0.02054538662682107,0.0975800156128025,0.779583232682194
0.02056873365707882,0.0975800156128025,0.7795821204364651
0.02056873365707882,0.09775349119611415,0.7795041990084676
0.020615427717594323,0.09775349119611415,0.7794979369904615
0.020615427717594323,0.09784022898776998,0.7794682500199701
0.020662121778109825,0.09784022898776998,0.7793382657233745
0.020662121778109825,0.09792696677942579,0.7792778683557642
0.020708815838625327,0.09792696677942579,0.7791501652828151
0.020708815838625327,0.09810044236273745,0.779066242973291
0.02075550989914083,0.09810044236273745,0.7789715814693854
0.02075550989914083,0.09818718015439327,0.778961422124469
0.020802203959656332,0.09818718015439327,0.7789350128098019
0.020802203959656332,0.09827391794604909,0.77889237527394
0.020825550989914083,0.09827391794604909,0.7788613937840408
0.020825550989914083,0.09844739352936074,0.7788025653274027
0.020848898020171834,0.09844739352936074,0.7787757195985374
0.020848898020171834,0.0989678202792957,0.7785753732824243
0.020872245050429585,0.0989678202792957,0.7785717020546692
0.020872245050429585,0.09905455807095151,0.7785691939836777
0.020895592080687336,0.09905455807095151,0.7785669972359268
0.020895592080687336,0.09931477144591899,0.778491882767536
0.020918939110945087,0.09931477144591899,0.7784900572216769
0.020918939110945087,0.0994015092375748,0.7784868396379486
0.02096563317146059,0.0994015092375748,0.7784693018364327
0.02096563317146059,0.09948824702923063,0.7784554972237542
0.021012327231976092,0.09948824702923063,0.7783831238902804
0.021012327231976092,0.09957498482088646,0.7783690138630321
0.021035674262233843,0.09957498482088646,0.7783260869118332
0.021035674262233843,0.0997484604041981,0.7782417854680226
0.021082368322749345,0.0997484604041981,0.7780867339195596
0.021082368322749345,0.09983519819585393,0.7780631847170207
0.021105715353007096,0.09983519819585393,0.7780597506440446
0.021105715353007096,0.09992193598750976,0.7780305728783088
0.0211524094135226,0.09992193598750976,0.7778416969265187
0.0211524094135226,0.10000867377916559,0.7778295067650032
0.02117575644378035,0.10000867377916559,0.7778241347330273
0.02117575644378035,0.10026888715413305,0.7777514038574027
0.021245797534553603,0.10026888715413305,0.7776726774717457
0.021245797534553603,0.10052910052910052,0.7776121982021077
0.021269144564811358,0.10052910052910052,0.7776110976614212
0.021269144564811358,0.10087605169572382,0.7775142901685193
0.021409226746357864,0.10087605169572382,0.7774255604471756
0.021409226746357864,0.10096278948737965,0.7774190039581643
0.021479267837131118,0.10096278948737965,0.7773560051576311
0.021479267837131118,0.10104952727903548,0.777351070652185
0.02150261486738887,0.10104952727903548,0.7773500387533118
0.02150261486738887,0.10122300286234713,0.7773366413064758
0.021596002988419873,0.10122300286234713,0.7772796873789629
0.021596002988419873,0.10156995402897043,0.7772342751280056
0.021782779230481882,0.10156995402897043,0.777094683874679
0.021782779230481882,0.10165669182062624,0.7770527302889233
0.021806126260739633,0.10165669182062624,0.777038938620338
0.021806126260739633,0.10174342961228207,0.7770268764818569
0.021852820321255136,0.10174342961228207,0.7768530556517381
0.021852820321255136,0.1018301674039379,0.7768444190425279
0.021876167351512887,0.1018301674039379,0.7768392053231289
0.021876167351512887,0.10191690519559372,0.7768384887621713
0.021899514381770638,0.10191690519559372,0.7768170744965202
0.021899514381770638,0.10200364298724955,0.7767690580353633
0.02192286141202839,0.10200364298724955,0.7767554896171294
0.02192286141202839,0.10217711857056119,0.7767257353993084
0.021992902502801642,0.10217711857056119,0.7767021610028033
0.021992902502801642,0.10226385636221702,0.7766904593766112
0.022016249533059393,0.10226385636221702,0.7766838702952852
0.022016249533059393,0.10235059415387285,0.776683612901153
0.022039596563317145,0.10235059415387285,0.776668893519178
0.022039596563317145,0.10252406973718449,0.7766583657189535
0.0221096376540904,0.10252406973718449,0.7766175101285729
0.0221096376540904,0.10261080752884032,0.7765942488661884
0.022132984684348152,0.10261080752884032,0.776593083348154
0.022132984684348152,0.10269754532049614,0.7765394802706448
0.022156331714605904,0.10269754532049614,0.7765113318562522
0.022156331714605904,0.10295775869546361,0.7764138608988823
0.022203025775121406,0.10295775869546361,0.7764072076301372
0.022203025775121406,0.10304449648711944,0.7764035970893269
0.022249719835636908,0.10304449648711944,0.776342562127546
0.022249719835636908,0.10330470986208691,0.7763258712606428
0.022389802017183415,0.10330470986208691,0.7761282734236674
0.022389802017183415,0.10373839882036603,0.7760424450256111
0.022413149047441166,0.10373839882036603,0.7760144593696396
0.022413149047441166,0.10382513661202186,0.7759888946571935
0.022436496077698917,0.10382513661202186,0.7759571267204419
0.022436496077698917,0.10391187440367768,0.7758410821640943
0.02250653716847217,0.10391187440367768,0.7758073701234505
0.02250653716847217,0.10417208777864516,0.7757306546250812
0.02252988419872992,0.10417208777864516,0.7756938131116512
0.02252988419872992,0.10425882557030099,0.7756759699185768
0.022553231228987673,0.10425882557030099,0.7756409267427303
0.022553231228987673,0.10443230115361263,0.7756018288078397
0.022623272319760926,0.10443230115361263,0.7755745231386871
0.022623272319760926,0.10451903894526846,0.7755384628333362
0.022646619350018677,0.10451903894526846,0.7754839310400083
0.022646619350018677,0.10460577673692428,0.7754224042892601
0.022669966380276428,0.10460577673692428,0.7754213450825392
0.022669966380276428,0.10477925232023592,0.7753922463119164
0.02269331341053418,0.10477925232023592,0.7752835638831432
0.02269331341053418,0.1050394656952034,0.7751492598918956
0.02271666044079193,0.1050394656952034,0.7751030783180812
0.02271666044079193,0.10512620348685922,0.7751020516004353
0.022786701531565184,0.10512620348685922,0.7748956368438216
0.022786701531565184,0.10521294127851505,0.7748906358370021
0.022856742622338437,0.10521294127851505,0.7748755921022321
0.022856742622338437,0.1053864168618267,0.7748070958366241
0.02290343668285394,0.1053864168618267,0.774785845404133
0.02290343668285394,0.10547315465348252,0.7747812006659928
0.022926783713111694,0.10547315465348252,0.7747335289660405
0.022926783713111694,0.10555989244513835,0.7747298558598588
0.022950130743369445,0.10555989244513835,0.7747202541736792
0.022950130743369445,0.10573336802845,0.7746775038595469
0.02304351886440045,0.10573336802845,0.7746232159927049
0.02304351886440045,0.10582010582010581,0.7746229339553317
0.02309021292491595,0.10582010582010581,0.7746061686719277
0.02309021292491595,0.10634053257004077,0.7744034832802119
0.023136906985431454,0.10634053257004077,0.7743394886929963
0.023136906985431454,0.1064272703616966,0.7742402037291297
0.023160254015689205,0.1064272703616966,0.774201052500676
0.023160254015689205,0.10651400815335242,0.7741957600102547
0.023183601045946956,0.10651400815335242,0.7741776574695172
0.023183601045946956,0.10660074594500824,0.7741472931762488
0.02325364213672021,0.10660074594500824,0.7741019715210777
0.02325364213672021,0.10677422152831989,0.7740598052541531
0.02327698916697796,0.10677422152831989,0.7740414186709955
0.02327698916697796,0.10703443490328736,0.7740249704637674
0.023323683227493463,0.10703443490328736,0.7739423267174595
0.023323683227493463,0.10712117269494319,0.7739070326653841
0.023370377288008965,0.10712117269494319,0.7738215143483828
0.023370377288008965,0.10720791048659901,0.7737965627564496
0.023393724318266716,0.10720791048659901,0.7737774066008807
0.023393724318266716,0.10738138606991066,0.7736977290098556
0.023417071348524467,0.10738138606991066,0.7736580355087063
0.023417071348524467,0.10746812386156648,0.7736124342851374
0.023533806499813223,0.10746812386156648,0.7735495823114398
0.023533806499813223,0.10764159944487814,0.7735172913387844
0.023557153530070974,0.10764159944487814,0.7735138530224779
0.023557153530070974,0.10772833723653395,0.7734914427527033
0.023603847590586476,0.10772833723653395,0.7734182098718625
0.023603847590586476,0.10781507502818978,0.7733970239185387
0.023627194620844227,0.10781507502818978,0.7733747963361798
0.023627194620844227,0.10807528840315725,0.7732675221810736
0.02365054165110198,0.10807528840315725,0.7732569048911437
0.02365054165110198,0.1082487639864689,0.7732208456739641
0.023743929772132983,0.1082487639864689,0.773138135167879
0.023743929772132983,0.10833550177812473,0.7730908956533715
0.02381397086290624,0.10833550177812473,0.7730192362886096
0.02381397086290624,0.10850897736143637,0.772998090935384
0.02383731789316399,0.10850897736143637,0.7729894297647137
0.02383731789316399,0.1085957151530922,0.7729719361640705
0.023884011953679493,0.1085957151530922,0.7729290813347023
0.023884011953679493,0.10885592852805967,0.7728439348171793
0.023907358983937244,0.10885592852805967,0.7728284415270612
0.023907358983937244,0.10902940411137133,0.7728094933479781
0.023930706014194995,0.10902940411137133,0.7727766021957139
0.023930706014194995,0.10911614190302715,0.7727741445687177
0.023954053044452746,0.10911614190302715,0.7727648163338657
0.023954053044452746,0.10920287969468297,0.7727325640639859
0.024164176316772507,0.10920287969468297,0.7724970261837241
0.024164176316772507,0.10937635527799462,0.772489469638207
0.024187523347030258,0.10937635527799462,0.7724515736003217
0.024187523347030258,0.10946309306965045,0.7723927719452257
0.02421087037728801,0.10946309306965045,0.7722856975341347
0.02421087037728801,0.10981004423627375,0.772121708467196
0.024280911468061262,0.10981004423627375,0.7719772832237359
0.024280911468061262,0.10989678202792957,0.7719296004395505
0.024327605528576764,0.10989678202792957,0.7718909348021366
0.024327605528576764,0.10998351981958539,0.7718709704068102
0.024374299589092267,0.10998351981958539,0.7718557634495355
0.024374299589092267,0.1103304709862087,0.7717779646249067
0.024397646619350018,0.1103304709862087,0.7717483179511915
0.024397646619350018,0.11041720877786451,0.7717341657381716
0.02442099364960777,0.11041720877786451,0.7717160978150738
0.02442099364960777,0.11076415994448781,0.7715613521651434
0.02444434067986552,0.11076415994448781,0.7715591116024293
0.02444434067986552,0.11093763552779946,0.7715132124754779
0.02446768771012327,0.11093763552779946,0.7714981468374422
0.02446768771012327,0.11102437331945529,0.7714957946394458
0.02458442286141203,0.11102437331945529,0.7714117545273738
0.02458442286141203,0.1111111111111111,0.7714049380667972
0.024631116921927532,0.1111111111111111,0.7713830094135774
0.024631116921927532,0.11119784890276693,0.7713395283465151
0.024677810982443035,0.11119784890276693,0.7713021587558053
0.024677810982443035,0.11137132448607859,0.7712977784616892
0.024701158012700786,0.11137132448607859,0.7712585981628225
0.024701158012700786,0.11145806227773442,0.7712423252356544
0.024747852073216288,0.11145806227773442,0.771202586016026
0.024747852073216288,0.11154480006939023,0.7711828796136102
0.02481789316398954,0.11154480006939023,0.7710828113516692
0.02481789316398954,0.11163153786104606,0.7710158650627794
0.024841240194247292,0.11163153786104606,0.770972717849295
0.024841240194247292,0.11180501344435771,0.77096489731181
0.024887934254762795,0.11180501344435771,0.7709071926712748
0.024887934254762795,0.11189175123601353,0.770904661582305
0.024934628315278297,0.11189175123601353,0.770868362853043
0.024934628315278297,0.11197848902766935,0.770859649238584
0.024957975345536048,0.11197848902766935,0.770846548688601
0.024957975345536048,0.11206522681932518,0.7708423777875615
0.0250280164363093,0.11206522681932518,0.7708285931735934
0.0250280164363093,0.11215196461098101,0.7708035982338808
0.025098057527082555,0.11215196461098101,0.7706564425629
0.025098057527082555,0.11223870240263682,0.7706246701715534
0.025121404557340306,0.11223870240263682,0.7706240818814702
0.025121404557340306,0.11232544019429265,0.7705922181630263
0.025144751587598057,0.11232544019429265,0.770569624193812
0.025144751587598057,0.11241217798594848,0.7705383724126643
0.02523813970862906,0.11241217798594848,0.7704624311361659
0.02523813970862906,0.11275912915257177,0.7703843180849468
0.025308180799402315,0.11275912915257177,0.7702916240272883
0.025308180799402315,0.11301934252753924,0.7700819331701529
0.025424915950691074,0.11301934252753924,0.7699972711998985
0.025424915950691074,0.11336629369416254,0.769856437722586
0.02554165110197983,0.11336629369416254,0.7696766500038503
0.02554165110197983,0.1135397692774742,0.7696447607314088
0.025611692192753083,0.1135397692774742,0.7695617620257689
0.025611692192753083,0.11371324486078585,0.7694482744608211
0.025681733283526336,0.11371324486078585,0.7693578112549655
0.025681733283526336,0.11379998265244166,0.769331899469632
0.02579846843481509,0.11379998265244166,0.7692320524284096
0.02579846843481509,0.11406019602740915,0.7691185889515079
0.025821815465072843,0.11406019602740915,0.7690965541236963
0.025821815465072843,0.11414693381906496,0.7690726008987009
0.025868509525588345,0.11414693381906496,0.7690128700645106
0.025868509525588345,0.11432040940237662,0.7689841282810785
0.025891856555846096,0.11432040940237662,0.7689450309526888
0.025891856555846096,0.11440714719403244,0.7689366010485472
0.0259385506163616,0.11440714719403244,0.7688860111146453
0.0259385506163616,0.11449388498568827,0.7688584716580864
0.02596189764661935,0.11449388498568827,0.7688380759452145
0.02596189764661935,0.11458062277734408,0.7688355768551867
0.0259852446768771,0.11458062277734408,0.7688305354802393
0.0259852446768771,0.11466736056899991,0.7687913875488972
0.02600859170713485,0.11466736056899991,0.7687591841149957
0.02600859170713485,0.1153612629022465,0.7684893185180761
0.02617202091893911,0.1153612629022465,0.7684236292383441
0.02617202091893911,0.11553473848555816,0.7683551345548634
0.02619536794919686,0.11553473848555816,0.7683389014010271
0.02619536794919686,0.11579495186052563,0.768251612334218
0.026242062009712363,0.11579495186052563,0.7682083574821224
0.026242062009712363,0.11588168965218146,0.7681965866464291
0.026265409039970117,0.11588168965218146,0.7681757377971519
0.026265409039970117,0.11596842744383729,0.7681651330107527
0.02631210310048562,0.11596842744383729,0.7681144641165563
0.02631210310048562,0.11683580536039552,0.76789610016982
0.02633545013074337,0.11683580536039552,0.7678638368565205
0.02633545013074337,0.11718275652701882,0.767766011219013
0.026452185282032126,0.11718275652701882,0.7676632459109668
0.026452185282032126,0.11726949431867464,0.7676495094373
0.026475532312289878,0.11726949431867464,0.7676112135220801
0.026475532312289878,0.11735623211033047,0.7676095738274519
0.02654557340306313,0.11735623211033047,0.76749001025089
0.02654557340306313,0.11761644548529794,0.7674393123348973
0.026638961524094135,0.11761644548529794,0.7672700929080317
0.026638961524094135,0.11813687223523289,0.7671174049567484
0.026685655584609638,0.11813687223523289,0.7670472465977944
0.026685655584609638,0.11822361002688872,0.7670434993772909
0.02675569667538289,0.11822361002688872,0.7669100997661596
0.02675569667538289,0.11831034781854453,0.7668896781424029
0.026779043705640642,0.11831034781854453,0.7668889135410353
0.026779043705640642,0.11839708561020036,0.766863053957961
0.026802390735898393,0.11839708561020036,0.7668570499004124
0.026802390735898393,0.11848382340185619,0.7668495430309592
0.026849084796413895,0.11848382340185619,0.766623416026592
0.026849084796413895,0.11857056119351202,0.7666226637491917
0.02696581994770265,0.11857056119351202,0.7664692395550156
0.02696581994770265,0.11865729898516784,0.7664474100696232
0.026989166977960402,0.11865729898516784,0.7664009918955497
0.026989166977960402,0.11874403677682366,0.7663950436760122
0.027035861038475904,0.11874403677682366,0.766303853804239
0.027035861038475904,0.11891751236013531,0.7662930230980913
0.027082555098991407,0.11891751236013531,0.7662489171707264
0.027082555098991407,0.11926446352675861,0.7661036148335757
0.02710590212924916,0.11926446352675861,0.7660961339704301
0.02710590212924916,0.11935120131841444,0.7660958084161886
0.027199290250280166,0.11935120131841444,0.7660358110287733
0.027199290250280166,0.11952467690172608,0.7660306486397177
0.027222637280537917,0.11952467690172608,0.7660224025182178
0.027222637280537917,0.1196114146933819,0.7660165873411696
0.02729267837131117,0.1196114146933819,0.7659068814421786
0.02729267837131117,0.11969815248503773,0.7658860793264014
0.02731602540156892,0.11969815248503773,0.7658647394009066
0.02731602540156892,0.11987162806834938,0.7658566473922772
0.027339372431826672,0.11987162806834938,0.7658517094538487
0.027339372431826672,0.12021857923497267,0.7657841180636893
0.027362719462084423,0.12021857923497267,0.7657740630411874
0.027362719462084423,0.1203053170266285,0.7657534164700244
0.027409413522599926,0.1203053170266285,0.7657004027276967
0.027409413522599926,0.12039205481828433,0.7655478436253141
0.027456107583115428,0.12039205481828433,0.7655129681090725
0.027456107583115428,0.1206522681932518,0.7654245255144541
0.02750280164363093,0.1206522681932518,0.7654096673519686
0.02750280164363093,0.12073900598490762,0.7653988423435003
0.027572842734404183,0.12073900598490762,0.7653276050744064
0.027572842734404183,0.12108595715153092,0.7652737596178528
0.027666230855435188,0.12108595715153092,0.7651687107340213
0.027666230855435188,0.12125943273484258,0.7651264414764486
0.02768957788569294,0.12125943273484258,0.7650682394951638
0.02768957788569294,0.12143290831815422,0.7650115770491432
0.027782966006723944,0.12143290831815422,0.7649520742979706
0.027782966006723944,0.12151964610981004,0.7649341265471259
0.027876354127754948,0.12151964610981004,0.7649214113415954
0.027876354127754948,0.12169312169312169,0.7648678081101816
0.0278997011580127,0.12169312169312169,0.7648512584930853
0.0278997011580127,0.12177985948477751,0.7648462708481005
0.027946395218528205,0.12177985948477751,0.7647229669552401
0.027946395218528205,0.12212681065140081,0.764626274429045
0.027969742248785956,0.12212681065140081,0.7645730620960225
0.027969742248785956,0.12256049960967993,0.7644309112123955
0.028016436309301458,0.12256049960967993,0.7644028616590847
0.028016436309301458,0.12264723740133576,0.7644027532511406
0.02806313036981696,0.12264723740133576,0.7643227691765176
0.02806313036981696,0.12282071298464742,0.764288742668369
0.02808647740007471,0.12282071298464742,0.7642335098425773
0.02808647740007471,0.12290745077630323,0.7642323943235886
0.028109824430332463,0.12290745077630323,0.764215364705131
0.028109824430332463,0.12308092635961489,0.7641944237183066
0.028203212551363467,0.12308092635961489,0.7640180130234503
0.028203212551363467,0.12316766415127071,0.7640117140632624
0.028366641763167725,0.12316766415127071,0.7638555258395185
0.028366641763167725,0.12334113973458236,0.7638105143819021
0.02848337691445648,0.12334113973458236,0.7636828132130332
0.02848337691445648,0.12342787752623818,0.7636626096491776
0.02850672394471423,0.12342787752623818,0.7636579637047435
0.02850672394471423,0.12351461531789401,0.7636579000775647
0.028553418005229734,0.12351461531789401,0.7636280762214542
0.028553418005229734,0.12377482869286148,0.7636129425830568
0.028576765035487485,0.12377482869286148,0.7635883607680547
0.028576765035487485,0.12386156648451731,0.7635150275950194
0.02864680612626074,0.12386156648451731,0.7634437232597779
0.02864680612626074,0.12438199323445225,0.7633137600908216
0.02867015315651849,0.12438199323445225,0.7633114573224177
0.02867015315651849,0.12446873102610807,0.7632634155916977
0.02871684721703399,0.12446873102610807,0.7631123419824671
0.02871684721703399,0.1245554688177639,0.7630956539893565
0.02878688830780725,0.1245554688177639,0.7630273605016631
0.02878688830780725,0.1249024199843872,0.7628539621047405
0.028810235338065,0.1249024199843872,0.762849492405955
0.028810235338065,0.1252493711510105,0.7627247793480206
0.028880276428838253,0.1252493711510105,0.7626698312902412
0.028880276428838253,0.12550958452597796,0.7626101343172309
0.028926970489353755,0.12550958452597796,0.7625921636755271
0.028926970489353755,0.12568306010928962,0.7625797045712195
0.028950317519611506,0.12568306010928962,0.7625683785082968
0.028950317519611506,0.12585653569260127,0.762526048689522
0.028973664549869257,0.12585653569260127,0.7625079759650282
0.028973664549869257,0.1259432734842571,0.7624552863265439
0.029090399701158013,0.1259432734842571,0.7624099130887037
0.029090399701158013,0.12603001127591293,0.7624052737559462
0.029137093761673515,0.12603001127591293,0.7622938136020826
0.029137093761673515,0.12611674906756873,0.7622812370000743
0.029160440791931266,0.12611674906756873,0.7622508113084588
0.029160440791931266,0.12620348685922456,0.7621782079345812
0.02920713485244677,0.12620348685922456,0.7620883749101186
0.02920713485244677,0.12629022465088038,0.7620796717624442
0.029300522973477773,0.12629022465088038,0.7619971045905325
0.029300522973477773,0.1263769624425362,0.7619621175910771
0.029370564064251026,0.1263769624425362,0.7619167073399762
0.029370564064251026,0.12646370023419204,0.7618601053457228
0.029393911094508778,0.12646370023419204,0.7618132539966278
0.029393911094508778,0.1266371758175037,0.7617970632576205
0.02946395218528203,0.1266371758175037,0.7617166377135427
0.02946395218528203,0.12672391360915952,0.7617038847191084
0.029487299215539782,0.12672391360915952,0.7616793825380468
0.029487299215539782,0.12698412698412698,0.7616326659570288
0.029580687336570786,0.12698412698412698,0.7615623777111247
0.029580687336570786,0.1270708647757828,0.7615446190357135
0.02960403436682854,0.1270708647757828,0.7615378263274293
0.02960403436682854,0.12715760256743863,0.761518178722483
0.029674075457601794,0.12715760256743863,0.761436865623167
0.029674075457601794,0.12724434035909446,0.7614343079254924
0.029744116548375048,0.12724434035909446,0.7614037192117986
0.029744116548375048,0.1273310781507503,0.7613913366530833
0.0297674635786328,0.1273310781507503,0.7613621168467806
0.0297674635786328,0.12741781594240612,0.7613375336311109
0.02979081060889055,0.12741781594240612,0.7612569685077486
0.02979081060889055,0.12750455373406194,0.7612549646640172
0.0298141576391483,0.12750455373406194,0.761208282675565
0.0298141576391483,0.12759129152571774,0.7611197890177087
0.029860851699663803,0.12759129152571774,0.761050649243797
0.029860851699663803,0.12767802931737357,0.7610497061109165
0.029884198729921554,0.12767802931737357,0.7610278733712729
0.029884198729921554,0.1277647671090294,0.7609942926947357
0.029954239820694808,0.1277647671090294,0.7609754303171863
0.029954239820694808,0.12785150490068523,0.7609600196516383
0.03000093388121031,0.12785150490068523,0.760948500423893
0.03000093388121031,0.12793824269234105,0.7609168757944478
0.03002428091146806,0.12793824269234105,0.760911135257969
0.03002428091146806,0.12837193165062016,0.7608213608119963
0.030047627941725812,0.12837193165062016,0.7608102414733446
0.030047627941725812,0.12854540723393182,0.76079536004234
0.030094322002241315,0.12854540723393182,0.760748168041728
0.030094322002241315,0.12863214502558765,0.7607268503974667
0.03023440418378782,0.12863214502558765,0.7606381799751457
0.03023440418378782,0.12889235840055513,0.7606201686315379
0.030281098244303323,0.12889235840055513,0.7605630835430013
0.030281098244303323,0.1292393095671784,0.760415517631202
0.030304445274561075,0.1292393095671784,0.7604150839456005
0.030304445274561075,0.12932604735883424,0.7604038110427511
0.030421180425849834,0.12932604735883424,0.7603007207433882
0.030421180425849834,0.12941278515049007,0.7602899584472623
0.030444527456107585,0.12941278515049007,0.7602867211418574
0.030444527456107585,0.12967299852545755,0.760238369679194
0.030491221516623087,0.12967299852545755,0.7602206628713264
0.030491221516623087,0.13028016306704832,0.7600658033034853
0.030514568546880838,0.13028016306704832,0.759996136114923
0.030514568546880838,0.13036690085870414,0.7599741522716066
0.03056126260739634,0.13036690085870414,0.7599548175971714
0.03056126260739634,0.13045363865035997,0.7599181179319642
0.03058460963765409,0.13045363865035997,0.7599153628520694
0.03058460963765409,0.13071385202532743,0.7598842626724434
0.030701344788942847,0.13071385202532743,0.7598183102722722
0.030701344788942847,0.13080058981698325,0.7598160329036192
0.030818079940231603,0.13080058981698325,0.7597770173709806
0.030818079940231603,0.1309740654002949,0.7597673960579395
0.030841426970489354,0.1309740654002949,0.7597431447071936
0.030841426970489354,0.13106080319195074,0.7597022691992362
0.030864774000747105,0.13106080319195074,0.7597012148782005
0.030864774000747105,0.1312342787752624,0.7596700144706027
0.030934815091520358,0.1312342787752624,0.7595720666351047
0.030934815091520358,0.13140775435857402,0.7595158466208576
0.03095816212177811,0.13140775435857402,0.7594595925039634
0.03095816212177811,0.13149449215022985,0.7594584237977283
0.031121591333582367,0.13149449215022985,0.7592837296910734
0.031121591333582367,0.13175470552519733,0.759062485673882
0.031144938363840118,0.13175470552519733,0.7590513934884371
0.031144938363840118,0.13184144331685316,0.7590173900820568
0.03116828539409787,0.13184144331685316,0.7589913900847869
0.03116828539409787,0.13192818110850899,0.758986574301258
0.03121497945461337,0.13192818110850899,0.7589673866502091
0.03121497945461337,0.1320149189001648,0.758963137447983
0.031238326484871123,0.1320149189001648,0.7589571176215075
0.031238326484871123,0.13218839448347644,0.7589290044643093
0.031261673515128874,0.13218839448347644,0.7588299655025019
0.031261673515128874,0.13227513227513227,0.7588052657549818
0.031308367575644376,0.13227513227513227,0.7587815937207834
0.031308367575644376,0.1323618700667881,0.758775065065759
0.03133171460590213,0.1323618700667881,0.7587205558622854
0.03133171460590213,0.13244860785844392,0.7587079529120738
0.03135506163615988,0.13244860785844392,0.7587049717092325
0.03135506163615988,0.1327088212334114,0.7586687757904195
0.031425102726933135,0.1327088212334114,0.7585743942598402
0.031425102726933135,0.13296903460837886,0.7585314599147608
0.03144844975719088,0.13296903460837886,0.7584879917264924
0.03144844975719088,0.1330557724000347,0.7584658943834586
0.03147179678744864,0.1330557724000347,0.7584462120816899
0.03147179678744864,0.13314251019169052,0.7584323148708456
0.03151849084796414,0.13314251019169052,0.7584076000419009
0.03151849084796414,0.13322924798334634,0.7583847313670089
0.03156518490847964,0.13322924798334634,0.7583747423152434
0.03156518490847964,0.13331598577500217,0.7583331044097651
0.031611878968995144,0.13331598577500217,0.7582796225024768
0.031611878968995144,0.133402723566658,0.7581812242814586
0.03163522599925289,0.133402723566658,0.7581367795750537
0.03163522599925289,0.13357619914996965,0.7580881998495682
0.03170526709002615,0.13357619914996965,0.7580409889679296
0.03170526709002615,0.13366293694162545,0.7579995944129277
0.03175196115054165,0.13366293694162545,0.7579975918616144
0.03175196115054165,0.1338364125249371,0.7578836215965317
0.03179865521105715,0.1338364125249371,0.7578564008717418
0.03179865521105715,0.13392315031659294,0.7578460569019521
0.03182200224131491,0.13392315031659294,0.7578351351175747
0.03182200224131491,0.13400988810824876,0.757827244012129
0.03189204333208816,0.13400988810824876,0.7577859391227727
0.03189204333208816,0.13444357706652788,0.7576378974688289
0.03198543145311916,0.13444357706652788,0.7574993904159637
0.03198543145311916,0.1345303148581837,0.757497229980618
0.032008778483376917,0.1345303148581837,0.757490063691772
0.032008778483376917,0.13461705264983953,0.7574851057517518
0.03205547254389242,0.13461705264983953,0.7574387495486954
0.03205547254389242,0.13479052823315119,0.7574053210227218
0.03210216660440792,0.13479052823315119,0.7573934975187508
0.03210216660440792,0.134877266024807,0.7573789747480194
0.03212551363466567,0.134877266024807,0.757376896348801
0.03212551363466567,0.13496400381646284,0.7572971778066655
0.032195554725438925,0.13496400381646284,0.7572320763040136
0.032195554725438925,0.13505074160811867,0.757224789470372
0.03224224878595443,0.13505074160811867,0.7572038796907963
0.03224224878595443,0.1352242171914303,0.7571883692072783
0.032265595816212175,0.1352242171914303,0.7571759093758603
0.032265595816212175,0.13531095498308612,0.7570595353600338
0.03235898393724318,0.13531095498308612,0.7569078141624899
0.03235898393724318,0.13539769277474195,0.7568865466676231
0.032452372058274184,0.13539769277474195,0.7567896346811641
0.032452372058274184,0.13548443056639778,0.7567835160033813
0.03256910720956294,0.13548443056639778,0.7566264627812169
0.03256910720956294,0.1355711683580536,0.756614741555295
0.0325924542398207,0.1355711683580536,0.7565923629389331
0.0325924542398207,0.13565790614970943,0.7565280679318467
0.032615801270078446,0.13565790614970943,0.7564891300720207
0.032615801270078446,0.13600485731633272,0.7564214114962378
0.03266249533059395,0.13600485731633272,0.756413924598055
0.03266249533059395,0.13609159510798854,0.7563612234661092
0.03275588345162495,0.13609159510798854,0.7562337401502521
0.03275588345162495,0.1362650706913002,0.7561830129173226
0.03294265969368696,0.1362650706913002,0.7559867698481981
0.03294265969368696,0.1366120218579235,0.755849053475816
0.03301270078446022,0.1366120218579235,0.7557616814333928
0.03301270078446022,0.1366987596495793,0.755740797897604
0.033036047814717966,0.1366987596495793,0.7557403291860507
0.033036047814717966,0.13687223523289097,0.7556127677656095
0.03305939484497572,0.13687223523289097,0.7556012673634515
0.03305939484497572,0.1369589730245468,0.75559239145001
0.03312943593574897,0.1369589730245468,0.7555372538883633
0.03312943593574897,0.13713244860785845,0.755491816570145
0.03317612999626447,0.13713244860785845,0.7552927950354691
0.03317612999626447,0.13721918639951428,0.7552894981201943
0.03319947702652223,0.13721918639951428,0.7552872516715293
0.03319947702652223,0.13739266198282593,0.7551625690606679
0.033222824056779975,0.13739266198282593,0.755137130871329
0.033222824056779975,0.13756613756613756,0.7551290681214757
0.03324617108703773,0.13756613756613756,0.755127291446223
0.03324617108703773,0.1377396131494492,0.7550985946841722
0.03329286514755323,0.1377396131494492,0.7550576633269863
0.03329286514755323,0.1379998265244167,0.7550374266067421
0.03331621217781098,0.1379998265244167,0.7550336840130336
0.03331621217781098,0.13826003989938415,0.7549717613219726
0.03336290623832649,0.13826003989938415,0.7549537441887532
0.03336290623832649,0.13834677769103998,0.7549405358781924
0.03340960029884199,0.13834677769103998,0.7549000815018231
0.03340960029884199,0.1384335154826958,0.754883478965442
0.03345629435935749,0.1384335154826958,0.7548637350001481
0.03345629435935749,0.13852025327435163,0.7547724927535796
0.03347964138961524,0.13852025327435163,0.7547224043000335
0.03347964138961524,0.13860699106600746,0.7547214754384816
0.033573029510646245,0.13860699106600746,0.7546529518219857
0.033573029510646245,0.13886720444097495,0.7546239015439915
0.03361972357116175,0.13886720444097495,0.7545648348049163
0.03361972357116175,0.13895394223263074,0.7545560126560251
0.03366641763167725,0.13895394223263074,0.7545542136265021
0.03366641763167725,0.1391274178159424,0.7544602910235036
0.033759805752708254,0.1391274178159424,0.7543802743422089
0.033759805752708254,0.13930089339925406,0.7542928044278849
0.03385319387373926,0.13930089339925406,0.754246628317282
0.03385319387373926,0.1394743689825657,0.7542133882129349
0.03387654090399701,0.1394743689825657,0.7542005781368062
0.03387654090399701,0.139821320149189,0.7541578098293417
0.033923234964512515,0.139821320149189,0.7541310158174057
0.033923234964512515,0.14042848469077976,0.7540000387938542
0.03401662308554352,0.14042848469077976,0.7539323078441372
0.03401662308554352,0.1405152224824356,0.7538961144457025
0.03403997011580127,0.1405152224824356,0.7538820958687675
0.03403997011580127,0.14060196027409141,0.7538617607233287
0.03406331714605902,0.14060196027409141,0.753820012052744
0.03406331714605902,0.14068869806574724,0.7537919851231136
0.034110011206574524,0.14068869806574724,0.7537656148385832
0.034110011206574524,0.14077543585740307,0.7537539567456913
0.034156705267090026,0.14077543585740307,0.7537370192357178
0.034156705267090026,0.14094891144071472,0.7536790442213166
0.03418005229734778,0.14094891144071472,0.753641876156405
0.03418005229734778,0.14120912481568218,0.7535385249606293
0.03420339932760553,0.14120912481568218,0.7535068694184095
0.03420339932760553,0.141295862607338,0.7534438666890325
0.034273440418378785,0.141295862607338,0.7534066886171734
0.034273440418378785,0.14146933819064966,0.7533691217430786
0.03429678744863653,0.14146933819064966,0.7533564943693223
0.03429678744863653,0.14164281377396132,0.7532455436120813
0.034343481509152035,0.14164281377396132,0.7532323219174564
0.034343481509152035,0.14181628935727297,0.7532148646266332
0.03436682853940979,0.14181628935727297,0.7532015561691249
0.03436682853940979,0.1419030271489288,0.7531873345342829
0.03439017556966754,0.1419030271489288,0.7531776277672366
0.03439017556966754,0.14224997831555208,0.7530385914463633
0.03441352259992529,0.14224997831555208,0.7529838096822776
0.03441352259992529,0.1423367161072079,0.7529717306556338
0.03443686963018304,0.1423367161072079,0.7529702446836961
0.03443686963018304,0.14251019169051957,0.752970187867124
0.034460216660440794,0.14251019169051957,0.7529446925168183
0.034460216660440794,0.1425969294821754,0.7529411282950569
0.03448356369069854,0.1425969294821754,0.7529177436716874
0.03448356369069854,0.14285714285714285,0.7528684984800252
0.034530257751214044,0.14285714285714285,0.7528661941335447
0.034530257751214044,0.14294388064879868,0.7528600396947877
0.034576951811729546,0.14294388064879868,0.7528525514722388
0.034576951811729546,0.1430306184404545,0.7528457025405371
0.0346469929025028,0.1430306184404545,0.7527424526742559
0.0346469929025028,0.14320409402376616,0.752662628573465
0.034693686963018305,0.14320409402376616,0.7526537661412442
0.034693686963018305,0.14337756960707781,0.7526250352291322
0.03481042211430706,0.14337756960707781,0.7525030364175893
0.03481042211430706,0.14346430739873361,0.7524673211340345
0.03483376914456481,0.14346430739873361,0.7524673131616137
0.03483376914456481,0.14355104519038944,0.752466965831702
0.03485711617482256,0.14355104519038944,0.7524436163272272
0.03485711617482256,0.14363778298204527,0.7524103816461907
0.03490381023533806,0.14363778298204527,0.7523986932275121
0.03490381023533806,0.14398473414866858,0.7523742268589055
0.034950504295853564,0.14398473414866858,0.7523546859636173
0.034950504295853564,0.1440714719403244,0.7523317313904874
0.03497385132611132,0.1440714719403244,0.7523262283425382
0.03497385132611132,0.14424494752363604,0.7522676200787957
0.034997198356369066,0.14424494752363604,0.7522412327854758
0.034997198356369066,0.14467863648191517,0.7521111525731698
0.03509058647740008,0.14467863648191517,0.7518484212871801
0.03509058647740008,0.14485211206522683,0.7518141858674305
0.03513728053791558,0.14485211206522683,0.7518056615832562
0.03513728053791558,0.1451990632318501,0.7517555441772172
0.03516062756817333,0.1451990632318501,0.7517286133680382
0.03516062756817333,0.14537253881516177,0.7516931334774796
0.03518397459843108,0.14537253881516177,0.7516779846434274
0.03518397459843108,0.1454592766068176,0.7516759390605136
0.035230668658946585,0.1454592766068176,0.751653895557317
0.035230668658946585,0.14563275219012925,0.7515744902545796
0.03525401568920433,0.14563275219012925,0.7515638941413607
0.03525401568920433,0.14571948998178508,0.7515618908221586
0.03527736271946209,0.14571948998178508,0.7515218544675565
0.03527736271946209,0.14580622777344088,0.7515205542319405
0.035300709749719834,0.14580622777344088,0.7514997980651421
0.035300709749719834,0.1458929655650967,0.7514955235533729
0.03541744490100859,0.1458929655650967,0.7514012689998186
0.03541744490100859,0.14606644114840836,0.7513830737349345
0.03544079193126634,0.14606644114840836,0.7513572794525736
0.03544079193126634,0.1461531789400642,0.7513431179799446
0.035464138961524096,0.1461531789400642,0.7513028400792789
0.035464138961524096,0.14641339231503167,0.751253869571936
0.03548748599178184,0.14641339231503167,0.7512057410934216
0.03548748599178184,0.14650013010668747,0.7512021303796625
0.0355108330220396,0.14650013010668747,0.7511632380822306
0.0355108330220396,0.1465868678983433,0.7511628233402461
0.03567426223384385,0.1465868678983433,0.7509914071566515
0.03567426223384385,0.14676034348165495,0.7509677853041236
0.03576765035487486,0.14676034348165495,0.7509424115180755
0.03576765035487486,0.14684708127331078,0.7509133750898577
0.03579099738513261,0.14684708127331078,0.7508923936799751
0.03579099738513261,0.1469338190649666,0.7508904108664074
0.035837691445648114,0.1469338190649666,0.7508235376839416
0.035837691445648114,0.14710729464827826,0.750763840846945
0.03586103847590587,0.14710729464827826,0.750711005750484
0.03586103847590587,0.1471940324399341,0.7507028745741853
0.03590773253642137,0.1471940324399341,0.7506893541587123
0.03590773253642137,0.1472807702315899,0.7506822195232795
0.03602446768771012,0.1472807702315899,0.7505887314637381
0.03602446768771012,0.14745424581490155,0.7505681129650675
0.03604781471796788,0.14745424581490155,0.7505603911849363
0.03604781471796788,0.14754098360655737,0.7505365416766638
0.036071161748225625,0.14754098360655737,0.7505001283127113
0.036071161748225625,0.1480614103564923,0.7504191741972552
0.03609450877848338,0.1480614103564923,0.7503705715040708
0.03609450877848338,0.14814814814814814,0.7503578973649592
0.036187896899514384,0.14814814814814814,0.7503423939310501
0.036187896899514384,0.1483216237314598,0.7502985655023693
0.03621124392977213,0.1483216237314598,0.75029849508403
0.03621124392977213,0.14840836152311562,0.7502455600968325
0.03632797908106089,0.14840836152311562,0.7500869503790666
0.03632797908106089,0.14849509931477145,0.7500783987886998
0.03635132611131864,0.14849509931477145,0.7500609123188522
0.03635132611131864,0.14858183710642728,0.7500293395193571
0.03637467314157639,0.14858183710642728,0.7500242703261335
0.03637467314157639,0.1486685748980831,0.7500221017992833
0.036491408292865145,0.1486685748980831,0.7498528085989198
0.036491408292865145,0.1487553126897389,0.7498406416438866
0.03663149047441165,0.1487553126897389,0.7495899017208815
0.03663149047441165,0.14910226385636222,0.749543997722332
0.036654837504669406,0.14910226385636222,0.7495214431957595
0.036654837504669406,0.14944921502298553,0.7493851109583722
0.03670153156518491,0.14944921502298553,0.7493497340181686
0.03670153156518491,0.14962269060629715,0.7493382784839191
0.03672487859544266,0.14962269060629715,0.749318151892927
0.03672487859544266,0.1497961661896088,0.7492987980336074
0.03679491968621591,0.1497961661896088,0.7492112139291296
0.03679491968621591,0.14996964177292046,0.7491024048948012
0.036841613746731415,0.14996964177292046,0.7489965367838936
0.036841613746731415,0.1500563795645763,0.7489893707422223
0.03686496077698917,0.1500563795645763,0.7489637018827575
0.03686496077698917,0.15014311735623212,0.7489356733003989
0.036958348898020174,0.15014311735623212,0.7488591724370421
0.036958348898020174,0.15031659293954375,0.7488226565174032
0.037028389988793424,0.15031659293954375,0.7487907725766278
0.037028389988793424,0.15040333073119957,0.7487869056109058
0.03723851326111319,0.15040333073119957,0.7486652333333867
0.03723851326111319,0.1504900685228554,0.7486394669945489
0.037261860291370935,0.1504900685228554,0.7486113993872427
0.037261860291370935,0.15057680631451123,0.7486063930404326
0.03730855435188644,0.15057680631451123,0.748587075284737
0.03730855435188644,0.15075028189782289,0.7485728423496156
0.037378595442659694,0.15075028189782289,0.7484240995152787
0.037378595442659694,0.15127070864775782,0.748354408678121
0.037448636533432944,0.15127070864775782,0.7483156215355125
0.037448636533432944,0.15144418423106948,0.7482362879571636
0.0374719835636907,0.15144418423106948,0.748229196623952
0.0374719835636907,0.1515309220227253,0.7482244678845665
0.0375186776242062,0.1515309220227253,0.7481952704626565
0.0375186776242062,0.15170439760603696,0.7481170032304798
0.037542024654463955,0.15170439760603696,0.7480789024300506
0.037542024654463955,0.15179113539769276,0.7480744808097719
0.03768210683601046,0.15179113539769276,0.7479936276008935
0.03768210683601046,0.1518778731893486,0.7479779797307181
0.037728800896525964,0.1518778731893486,0.7479566673351619
0.037728800896525964,0.15196461098100442,0.747939169629152
0.03777549495704147,0.15196461098100442,0.7479060077100881
0.03777549495704147,0.15213808656431607,0.7478867263701734
0.037798841987299214,0.15213808656431607,0.7478774693239838
0.037798841987299214,0.15231156214762773,0.7478019606659623
0.03782218901755697,0.15231156214762773,0.7477572007837066
0.03782218901755697,0.15248503773093938,0.7477349754517191
0.03786888307807247,0.15248503773093938,0.7477169174647424
0.03786888307807247,0.15257177552259518,0.7476776381869124
0.03789223010833022,0.15257177552259518,0.7476774884323678
0.03789223010833022,0.15274525110590684,0.747663238153065
0.03793892416884572,0.15274525110590684,0.7475937461352411
0.03793892416884572,0.15300546448087432,0.747474025415435
0.037962271199103476,0.15300546448087432,0.7474614900549517
0.037962271199103476,0.15309220227253015,0.7474509211832012
0.03805565932013448,0.15309220227253015,0.747404094625197
0.03805565932013448,0.15352589123080926,0.7472665481479128
0.03807900635039223,0.15352589123080926,0.7472440812167374
0.03807900635039223,0.1536993668141209,0.7472127510398472
0.03819574150168099,0.1536993668141209,0.7471784570008804
0.03819574150168099,0.1539595801890884,0.7471152901230951
0.03828912962271199,0.1539595801890884,0.7470403388072753
0.03828912962271199,0.15404631798074422,0.7470372563720604
0.03831247665296974,0.15404631798074422,0.74700001392844
0.03831247665296974,0.15413305577240002,0.7469905034928759
0.03835917071348525,0.15413305577240002,0.7469422304489146
0.03835917071348525,0.15421979356405585,0.7469191642282589
0.03840586477400075,0.15421979356405585,0.7468960741391053
0.03840586477400075,0.15448000693902333,0.7468226562612885
0.0384292118042585,0.15448000693902333,0.746821463272622
0.0384292118042585,0.154653482522335,0.7467020030062912
0.03845255883451625,0.154653482522335,0.7466526328983225
0.03845255883451625,0.15474022031399082,0.7466346577857459
0.038475905864774,0.15474022031399082,0.7466311645980259
0.038475905864774,0.15491369589730244,0.7465550012972932
0.038569293985805005,0.15491369589730244,0.7465196878081626
0.038569293985805005,0.15500043368895827,0.7465182018789476
0.03859264101606276,0.15500043368895827,0.7464999493872672
0.03859264101606276,0.1550871714806141,0.7464818030265482
0.038686029137093764,0.1550871714806141,0.7464483982165566
0.038686029137093764,0.15517390927226993,0.7464328503489877
0.03896619350018678,0.15517390927226993,0.7462446774567475
0.03896619350018678,0.15526064706392576,0.7461863495933682
0.038989540530444525,0.15526064706392576,0.7461843403705566
0.038989540530444525,0.15552086043889324,0.7461685646889888
0.03901288756070228,0.15552086043889324,0.7461626670838485
0.03901288756070228,0.15586781160551652,0.7461052300249182
0.03905958162121778,0.15586781160551652,0.7460788998541216
0.03905958162121778,0.15595454939717235,0.7460746064605435
0.039106275681733284,0.15595454939717235,0.7460641101585253
0.039106275681733284,0.15604128718882818,0.7460530610412301
0.03912962271199103,0.15604128718882818,0.7460399415856173
0.03912962271199103,0.156128024980484,0.7460065440745778
0.039152969742248786,0.156128024980484,0.7460045581157384
0.039152969742248786,0.15621476277213983,0.7459931201079361
0.03919966380276429,0.15621476277213983,0.7459555847852088
0.03919966380276429,0.15630150056379566,0.7459539991012444
0.03922301083302204,0.15630150056379566,0.7459129356730627
0.03922301083302204,0.15638823835545146,0.7459035473865194
0.0394331341053418,0.15638823835545146,0.7457634760756529
0.0394331341053418,0.15673518952207477,0.7457111507026191
0.0394798281658573,0.15673518952207477,0.7456460155414202
0.0394798281658573,0.1568219273137306,0.7456275517064629
0.03959656331714606,0.1568219273137306,0.7454552721810084
0.03959656331714606,0.15690866510538642,0.7454508330556877
0.039759992528950315,0.15690866510538642,0.7450923113000286
0.039759992528950315,0.15699540289704225,0.7450625049812301
0.03980668658946582,0.15699540289704225,0.7450252265071509
0.03980668658946582,0.15708214068869805,0.745009521459006
0.03990007471049682,0.15708214068869805,0.7449510397994215
0.03990007471049682,0.15716887848035388,0.7449449799895016
0.039923421740754576,0.15716887848035388,0.7449336421379946
0.039923421740754576,0.1572556162720097,0.7448959252783223
0.039946768771012324,0.1572556162720097,0.7448956050787923
0.039946768771012324,0.15734235406366553,0.7448948743963322
0.03997011580127008,0.15734235406366553,0.7448931294519279
0.03997011580127008,0.15742909185532136,0.7448528095387241
0.039993462831527826,0.15742909185532136,0.7448527916843228
0.039993462831527826,0.1575158296469772,0.7448354425150069
0.04001680986178558,0.1575158296469772,0.7448016221142097
0.04001680986178558,0.15768930523028885,0.7447543335635605
0.04008685095255884,0.15768930523028885,0.7447169034731903
0.04008685095255884,0.15777604302194467,0.7446913258466912
0.04013354501307434,0.15777604302194467,0.7446611492584415
0.04013354501307434,0.15786278081360047,0.7446358716827617
0.04015689204333209,0.15786278081360047,0.7446043171876604
0.04015689204333209,0.1579495186052563,0.7445875444417607
0.04020358610384759,0.1579495186052563,0.7445574656279592
0.04020358610384759,0.15803625639691213,0.7445533454378166
0.04025028016436309,0.15803625639691213,0.7444979946344883
0.04025028016436309,0.15838320756353544,0.744441631580282
0.040296974224878594,0.15838320756353544,0.7443948590241556
0.040296974224878594,0.15846994535519127,0.7443457149274988
0.04036701531565185,0.15846994535519127,0.7443073704073344
0.04036701531565185,0.15881689652181455,0.7442418991703161
0.04041370937616735,0.15881689652181455,0.7442357872075898
0.04041370937616735,0.15890363431347038,0.744227918933394
0.0404370564064251,0.15890363431347038,0.7442249530700082
0.0404370564064251,0.1589903721051262,0.7442167895481409
0.04050709749719836,0.1589903721051262,0.7440746945349629
0.04050709749719836,0.15907710989678203,0.7440361692048961
0.04055379155771386,0.15907710989678203,0.7439747723785333
0.04055379155771386,0.15916384768843786,0.7439545855695229
0.04057713858797161,0.15916384768843786,0.743891041034308
0.04057713858797161,0.1592505854800937,0.7438754862502426
0.04067052670900261,0.1592505854800937,0.7437757187627185
0.04067052670900261,0.15933732327174951,0.7437349881439552
0.04069387373926037,0.15933732327174951,0.7437253555641911
0.04069387373926037,0.15942406106340531,0.7437031196572621
0.04074056779977587,0.15942406106340531,0.7436476742210294
0.04074056779977587,0.1596842744383728,0.7436037969086113
0.04078726186029137,0.1596842744383728,0.7435610378059995
0.04078726186029137,0.15994448781334028,0.7435135700141597
0.04081060889054912,0.15994448781334028,0.7435000587008589
0.04081060889054912,0.1600312256049961,0.7434638192303166
0.04083395592080687,0.1600312256049961,0.7434403625522679
0.04083395592080687,0.16020470118830774,0.7434265798736399
0.04085730295106463,0.16020470118830774,0.7434078463108827
0.04085730295106463,0.1603781767716194,0.7433822048262948
0.04090399701158013,0.1603781767716194,0.7432587577326719
0.04090399701158013,0.16055165235493105,0.7431946177595377
0.04097403810235338,0.16055165235493105,0.743127149576035
0.04097403810235338,0.1607251279382427,0.7430700534865924
0.04104407919312664,0.1607251279382427,0.7430035035795775
0.04104407919312664,0.16081186572989853,0.7429921103663901
0.04116081434441539,0.16081186572989853,0.7428915995816632
0.04116081434441539,0.16098534131321016,0.742856125954393
0.04120750840493089,0.16098534131321016,0.7428012780859446
0.04120750840493089,0.16124555468817764,0.7427288938864063
0.04127754949570415,0.16124555468817764,0.7427080733157952
0.04127754949570415,0.16133229247983347,0.7426932864554509
0.041300896525961896,0.16133229247983347,0.7426886051965335
0.041300896525961896,0.1614190302714893,0.7426652030739553
0.04132424355621965,0.1614190302714893,0.7426489984170175
0.04132424355621965,0.16150576806314512,0.7426285395743032
0.0413475905864774,0.16150576806314512,0.7426213116501601
0.0413475905864774,0.16167924364645675,0.7425967455985092
0.0413942846469929,0.16167924364645675,0.7425507487079004
0.0413942846469929,0.16176598143811258,0.7425047758397966
0.0414409787075084,0.16176598143811258,0.7424734012296024
0.0414409787075084,0.16202619481308006,0.7424034376187322
0.04146432573776616,0.16202619481308006,0.7423658442167691
0.04146432573776616,0.1621129326047359,0.7423600636395311
0.04151101979828166,0.1621129326047359,0.7423323256700971
0.04151101979828166,0.16219967039639172,0.7423020470521883
0.04155771385879716,0.16219967039639172,0.7422733029680733
0.04155771385879716,0.16237314597970337,0.7422035881129467
0.04158106088905491,0.16237314597970337,0.7421923827674302
0.04158106088905491,0.16263335935467083,0.742153782552467
0.041604407919312664,0.16263335935467083,0.7421520500810082
0.041604407919312664,0.16280683493798248,0.7421083921005709
0.04172114307060142,0.16280683493798248,0.7419695510578936
0.04172114307060142,0.1628935727296383,0.7418650906878024
0.04174449010085917,0.1628935727296383,0.7418640970891632
0.04174449010085917,0.16298031052129414,0.7418612107167575
0.041767837131116925,0.16298031052129414,0.7418210056267052
0.041767837131116925,0.16341399947957325,0.741678890221172
0.04179118416137467,0.16341399947957325,0.7416682329944373
0.04179118416137467,0.1635874750628849,0.74165884274169
0.04181453119163243,0.1635874750628849,0.7416453855144275
0.04181453119163243,0.16367421285454073,0.7415866996930012
0.041837878221890175,0.16367421285454073,0.7415861649449682
0.041837878221890175,0.164021164021164,0.7415689781525034
0.04186122525214793,0.164021164021164,0.7415335205681105
0.04186122525214793,0.16410790181281984,0.7414891685964276
0.04188457228240568,0.16410790181281984,0.7414849813085266
0.04188457228240568,0.16419463960447567,0.7414677676908153
0.04193126634292118,0.16419463960447567,0.7414625725947377
0.04193126634292118,0.1642813773961315,0.7414182527921189
0.042024654463952184,0.1642813773961315,0.7412538306751688
0.042024654463952184,0.16436811518778732,0.7412323012255055
0.04209469555472544,0.16436811518778732,0.7412092271182451
0.04209469555472544,0.16445485297944315,0.7412083497477282
0.04211804258498319,0.16445485297944315,0.7411677459715558
0.04211804258498319,0.1647150663544106,0.7411055953367025
0.04216473664549869,0.1647150663544106,0.7410644975630375
0.04216473664549869,0.16480180414606643,0.741060943537444
0.04221143070601419,0.16480180414606643,0.7410391260504345
0.04221143070601419,0.1649752797293781,0.7410178305204296
0.042258124766529695,0.1649752797293781,0.7410038668789796
0.042258124766529695,0.16506201752103392,0.7409586189112541
0.04228147179678745,0.16506201752103392,0.7409401079187875
0.04228147179678745,0.1654089686876572,0.7408694945686654
0.0423048188270452,0.1654089686876572,0.7408238191713707
0.0423048188270452,0.16549570647931303,0.7408217024389294
0.042374859917818454,0.16549570647931303,0.7407457969214595
0.042374859917818454,0.16558244427096885,0.740731486476893
0.042491595069107206,0.16558244427096885,0.7406561458304637
0.042491595069107206,0.16584265764593634,0.7406018177204057
0.04256163615988046,0.16584265764593634,0.7405787730906237
0.04256163615988046,0.16592939543759216,0.7405571862722173
0.042608330220395965,0.16592939543759216,0.7405387492069502
0.042608330220395965,0.166016133229248,0.74052417684671
0.04263167725065372,0.166016133229248,0.7404417030464632
0.04263167725065372,0.16618960881255962,0.7404224404422317
0.04270171834142697,0.16618960881255962,0.7403959113035254
0.04270171834142697,0.16627634660421545,0.7403754134667232
0.042725065371684724,0.16627634660421545,0.7403541200007997
0.042725065371684724,0.16636308439587127,0.7403289736898849
0.04281845349271573,0.16636308439587127,0.7402390760774948
0.04281845349271573,0.1664498221875271,0.7402307824521777
0.042841800522973476,0.1664498221875271,0.7402039677979844
0.042841800522973476,0.16653655997918293,0.7402023994425475
0.04288849458348898,0.16653655997918293,0.7401663551336375
0.04288849458348898,0.16662329777083876,0.7401521880579345
0.04291184161374673,0.16662329777083876,0.740117338528774
0.04291184161374673,0.16705698672911787,0.7399726267493314
0.04293518864400448,0.16705698672911787,0.7399219183610686
0.04293518864400448,0.1671437245207737,0.7398895283185349
0.042958535674262235,0.1671437245207737,0.7398793060575588
0.042958535674262235,0.16723046231242952,0.7398778481996195
0.04298188270451998,0.16723046231242952,0.7398717180111762
0.04298188270451998,0.16731720010408535,0.7398513225226648
0.04307527082555099,0.16731720010408535,0.7397739867318764
0.04307527082555099,0.16766415127070866,0.7396859925617851
0.04319200597683975,0.16766415127070866,0.7396124238650352
0.04319200597683975,0.16775088906236446,0.739608252677221
0.04347217033993276,0.16775088906236446,0.7393494231235139
0.04347217033993276,0.16792436464567612,0.7393379351469173
0.043565558460963764,0.16792436464567612,0.739305593810084
0.043565558460963764,0.16801110243733194,0.7393007103078364
0.04358890549122152,0.16801110243733194,0.7392708819032727
0.04358890549122152,0.16809784022898777,0.7391988322869422
0.04365894658199477,0.16809784022898777,0.7391490598537391
0.04365894658199477,0.1681845780206436,0.7391445492395976
0.043682293612252523,0.1681845780206436,0.7391326591493808
0.043682293612252523,0.16844479139561105,0.7391103608854949
0.04370564064251027,0.16844479139561105,0.739105208576307
0.04370564064251027,0.16853152918726688,0.739080561732736
0.04375233470302577,0.16853152918726688,0.738953704227402
0.04375233470302577,0.1686182669789227,0.7389451982546339
0.04384572282405678,0.1686182669789227,0.7388989447069958
0.04384572282405678,0.1688784803538902,0.7387673493829665
0.04386906985431453,0.1688784803538902,0.7387443851353386
0.04386906985431453,0.16896521814554602,0.7387314286437079
0.04393911094508778,0.16896521814554602,0.7386879808086169
0.04393911094508778,0.16913869372885768,0.7386780741601149
0.04396245797534554,0.16913869372885768,0.738645302722297
0.04396245797534554,0.16948564489548096,0.7385973326553579
0.043985805005603285,0.16948564489548096,0.7385795479454228
0.043985805005603285,0.16957238268713679,0.7385577186873706
0.04407919312663429,0.16957238268713679,0.7384652747805174
0.04407919312663429,0.1696591204787926,0.7384585463291241
0.044102540156892044,0.1696591204787926,0.7384117086351001
0.044102540156892044,0.16983259606210427,0.7383013147847499
0.04412588718714979,0.16983259606210427,0.7382810259466379
0.04412588718714979,0.1699193338537601,0.7382793588952636
0.044149234217407546,0.1699193338537601,0.7382686514761378
0.044149234217407546,0.1700060716454159,0.7382684325685699
0.04424262233843855,0.1700060716454159,0.7382218229787103
0.04424262233843855,0.17009280943707172,0.7381742269456333
0.044265969368696305,0.17009280943707172,0.7381463725403988
0.044265969368696305,0.17043976060369503,0.7379757018737383
0.04428931639895405,0.17043976060369503,0.7379689801965963
0.04428931639895405,0.1706132361870067,0.737939461533534
0.04438270451998506,0.1706132361870067,0.737897094596083
0.04438270451998506,0.17113366293694163,0.7378351980244399
0.04440605155024281,0.17113366293694163,0.7378059351729263
0.04440605155024281,0.17130713852025328,0.737757300507019
0.044452745610758314,0.17130713852025328,0.7376705636112934
0.044452745610758314,0.1713938763119091,0.7376400087175355
0.044522786701531564,0.1713938763119091,0.7375954819489858
0.044522786701531564,0.1714806141035649,0.7375953249203521
0.04454613373178932,0.1714806141035649,0.7375924675057204
0.04454613373178932,0.17156735189522074,0.7375475813917001
0.04459282779230482,0.17156735189522074,0.7375099212513666
0.04459282779230482,0.17165408968687657,0.7374954463556873
0.04461617482256257,0.17165408968687657,0.7374866831643807
0.04461617482256257,0.17182756527018822,0.7374595207908827
0.04470956294359357,0.17182756527018822,0.7373923725748563
0.04470956294359357,0.17191430306184405,0.7373881398208482
0.04473290997385133,0.17191430306184405,0.737327457479313
0.04473290997385133,0.17200104085349988,0.7373199572834327
0.044756257004109075,0.17200104085349988,0.7372746551212335
0.044756257004109075,0.17217451643681153,0.7371811195076594
0.04484964512514008,0.17217451643681153,0.7371335087611335
0.04484964512514008,0.17260820539509064,0.7370656121335566
0.044872992155397834,0.17260820539509064,0.7370572027558888
0.044872992155397834,0.17304189435336975,0.7370079643869185
0.044919686215913336,0.17304189435336975,0.7369840830200511
0.044919686215913336,0.17338884551999306,0.7368968378865776
0.04496638027642884,0.17338884551999306,0.736893605249478
0.04496638027642884,0.1734755833116489,0.7368728594098013
0.044989727306686586,0.1734755833116489,0.7368584143886184
0.044989727306686586,0.17364905889496055,0.7367925554731175
0.045036421367202095,0.17364905889496055,0.7367783480677639
0.045036421367202095,0.17373579668661635,0.7367728458502282
0.04505976839745984,0.17373579668661635,0.7367686244493363
0.04505976839745984,0.17382253447827217,0.7367614344120474
0.0450831154277176,0.17382253447827217,0.7366495535951161
0.0450831154277176,0.17399601006158383,0.7366027702520574
0.045106462457975345,0.17399601006158383,0.7365771380303029
0.045106462457975345,0.17434296122820714,0.7365104167376666
0.0451765035487486,0.17434296122820714,0.7364130576685302
0.0451765035487486,0.17468991239483042,0.7363325805723611
0.045223197609264104,0.17468991239483042,0.7363300400604157
0.045223197609264104,0.17477665018648625,0.736321591531156
0.04531658573029511,0.17477665018648625,0.7362567098986577
0.04531658573029511,0.17503686356145373,0.7362448164727161
0.04543332088158386,0.17503686356145373,0.7361612200253027
0.04543332088158386,0.17512360135310956,0.7361470936508225
0.045456667911841615,0.17512360135310956,0.7361285457777448
0.045456667911841615,0.17538381472807701,0.7360943015572997
0.04555005603287262,0.17538381472807701,0.7360385261518114
0.04555005603287262,0.17547055251973284,0.7360248690896132
0.04559675009338812,0.17547055251973284,0.7360106900822398
0.04559675009338812,0.1759909792696678,0.7358930941895703
0.04566679118416137,0.1759909792696678,0.7358387275887153
0.04566679118416137,0.17651140601960275,0.7357327717654256
0.045713485244676874,0.17651140601960275,0.7357245779687778
0.045713485244676874,0.17659814381125857,0.7357232811963033
0.04573683227493463,0.17659814381125857,0.7357150620455426
0.04573683227493463,0.1771185705611935,0.7356403118345293
0.045760179305192376,0.1771185705611935,0.7356082993433062
0.045760179305192376,0.17720530835284934,0.7355562975228767
0.04578352633545013,0.17720530835284934,0.7355529393058389
0.04578352633545013,0.177378783936161,0.7355325123218542
0.04580687336570788,0.177378783936161,0.735469100916095
0.04580687336570788,0.17763899731112845,0.7353997534741501
0.04583022039596563,0.17763899731112845,0.7353883818358418
0.04583022039596563,0.17772573510278428,0.735368203249948
0.04585356742622339,0.17772573510278428,0.7353309260018042
0.04585356742622339,0.1778124728944401,0.7353124136617265
0.045876914456481135,0.1778124728944401,0.7352937959267073
0.045876914456481135,0.17789921068609593,0.7352764898391622
0.04590026148673889,0.17789921068609593,0.7352610008582332
0.04590026148673889,0.17824616185271924,0.735115057012905
0.04592360851699664,0.17824616185271924,0.7351078236857373
0.04592360851699664,0.17841963743603087,0.7350681118830215
0.04594695554725439,0.17841963743603087,0.7350542537019356
0.04594695554725439,0.17876658860265418,0.7349412495937024
0.045993649607769894,0.17876658860265418,0.7348605539612867
0.045993649607769894,0.17894006418596584,0.7348235010139055
0.04601699663802764,0.17894006418596584,0.7348229778053881
0.04601699663802764,0.17902680197762166,0.7348205887454109
0.0460403436682854,0.17902680197762166,0.7347632164792579
0.0460403436682854,0.17911353976927746,0.734755945416507
0.046063690698543144,0.17911353976927746,0.7347420861595216
0.046063690698543144,0.1792002775609333,0.7347169852406374
0.0460870377288009,0.1792002775609333,0.7347002203196099
0.0460870377288009,0.17928701535258912,0.7346943112141506
0.0461337317893164,0.17928701535258912,0.7346567642458621
0.0461337317893164,0.17937375314424495,0.7346431834426349
0.04615707881957415,0.17937375314424495,0.7345723765223503
0.04615707881957415,0.17946049093590077,0.7345457657442785
0.0461804258498319,0.17946049093590077,0.7345092180695547
0.0461804258498319,0.1795472287275566,0.7345049186748092
0.04620377288008965,0.1795472287275566,0.7344913292884601
0.04620377288008965,0.17963396651921243,0.7344814625810607
0.046227119910347406,0.17963396651921243,0.7344472521988219
0.046227119910347406,0.17972070431086826,0.7344471353608728
0.04625046694060515,0.17972070431086826,0.734436441198768
0.04625046694060515,0.18006765547749154,0.7343504272454584
0.04627381397086291,0.18006765547749154,0.7343258435247723
0.04627381397086291,0.18015439326914737,0.7343035314036094
0.04639054912215166,0.18015439326914737,0.7341719055075804
0.04639054912215166,0.1802411310608032,0.7341676859624626
0.04643724318266716,0.1802411310608032,0.7341327344836324
0.04643724318266716,0.18032786885245902,0.7340815693151925
0.04646059021292492,0.18032786885245902,0.7340785355705977
0.04646059021292492,0.18041460664411485,0.7340606285806792
0.04653063130369817,0.18041460664411485,0.7340291952332318
0.04653063130369817,0.18050134443577068,0.7340142963529939
0.04657732536421367,0.18050134443577068,0.7340128184704788
0.04657732536421367,0.1806748200190823,0.7340116242233732
0.04662401942472917,0.1806748200190823,0.7339537059820249
0.04662401942472917,0.18084829560239396,0.7339161949873959
0.04667071348524468,0.18084829560239396,0.7339066817164493
0.04667071348524468,0.1809350333940498,0.733854992736805
0.04669406051550243,0.1809350333940498,0.7338058359389477
0.04669406051550243,0.18119524676901727,0.7337318608569618
0.04671740754576018,0.18119524676901727,0.7336695432825308
0.04671740754576018,0.18145546014398473,0.7336106644735912
0.04681079566679119,0.18145546014398473,0.7335706494701186
0.04681079566679119,0.18162893572729638,0.733552479445742
0.046834142697048935,0.18162893572729638,0.7335274785364555
0.046834142697048935,0.1817156735189522,0.7335175247181512
0.04685748972730669,0.1817156735189522,0.7335143243694826
0.04685748972730669,0.18180241131060804,0.7334910181642664
0.04688083675756444,0.18180241131060804,0.733487909867583
0.04688083675756444,0.1820626246855755,0.7334078857914286
0.04690418378782219,0.1820626246855755,0.7333968682330396
0.04690418378782219,0.18214936247723132,0.7333822443204927
0.046950877848337694,0.18214936247723132,0.7333574868531089
0.046950877848337694,0.18223610026888715,0.7333551895276771
0.04697422487859544,0.18223610026888715,0.7333470445443302
0.04697422487859544,0.18232283806054297,0.7332953096949146
0.046997571908853196,0.18232283806054297,0.7332931036896471
0.046997571908853196,0.1824095758521988,0.7332812604807009
0.04711430706014195,0.1824095758521988,0.7331521216425916
0.04711430706014195,0.18266978922716628,0.7330954303341429
0.04716100112065745,0.18266978922716628,0.7330203332434524
0.04716100112065745,0.1827565270188221,0.7330178283705793
0.047254389241688455,0.1827565270188221,0.7329667792689715
0.047254389241688455,0.1828432648104779,0.7329319611451757
0.04732443033246171,0.1828432648104779,0.7329107111329215
0.04732443033246171,0.18293000260213374,0.7328952695560678
0.04734777736271946,0.18293000260213374,0.732836597958072
0.04734777736271946,0.18301674039378957,0.7328316788673253
0.04746451251400822,0.18301674039378957,0.7327238931283725
0.04746451251400822,0.18353716714372453,0.7325834869526905
0.047487859544265966,0.18353716714372453,0.7325784448494651
0.047487859544265966,0.18362390493538033,0.7325517853312963
0.04765128875607023,0.18362390493538033,0.7324563580237455
0.04765128875607023,0.18371064272703616,0.7324276497988929
0.04769798281658573,0.18371064272703616,0.7323775469532512
0.04769798281658573,0.183797380518692,0.7323508979461195
0.047721329846843484,0.183797380518692,0.7323313095338908
0.047721329846843484,0.18388411831034782,0.7323145280829256
0.04774467687710123,0.18388411831034782,0.732314049070587
0.04774467687710123,0.18397085610200364,0.7323137265921829
0.047768023907358986,0.18397085610200364,0.7322766121752062
0.047768023907358986,0.18405759389365947,0.7322544665034736
0.04781471796787449,0.18405759389365947,0.7321825288009309
0.04781471796787449,0.18423106947697113,0.7321692978221542
0.047838064998132236,0.18423106947697113,0.7321677558583146
0.047838064998132236,0.18431780726862695,0.7321456870845114
0.04786141202838999,0.18431780726862695,0.732127683197867
0.04786141202838999,0.18475149622690606,0.7320116169824646
0.04788475905864774,0.18475149622690606,0.731998274902691
0.04788475905864774,0.18492497181021772,0.7319338689041892
0.047954800149420995,0.18492497181021772,0.7319166595887907
0.047954800149420995,0.18501170960187355,0.7319154545350048
0.048048188270452,0.18501170960187355,0.7318904899148632
0.048048188270452,0.18509844739352935,0.7318862890959383
0.0480948823309675,0.18509844739352935,0.7318550098113135
0.0480948823309675,0.18518518518518517,0.7318542302465881
0.048188270451998506,0.18518518518518517,0.7318025848637681
0.048188270451998506,0.18535866076849683,0.731696891738129
0.04823496451251401,0.18535866076849683,0.731683883124812
0.04823496451251401,0.18544539856015266,0.7316637136632929
0.048258311542771756,0.18544539856015266,0.7316561835324729
0.048258311542771756,0.18553213635180849,0.7316447966044498
0.04828165857302951,0.18553213635180849,0.7316445422267528
0.04828165857302951,0.1856188741434643,0.7316353890811135
0.04839839372431827,0.1856188741434643,0.7315531118962573
0.04839839372431827,0.18579234972677597,0.7314324936944918
0.04842174075457602,0.18579234972677597,0.7314206867699782
0.04842174075457602,0.18605256310174342,0.7313580544322527
0.04846843481509152,0.18605256310174342,0.7313043757415949
0.04846843481509152,0.18613930089339925,0.7312106741537034
0.04851512887560702,0.18613930089339925,0.7311968449725823
0.04851512887560702,0.1866597276433342,0.7310648228791211
0.04853847590586478,0.1866597276433342,0.7310419546591462
0.04853847590586478,0.18691994101830167,0.7309915354454545
0.048561822936122524,0.18691994101830167,0.7309874247028945
0.048561822936122524,0.18709341660161333,0.7309573991742339
0.04865521105715353,0.18709341660161333,0.7309190699251826
0.04865521105715353,0.18726689218492498,0.7308955588002425
0.04870190511766903,0.18726689218492498,0.730879037732721
0.04870190511766903,0.1873536299765808,0.7308782436522726
0.04874859917818453,0.1873536299765808,0.7308366649504099
0.04874859917818453,0.1874403677682366,0.7308301225256848
0.04877194620844229,0.1874403677682366,0.7307998852187607
0.04877194620844229,0.18761384335154827,0.7307166792708808
0.04881864026895779,0.18761384335154827,0.7306745865887612
0.04881864026895779,0.1877005811432041,0.7306633815885417
0.04884198729921554,0.1877005811432041,0.7306353638380172
0.04884198729921554,0.18778731893485992,0.7306107353225155
0.048912028389988794,0.18778731893485992,0.7305444671511294
0.048912028389988794,0.18787405672651575,0.7305119412728964
0.04902876354127755,0.18787405672651575,0.7304131283228736
0.04902876354127755,0.1880475323098274,0.7303882311227512
0.04907545760179305,0.1880475323098274,0.730377313814105
0.04907545760179305,0.18822100789313903,0.7303554208507739
0.049145498692566306,0.18822100789313903,0.7302969297943437
0.049145498692566306,0.18830774568479486,0.7302687660295629
0.04928558087411281,0.18830774568479486,0.7302229682015106
0.04928558087411281,0.1884812212681065,0.7301684026645462
0.04930892790437057,0.1884812212681065,0.7300667826287288
0.04930892790437057,0.188741434643074,0.7300309801337878
0.049332274934628315,0.188741434643074,0.7300126556819524
0.049332274934628315,0.18882817243472982,0.7299938528290975
0.04935562196488607,0.18882817243472982,0.7299913891906733
0.04935562196488607,0.18891491022638562,0.72998963139617
0.04942566305565932,0.18891491022638562,0.7298754670701143
0.04942566305565932,0.18900164801804145,0.7298752444754391
0.049449010085917074,0.18900164801804145,0.7298717952034512
0.049449010085917074,0.18908838580969728,0.7298607606216108
0.04947235711617482,0.18908838580969728,0.7298400831413288
0.04947235711617482,0.18926186139300893,0.7297912983140857
0.049495704146432576,0.18926186139300893,0.7297886627124106
0.049495704146432576,0.18960881255963224,0.7297632869756117
0.04961243929772133,0.18960881255963224,0.7296587226535031
0.04961243929772133,0.18969555035128804,0.7296511034519453
0.049682480388494585,0.18969555035128804,0.7296003272988656
0.049682480388494585,0.1898690259345997,0.7295278403514106
0.04970582741875233,0.1898690259345997,0.729475617442344
0.04970582741875233,0.18995576372625553,0.7294741941421126
0.04972917444901009,0.18995576372625553,0.7294652426869683
0.04972917444901009,0.190215977101223,0.7294413522629919
0.04982256257004109,0.190215977101223,0.7294134840889074
0.04982256257004109,0.19030271489287884,0.7293660744969734
0.04984590960029884,0.19030271489287884,0.7293566170790684
0.04984590960029884,0.19038945268453464,0.7293547369357133
0.049869256630556594,0.19038945268453464,0.7293464123605709
0.049869256630556594,0.19047619047619047,0.7293340671388624
0.04989260366081434,0.19047619047619047,0.7292870928249906
0.04989260366081434,0.19064966605950212,0.7292393830204977
0.0499626447515876,0.19064966605950212,0.7292064805782258
0.0499626447515876,0.19073640385115795,0.7292001444533838
0.050032685842360855,0.19073640385115795,0.7291822009443794
0.050032685842360855,0.19082314164281378,0.7291692131156566
0.05007937990287636,0.19082314164281378,0.729125373255354
0.05007937990287636,0.1909098794344696,0.7291219126473861
0.050219462084422864,0.1909098794344696,0.7289687574177992
0.050219462084422864,0.19108335501778126,0.7289451135772453
0.05024280911468061,0.19108335501778126,0.7289102574669476
0.05024280911468061,0.19117009280943706,0.7289078756986282
0.050266156144938366,0.19117009280943706,0.7289029679584516
0.050266156144938366,0.19134356839274871,0.7288690588212148
0.050336197235711616,0.19134356839274871,0.7288232722749273
0.050336197235711616,0.19143030618440454,0.728797120175779
0.05038289129622712,0.19143030618440454,0.7287145461939366
0.05038289129622712,0.19169051955937202,0.7286793567540955
0.050452932387000375,0.19169051955937202,0.728645969682574
0.050452932387000375,0.19177725735102785,0.7286438012899273
0.05049962644751588,0.19177725735102785,0.7286309645529873
0.05049962644751588,0.19186399514268368,0.7286100925955201
0.05054632050803138,0.19186399514268368,0.7285388527834527
0.05054632050803138,0.19195073293433948,0.728533063267767
0.05056966753828913,0.19195073293433948,0.7284959390027218
0.05056966753828913,0.19212420851765113,0.728429392520881
0.05059301456854688,0.19212420851765113,0.7284248132248188
0.05059301456854688,0.19221094630930696,0.7284192316802645
0.05061636159880463,0.19221094630930696,0.7284110720241612
0.05061636159880463,0.1922976841009628,0.7284095322677573
0.050756443780351136,0.1922976841009628,0.7281957238281718
0.050756443780351136,0.1927313730592419,0.7280788908510885
0.050873178931639895,0.1927313730592419,0.7278818514454772
0.050873178931639895,0.19290484864255356,0.7278587998909802
0.0509665670526709,0.19290484864255356,0.7278195584083513
0.0509665670526709,0.19299158643420938,0.7278132932058803
0.0510132611131864,0.19299158643420938,0.7277902453280836
0.0510132611131864,0.19316506201752104,0.7277203773747771
0.051106649234217406,0.19316506201752104,0.7276804161838637
0.051106649234217406,0.19325179980917687,0.7276580015632172
0.05112999626447516,0.19325179980917687,0.7276444313596231
0.05112999626447516,0.1933385376008327,0.7276197096993411
0.05124673141576391,0.1933385376008327,0.7275557179250249
0.05124673141576391,0.19351201318414432,0.7275410384929554
0.05131677250653717,0.19351201318414432,0.7274918961286528
0.05131677250653717,0.19359875097580015,0.7274907364191339
0.051410160627568174,0.19359875097580015,0.7274386033622252
0.051410160627568174,0.19368548876745598,0.727418938142886
0.051480201718341424,0.19368548876745598,0.7273728088699962
0.051480201718341424,0.19385896435076763,0.7272946669546575
0.05150354874859918,0.19385896435076763,0.7272840134986619
0.05150354874859918,0.1940324399340793,0.727267464047691
0.05155024280911468,0.1940324399340793,0.727219822531479
0.05155024280911468,0.19420591551739091,0.7271614697994631
0.05162028389988793,0.19420591551739091,0.7271406425253728
0.05162028389988793,0.1944661288923584,0.7270605867344884
0.051643630930145686,0.1944661288923584,0.727013565207601
0.051643630930145686,0.19455286668401423,0.7270092536644426
0.05171367202091894,0.19455286668401423,0.7269837164123972
0.05171367202091894,0.1948130800589817,0.7268995503037965
0.05173701905117669,0.1948130800589817,0.7268742912432367
0.05173701905117669,0.19489981785063754,0.7268568705019571
0.05180706014194995,0.19489981785063754,0.7268407146889064
0.05180706014194995,0.19498655564229334,0.7268382166761327
0.051830407172207694,0.19498655564229334,0.7268092305964644
0.051830407172207694,0.19507329343394916,0.7268059513486868
0.05185375420246545,0.19507329343394916,0.72680309469707
0.05185375420246545,0.1955069823922283,0.7267605512830155
0.0518771012327232,0.1955069823922283,0.726726135484337
0.0518771012327232,0.19559372018388413,0.7267215471258384
0.0519237952932387,0.19559372018388413,0.7267022422563699
0.0519237952932387,0.19568045797553996,0.7266694467308594
0.051947142323496454,0.19568045797553996,0.7266523228630539
0.051947142323496454,0.19585393355885158,0.726589026155551
0.051993836384011956,0.19585393355885158,0.7265732133797727
0.051993836384011956,0.19602740914216324,0.7265092211306112
0.0520171834142697,0.19602740914216324,0.7265055845835153
0.0520171834142697,0.1962008847254749,0.7265004684777265
0.05204053044452746,0.1962008847254749,0.72649073557712
0.05204053044452746,0.19628762251713072,0.7264855630782333
0.05211057153530071,0.19628762251713072,0.726429863723268
0.05211057153530071,0.19637436030878655,0.7264216146362006
0.05213391856555846,0.19637436030878655,0.7263876340117184
0.05213391856555846,0.19646109810044235,0.7263728560030789
0.052180612626073965,0.19646109810044235,0.7263692948213546
0.052180612626073965,0.196634573683754,0.726348052866771
0.05220395965633171,0.196634573683754,0.726322377915509
0.05220395965633171,0.19672131147540983,0.7263174309831795
0.05222730668658947,0.19672131147540983,0.7262598687884263
0.05222730668658947,0.19680804926706566,0.7262519376193659
0.052367388868135974,0.19680804926706566,0.7261682202034826
0.052367388868135974,0.19698152485037732,0.7260520512792594
0.05239073589839372,0.19698152485037732,0.7260468243165139
0.05239073589839372,0.19706826264203314,0.7260123302221566
0.05246077698916698,0.19706826264203314,0.7259485457835876
0.05246077698916698,0.19715500043368897,0.7259334745297268
0.05255416511019798,0.19715500043368897,0.7257955080796754
0.05255416511019798,0.19724173822534477,0.725794850283394
0.05262420620097124,0.19724173822534477,0.7257669576711376
0.05262420620097124,0.19741521380865643,0.7257608240035365
0.05274094135225999,0.19741521380865643,0.7256732727921604
0.05274094135225999,0.19750195160031225,0.7256710449115651
0.052787635412775494,0.19750195160031225,0.7256148911482376
0.052787635412775494,0.19810911614190302,0.7254315096914532
0.05281098244303325,0.19810911614190302,0.7254235141238756
0.05281098244303325,0.19819585393355885,0.72534963621583
0.052834329473290996,0.19819585393355885,0.7253220512769891
0.052834329473290996,0.19828259172521467,0.7253138704028069
0.052927717594322,0.19828259172521467,0.7252523002287748
0.052927717594322,0.19862954289183798,0.7251683231233315
0.053021105715353005,0.19862954289183798,0.7250661148549031
0.053021105715353005,0.19871628068349378,0.7250258020715672
0.05304445274561076,0.19871628068349378,0.725023191958668
0.05304445274561076,0.1988030184751496,0.7249689717107553
0.05316118789689951,0.1988030184751496,0.7248781890568174
0.05316118789689951,0.1990632318501171,0.7248127314085222
0.053184534927157266,0.1990632318501171,0.7247677508447787
0.053184534927157266,0.19932344522508458,0.724742956817051
0.053207881957415014,0.19932344522508458,0.724666466501009
0.053207881957415014,0.1994101830167404,0.7246616413216692
0.05323122898767277,0.1994101830167404,0.7246463574996567
0.05323122898767277,0.1994969208083962,0.7245755976433168
0.053254576017930516,0.1994969208083962,0.7245716729016061
0.053254576017930516,0.19958365860005203,0.7245629132428548
0.05330127007844602,0.19958365860005203,0.7244773566603717
0.05330127007844602,0.19967039639170786,0.7244733523312729
0.05332461710870377,0.19967039639170786,0.7244270566400954
0.05332461710870377,0.1997571341833637,0.7244252528509572
0.05341800522973478,0.1997571341833637,0.7243083306254391
0.05341800522973478,0.19993060976667534,0.7242899107667837
0.05351139335076578,0.19993060976667534,0.7242394435377562
0.05351139335076578,0.20001734755833117,0.7242231457594357
0.053534740381023536,0.20001734755833117,0.7241563561854865
0.053534740381023536,0.200104085349987,0.7241386907655822
0.05358143444153904,0.200104085349987,0.7241157688616553
0.05358143444153904,0.20045103651661028,0.7240965407491806
0.05374486365334329,0.20045103651661028,0.7239731271843164
0.05374486365334329,0.20062451209992194,0.7239175171062218
0.05376821068360105,0.20062451209992194,0.7239134043449441
0.05376821068360105,0.20071124989157776,0.7238995499734426
0.053908292865147554,0.20071124989157776,0.7237445709848627
0.053908292865147554,0.20088472547488942,0.7237325206932022
0.05395498692566306,0.20088472547488942,0.7236751463265487
0.05395498692566306,0.20097146326654525,0.7236350782624195
0.05400168098617856,0.20097146326654525,0.7236034360591388
0.05400168098617856,0.20105820105820105,0.7235864586889813
0.054141763167725065,0.20105820105820105,0.7234959424373562
0.054141763167725065,0.20114493884985687,0.7234404884686858
0.05416511019798281,0.20114493884985687,0.7234259226076942
0.05416511019798281,0.20131841443316853,0.7234023083500354
0.05423515128875607,0.20131841443316853,0.7233191334161598
0.05423515128875607,0.20140515222482436,0.7233004636179523
0.05428184534927157,0.20140515222482436,0.723237890121834
0.05428184534927157,0.20175210339144764,0.7231661517309669
0.05430519237952933,0.20175210339144764,0.7231480645771516
0.05430519237952933,0.20183884118310347,0.7231419656475336
0.05435188644004483,0.20183884118310347,0.72312135671093
0.05435188644004483,0.2019255789747593,0.7231002846006636
0.05442192753081808,0.2019255789747593,0.7230414290820146
0.05442192753081808,0.2022725301413826,0.7229755378616683
0.05451531565184908,0.2022725301413826,0.7229585979317463
0.05451531565184908,0.20253274351635006,0.7229230523418106
0.054562009712364586,0.20253274351635006,0.7228611313938589
0.054562009712364586,0.2026194813080059,0.7228314004013394
0.05458535674262234,0.2026194813080059,0.722822751538282
0.05458535674262234,0.20279295689131754,0.72279391228606
0.05460870377288009,0.20279295689131754,0.7227714041069606
0.05460870377288009,0.20287969468297337,0.7226519492259817
0.05463205080313784,0.20287969468297337,0.7226302099424201
0.05463205080313784,0.2029664324746292,0.7226170863822623
0.054678744863653345,0.2029664324746292,0.7225873075890232
0.054678744863653345,0.20305317026628503,0.7225865017005306
0.05477213298468435,0.20305317026628503,0.7225441969150731
0.05477213298468435,0.20331338364125248,0.7225218606814691
0.0547954800149421,0.20331338364125248,0.7225191599013756
0.0547954800149421,0.2034001214329083,0.7225169865461925
0.05481882704519985,0.2034001214329083,0.7225059564531362
0.05481882704519985,0.2036603348078758,0.722489167685749
0.0548421740754576,0.2036603348078758,0.7224473315782078
0.0548421740754576,0.20383381039118745,0.7224250528598661
0.054865521105715354,0.20383381039118745,0.7224187044915847
0.054865521105715354,0.2040072859744991,0.7223676376883972
0.054912215166230856,0.2040072859744991,0.7223376470892133
0.054912215166230856,0.2040940237661549,0.7222939640868172
0.05495890922674636,0.2040940237661549,0.7222772662136714
0.05495890922674636,0.20418076155781073,0.7222623057641195
0.054982256257004106,0.20418076155781073,0.7222549543622206
0.054982256257004106,0.20426749934946656,0.7222529560286115
0.05500560328726186,0.20426749934946656,0.7222474790516817
0.05500560328726186,0.20452771272443404,0.7222032358973656
0.055028950317519615,0.20452771272443404,0.7221823028858934
0.055028950317519615,0.20461445051608987,0.7221699149287768
0.05505229734777736,0.20461445051608987,0.7221619184627366
0.05505229734777736,0.2047011883077457,0.7221521860631128
0.05507564437803512,0.2047011883077457,0.7221126085601678
0.05507564437803512,0.2047879260994015,0.7221061383199532
0.05516903249906612,0.2047879260994015,0.722083087835311
0.05516903249906612,0.20522161505768063,0.7219963145524072
0.05523907358983937,0.20522161505768063,0.721960775432553
0.05523907358983937,0.20530835284933646,0.7219342318492191
0.055262420620097126,0.20530835284933646,0.7219040766664035
0.055262420620097126,0.2053950906409923,0.7218806421523547
0.05530911468061263,0.2053950906409923,0.721843182072393
0.05530911468061263,0.20565530401595974,0.72179229823535
0.055332461710870376,0.20565530401595974,0.7217775115819367
0.055332461710870376,0.2058287795992714,0.7217589857870224
0.05535580874112813,0.2058287795992714,0.7217569044187322
0.05535580874112813,0.20591551739092723,0.7217176995528143
0.05549589092267464,0.20591551739092723,0.7216236410720438
0.05549589092267464,0.20643594414086217,0.721530868121737
0.05554258498319014,0.20643594414086217,0.7215032278987739
0.05554258498319014,0.206522681932518,0.7214745884970913
0.05565932013447889,0.206522681932518,0.7213693789942421
0.05565932013447889,0.20660941972417382,0.7213632694424363
0.05572936122525215,0.20660941972417382,0.7213384956181388
0.05572936122525215,0.20678289530748548,0.721267317508699
0.055752708255509896,0.20678289530748548,0.7212569010691146
0.055752708255509896,0.2068696330991413,0.7212566205003497
0.055869443406798655,0.2068696330991413,0.7211866540859019
0.055869443406798655,0.20712984647410876,0.7211560674639512
0.055986178558087414,0.20712984647410876,0.7211135804908466
0.055986178558087414,0.2073033220574204,0.7210933495283748
0.056102913709376166,0.2073033220574204,0.7210450750913396
0.056102913709376166,0.20747679764073207,0.7210101108928163
0.05612626073963392,0.20747679764073207,0.7210084695463864
0.05612626073963392,0.20765027322404372,0.7209778402940668
0.05619630183040717,0.20765027322404372,0.720952345512385
0.05619630183040717,0.20773701101569955,0.7209445018620351
0.056219648860664925,0.20773701101569955,0.7209368677195802
0.056219648860664925,0.20782374880735535,0.7209335521552352
0.05624299589092267,0.20782374880735535,0.720923221138873
0.05624299589092267,0.20791048659901118,0.7209206999458835
0.05626634292118043,0.20791048659901118,0.7209015235402194
0.05626634292118043,0.207997224390667,0.7208968076732931
0.05631303698169593,0.207997224390667,0.7208863322674937
0.05631303698169593,0.20808396218232283,0.7208602174773815
0.05638307807246918,0.20808396218232283,0.7208461116773186
0.05638307807246918,0.2082574377656345,0.7208358860608963
0.05654650728427344,0.2082574377656345,0.7207105457682472
0.05654650728427344,0.20843091334894615,0.720698058259869
0.056639895405304445,0.20843091334894615,0.7205368856112906
0.056639895405304445,0.20860438893225777,0.7205006617561158
0.05668658946581995,0.20860438893225777,0.7204705256184041
0.05668658946581995,0.2086911267239136,0.7204675472025999
0.05677997758685095,0.2086911267239136,0.7204034618130255
0.05677997758685095,0.20877786451556943,0.7203894878451184
0.05680332461710871,0.20877786451556943,0.720369509655076
0.05680332461710871,0.20886460230722526,0.7203375088198071
0.056826671647366454,0.20886460230722526,0.7203041014182641
0.056826671647366454,0.20895134009888108,0.7203009494404953
0.05687336570788196,0.20895134009888108,0.7202005186110714
0.05687336570788196,0.20921155347384857,0.7201612766419991
0.05696675382891296,0.20921155347384857,0.7201029450067966
0.05696675382891296,0.2092982912655044,0.7200924263087446
0.05713018304071722,0.2092982912655044,0.7199465360731901
0.05713018304071722,0.2097319802237835,0.7199250269862458
0.05720022413149047,0.2097319802237835,0.7199178122135066
0.05720022413149047,0.20981871801543933,0.7199113349014326
0.05722357116174823,0.20981871801543933,0.7198927689019072
0.05722357116174823,0.20990545580709516,0.7198917148639749
0.057246918192005974,0.20990545580709516,0.7198697838870238
0.057246918192005974,0.2100789313904068,0.7198617736458759
0.05727026522226373,0.2100789313904068,0.7198573470112943
0.05727026522226373,0.21016566918206261,0.7198367450901207
0.05731695928277923,0.21016566918206261,0.7198061027018205
0.05731695928277923,0.21025240697371844,0.7197947238613763
0.05738700037355248,0.21025240697371844,0.7197732643301733
0.05738700037355248,0.21051262034868592,0.7197029244569175
0.057410347403810236,0.21051262034868592,0.7196607522830887
0.057410347403810236,0.21059935814034175,0.7196058037305386
0.05745704146432574,0.21059935814034175,0.7195828701505148
0.05745704146432574,0.21068609593199758,0.719580468990116
0.057527082555098995,0.21068609593199758,0.7195053531091261
0.057527082555098995,0.2108595715153092,0.7194689025717498
0.0575737766156145,0.2108595715153092,0.7194592129998726
0.0575737766156145,0.21094630930696504,0.7194504245863887
0.05764381770638775,0.21094630930696504,0.719376769949964
0.05764381770638775,0.21103304709862086,0.7193570005908665
0.057713858797161004,0.21103304709862086,0.7193163125825378
0.057713858797161004,0.2111197848902767,0.7193071655813525
0.05773720582741875,0.2111197848902767,0.7193036657562639
0.05773720582741875,0.2114667360569,0.7192091734231466
0.057760552857676506,0.2114667360569,0.7191870307124368
0.057760552857676506,0.21155347384855583,0.7191771927992507
0.05787728800896526,0.21155347384855583,0.7191183926437674
0.05787728800896526,0.21164021164021163,0.7190695495813824
0.057947329099738515,0.21164021164021163,0.7190442651361667
0.057947329099738515,0.21172694943186746,0.7190397419084122
0.05797067612999626,0.21172694943186746,0.7190345372343606
0.05797067612999626,0.21181368722352328,0.7190223237379112
0.05804071722076952,0.21181368722352328,0.7189753163862369
0.05804071722076952,0.2119004250151791,0.7189406643583167
0.05806406425102727,0.2119004250151791,0.7189279492708578
0.05806406425102727,0.2121606383901466,0.7188650790501876
0.05808741128128502,0.2121606383901466,0.7188078417500492
0.05808741128128502,0.21233411397345825,0.7188013613065329
0.05811075831154277,0.21233411397345825,0.7187730356801578
0.05811075831154277,0.21242085176511405,0.7187702160105386
0.05829753455360478,0.21242085176511405,0.7186389179668544
0.05829753455360478,0.21250758955676988,0.7185908875893084
0.058484310795666794,0.21250758955676988,0.7184251344370551
0.058484310795666794,0.21294127851504902,0.7183767124785013
0.058531004856182296,0.21294127851504902,0.7183562804810624
0.058531004856182296,0.21302801630670484,0.7183443925132065
0.058554351886440044,0.21302801630670484,0.7183391673664572
0.058554351886440044,0.21320149189001647,0.7183066579682401
0.0585776989166978,0.21320149189001647,0.718305427735881
0.0585776989166978,0.21337496747332813,0.7182865798028748
0.05869443406798655,0.21337496747332813,0.7182452827150838
0.05869443406798655,0.21346170526498395,0.7182277451151442
0.05874112812850205,0.21346170526498395,0.7181935783872868
0.05874112812850205,0.2136351808482956,0.7181580608737743
0.05876447515875981,0.2136351808482956,0.7181455167432458
0.05876447515875981,0.21380865643160726,0.7181023831114933
0.05881116921927531,0.21380865643160726,0.7181009131412663
0.05881116921927531,0.21389539422326306,0.7181006543380476
0.05883451624953306,0.21389539422326306,0.7180814936615354
0.05883451624953306,0.2139821320149189,0.7180486898916503
0.05885786327979081,0.2139821320149189,0.7180456038969332
0.05885786327979081,0.21406886980657472,0.7180387446082694
0.058951251400821816,0.21406886980657472,0.7179665248428327
0.058951251400821816,0.21415560759823055,0.7179062042696376
0.05918472170339933,0.21415560759823055,0.7177481238714862
0.05918472170339933,0.21424234538988637,0.7177461145654951
0.059371497945461336,0.21424234538988637,0.717626774820771
0.059371497945461336,0.21441582097319803,0.7176097297873631
0.05944153903623459,0.21441582097319803,0.7175577935835571
0.05944153903623459,0.21458929655650968,0.7174630810302931
0.059558274187523345,0.21458929655650968,0.7174029306688618
0.059558274187523345,0.21484950993147714,0.7173567428613289
0.0595816212177811,0.21484950993147714,0.7173458250989688
0.0595816212177811,0.21493624772313297,0.7173400679652557
0.05960496824803885,0.21493624772313297,0.7173400365058421
0.05960496824803885,0.2150229855147888,0.7173353071005724
0.0596283152782966,0.2150229855147888,0.7173171996170025
0.0596283152782966,0.21519646109810045,0.717299277155018
0.05965166230855435,0.21519646109810045,0.7172798024869795
0.05965166230855435,0.21536993668141208,0.7172739037711025
0.05986178558087411,0.21536993668141208,0.7170709440473753
0.05986178558087411,0.21554341226472373,0.7170514924306367
0.05988513261113186,0.21554341226472373,0.7170480288679211
0.05988513261113186,0.21589036343134704,0.7169986719907937
0.05993182667164736,0.21589036343134704,0.7169465943404352
0.05993182667164736,0.21597710122300287,0.7169428697464921
0.059978520732162866,0.21597710122300287,0.7168899045318946
0.059978520732162866,0.2160638390146587,0.7168798218896484
0.06000186776242062,0.2160638390146587,0.7168753949012423
0.06000186776242062,0.2161505768063145,0.7168550850173004
0.060025214792678375,0.2161505768063145,0.7168316605841085
0.060025214792678375,0.21623731459797033,0.7168110841151014
0.06007190885319388,0.21623731459797033,0.7168071741723359
0.06007190885319388,0.21632405238962615,0.7168046191926003
0.06023533806499813,0.21632405238962615,0.7166653390999023
0.06023533806499813,0.21641079018128198,0.7166333954984625
0.060282032125513633,0.21641079018128198,0.7165987299672
0.060282032125513633,0.21658426576459364,0.7165227764334039
0.060328726186029136,0.21658426576459364,0.7165159356412416
0.060328726186029136,0.21693121693121692,0.716505163494155
0.06039876727680239,0.21693121693121692,0.7164649085029922
0.06039876727680239,0.21710469251452857,0.7164323773276231
0.06042211430706014,0.21710469251452857,0.7164303069899502
0.06042211430706014,0.2171914303061844,0.7164242609407898
0.060445461337317895,0.2171914303061844,0.7164078942069685
0.060445461337317895,0.21727816809784023,0.7164015705955895
0.0604921553978334,0.21727816809784023,0.7163564442680979
0.0604921553978334,0.21736490588949606,0.7163375013446787
0.0605388494583489,0.21736490588949606,0.7163113600936901
0.0605388494583489,0.21745164368115188,0.7163080604375064
0.06056219648860665,0.21745164368115188,0.7162570257015095
0.06056219648860665,0.2175383814728077,0.716200737570755
0.0605855435188644,0.2175383814728077,0.716197546559682
0.0605855435188644,0.21779859484777517,0.7161544701450613
0.06060889054912215,0.21779859484777517,0.7161438594198192
0.06060889054912215,0.217885332639431,0.7161367616512335
0.06065558460963765,0.217885332639431,0.7161022508845944
0.06065558460963765,0.21805880822274265,0.716063933479538
0.06077231976092641,0.21805880822274265,0.7160232940666722
0.06077231976092641,0.21814554601439848,0.7160191001170193
0.06081901382144191,0.21814554601439848,0.7159804502825405
0.06081901382144191,0.2182322838060543,0.7159077113474133
0.060865707881957415,0.2182322838060543,0.7158645548270103
0.060865707881957415,0.21840575938936593,0.715853790779361
0.06091240194247292,0.21840575938936593,0.715791029734496
0.06091240194247292,0.21875271055598924,0.7156894173289519
0.06093574897273067,0.21875271055598924,0.7156500790498592
0.06093574897273067,0.21909966172261255,0.7155712100490097
0.061029137093761676,0.21909966172261255,0.7155422751385374
0.061029137093761676,0.21927313730592418,0.7155262403941187
0.06116921927530818,0.21927313730592418,0.7154359005787255
0.06116921927530818,0.21935987509758,0.7154335029578829
0.06119256630556593,0.21935987509758,0.7154259263825233
0.06119256630556593,0.21944661288923584,0.7153930112142268
0.06126260739633919,0.21944661288923584,0.7153241756815911
0.06126260739633919,0.21953335068089166,0.7152974381870695
0.06133264848711244,0.21953335068089166,0.7152441575839827
0.06133264848711244,0.21988030184751498,0.7151983368083329
0.06135599551737019,0.21988030184751498,0.7151946339337736
0.06135599551737019,0.21996703963917077,0.7151895704359935
0.06137934254762794,0.21996703963917077,0.7151891085641799
0.06137934254762794,0.2204007285974499,0.7150896570647713
0.061449383638401196,0.2204007285974499,0.7150497194772176
0.061449383638401196,0.22048746638910574,0.7150302666839733
0.06156611878968995,0.22048746638910574,0.7149627063027797
0.06156611878968995,0.22057420418076157,0.7149342805993579
0.06161281285020545,0.22057420418076157,0.7148975356288223
0.06161281285020545,0.2207476797640732,0.7148647619429698
0.06170620097123646,0.2207476797640732,0.7148015307904461
0.06170620097123646,0.22083441755572902,0.7147993594326154
0.06172954800149421,0.22083441755572902,0.7147880153232473
0.06172954800149421,0.2210946309306965,0.7147441063427816
0.061752895031751964,0.2210946309306965,0.7147425875273032
0.061752895031751964,0.22118136872235233,0.7147378113510654
0.061799589092267466,0.22118136872235233,0.7147199685910072
0.061799589092267466,0.221354844305664,0.7146948504480124
0.061869630183040716,0.221354844305664,0.7146737233833456
0.061869630183040716,0.2214415820973198,0.7146522313621926
0.06196301830407172,0.2214415820973198,0.7145881463439636
0.06196301830407172,0.22152831988897562,0.7145046500672083
0.061986365334329475,0.22152831988897562,0.7144963553192372
0.061986365334329475,0.2217885332639431,0.7144421815543411
0.06203305939484498,0.2217885332639431,0.7144122642227457
0.06203305939484498,0.22187527105559893,0.7143841580343264
0.06207975345536048,0.22187527105559893,0.7143130004736301
0.06207975345536048,0.22196200884725475,0.7143115835553919
0.062173141576391484,0.22196200884725475,0.7142653559904086
0.062173141576391484,0.2221354844305664,0.7142397831527394
0.06221983563690699,0.2221354844305664,0.7142021278405405
0.06221983563690699,0.2222222222222222,0.7141817639610715
0.062243182667164734,0.2222222222222222,0.714153438430932
0.062243182667164734,0.22230896001387804,0.7140681097701846
0.06226652969742249,0.22230896001387804,0.7140119687556843
0.06226652969742249,0.22265591118050135,0.71396593183085
0.06231322375793799,0.22265591118050135,0.7139320176917776
0.06231322375793799,0.22317633793043629,0.7137983080076353
0.06235991781845349,0.22317633793043629,0.7137778664033937
0.06235991781845349,0.2232630757220921,0.7137468829960532
0.062406611878968996,0.2232630757220921,0.713716454367767
0.062406611878968996,0.22334981351374794,0.7137044007655476
0.06242995890922674,0.22334981351374794,0.7136766232465428
0.06242995890922674,0.22343655130540377,0.7136673590188091
0.0624533059394845,0.22343655130540377,0.713647028022154
0.0624533059394845,0.2235232890970596,0.7136303132594952
0.0625,0.2235232890970596,0.713593285439325
0.0625,0.22361002688871542,0.7135734153443624
0.062593388121031,0.22361002688871542,0.7135421373620574
0.062593388121031,0.2239569780553387,0.7134345785489551
0.06264008218154651,0.2239569780553387,0.7134002060749411
0.06264008218154651,0.22404371584699453,0.7133873147095067
0.06268677624206201,0.22404371584699453,0.7133507261893821
0.06268677624206201,0.2242171914303062,0.713316133457384
0.06271012327231976,0.2242171914303062,0.7133158285272356
0.06271012327231976,0.22447740480527364,0.7132671025874371
0.06278016436309301,0.22447740480527364,0.7131958647161805
0.06278016436309301,0.22473761818024113,0.7130930714516017
0.06289689951438177,0.22473761818024113,0.7129766736490624
0.06289689951438177,0.22482435597189696,0.7129759044267663
0.06294359357489727,0.22482435597189696,0.712919961711924
0.06294359357489727,0.22491109376355278,0.7129157060168896
0.06301363466567053,0.22491109376355278,0.7128912455977463
0.06301363466567053,0.2249978315552086,0.7128837425985886
0.06308367575644377,0.2249978315552086,0.7128354745564716
0.06308367575644377,0.22517130713852027,0.7128007635767594
0.06315371684721703,0.22517130713852027,0.712681490945363
0.06315371684721703,0.2253447827218319,0.7125553096712125
0.06320041090773254,0.2253447827218319,0.7125164045484049
0.06320041090773254,0.22560499609679938,0.7124942810069694
0.06324710496824804,0.22560499609679938,0.7124658558977679
0.06324710496824804,0.2256917338884552,0.7124442167722917
0.06327045199850578,0.2256917338884552,0.7124208310462051
0.06327045199850578,0.22577847168011103,0.7124081696069343
0.06331714605902129,0.22577847168011103,0.7123751340428564
0.06331714605902129,0.22586520947176686,0.7123526438072005
0.0633638401195368,0.22586520947176686,0.7123403700847314
0.0633638401195368,0.2259519472634227,0.7123353416055351
0.06338718714979455,0.2259519472634227,0.7123297879556075
0.06338718714979455,0.22612542284673431,0.71230631474493
0.06343388121031004,0.22612542284673431,0.7122827009865629
0.06343388121031004,0.22621216063839014,0.7122789675629935
0.0634572282405678,0.22621216063839014,0.7122787122665458
0.0634572282405678,0.2263856362217018,0.7122673013147018
0.06348057527082555,0.2263856362217018,0.712258988883842
0.06348057527082555,0.22655911180501345,0.7122295327773234
0.06362065745237205,0.22655911180501345,0.7121032443449802
0.06362065745237205,0.22664584959666928,0.7120856942024578
0.06364400448262982,0.22664584959666928,0.712065529099537
0.06364400448262982,0.22690606297163673,0.7120116803058689
0.06373739260366082,0.22690606297163673,0.7118350704125599
0.06373739260366082,0.22699280076329256,0.7118311139162965
0.06376073963391857,0.22699280076329256,0.7118302477808056
0.06376073963391857,0.22716627634660422,0.7118201999119942
0.06387747478520732,0.22716627634660422,0.7117396516311243
0.06387747478520732,0.22725301413826005,0.7117251132466854
0.06390082181546507,0.22725301413826005,0.7117229120585673
0.06390082181546507,0.22733975192991587,0.7117144882744908
0.06401755696675383,0.22733975192991587,0.7116170527276728
0.06401755696675383,0.2274264897215717,0.7116158525667002
0.06406425102726933,0.2274264897215717,0.7115881996654171
0.06406425102726933,0.22768670309653916,0.711525219712259
0.06411094508778484,0.22768670309653916,0.7114952967085897
0.06411094508778484,0.22803365426316247,0.7114200191245936
0.06413429211804259,0.22803365426316247,0.7114149803185084
0.06413429211804259,0.22820712984647412,0.7113891498286504
0.06420433320881584,0.22820712984647412,0.7113512251268826
0.06420433320881584,0.22838060542978575,0.7112828372946105
0.06422768023907359,0.22838060542978575,0.7112823723788002
0.06422768023907359,0.22846734322144158,0.7112710642740879
0.06425102726933134,0.22846734322144158,0.7112694491432073
0.06425102726933134,0.2285540810130974,0.7112621765517673
0.0642743742995891,0.2285540810130974,0.7112575084638375
0.0642743742995891,0.22864081880475323,0.7112514192193359
0.06429772132984685,0.22864081880475323,0.7112418625672167
0.06429772132984685,0.22898776997137654,0.7112142436820137
0.06443780351139335,0.22898776997137654,0.7111466500700857
0.06443780351139335,0.22916124555468817,0.7110701256272532
0.06446115054165111,0.22916124555468817,0.7110585984554894
0.06446115054165111,0.22933472113799983,0.7109996335671998
0.06462457975345536,0.22933472113799983,0.7109392439392541
0.06462457975345536,0.22942145892965565,0.7109159889259724
0.06464792678371312,0.22942145892965565,0.710914693233005
0.06464792678371312,0.2295949345129673,0.7109007396443798
0.06471796787448636,0.2295949345129673,0.7108541466502687
0.06471796787448636,0.2299418856795906,0.7107584710957795
0.06474131490474412,0.2299418856795906,0.7107180008441638
0.06474131490474412,0.23002862347124642,0.7106766903805892
0.06481135599551736,0.23002862347124642,0.7106292342757815
0.06481135599551736,0.23020209905455807,0.7106146017123438
0.06483470302577513,0.23020209905455807,0.7106093996991087
0.06483470302577513,0.2302888368462139,0.7105474058692389
0.06485805005603287,0.2302888368462139,0.7105439945245788
0.06485805005603287,0.23037557463786973,0.7105311369140405
0.06490474411654837,0.23037557463786973,0.7105154289480944
0.06490474411654837,0.23046231242952556,0.7105080717075005
0.06492809114680613,0.23046231242952556,0.7104906794481511
0.06492809114680613,0.23054905022118136,0.7104711040012213
0.06502147926783713,0.23054905022118136,0.710410754165367
0.06502147926783713,0.230722525804493,0.7103828001956958
0.06504482629809488,0.230722525804493,0.7103610485700316
0.06504482629809488,0.23080926359614884,0.7103588597321493
0.06511486738886814,0.23080926359614884,0.7102162097867372
0.06511486738886814,0.23089600138780467,0.710212851594237
0.06520825550989914,0.23089600138780467,0.7101489180057938
0.06520825550989914,0.23106947697111632,0.7101156384456926
0.06525494957041464,0.23106947697111632,0.7100527670559774
0.06525494957041464,0.23115621476277215,0.7100482750655243
0.0652782966006724,0.23115621476277215,0.7100449196528806
0.0652782966006724,0.23124295255442798,0.7100388379063405
0.0653249906611879,0.23124295255442798,0.7100360179491378
0.0653249906611879,0.23132969034608378,0.7100340357846506
0.06534833769144564,0.23132969034608378,0.7100183695861888
0.06534833769144564,0.2314164281377396,0.7100075369711596
0.0653716847217034,0.2314164281377396,0.7099924037018097
0.0653716847217034,0.23150316592939543,0.7099898300115832
0.0654183787822189,0.23150316592939543,0.7099493404151774
0.0654183787822189,0.23158990372105126,0.7099364328693583
0.06546507284273441,0.23158990372105126,0.7099323929294492
0.06546507284273441,0.23185011709601874,0.7098726594515232
0.06560515502428091,0.23185011709601874,0.7098149030308449
0.06560515502428091,0.23193685488767457,0.7097853996896323
0.06569854314531191,0.23193685488767457,0.7097473276652915
0.06569854314531191,0.23202359267933037,0.7097394057362743
0.06574523720582742,0.23202359267933037,0.7096794271717155
0.06574523720582742,0.23228380605429785,0.7096682518902915
0.06583862532685843,0.23228380605429785,0.7096316168232409
0.06583862532685843,0.23237054384595368,0.7096305534274565
0.06588531938737392,0.23237054384595368,0.7096090487092747
0.06588531938737392,0.2324572816376095,0.7095764088767706
0.06590866641763168,0.2324572816376095,0.7095336779306172
0.06590866641763168,0.23263075722092116,0.7094937635934182
0.06593201344788943,0.23263075722092116,0.7094733660787256
0.06593201344788943,0.232717495012577,0.7093971699575119
0.06604874859917818,0.232717495012577,0.7093365151275373
0.06604874859917818,0.2328042328042328,0.709314813139708
0.06614213672020919,0.2328042328042328,0.7092233494521023
0.06614213672020919,0.23289097059588862,0.7092020307107565
0.06621217781098244,0.23289097059588862,0.7091033677140444
0.06621217781098244,0.23367161072079104,0.7089980129191947
0.06623552484124019,0.23367161072079104,0.7089869211346256
0.06623552484124019,0.23375834851244687,0.7089826759420748
0.06625887187149794,0.23375834851244687,0.708971163740779
0.06625887187149794,0.2338450863041027,0.7089672620632191
0.06630556593201345,0.2338450863041027,0.7089308402452967
0.06630556593201345,0.23393182409575852,0.7089143093443855
0.06644564811355995,0.23393182409575852,0.7088428500161361
0.06644564811355995,0.23401856188741435,0.7088333411113801
0.06656238326484872,0.23401856188741435,0.7087659027829596
0.06656238326484872,0.23410529967907018,0.7087558726457455
0.06670246544639521,0.23410529967907018,0.7086897547894733
0.06670246544639521,0.234192037470726,0.7086590050354789
0.06677250653716847,0.234192037470726,0.7085827659280729
0.06677250653716847,0.23436551305403763,0.7085391081452002
0.06686589465819948,0.23436551305403763,0.7085173209535187
0.06686589465819948,0.23445225084569346,0.7085053383148223
0.06695928277923048,0.23445225084569346,0.7084385630430732
0.06695928277923048,0.23462572642900512,0.7083795357354559
0.06700597683974599,0.23462572642900512,0.7083233635257264
0.06700597683974599,0.23479920201231677,0.7082962249228512
0.06702932387000374,0.23479920201231677,0.7082916897104782
0.06702932387000374,0.2348859398039726,0.7082784849259487
0.06714605902129249,0.2348859398039726,0.7081991980064601
0.06714605902129249,0.23497267759562843,0.7081757208238818
0.06716940605155024,0.23497267759562843,0.7081013168084607
0.06716940605155024,0.23505941538728423,0.7080907295217198
0.06730948823309675,0.23505941538728423,0.7080317660961692
0.06730948823309675,0.23514615317894005,0.7079934485248589
0.06735618229361225,0.23514615317894005,0.7079747179021492
0.06735618229361225,0.23523289097059588,0.7079658681337015
0.06751961150541651,0.23523289097059588,0.7078261526564469
0.06751961150541651,0.2353196287622517,0.707802007461276
0.06754295853567427,0.2353196287622517,0.7077950829856376
0.06754295853567427,0.23540636655390754,0.7077741070594804
0.06763634665670527,0.23540636655390754,0.7077178800654818
0.06763634665670527,0.23549310434556336,0.7077095877894244
0.06765969368696302,0.23549310434556336,0.7076994347070877
0.06765969368696302,0.2355798421372192,0.7076715930035529
0.06768304071722077,0.2355798421372192,0.7076657567140074
0.06768304071722077,0.23575331772053085,0.7075963560739245
0.06777642883825177,0.23575331772053085,0.707544346391124
0.06777642883825177,0.23592679330384247,0.707507111688322
0.06779977586850952,0.23592679330384247,0.7074967357531937
0.06779977586850952,0.2360135310954983,0.7074878530513452
0.06786981695928278,0.2360135310954983,0.7074734981444181
0.06786981695928278,0.23618700667880996,0.7074661419047188
0.06796320508031378,0.23618700667880996,0.7074243875917203
0.06796320508031378,0.23627374447046579,0.7074237814921209
0.06803324617108704,0.23627374447046579,0.707370211971766
0.06803324617108704,0.23644722005377744,0.7073438840619131
0.06805659320134479,0.23644722005377744,0.7073400752057386
0.06805659320134479,0.23653395784543327,0.707339716783534
0.0681032872618603,0.23653395784543327,0.7073175094369324
0.0681032872618603,0.23662069563708907,0.707299195372065
0.06814998132237579,0.23662069563708907,0.7072681295004297
0.06814998132237579,0.23679417122040072,0.707228947904428
0.0682900635039223,0.23679417122040072,0.7071631070102767
0.0682900635039223,0.23722786017867986,0.7070130293686188
0.06831341053418005,0.23722786017867986,0.7069879418649845
0.06831341053418005,0.2373145979703357,0.7069456514870105
0.06840679865521106,0.2373145979703357,0.7068794067205919
0.06840679865521106,0.23748807355364732,0.7068614255398342
0.06845349271572657,0.23748807355364732,0.7068521337497462
0.06845349271572657,0.23757481134530314,0.7068429550309749
0.06854688083675757,0.23757481134530314,0.7067404684982288
0.06854688083675757,0.23766154913695897,0.7067149014813336
0.06859357489727307,0.23766154913695897,0.7066861067780155
0.06859357489727307,0.23783502472027063,0.7066256214979574
0.06861692192753081,0.23783502472027063,0.7066096260989384
0.06861692192753081,0.23800850030358228,0.7065871762090729
0.06866361598804632,0.23800850030358228,0.7065518759043824
0.06866361598804632,0.2381819758868939,0.7065412232709359
0.06871031004856182,0.2381819758868939,0.7065261704601918
0.06871031004856182,0.23835545147020556,0.7065108161793083
0.06878035113933507,0.23835545147020556,0.7064915695501068
0.06878035113933507,0.23861566484517305,0.706485963593634
0.06887373926036608,0.23861566484517305,0.7064130466275479
0.06887373926036608,0.2387891404284847,0.7063929367731496
0.06889708629062383,0.2387891404284847,0.706374298511736
0.06889708629062383,0.2388758782201405,0.7063484041509016
0.06915390362345909,0.2388758782201405,0.7062103312144835
0.06915390362345909,0.23904935380345216,0.7061802928831138
0.06927063877474786,0.23904935380345216,0.7059498132017269
0.06927063877474786,0.23913609159510799,0.7059414072308291
0.0692939858050056,0.23913609159510799,0.7059310792666165
0.0692939858050056,0.2392228293867638,0.7059215610049197
0.06941072095629436,0.2392228293867638,0.705844385306573
0.06941072095629436,0.23930956717841964,0.7058361343788495
0.06950410907732536,0.23930956717841964,0.7057988764987151
0.06950410907732536,0.23939630497007547,0.7057955217906631
0.06955080313784087,0.23939630497007547,0.705786141330639
0.06955080313784087,0.2394830427617313,0.70575898373933
0.06957415016809862,0.2394830427617313,0.7057456606144465
0.06957415016809862,0.23965651834504292,0.7056920852208165
0.06959749719835637,0.23965651834504292,0.7056873811741706
0.06959749719835637,0.2399167317200104,0.7056443312227405
0.06964419125887188,0.2399167317200104,0.7055787855524813
0.06964419125887188,0.24009020730332206,0.7055277164062108
0.06971423234964512,0.24009020730332206,0.7055022406772864
0.06971423234964512,0.24035042067828952,0.7054716032605655
0.06978427344041838,0.24035042067828952,0.7054366023012362
0.06978427344041838,0.24043715846994534,0.7054148202881463
0.06983096750093389,0.24043715846994534,0.7053911015178664
0.06983096750093389,0.24052389626160117,0.705357831323631
0.06985431453119163,0.24052389626160117,0.7053567449497347
0.06985431453119163,0.24078410963656866,0.7052638699037288
0.06987766156144938,0.24078410963656866,0.7052561928097962
0.06987766156144938,0.24113106080319194,0.7052116906392625
0.06994770265222264,0.24113106080319194,0.7052085770932692
0.06994770265222264,0.24121779859484777,0.7052058577042035
0.07029790810608891,0.24121779859484777,0.7050238589850273
0.07029790810608891,0.2413045363865036,0.7050127731534683
0.07032125513634666,0.2413045363865036,0.7050124491456986
0.07032125513634666,0.24139127417815942,0.7050094565983449
0.07036794919686216,0.24139127417815942,0.7049893186677638
0.07036794919686216,0.24147801196981525,0.7049888273611296
0.07039129622711991,0.24147801196981525,0.7049310685470094
0.07039129622711991,0.24156474976147108,0.7049232799142594
0.07043799028763541,0.24156474976147108,0.7048970492748938
0.07043799028763541,0.24173822534478273,0.7047888120719404
0.07048468434815092,0.24173822534478273,0.704781418268707
0.07048468434815092,0.24182496313643856,0.704777476021846
0.07053137840866641,0.24182496313643856,0.7047489823198642
0.07053137840866641,0.2419984387197502,0.704733158807156
0.07057807246918192,0.2419984387197502,0.7046584610294033
0.07057807246918192,0.24217191430306184,0.7046435372927513
0.07069480762047067,0.24217191430306184,0.7045601680176529
0.07069480762047067,0.2423453898863735,0.7045238977108266
0.07071815465072842,0.2423453898863735,0.7044730432304392
0.07071815465072842,0.24243212767802932,0.7044709861738669
0.07085823683227493,0.24243212767802932,0.7043446191497091
0.07085823683227493,0.24260560326134098,0.704300351419469
0.07088158386253268,0.24260560326134098,0.7042982953847898
0.07088158386253268,0.24269234105299678,0.7042949806645018
0.07090493089279044,0.24269234105299678,0.7042932122276053
0.07090493089279044,0.24286581663630843,0.7042330993662702
0.07092827792304819,0.24286581663630843,0.7042279792390973
0.07092827792304819,0.24295255442796426,0.704211903285177
0.07095162495330594,0.24295255442796426,0.7042094577994722
0.07095162495330594,0.2430392922196201,0.7041457475451363
0.07099831901382145,0.2430392922196201,0.7040908771486531
0.07099831901382145,0.24312603001127592,0.70406831821565
0.07104501307433694,0.24312603001127592,0.7040605128057082
0.07104501307433694,0.24321276780293175,0.7039793540020434
0.07106836010459469,0.24321276780293175,0.7039713766736031
0.07106836010459469,0.24329950559458757,0.7039554844265444
0.07109170713485245,0.24329950559458757,0.7039436524272297
0.07109170713485245,0.2434729811778992,0.7039291828607959
0.0711150541651102,0.2434729811778992,0.7039289304250276
0.0711150541651102,0.24355971896955503,0.7038956008204291
0.07118509525588346,0.24355971896955503,0.7038631606951478
0.07118509525588346,0.24364645676121086,0.703858432823474
0.0712084422861412,0.24364645676121086,0.7038357307611245
0.0712084422861412,0.24373319455286668,0.7037954397146828
0.07123178931639895,0.24373319455286668,0.7037924146553349
0.07123178931639895,0.2438199323445225,0.7037705905162764
0.0712551363466567,0.2438199323445225,0.7037364364858143
0.0712551363466567,0.24408014571949,0.7036367988303603
0.07127848337691446,0.24408014571949,0.7036142564512124
0.07127848337691446,0.24434035909445745,0.703532490863441
0.07130183040717221,0.24434035909445745,0.7035286890851281
0.07130183040717221,0.2445138346777691,0.7035169506597512
0.07132517743742996,0.2445138346777691,0.7034577601125965
0.07132517743742996,0.24460057246942493,0.703428712190689
0.07139521852820321,0.24460057246942493,0.7033446271357751
0.07139521852820321,0.2447740480527366,0.7033061434229708
0.07141856555846096,0.2447740480527366,0.7032796282206135
0.07141856555846096,0.24486078584439241,0.7032741901777324
0.07144191258871871,0.24486078584439241,0.7032733493387704
0.07144191258871871,0.24494752363604821,0.70326464696681
0.07146525961897647,0.24494752363604821,0.7032585919753056
0.07146525961897647,0.24503426142770404,0.7032457086105305
0.07155864774000747,0.24503426142770404,0.7031731025840289
0.07155864774000747,0.24512099921935987,0.7031484688332861
0.07165203586103848,0.24512099921935987,0.7031220869637184
0.07165203586103848,0.2452077370110157,0.7031112819441199
0.07169872992155397,0.2452077370110157,0.7030965278230168
0.07169872992155397,0.24529447480267152,0.7030887482356782
0.07172207695181174,0.24529447480267152,0.7030624872598774
0.07172207695181174,0.24538121259432735,0.7030620904272409
0.07190885319387375,0.24538121259432735,0.7028425062668272
0.07190885319387375,0.245554688177639,0.7028078811444873
0.07193220022413149,0.245554688177639,0.7027649806264029
0.07193220022413149,0.24581490155260646,0.7027334013929194
0.07195554725438924,0.24581490155260646,0.702733391745934
0.07195554725438924,0.2459016393442623,0.702728679614693
0.07200224131490475,0.2459016393442623,0.7026962729326677
0.07200224131490475,0.24607511492757395,0.7026724962556694
0.07204893537542024,0.24607511492757395,0.7026442123926915
0.07204893537542024,0.24633532830254143,0.7025728130467087
0.07209562943593575,0.24633532830254143,0.702555320291012
0.07209562943593575,0.24642206609419723,0.7025533706757559
0.072165670526709,0.24642206609419723,0.7025023642761965
0.072165670526709,0.24650880388585306,0.7024993453486486
0.0722123645872245,0.24650880388585306,0.7024743095005238
0.0722123645872245,0.2466822794691647,0.7023579437570906
0.07225905864774,0.2466822794691647,0.7023257208197159
0.07225905864774,0.2469424928441322,0.702235502807111
0.07228240567799776,0.2469424928441322,0.7022096223859923
0.07228240567799776,0.24702923063578802,0.7021949285202785
0.07237579379902877,0.24702923063578802,0.702137883017255
0.07237579379902877,0.24711596842744385,0.7021352088857278
0.07239914082928652,0.24711596842744385,0.7021217884498365
0.07239914082928652,0.24720270621909965,0.7021160751098882
0.07244583488980201,0.24720270621909965,0.7020807837098045
0.07244583488980201,0.24728944401075548,0.7020723530807633
0.07246918192005977,0.24728944401075548,0.7020635420925609
0.07246918192005977,0.24746291959406713,0.7020179503611406
0.07251587598057527,0.24746291959406713,0.7019706635708023
0.07251587598057527,0.24754965738572296,0.7019558695096413
0.07267930519237953,0.24754965738572296,0.7018049663691284
0.07267930519237953,0.2476363951773788,0.7017971729317315
0.07272599925289504,0.2476363951773788,0.7017749265312703
0.07272599925289504,0.24772313296903462,0.7017396834153464
0.07281938737392604,0.24772313296903462,0.7016024412515425
0.07281938737392604,0.24798334634400207,0.7015859038693697
0.07284273440418379,0.24798334634400207,0.7015696132418366
0.07284273440418379,0.2480700841356579,0.7015627299857872
0.07286608143444154,0.2480700841356579,0.70156223337335
0.07286608143444154,0.24824355971896955,0.701544815177574
0.07300616361598805,0.24824355971896955,0.701466931354586
0.07300616361598805,0.24833029751062538,0.7014575380688919
0.07305285767650355,0.24833029751062538,0.7014408956927285
0.07305285767650355,0.2484170353022812,0.7014408361478455
0.0730762047067613,0.2484170353022812,0.7014403202048785
0.0730762047067613,0.24850377309393704,0.7013868147377623
0.0731228987672768,0.24850377309393704,0.7013838652712953
0.0731228987672768,0.24859051088559286,0.7013763858052464
0.07321628688830781,0.24859051088559286,0.7012895172710114
0.07321628688830781,0.24867724867724866,0.701249436217094
0.07323963391856556,0.24867724867724866,0.7012084485822635
0.07323963391856556,0.24893746205221615,0.7011614838262084
0.07328632797908106,0.24893746205221615,0.7011341980768413
0.07328632797908106,0.24902419984387197,0.7011059577487593
0.07337971610011207,0.24902419984387197,0.7010497650982647
0.07337971610011207,0.2491109376355278,0.7010497478833635
0.07347310422114307,0.2491109376355278,0.700977774764803
0.07347310422114307,0.24928441321883946,0.7009704583142493
0.07349645125140082,0.24928441321883946,0.7009361720198609
0.07349645125140082,0.24937115101049528,0.7009112601376851
0.07361318640268957,0.24937115101049528,0.7008469375390327
0.07361318640268957,0.24945788880215108,0.700846788181726
0.07363653343294733,0.24945788880215108,0.700833816616111
0.07363653343294733,0.24963136438546274,0.7008013859698113
0.07365988046320508,0.24963136438546274,0.700763736669523
0.07365988046320508,0.24971810217711857,0.7007345900877886
0.07372992155397834,0.24971810217711857,0.7006884443263893
0.07372992155397834,0.2498048399687744,0.7006772423812822
0.07389335076578259,0.2498048399687744,0.7005895157138511
0.07389335076578259,0.24989157776043022,0.7005894427440333
0.07401008591707135,0.24989157776043022,0.7005333073474107
0.07401008591707135,0.24997831555208605,0.7005327277266763
0.0740334329473291,0.24997831555208605,0.7005303105191755
0.0740334329473291,0.25006505334374185,0.7005262960551473
0.0740801270078446,0.25006505334374185,0.7005185355241579
0.0740801270078446,0.2501517911353977,0.7005016819788359
0.0741268210683601,0.2501517911353977,0.700486191532149
0.0741268210683601,0.2502385289270535,0.7004634815454147
0.07415016809861785,0.2502385289270535,0.7004083820687286
0.07415016809861785,0.25041200451036516,0.7003773975292635
0.07422020918939111,0.25041200451036516,0.7003023147564528
0.07422020918939111,0.2505854800936768,0.7003017512816643
0.07429025028016437,0.2505854800936768,0.7002705673359714
0.07429025028016437,0.2506722178853326,0.7002623909400569
0.07433694434067986,0.2506722178853326,0.7002497013571508
0.07433694434067986,0.25075895567698847,0.7002393147223678
0.07440698543145312,0.25075895567698847,0.7001581484550174
0.07440698543145312,0.2509324312603001,0.7001328502480476
0.07445367949196863,0.2509324312603001,0.700096653595446
0.07445367949196863,0.2510191690519559,0.70007871771313
0.07454706761299963,0.2510191690519559,0.699979550711668
0.07454706761299963,0.2511926446352676,0.6999626249288402
0.07461710870377287,0.2511926446352676,0.6999195092725001
0.07461710870377287,0.25145285801023504,0.6999003296338242
0.07466380276428838,0.25145285801023504,0.6998827733357278
0.07466380276428838,0.2515395958018909,0.6998599493578136
0.07468714979454613,0.2515395958018909,0.6998530153237021
0.07468714979454613,0.2516263335935467,0.6998350189316234
0.07473384385506164,0.2516263335935467,0.6998198788938861
0.07473384385506164,0.25179980917685835,0.6997905856174416
0.07475719088531939,0.25179980917685835,0.6997886145237688
0.07475719088531939,0.2518865469685142,0.6997820338552563
0.0750373552484124,0.2518865469685142,0.6995798263749697
0.0750373552484124,0.25206002255182586,0.699553805163162
0.07506070227867015,0.25206002255182586,0.6995487421905244
0.07506070227867015,0.25214676034348166,0.6994935493598029
0.07515409039970115,0.25214676034348166,0.6993995774342568
0.07515409039970115,0.25223349813513746,0.6993815606595956
0.07520078446021666,0.25223349813513746,0.6993785199269738
0.07520078446021666,0.2523202359267933,0.6993632383966715
0.07534086664176316,0.2523202359267933,0.6992289369074254
0.07534086664176316,0.2524069737184491,0.6992099150388219
0.07538756070227867,0.2524069737184491,0.6991329007261896
0.07538756070227867,0.2526671870934166,0.6991208989840401
0.07543425476279417,0.2526671870934166,0.6991147438142642
0.07543425476279417,0.2527539248850724,0.6991076262186593
0.07552764288382517,0.2527539248850724,0.698927709514382
0.07552764288382517,0.2530141382600399,0.6988438164838888
0.07564437803511394,0.2530141382600399,0.6988117609566771
0.07564437803511394,0.25310087605169573,0.69881055369565
0.07566772506537169,0.25310087605169573,0.6988017267443384
0.07566772506537169,0.2532743516350074,0.6987948984882495
0.07569107209562943,0.2532743516350074,0.6987854817322341
0.07569107209562943,0.2533610894266632,0.6987534786522016
0.07578446021666044,0.2533610894266632,0.6986780140989971
0.07578446021666044,0.25344782721831904,0.6986779876310455
0.07580780724691819,0.25344782721831904,0.6986494727443766
0.07580780724691819,0.25353456500997484,0.6986430535094754
0.07592454239820695,0.25353456500997484,0.6985872084507396
0.07592454239820695,0.2537947783849423,0.6985317831799556
0.07599458348898021,0.2537947783849423,0.6984719791323462
0.07599458348898021,0.25396825396825395,0.6984681472673142
0.07606462457975345,0.25396825396825395,0.6984266216811279
0.07606462457975345,0.2541417295515656,0.698377889963566
0.07618135973104222,0.2541417295515656,0.6983399248022106
0.07618135973104222,0.25422846734322146,0.6983372050859468
0.07629809488233097,0.25422846734322146,0.6982371309411972
0.07629809488233097,0.25440194292653306,0.6981952989710363
0.07639148300336197,0.25440194292653306,0.698119409925166
0.07639148300336197,0.2545754185098447,0.6980042363179486
0.07641483003361972,0.2545754185098447,0.6979736142718169
0.07641483003361972,0.25483563188481223,0.6979483342953186
0.07646152409413523,0.25483563188481223,0.6979032097523802
0.07646152409413523,0.2550958452597797,0.6978618522097091
0.07648487112439298,0.2550958452597797,0.6978616608837437
0.07648487112439298,0.2551825830514355,0.6978443801722438
0.07655491221516623,0.2551825830514355,0.6978039679138872
0.07655491221516623,0.25526932084309134,0.6977981210944642
0.07657825924542398,0.25526932084309134,0.6977786968850614
0.07657825924542398,0.25535605863474714,0.6977747181093001
0.07669499439671273,0.25535605863474714,0.6976119418956217
0.07669499439671273,0.255442796426403,0.6976077449697624
0.07674168845722824,0.255442796426403,0.6975815283508717
0.07674168845722824,0.2555295342180588,0.697551315302464
0.07676503548748599,0.2555295342180588,0.6975474750032884
0.07676503548748599,0.25561627200971465,0.6975337381625945
0.0768117295480015,0.25561627200971465,0.6975140026592839
0.0768117295480015,0.25570300980137045,0.6974997363139099
0.0769051176690325,0.25570300980137045,0.6974790348989754
0.0769051176690325,0.2557897475930263,0.6974553254804392
0.076951811729548,0.2557897475930263,0.6974413088655937
0.076951811729548,0.2558764853846821,0.6974295095456762
0.07697515875980575,0.2558764853846821,0.6974021300649829
0.07697515875980575,0.2559632231763379,0.6973721928570457
0.07699850579006351,0.2559632231763379,0.6973625063179565
0.07699850579006351,0.25604996096799376,0.6973569653971404
0.077045199850579,0.25604996096799376,0.697286640887048
0.077045199850579,0.25613669875964956,0.6972788902567318
0.07716193500186776,0.25613669875964956,0.697203946981399
0.07716193500186776,0.2562234365513054,0.6971844128440003
0.07718528203212552,0.2562234365513054,0.6971806154597027
0.07718528203212552,0.2563101743429612,0.6971715196689081
0.07720862906238327,0.2563101743429612,0.6971682549609215
0.07720862906238327,0.25648364992627287,0.697143863880261
0.07725532312289876,0.25648364992627287,0.6970529282765987
0.07725532312289876,0.2565703877179287,0.6970324450217001
0.07730201718341427,0.2565703877179287,0.696976402107194
0.07730201718341427,0.2566571255095845,0.6969631473495599
0.07732536421367202,0.2566571255095845,0.6969530534672317
0.07732536421367202,0.2568306010928962,0.6968845582880525
0.07739540530444527,0.2568306010928962,0.6968572391926686
0.07739540530444527,0.25709081446786364,0.6968192765873837
0.07748879342547628,0.25709081446786364,0.6967747447163044
0.07748879342547628,0.2571775522595195,0.6967506806830521
0.07751214045573403,0.2571775522595195,0.6967448389959148
0.07751214045573403,0.2572642900511753,0.6967273919719078
0.07765222263728054,0.2572642900511753,0.6966355142292133
0.07765222263728054,0.25752450342614275,0.6966017970676983
0.07774561075831155,0.25752450342614275,0.6965539310603293
0.07774561075831155,0.25778471680111026,0.6965179918758916
0.07783899887934255,0.25778471680111026,0.6964278128446644
0.07783899887934255,0.25813166796773357,0.6963838702066715
0.0778623459096003,0.25813166796773357,0.6963837483756332
0.0778623459096003,0.258391881342701,0.6963737625330084
0.0779090399701158,0.258391881342701,0.6963291891033623
0.0779090399701158,0.2584786191343568,0.6963236465464482
0.07800242809114681,0.2584786191343568,0.696312946941445
0.07800242809114681,0.2585653569260127,0.6963108906546707
0.0780491221516623,0.2585653569260127,0.6962638762474538
0.0780491221516623,0.2586520947176685,0.6962575227835344
0.07807246918192005,0.2586520947176685,0.6962426691616529
0.07807246918192005,0.25882557030098013,0.696178312894884
0.07809581621217782,0.25882557030098013,0.6961759396946083
0.07809581621217782,0.25891230809263593,0.6961713143658586
0.07811916324243556,0.25891230809263593,0.6960992691558978
0.07811916324243556,0.2589990458842918,0.6960901355365794
0.07823589839372432,0.2589990458842918,0.6960268168544383
0.07823589839372432,0.2590857836759476,0.6960059756113026
0.07825924542398206,0.2590857836759476,0.6959967330898412
0.07825924542398206,0.25917252146760345,0.6959949709640634
0.07839932760552858,0.25917252146760345,0.6959208851556744
0.07839932760552858,0.25925925925925924,0.6958779190749967
0.07851606275681733,0.25925925925925924,0.6958347395312537
0.07851606275681733,0.2593459970509151,0.6958237293135103
0.07858610384759059,0.2593459970509151,0.6957900522060352
0.07858610384759059,0.2594327348425709,0.6957864592318992
0.0786327979081061,0.2594327348425709,0.6957237208641961
0.0786327979081061,0.25951947263422676,0.6957115943905794
0.07874953305939485,0.25951947263422676,0.6955989573561603
0.07874953305939485,0.25969294821753836,0.6955845825084589
0.07905304445274561,0.25969294821753836,0.6953986208382106
0.07905304445274561,0.2597796860091942,0.6953364773609978
0.07912308554351886,0.2597796860091942,0.6952901983655297
0.07912308554351886,0.26003989938416167,0.6951363291442092
0.07923982069480762,0.26003989938416167,0.6950775669642126
0.07923982069480762,0.2601266371758175,0.6950751291493472
0.07926316772506538,0.2601266371758175,0.6950618125216871
0.07926316772506538,0.2602133749674733,0.6950514181129428
0.07930986178558087,0.2602133749674733,0.6949827221059612
0.07930986178558087,0.2603001127591292,0.6949472524571826
0.07937990287635413,0.2603001127591292,0.6949081223876583
0.07937990287635413,0.2604735883424408,0.6948923132370743
0.07940324990661188,0.2604735883424408,0.6948829601697016
0.07940324990661188,0.26056032613409663,0.694865959523437
0.07947329099738513,0.26056032613409663,0.6948332297783526
0.07947329099738513,0.26064706392575243,0.6948318669378805
0.07968341426970489,0.26064706392575243,0.6947309490657205
0.07968341426970489,0.26090727730071994,0.6946654053564105
0.07970676129996264,0.26090727730071994,0.6946466025892718
0.07970676129996264,0.2610807528840316,0.694619075957039
0.0797301083302204,0.2610807528840316,0.6946125234933903
0.0797301083302204,0.2612542284673432,0.6945592328172634
0.0798234964512514,0.2612542284673432,0.6945156585186307
0.0798234964512514,0.26134096625899905,0.6945153072475443
0.07984684348150915,0.26134096625899905,0.6944899895684731
0.07984684348150915,0.26168791742562236,0.6944147321610162
0.0798701905117669,0.26168791742562236,0.6944124558232914
0.0798701905117669,0.261861393008934,0.6943814684396856
0.08003361972357116,0.261861393008934,0.6942162162769059
0.08003361972357116,0.2620348685922456,0.694148043587971
0.08008031378408667,0.2620348685922456,0.6941211959702809
0.08008031378408667,0.26238181975886893,0.6940666651324141
0.08010366081434442,0.26238181975886893,0.6940590580288115
0.08010366081434442,0.2624685575505248,0.6940503848573968
0.08012700784460217,0.2624685575505248,0.6940183249739147
0.08012700784460217,0.2625552953421806,0.6940066614563662
0.08019704893537542,0.2625552953421806,0.6939426721151165
0.08019704893537542,0.26264203313383644,0.6939397489588456
0.08024374299589092,0.26264203313383644,0.6939176263679241
0.08024374299589092,0.2629022465088039,0.6938984256090489
0.08036047814717968,0.2629022465088039,0.6938635417499193
0.08036047814717968,0.2629889843004597,0.6938350907153199
0.08045386626821069,0.2629889843004597,0.693750321126045
0.08045386626821069,0.26307572209211555,0.6937494988020377
0.08047721329846844,0.26307572209211555,0.6937282224492272
0.08047721329846844,0.26316245988377135,0.6936991863745673
0.08052390735898393,0.26316245988377135,0.6936701355764292
0.08052390735898393,0.263335935467083,0.6936331542287733
0.08057060141949944,0.263335935467083,0.6936178208134276
0.08057060141949944,0.26342267325873886,0.6935937581301667
0.08071068360104594,0.26342267325873886,0.6935533713515563
0.08071068360104594,0.26359614884205046,0.6934397979969866
0.0807340306313037,0.26359614884205046,0.693438483976603
0.0807340306313037,0.2637696244253621,0.693396821027647
0.08075737766156145,0.2637696244253621,0.6933858462440587
0.08075737766156145,0.26385636221701797,0.6933634281111045
0.08080407172207694,0.26385636221701797,0.6933218677503927
0.08080407172207694,0.2641165755919854,0.6932839437235054
0.0808274187523347,0.2641165755919854,0.6932822194262991
0.0808274187523347,0.2642033133836412,0.6932818538255787
0.08089745984310796,0.2642033133836412,0.6932021163767934
0.08089745984310796,0.2642900511752971,0.6931816185301356
0.08092080687336571,0.2642900511752971,0.6931814369628511
0.08092080687336571,0.26455026455026454,0.6931707756343883
0.08099084796413897,0.26455026455026454,0.693096831971663
0.08099084796413897,0.2647237401335762,0.6930497090748844
0.08106088905491221,0.2647237401335762,0.6929990218193889
0.08106088905491221,0.26489721571688785,0.6929180907040876
0.08108423608516997,0.26489721571688785,0.6928851231273736
0.08108423608516997,0.2650706913001995,0.6928591748305615
0.08113093014568547,0.2650706913001995,0.6928452813789999
0.08113093014568547,0.26524416688351116,0.6927542369780394
0.08115427717594322,0.26524416688351116,0.6927514206049401
0.08115427717594322,0.2655043802584786,0.6927030260375289
0.08117762420620098,0.2655043802584786,0.6926962576895319
0.08117762420620098,0.26567785584179027,0.692683852733493
0.08120097123645872,0.26567785584179027,0.6926677954614485
0.08120097123645872,0.26576459363344607,0.6926341656701753
0.08131770638774748,0.26576459363344607,0.6926013740071043
0.08131770638774748,0.2658513314251019,0.6925831157432565
0.08148113559955174,0.2658513314251019,0.6924372902960003
0.08148113559955174,0.26619828259172523,0.6923803905215664
0.08157452372058274,0.26619828259172523,0.6923522160270386
0.08157452372058274,0.2663717581750369,0.6922845623726706
0.08162121778109824,0.2663717581750369,0.6922280776205465
0.08162121778109824,0.2664584959666927,0.692227023751989
0.0816912588718715,0.2664584959666927,0.692182252471984
0.0816912588718715,0.2665452337583485,0.6921542018061309
0.081737952932387,0.2665452337583485,0.6921252555358816
0.081737952932387,0.26671870934166014,0.692121193108466
0.08176129996264475,0.26671870934166014,0.6921090131372378
0.08176129996264475,0.266805447133316,0.6920963969915497
0.08190138214419126,0.266805447133316,0.6919409164865862
0.08190138214419126,0.2668921849249718,0.6919390625736632
0.08197142323496451,0.2668921849249718,0.6919266621782673
0.08197142323496451,0.26697892271662765,0.691909988477446
0.08215819947702652,0.26697892271662765,0.6918381122480111
0.08215819947702652,0.26706566050828345,0.6918348096272644
0.08218154650728428,0.26706566050828345,0.6918312340667652
0.08218154650728428,0.2671523982999393,0.6918211946008368
0.08250840493089279,0.2671523982999393,0.6915746451350342
0.08250840493089279,0.2672391360915951,0.6915536974125915
0.08253175196115055,0.2672391360915951,0.6915365402026259
0.08253175196115055,0.2673258738832509,0.6915140708029663
0.08260179305192379,0.2673258738832509,0.6914980659161196
0.08260179305192379,0.26749934946656256,0.6914857437624508
0.08262514008218155,0.26749934946656256,0.6914664513667613
0.08262514008218155,0.2675860872582184,0.6914616910336838
0.0826484871124393,0.2675860872582184,0.6914315325363665
0.0826484871124393,0.2676728250498742,0.6914012956887523
0.0826951811729548,0.2676728250498742,0.6913395389511674
0.0826951811729548,0.2677595628415301,0.6913366503797331
0.0827885692939858,0.2677595628415301,0.6912843056984328
0.0827885692939858,0.26801977621649753,0.6912493945335592
0.0828819574150168,0.26801977621649753,0.691225601797487
0.0828819574150168,0.26810651400815333,0.6912171572410413
0.08311542771759432,0.26810651400815333,0.6911343276552611
0.08311542771759432,0.2681932517998092,0.6911294993791595
0.08313877474785207,0.2681932517998092,0.6911254614496631
0.08313877474785207,0.26836672738312084,0.691095754553981
0.08320881583862533,0.26836672738312084,0.6910460279874435
0.08320881583862533,0.26845346517477664,0.6910351755253662
0.08323216286888308,0.26845346517477664,0.6910175031815893
0.08323216286888308,0.2685402029664325,0.6909874467731543
0.08327885692939858,0.2685402029664325,0.6909746623170033
0.08327885692939858,0.26871367854974415,0.6909516855469764
0.08334889802017184,0.26871367854974415,0.6908776120725908
0.08334889802017184,0.2689738919247116,0.6908285054715172
0.08341893911094508,0.2689738919247116,0.690747852568951
0.08341893911094508,0.2690606297163674,0.6907458151949288
0.0834656331714606,0.2690606297163674,0.6907293813228372
0.0834656331714606,0.26914736750802326,0.6907090871181907
0.0835590212924916,0.26914736750802326,0.690625662533906
0.0835590212924916,0.2693208430913349,0.6906212316669866
0.08360571535300709,0.2693208430913349,0.6906001175438573
0.08360571535300709,0.2694075808829907,0.6905875020840548
0.08362906238326485,0.2694075808829907,0.690586751137248
0.08362906238326485,0.26958105646630237,0.6905783565638582
0.08367575644378035,0.26958105646630237,0.6905556896615346
0.08367575644378035,0.269754532049614,0.6905230699372196
0.0837457975345536,0.269754532049614,0.6904430564726627
0.0837457975345536,0.2698412698412698,0.6904227210249396
0.08376914456481135,0.2698412698412698,0.69041324526628
0.08376914456481135,0.2699280076329257,0.6904068661866011
0.0837924915950691,0.2699280076329257,0.6904054064142089
0.0837924915950691,0.2700147454245815,0.6903867024529045
0.08381583862532686,0.2700147454245815,0.6903845353294928
0.08381583862532686,0.27010148321623734,0.6903833834278413
0.08383918565558461,0.27010148321623734,0.6903455436791763
0.08383918565558461,0.27018822100789314,0.6903432781008176
0.08390922674635787,0.27018822100789314,0.6903167658632043
0.08390922674635787,0.27027495879954894,0.690296539731056
0.08393257377661562,0.27027495879954894,0.6902935086767654
0.08393257377661562,0.27053517217451645,0.690265481044366
0.08395592080687336,0.27053517217451645,0.690256990709113
0.08395592080687336,0.27062190996617225,0.6902250172773023
0.08400261486738887,0.27062190996617225,0.6901783292953987
0.08400261486738887,0.2707086477578281,0.6901434421348707
0.08407265595816212,0.2707086477578281,0.6900984960664265
0.08407265595816212,0.2711423367161072,0.690053088482748
0.08411935001867762,0.2711423367161072,0.6899959058117646
0.08411935001867762,0.2714892878827305,0.6899059308353693
0.08414269704893537,0.2714892878827305,0.6899044563885663
0.08414269704893537,0.2715760256743863,0.6899040538712173
0.08435282032125514,0.2715760256743863,0.6897251897719363
0.08435282032125514,0.2718362390493538,0.6896850399321433
0.08437616735151289,0.2718362390493538,0.6896831363513131
0.08437616735151289,0.27200971463266543,0.6896738923362977
0.08439951438177064,0.27200971463266543,0.6896721622339861
0.08439951438177064,0.2720964524243213,0.6896684399978854
0.08442286141202839,0.2720964524243213,0.6896517718615925
0.08442286141202839,0.27226992800763294,0.6896336104086507
0.08451624953305939,0.27226992800763294,0.6895652493466513
0.08451624953305939,0.27235666579928874,0.6895646201166008
0.0846563317146059,0.27235666579928874,0.689407523264274
0.0846563317146059,0.2724434035909446,0.6894035155531713
0.08474971983563691,0.2724434035909446,0.6893640819325814
0.08474971983563691,0.2725301413826004,0.6893425486613212
0.08481976092641016,0.2725301413826004,0.6893346485140749
0.08481976092641016,0.2726168791742562,0.6893276882214506
0.08486645498692566,0.2726168791742562,0.6893211500574443
0.08486645498692566,0.27270361696591205,0.6893186128105508
0.08491314904744117,0.27270361696591205,0.6892999527446466
0.08491314904744117,0.27279035475756785,0.6892979834545114
0.08495984310795666,0.27279035475756785,0.6892646345508378
0.08495984310795666,0.27305056813253537,0.6891883454428736
0.08507657825924543,0.27305056813253537,0.6891304220247989
0.08507657825924543,0.273224043715847,0.6890976642882294
0.08509992528950318,0.273224043715847,0.6890875880878607
0.08509992528950318,0.2733107815075028,0.689064764547606
0.08514661935001867,0.2733107815075028,0.6890349471575632
0.08514661935001867,0.2733975192991586,0.6890089345137627
0.08516996638027644,0.2733975192991586,0.6889770944599998
0.08516996638027644,0.2734842570908145,0.6889662226228315
0.08521666044079193,0.2734842570908145,0.688929680225506
0.08521666044079193,0.27365773267412613,0.688921601878318
0.08524000747104968,0.27365773267412613,0.6888906056207325
0.08524000747104968,0.27374447046578193,0.6888864066208545
0.08526335450130744,0.27374447046578193,0.688883651208618
0.08526335450130744,0.27400468384074944,0.6888456411718554
0.08533339559208068,0.27400468384074944,0.6888318593080309
0.08533339559208068,0.27409142163240524,0.6887874032963358
0.08538008965259619,0.27409142163240524,0.688775244228891
0.08538008965259619,0.27417815942406104,0.6887596970043273
0.0856602540156892,0.27417815942406104,0.6885672527414504
0.0856602540156892,0.2742648972157169,0.6885454035607633
0.08568360104594695,0.2742648972157169,0.6885383884868913
0.08568360104594695,0.2743516350073727,0.6885301170989876
0.0857069480762047,0.2743516350073727,0.6885233656143863
0.0857069480762047,0.27443837279902855,0.688512712528345
0.08582368322749347,0.27443837279902855,0.6884698816277548
0.08582368322749347,0.2746118483823402,0.6884458955784233
0.08598711243929773,0.2746118483823402,0.6883596831808074
0.08598711243929773,0.274698586173996,0.6882877419920572
0.08601045946955548,0.274698586173996,0.6882621222815972
0.08601045946955548,0.27478532396565186,0.688235681857221
0.08608050056032873,0.27478532396565186,0.6882134734399478
0.08608050056032873,0.27495879954896346,0.6881429642061514
0.08615054165110198,0.27495879954896346,0.6880548727680285
0.08615054165110198,0.2751322751322751,0.6880380314421436
0.08622058274187523,0.2751322751322751,0.6879905397306574
0.08622058274187523,0.2753057507155868,0.6879477996366532
0.08624392977213298,0.2753057507155868,0.6879392194874788
0.08624392977213298,0.2753924885072426,0.6879117254150966
0.08633731789316398,0.2753924885072426,0.6878061989348156
0.08633731789316398,0.2755659640905542,0.6877616959375028
0.08636066492342175,0.2755659640905542,0.6876477692867382
0.08636066492342175,0.2756527018822101,0.6876406475730208
0.0863840119536795,0.2756527018822101,0.6875455381626865
0.0863840119536795,0.2757394396738659,0.6875195663895333
0.08640735898393724,0.2757394396738659,0.6875069066512791
0.08640735898393724,0.27582617746552174,0.6875030459516116
0.08645405304445275,0.27582617746552174,0.6874694108456577
0.08645405304445275,0.27591291525717754,0.6874685986578175
0.0864774000747105,0.27591291525717754,0.6874674904812219
0.0864774000747105,0.2759996530488334,0.6874505355758129
0.08652409413522599,0.2759996530488334,0.6873997246212015
0.08652409413522599,0.2760863908404892,0.6873988909522435
0.0865707881957415,0.2760863908404892,0.6873543107700927
0.0865707881957415,0.27617312863214505,0.6873387097625733
0.0866641763167725,0.27617312863214505,0.6873046390726005
0.0866641763167725,0.27625986642380085,0.6873017743006266
0.08671087037728802,0.27625986642380085,0.687200677678768
0.08671087037728802,0.27660681759042416,0.6871259117389543
0.08673421740754576,0.27660681759042416,0.6871139030059612
0.08673421740754576,0.2768670309653916,0.6870661779432153
0.08680425849831902,0.2768670309653916,0.6870517525056137
0.08680425849831902,0.27695376875704747,0.6870441895713968
0.08701438177063878,0.27695376875704747,0.6868222710145089
0.08701438177063878,0.27712724434035907,0.6867666690664072
0.08708442286141203,0.27712724434035907,0.686743765827146
0.08708442286141203,0.2772139821320149,0.6867408852923611
0.08710776989166978,0.2772139821320149,0.6867357691555045
0.08710776989166978,0.2774741955069824,0.6867200204516799
0.08722450504295853,0.2774741955069824,0.6866771686859248
0.08722450504295853,0.27764767109029403,0.6866327527669227
0.08745797534553605,0.27764767109029403,0.6864671677979473
0.08745797534553605,0.2777344088819499,0.6864606488845899
0.0874813223757938,0.2777344088819499,0.6864560800920678
0.0874813223757938,0.27808136004857315,0.6863151683828229
0.08759805752708255,0.27808136004857315,0.6862779963426955
0.08759805752708255,0.278168097840229,0.6862708143094096
0.08773813970862906,0.278168097840229,0.6861942863925474
0.08773813970862906,0.2782548356318848,0.6861853252520067
0.08778483376914456,0.2782548356318848,0.6861678450128486
0.08778483376914456,0.2786017867985081,0.6861014015406475
0.08780818079940232,0.2786017867985081,0.6860842792216199
0.08780818079940232,0.2786885245901639,0.6860707940784683
0.08785487485991782,0.2786885245901639,0.6860591067763102
0.08785487485991782,0.2791222135484431,0.6860186244252484
0.08787822189017556,0.2791222135484431,0.6860100770207349
0.08787822189017556,0.27929568913175473,0.6859621714655597
0.08794826298094882,0.27929568913175473,0.6859242816360276
0.08794826298094882,0.27938242692341053,0.6859112604921966
0.08811169219275308,0.27938242692341053,0.6857865837974859
0.08811169219275308,0.27972937809003384,0.685716923892228
0.08815838625326858,0.27972937809003384,0.6856907404356075
0.08815838625326858,0.2799028536733455,0.6856717399901109
0.08820508031378409,0.2799028536733455,0.6856458297460329
0.08820508031378409,0.2799895914650013,0.6856410237841937
0.08829846843481509,0.2799895914650013,0.685619030490402
0.08829846843481509,0.28007632925665715,0.685601273846095
0.08832181546507284,0.28007632925665715,0.6855705848905475
0.08832181546507284,0.2804232804232804,0.6855107440776068
0.0883451624953306,0.2804232804232804,0.6855018295240667
0.0883451624953306,0.28051001821493626,0.685496444955158
0.08836850952558835,0.28051001821493626,0.6854926743445517
0.08836850952558835,0.28059675600659206,0.6854823283072282
0.0884385506163616,0.28059675600659206,0.685443471797164
0.0884385506163616,0.2806834937982479,0.685436672012563
0.08885879716100112,0.2806834937982479,0.6851442606164908
0.08885879716100112,0.2808569693815595,0.6851222947266298
0.08888214419125887,0.2808569693815595,0.6851026707120422
0.08888214419125887,0.28120392054818283,0.6850553390356326
0.08890549122151663,0.28120392054818283,0.6850410632109948
0.08890549122151663,0.2812906583398387,0.6850262241758185
0.08895218528203212,0.2812906583398387,0.684993432460896
0.08895218528203212,0.2813773961314945,0.6849806867164852
0.08897553231228987,0.2813773961314945,0.6849587504842739
0.08897553231228987,0.28146413392315034,0.6849582338968814
0.08899887934254763,0.28146413392315034,0.6849449104718113
0.08899887934254763,0.28155087171480614,0.684932547435932
0.08904557340306313,0.28155087171480614,0.6849102694695228
0.08904557340306313,0.2817243472981178,0.6848931334184225
0.08909226746357864,0.2817243472981178,0.6847865998318344
0.08909226746357864,0.28198456067308525,0.6847746639477414
0.08911561449383638,0.28198456067308525,0.6847657496982109
0.08911561449383638,0.2820712984647411,0.6847618515845653
0.08913896152409413,0.2820712984647411,0.6846790113254626
0.08913896152409413,0.28224477404805276,0.6845654533098837
0.08916230855435188,0.28224477404805276,0.6845466634129864
0.08916230855435188,0.28233151183970856,0.6845370253804834
0.08918565558460964,0.28233151183970856,0.6845275889679874
0.08918565558460964,0.2825049874230202,0.6845034463601241
0.08920900261486739,0.2825049874230202,0.6844689761652667
0.08920900261486739,0.282591725214676,0.6844624490390043
0.08923234964512514,0.282591725214676,0.6844514879449412
0.08923234964512514,0.28267846300633187,0.68442725081911
0.0893023907358984,0.28267846300633187,0.6842859349817414
0.0893023907358984,0.2828519385896435,0.6842328238821621
0.0893490847964139,0.2828519385896435,0.6842168108625603
0.0893490847964139,0.2829386763812993,0.6842061215228662
0.08937243182667165,0.2829386763812993,0.6841922272942891
0.08937243182667165,0.283112151964611,0.6841205334924902
0.0893957788569294,0.283112151964611,0.6840990531888886
0.0893957788569294,0.2831988897562668,0.6840867638825611
0.0894891669779604,0.2831988897562668,0.6840265469400681
0.0894891669779604,0.2834591031312343,0.684006279753415
0.0895825550989914,0.2834591031312343,0.6839064153443565
0.0895825550989914,0.2835458409228901,0.6839025694559414
0.08960590212924915,0.2835458409228901,0.6838812402734897
0.08960590212924915,0.28363257871454595,0.6838745343508661
0.08974598431079567,0.28363257871454595,0.6838384676364857
0.08974598431079567,0.28371931650620175,0.6838322705345447
0.08981602540156892,0.28371931650620175,0.6838148724415543
0.08981602540156892,0.2838060542978576,0.683793271950401
0.08983937243182667,0.2838060542978576,0.6837797602920032
0.08983937243182667,0.2839795298811692,0.6837724883571585
0.08988606649234217,0.2839795298811692,0.6837623080786999
0.08988606649234217,0.28415300546448086,0.683752606635349
0.08993276055285768,0.28415300546448086,0.6837317340920912
0.08993276055285768,0.2842397432561367,0.6837237040612514
0.08995610758311542,0.2842397432561367,0.6837236252654904
0.08995610758311542,0.2843264810477925,0.6837127480278649
0.08997945461337317,0.2843264810477925,0.683708802986448
0.08997945461337317,0.28449995663110417,0.6836775803083435
0.09009618976466194,0.28449995663110417,0.6836166420799871
0.09009618976466194,0.28458669442276,0.6836098682080716
0.09011953679491969,0.28458669442276,0.683603773265906
0.09011953679491969,0.2847601700060716,0.6835928286049805
0.09014288382517743,0.2847601700060716,0.6835766530636367
0.09014288382517743,0.2849336455893833,0.6835515483737039
0.0901662308554352,0.2849336455893833,0.6834942877594194
0.0901662308554352,0.28510712117269493,0.683471509320837
0.0903063130369817,0.28510712117269493,0.6833765911400079
0.0903063130369817,0.2851938589643508,0.6833550299641077
0.0903530070974972,0.2851938589643508,0.6833280089471474
0.0903530070974972,0.2852805967560066,0.6833034223848452
0.09037635412775495,0.2852805967560066,0.6832991069030397
0.09037635412775495,0.28536733454766244,0.683268487868518
0.09044639521852821,0.28536733454766244,0.683216747503303
0.09044639521852821,0.28545407233931824,0.6831995667616337
0.09053978333955921,0.28545407233931824,0.6831648394639965
0.09053978333955921,0.2856275479226299,0.6831145253961384
0.09058647740007471,0.2856275479226299,0.6830868803513614
0.09058647740007471,0.28588776129759735,0.6830292211974845
0.09070321255136346,0.28588776129759735,0.6829691972993039
0.09070321255136346,0.286061236880909,0.6829428025145587
0.09086664176316772,0.286061236880909,0.682883315232603
0.09086664176316772,0.2861479746725648,0.6828360202200924
0.09088998879342548,0.2861479746725648,0.6828245989394591
0.09088998879342548,0.28632145025587646,0.6827950389027522
0.09096002988419873,0.28632145025587646,0.6827753517154027
0.09096002988419873,0.2864081880475323,0.6827537327793854
0.09098337691445649,0.2864081880475323,0.6827399419213263
0.09098337691445649,0.2864949258391881,0.6827377681537239
0.09107676503548749,0.2864949258391881,0.6826749126278224
0.09107676503548749,0.286581663630844,0.6826677789152256
0.09112345909600299,0.286581663630844,0.6826572829806874
0.09112345909600299,0.2866684014224998,0.6826501629400366
0.09114680612626073,0.2866684014224998,0.6826452747820191
0.09114680612626073,0.28692861479746723,0.6826123595281803
0.09119350018677624,0.28692861479746723,0.6826107136517683
0.09119350018677624,0.2870153525891231,0.6825701691437965
0.09121684721703399,0.2870153525891231,0.6825618421446802
0.09121684721703399,0.28718882817243474,0.6825422658371789
0.09128688830780725,0.28718882817243474,0.6825373450452313
0.09128688830780725,0.2874490415474022,0.6825089956993176
0.09154370564064251,0.2874490415474022,0.6823409202367088
0.09154370564064251,0.28753577933905805,0.6823264876352622
0.09159039970115801,0.28753577933905805,0.6822991427065253
0.09159039970115801,0.28770925492236965,0.6822742092595343
0.09166044079193127,0.28770925492236965,0.6822378123558255
0.09166044079193127,0.2878827305056813,0.6821470008792642
0.09170713485244678,0.2878827305056813,0.6821119789451907
0.09170713485244678,0.28796946829733716,0.6820886125162311
0.09177717594322002,0.28796946829733716,0.6819826726175038
0.09177717594322002,0.2882296816723046,0.6819651359585208
0.09180052297347778,0.2882296816723046,0.6819553326569818
0.09180052297347778,0.28831641946396047,0.6819537442491577
0.09184721703399328,0.28831641946396047,0.6819342400276031
0.09184721703399328,0.28848989504727207,0.6818963637308688
0.09194060515502428,0.28848989504727207,0.6818464034103549
0.09194060515502428,0.2885766328389279,0.6818408449869152
0.09201064624579754,0.2885766328389279,0.6818259159647098
0.09201064624579754,0.2887501084222396,0.6817811338927436
0.09229081060889055,0.2887501084222396,0.6816324170306717
0.09229081060889055,0.28892358400555124,0.6816291789511406
0.0923608516996638,0.28892358400555124,0.6815946087923395
0.0923608516996638,0.28901032179720704,0.681593384365472
0.09238419872992155,0.28901032179720704,0.6815688241993054
0.09238419872992155,0.2890970595888629,0.6815660066702769
0.09243089279043705,0.2890970595888629,0.6815306842121156
0.09243089279043705,0.2891837973805187,0.6815218647977721
0.09254762794172582,0.2891837973805187,0.6814745604199071
0.09254762794172582,0.2892705351721745,0.6814680814898146
0.09257097497198356,0.2892705351721745,0.6814441356013974
0.09257097497198356,0.28944401075548615,0.681418007241539
0.09261766903249907,0.28944401075548615,0.6813952170588649
0.09261766903249907,0.2896174863387978,0.6813782197755748
0.09271105715353008,0.2896174863387978,0.6813368516024185
0.09271105715353008,0.28970422413045366,0.6813306511029871
0.09280444527456108,0.28970422413045366,0.6812158060363416
0.09280444527456108,0.2898776997137653,0.6812091707561936
0.09285113933507658,0.2898776997137653,0.6811601785444946
0.09285113933507658,0.2900511752970769,0.681148658658957
0.09301456854688084,0.2900511752970769,0.68103316265791
0.09301456854688084,0.29013791308873277,0.6809575338968494
0.09310795666791184,0.29013791308873277,0.6809326165349081
0.09310795666791184,0.29022465088038857,0.6809314373000936
0.0931779977586851,0.29022465088038857,0.6808336370281243
0.0931779977586851,0.2903113886720444,0.6808214074136401
0.09320134478894285,0.2903113886720444,0.6808060108874063
0.09320134478894285,0.2903981264637002,0.6807962253114763
0.0932246918192006,0.2903981264637002,0.6807901845130139
0.0932246918192006,0.2904848642553561,0.6807862535447091
0.09329473290997385,0.2904848642553561,0.6807351127443537
0.09329473290997385,0.29065833983866773,0.6806460526839411
0.0933180799402316,0.29065833983866773,0.6806312596228796
0.0933180799402316,0.29074507763032353,0.6806297861215267
0.09334142697048936,0.29074507763032353,0.6806262595121104
0.09334142697048936,0.29083181542197933,0.6806111837880199
0.09357489727306686,0.29083181542197933,0.6804420008746472
0.09357489727306686,0.29109202879694684,0.6804161340785891
0.09359824430332461,0.29109202879694684,0.6804065636274259
0.09359824430332461,0.29117876658860264,0.680405864330369
0.09362159133358237,0.29117876658860264,0.6804024441135634
0.09362159133358237,0.2912655043802585,0.6803945750759788
0.09371497945461338,0.2912655043802585,0.6803568025125546
0.09371497945461338,0.2913522421719143,0.6803520357107766
0.09380836757564438,0.2913522421719143,0.6803168262320396
0.09380836757564438,0.29152571775522595,0.680295754536034
0.09387840866641763,0.29152571775522595,0.6802590667143863
0.09387840866641763,0.2916991933385376,0.680228081904978
0.09392510272693314,0.2916991933385376,0.6802135793110976
0.09392510272693314,0.2920461445051609,0.6801125767638823
0.09394844975719088,0.2920461445051609,0.6801019232324415
0.09394844975719088,0.2921328822968167,0.6800943360070948
0.09397179678744863,0.2921328822968167,0.6800797594944399
0.09397179678744863,0.2922196200884725,0.6800687003609642
0.09401849084796414,0.2922196200884725,0.6800588979845896
0.09401849084796414,0.2923063578801284,0.6800498804344548
0.09411187896899514,0.2923063578801284,0.6799865374759784
0.09411187896899514,0.2923930956717842,0.6799678577075741
0.09415857302951064,0.2923930956717842,0.6799117222394895
0.09415857302951064,0.29256657125509583,0.6797888628297603
0.0941819200597684,0.29256657125509583,0.6797883617566549
0.0941819200597684,0.2927400468384075,0.679762652982439
0.0942286141202839,0.2927400468384075,0.6797248760399747
0.0942286141202839,0.29291352242171914,0.6796876606118076
0.09425196115054166,0.29291352242171914,0.6796819174006725
0.09425196115054166,0.29300026021337494,0.6796772897518873
0.0944153903623459,0.29300026021337494,0.6795535696208304
0.0944153903623459,0.2930869980050308,0.6795126566439458
0.09443873739260367,0.2930869980050308,0.6795109353567963
0.09443873739260367,0.2931737357966866,0.6795074732598948
0.09448543145311916,0.2931737357966866,0.6794935607159535
0.09448543145311916,0.2934339491716541,0.6794450080750699
0.09453212551363467,0.2934339491716541,0.6794351146872429
0.09453212551363467,0.2935206869633099,0.6794262677126792
0.09457881957415017,0.2935206869633099,0.6793977420846499
0.09457881957415017,0.29360742475496576,0.6793393010272977
0.09462551363466568,0.29360742475496576,0.6793118136451544
0.09462551363466568,0.2938676381299332,0.6792528598447088
0.09471890175569668,0.2938676381299332,0.6792099480753864
0.09471890175569668,0.2941278515049007,0.6791529153192004
0.09478894284646992,0.2941278515049007,0.6791311524941385
0.09478894284646992,0.29421458929655653,0.679107230653218
0.09483563690698543,0.29421458929655653,0.6790903384240127
0.09483563690698543,0.29430132708821233,0.67908382721311
0.09485898393724318,0.29430132708821233,0.6790682289350083
0.09485898393724318,0.2943880648798682,0.6790666984276572
0.09488233096750093,0.2943880648798682,0.6790500403383712
0.09488233096750093,0.2945615404631798,0.6790028594788398
0.09490567799775869,0.2945615404631798,0.6790027918048149
0.09490567799775869,0.29473501604649144,0.6789311171234427
0.09495237205827418,0.29473501604649144,0.6789158819606345
0.09495237205827418,0.2948217538381473,0.678900726804682
0.09502241314904744,0.2948217538381473,0.6788863822685043
0.09502241314904744,0.29499522942145895,0.6788240589036638
0.09506910720956295,0.29499522942145895,0.6788089274528417
0.09506910720956295,0.2951687050047706,0.6787287804424712
0.09511580127007845,0.2951687050047706,0.6786849302270843
0.09511580127007845,0.29542891837973806,0.6786108316734498
0.09520918939110945,0.29542891837973806,0.6785450357921137
0.09520918939110945,0.29551565617139386,0.6785151744942605
0.09525588345162496,0.29551565617139386,0.6785063136668663
0.09525588345162496,0.29577586954636137,0.6784165990088924
0.0952792304818827,0.29577586954636137,0.6783894861570783
0.0952792304818827,0.295949345129673,0.6783780125247958
0.09530257751214045,0.295949345129673,0.6783779531717785
0.09530257751214045,0.2960360829213288,0.67837582157059
0.0953259245423982,0.2960360829213288,0.6783553986891977
0.0953259245423982,0.2961228207129846,0.678352157391751
0.09537261860291371,0.2961228207129846,0.6783441107014114
0.09537261860291371,0.2962095585046405,0.6783376176236694
0.0954193126634292,0.2962095585046405,0.6783248769205015
0.0954193126634292,0.2962962962962963,0.6782948770487673
0.09546600672394472,0.2962962962962963,0.6782786419102436
0.09546600672394472,0.29638303408795214,0.6782457819685341
0.09560608890549122,0.29638303408795214,0.678132894137106
0.09560608890549122,0.29646977187960794,0.6781191844566039
0.09567612999626447,0.29646977187960794,0.6780183704019571
0.09567612999626447,0.2965565096712638,0.6779964339856484
0.09572282405677998,0.2965565096712638,0.6779862424133918
0.09572282405677998,0.2966432474629196,0.6779802800908266
0.09581621217781099,0.2966432474629196,0.6779517784112052
0.09581621217781099,0.29672998525457545,0.6779482951341576
0.09583955920806873,0.29672998525457545,0.6779136940005273
0.09583955920806873,0.29681672304623125,0.6779011199899719
0.09586290623832648,0.29681672304623125,0.6778671093796527
0.09586290623832648,0.2969901986295429,0.6778626423343929
0.09590960029884199,0.2969901986295429,0.6778521891449463
0.09590960029884199,0.2970769364211987,0.6778382232999429
0.09595629435935749,0.2970769364211987,0.6778155962748484
0.09595629435935749,0.29725041200451036,0.6778078473705975
0.096002988419873,0.29725041200451036,0.6777887322411116
0.096002988419873,0.2973371497961662,0.6777875598960919
0.09602633545013074,0.2973371497961662,0.6777859018173391
0.09602633545013074,0.29768410096278947,0.6777545739115454
0.0961430706014195,0.29768410096278947,0.6776036433751788
0.0961430706014195,0.2977708387544453,0.6776008614741418
0.09616641763167726,0.2977708387544453,0.6775815602358146
0.09616641763167726,0.2978575765461011,0.6775340529278816
0.09621311169219275,0.2978575765461011,0.6775291533668781
0.09621311169219275,0.29820452771272443,0.677488384312524
0.09628315278296601,0.29820452771272443,0.6773978043110633
0.09628315278296601,0.2984647410876919,0.6773385250114552
0.09642323496451251,0.2984647410876919,0.6772413636343296
0.09642323496451251,0.29855147887934774,0.6772163692418187
0.09651662308554351,0.29855147887934774,0.677125555486007
0.09651662308554351,0.29863821667100354,0.6771003271613625
0.09661001120657452,0.29863821667100354,0.677010690725397
0.09661001120657452,0.2987249544626594,0.677002164609406
0.09668005229734777,0.2987249544626594,0.6769379637450748
0.09668005229734777,0.29889843004597105,0.6769245863355836
0.09672674635786328,0.29889843004597105,0.6768792382156366
0.09672674635786328,0.29898516783762685,0.6768446353853783
0.09675009338812103,0.29898516783762685,0.6767443914313996
0.09675009338812103,0.29907190562928265,0.676675112832452
0.09682013447889429,0.29907190562928265,0.6766100936189934
0.09682013447889429,0.2991586434209385,0.6765971758989895
0.09684348150915204,0.2991586434209385,0.6765939050314882
0.09684348150915204,0.29933211900425016,0.676583081114501
0.09691352259992529,0.29933211900425016,0.6765698552477712
0.09691352259992529,0.2995055945875618,0.6765325155057582
0.09693686963018304,0.2995055945875618,0.6765273922660815
0.09693686963018304,0.2995923323792176,0.6765085149823808
0.09705360478147179,0.2995923323792176,0.6764595939195153
0.09705360478147179,0.2996790701708735,0.6764054628478595
0.09707695181172955,0.2996790701708735,0.6763957604989466
0.09707695181172955,0.2997658079625293,0.676394582110911
0.09717033993276056,0.2997658079625293,0.676343981920039
0.09717033993276056,0.2998525457541851,0.6763398900368321
0.0971936869630183,0.2998525457541851,0.6762878444580285
0.0971936869630183,0.30002602133749673,0.6762744295514159
0.0972403810235338,0.30002602133749673,0.6762427386724736
0.0972403810235338,0.3004597102957759,0.6761857939104972
0.09738046320508031,0.3004597102957759,0.6761307363694196
0.09738046320508031,0.3005464480874317,0.6761181568987236
0.09742715726559581,0.3005464480874317,0.6761088325652831
0.09742715726559581,0.30071992367074335,0.6760772643679807
0.09747385132611132,0.30071992367074335,0.6760416278320018
0.09747385132611132,0.30080666146239915,0.6760293335300825
0.09749719835636907,0.30080666146239915,0.6760153210054853
0.09749719835636907,0.30115361262902246,0.6759651570265368
0.09752054538662683,0.30115361262902246,0.6759555858273951
0.09752054538662683,0.3013270882123341,0.675945712804397
0.09754389241688458,0.3013270882123341,0.6759417575828226
0.09754389241688458,0.3014138260039899,0.6759344612554148
0.09761393350765783,0.3014138260039899,0.6758637142779902
0.09761393350765783,0.30158730158730157,0.6758522916912859
0.09766062756817333,0.30158730158730157,0.6758166835243196
0.09766062756817333,0.3016740393789574,0.6758117664853625
0.09775401568920433,0.3016740393789574,0.6757851089360707
0.09775401568920433,0.3017607771706132,0.6757603594225132
0.09777736271946208,0.3017607771706132,0.675750393107245
0.09777736271946208,0.3018475149622691,0.6757278685477671
0.09796413896152409,0.3018475149622691,0.6756012351513934
0.09796413896152409,0.3019342527539249,0.6755941064325912
0.09826765035487486,0.3019342527539249,0.6753726555291254
0.09826765035487486,0.30202099054558074,0.6753687453059711
0.09838438550616362,0.30202099054558074,0.6753293280675634
0.09838438550616362,0.30210772833723654,0.6753238886017782
0.09843107956667912,0.30210772833723654,0.6753000245950619
0.09843107956667912,0.30219446612889234,0.6752480488369064
0.09854781471796788,0.30219446612889234,0.6751718169564438
0.09854781471796788,0.30245467950385985,0.6751633601035931
0.09859450877848337,0.30245467950385985,0.6751481412170914
0.09859450877848337,0.3027148928788273,0.6750370028993775
0.09861785580874113,0.3027148928788273,0.6750281833842733
0.09861785580874113,0.3028016306704831,0.6750151750848178
0.09866454986925663,0.3028016306704831,0.6749547176625115
0.09866454986925663,0.30288836846213896,0.6749513576547942
0.09880463205080314,0.30288836846213896,0.6748740815226446
0.09880463205080314,0.30297510625379476,0.6748693466658471
0.09885132611131864,0.30297510625379476,0.6748470616293408
0.09885132611131864,0.3034087952120739,0.6747958103586401
0.09894471423234964,0.3034087952120739,0.6747550133978715
0.09894471423234964,0.3034955330037297,0.674752156149806
0.09903810235338065,0.3034955330037297,0.674685130581419
0.09903810235338065,0.3035822707953855,0.6746795239183905
0.0990614493836384,0.3035822707953855,0.6746477358877805
0.0990614493836384,0.3036690085870414,0.6746333289544343
0.09908479641389616,0.3036690085870414,0.6746265092525249
0.09908479641389616,0.3037557463786972,0.6746264631611378
0.09913149047441165,0.3037557463786972,0.6746156432504686
0.09913149047441165,0.30384248417035303,0.674601069096007
0.09917818453492716,0.30384248417035303,0.6745652104028765
0.09917818453492716,0.30392922196200883,0.6745615784592534
0.09920153156518491,0.30392922196200883,0.674558813649512
0.09920153156518491,0.3041026975453205,0.6744995267413306
0.09922487859544266,0.3041026975453205,0.67449202365095
0.09922487859544266,0.30418943533697634,0.6744752148210141
0.09936496077698917,0.30418943533697634,0.6743518951468668
0.09936496077698917,0.30436291092028794,0.6743406885007548
0.09945834889802017,0.30436291092028794,0.674262605314301
0.09945834889802017,0.3044496487119438,0.6742527618531822
0.09957508404930893,0.3044496487119438,0.674132114506186
0.09957508404930893,0.30470986208691125,0.6740689331146525
0.09959843107956667,0.30470986208691125,0.6740371826434033
0.09959843107956667,0.3047965998785671,0.6740229741858796
0.09964512514008218,0.3047965998785671,0.6740126903375103
0.09964512514008218,0.30497007546187876,0.6739908260027214
0.09978520732162868,0.30497007546187876,0.6739232479458532
0.09978520732162868,0.30514355104519036,0.673895978485828
0.09985524841240194,0.30514355104519036,0.6738706326139303
0.09985524841240194,0.3052302888368462,0.6738587997209771
0.09987859544265969,0.3052302888368462,0.6738512089324669
0.09987859544265969,0.305317026628502,0.6738303213712941
0.1000186776242062,0.305317026628502,0.6737450863783143
0.1000186776242062,0.3054037644201579,0.6737437625331981
0.10022880089652596,0.3054037644201579,0.6736657245625497
0.10022880089652596,0.30557724000346953,0.6736611505711766
0.10027549495704147,0.30557724000346953,0.6736423993701823
0.10027549495704147,0.3057507155867812,0.6735910502771194
0.10034553604781472,0.3057507155867812,0.6735485298413496
0.10034553604781472,0.30601092896174864,0.673519732790901
0.10043892416884573,0.30601092896174864,0.6734335325478631
0.10043892416884573,0.30609766675340444,0.6734229438161461
0.10046227119910348,0.30609766675340444,0.6733941939605286
0.10046227119910348,0.3061844045450603,0.6733499955304221
0.10048561822936122,0.3061844045450603,0.673310185302472
0.10048561822936122,0.30635788012837195,0.6733044708181073
0.10053231228987673,0.30635788012837195,0.6732806449113407
0.10053231228987673,0.30644461792002775,0.673254760940061
0.10055565932013448,0.30644461792002775,0.673247941073589
0.10055565932013448,0.3065313557116836,0.6732393480311063
0.10064904744116548,0.3065313557116836,0.6731782500559598
0.10064904744116548,0.3066180935033394,0.6731487861070413
0.10069574150168098,0.3066180935033394,0.6731423709278077
0.10069574150168098,0.30687830687830686,0.673100976654862
0.10071908853193874,0.30687830687830686,0.6730823000592383
0.10071908853193874,0.3069650446699627,0.673075923462978
0.10074243556219649,0.3069650446699627,0.6730747031946285
0.10074243556219649,0.3070517824616185,0.6730739094013716
0.10078912962271198,0.3070517824616185,0.673063819621954
0.10078912962271198,0.30722525804493017,0.6730165691222304
0.10081247665296975,0.30722525804493017,0.6730129963682608
0.10081247665296975,0.307311995836586,0.6730027121775639
0.10085917071348524,0.307311995836586,0.672997746335023
0.10085917071348524,0.3073987336282418,0.6729748031566058
0.100882517743743,0.3073987336282418,0.6729662213539487
0.100882517743743,0.3076589470032093,0.6729167673479941
0.10095255883451625,0.3076589470032093,0.672860483521246
0.10095255883451625,0.3079191603781768,0.672835747987294
0.10097590586477401,0.3079191603781768,0.6727880515103193
0.10097590586477401,0.3080058981698326,0.6727629813704323
0.10109264101606276,0.3080058981698326,0.672693805186413
0.10109264101606276,0.30809263596148845,0.672678488193291
0.10116268210683602,0.30809263596148845,0.6726070238150372
0.10116268210683602,0.30826611154480005,0.6726012257258978
0.10123272319760926,0.30826611154480005,0.6725506434823372
0.10123272319760926,0.3083528493364559,0.6725340904212255
0.10130276428838252,0.3083528493364559,0.6725066965724976
0.10130276428838252,0.3084395871281117,0.6725059036524913
0.10132611131864026,0.3084395871281117,0.6724828973523422
0.10132611131864026,0.30861306271142336,0.672472842988712
0.10141949943967127,0.30861306271142336,0.6723962165722026
0.10141949943967127,0.3086998005030792,0.6723636471746024
0.10153623459096003,0.3086998005030792,0.6722930866384532
0.10153623459096003,0.308786538294735,0.6722918011268759
0.10158292865147553,0.308786538294735,0.6722659322753053
0.10158292865147553,0.30896001387804667,0.6721802709297694
0.10160627568173328,0.30896001387804667,0.6721267655552822
0.10160627568173328,0.30904675166970247,0.6721154827586158
0.10162962271199104,0.30904675166970247,0.6721094080459877
0.10162962271199104,0.3092202272530141,0.6720737769593499
0.10165296974224879,0.3092202272530141,0.6720576446407993
0.10165296974224879,0.30930696504467,0.672052553843739
0.10167631677250653,0.30930696504467,0.6720436404545698
0.10167631677250653,0.3093937028363258,0.6720385527067154
0.1016996638027643,0.3093937028363258,0.6720319314072825
0.1016996638027643,0.30965391621129323,0.6720158882442522
0.10174635786327979,0.30965391621129323,0.6719809700598073
0.10174635786327979,0.3098273917946049,0.6719421556858882
0.1018864400448263,0.3098273917946049,0.6718694732312408
0.1018864400448263,0.30991412958626074,0.6718568817249787
0.10190978707508405,0.30991412958626074,0.6718369459895792
0.10190978707508405,0.31000086737791654,0.6718173530387137
0.1019331341053418,0.31000086737791654,0.6718052458878243
0.1019331341053418,0.3101743429612282,0.6717905920488403
0.10195648113559955,0.3101743429612282,0.6717846555231491
0.10195648113559955,0.31043455633619566,0.6717616069792958
0.10200317519611506,0.31043455633619566,0.671742397816393
0.10200317519611506,0.3105212941278515,0.6717384949031653
0.10204986925663055,0.3105212941278515,0.6717258015346509
0.10204986925663055,0.31069476971116317,0.6717016735854587
0.10207321628688831,0.31069476971116317,0.6716888797495146
0.10207321628688831,0.31078150750281897,0.6716613304277224
0.10209656331714606,0.31078150750281897,0.6716356631636065
0.10209656331714606,0.3109549830861306,0.6716126762275437
0.10211991034740381,0.3109549830861306,0.6715848265415062
0.10211991034740381,0.3110417208777865,0.671577904645329
0.10235338064998133,0.3110417208777865,0.6713948626158892
0.10235338064998133,0.3111284586694423,0.6713857037256119
0.10237672768023907,0.3111284586694423,0.6713824774854026
0.10237672768023907,0.3114754098360656,0.6713260994469393
0.10242342174075457,0.3114754098360656,0.6713135024701344
0.10242342174075457,0.3115621476277214,0.6713128686239678
0.10251680986178559,0.3115621476277214,0.6712542537286547
0.10251680986178559,0.31164888541937724,0.6712323373671305
0.1027035861038476,0.31164888541937724,0.6710742656507063
0.1027035861038476,0.31173562321103304,0.6710740126519594
0.1029370564064251,0.31173562321103304,0.6709374402329654
0.1029370564064251,0.3118223610026889,0.6709373238231324
0.10296040343668285,0.3118223610026889,0.6709271557998001
0.10296040343668285,0.3119090987943447,0.6709018167393757
0.10300709749719836,0.3119090987943447,0.6708655787602937
0.10300709749719836,0.31208257437765635,0.6708436575407796
0.1030304445274561,0.31208257437765635,0.6708396780824266
0.1030304445274561,0.312256049960968,0.6707889092023108
0.10319387373926037,0.312256049960968,0.6707054857729777
0.10319387373926037,0.3123427877526238,0.6706752027286407
0.10326391483003362,0.3123427877526238,0.6706233034691178
0.10326391483003362,0.31242952554427966,0.6706153667996919
0.10333395592080688,0.31242952554427966,0.6705543158840228
0.10333395592080688,0.31251626333593546,0.6704681068226832
0.10335730295106463,0.31251626333593546,0.6704598254246881
0.10335730295106463,0.3126897389192471,0.6704162922715617
0.10340399701158012,0.3126897389192471,0.6703912192977877
0.10340399701158012,0.3127764767109029,0.670376188224121
0.10345069107209563,0.3127764767109029,0.6703019576518903
0.10345069107209563,0.3128632145025588,0.6702933996228309
0.1036141202838999,0.3128632145025588,0.6701998905983171
0.1036141202838999,0.3129499522942146,0.6701988471734758
0.10373085543518865,0.3129499522942146,0.6701702151418922
0.10373085543518865,0.31303669008587043,0.67016964843549
0.1038008965259619,0.31303669008587043,0.6701334481860337
0.1038008965259619,0.31312342787752623,0.6701271287470923
0.10382424355621965,0.31312342787752623,0.6701041273376545
0.10382424355621965,0.3132101656691821,0.6700959089403133
0.10396432573776615,0.3132101656691821,0.6699089867537029
0.10396432573776615,0.3132969034608379,0.6698513971827953
0.1040343668285394,0.3132969034608379,0.6697523345320966
0.1040343668285394,0.31347037904414954,0.6696988928240993
0.10405771385879715,0.31347037904414954,0.6696873211514148
0.10405771385879715,0.3136438546274612,0.6696790377674264
0.10408106088905492,0.3136438546274612,0.6696457387161447
0.10408106088905492,0.313730592419117,0.6696455339049434
0.10410440791931266,0.313730592419117,0.6696401583376738
0.10410440791931266,0.31381733021077285,0.669635492627328
0.10417444901008592,0.31381733021077285,0.6695632383810552
0.10417444901008592,0.3139908057940845,0.6695488110796789
0.10424449010085918,0.3139908057940845,0.6694909208670937
0.10424449010085918,0.3140775435857403,0.6694859886633433
0.10429118416137467,0.3140775435857403,0.6694725944160947
0.10429118416137467,0.3141642813773961,0.6694500771727112
0.10431453119163242,0.3141642813773961,0.6694353363736067
0.10431453119163242,0.31425101916905196,0.6694348257965689
0.10452465446395219,0.31425101916905196,0.6693263012935895
0.10452465446395219,0.31433775696070776,0.6693198132353719
0.10454800149420994,0.31433775696070776,0.6693197161972961
0.10454800149420994,0.3144244947523636,0.6693058302461581
0.10457134852446769,0.3144244947523636,0.6692993421773547
0.10457134852446769,0.31459797033567527,0.6692684693995232
0.1046180425849832,0.31459797033567527,0.6692626214074627
0.1046180425849832,0.31468470812733107,0.6692592138837651
0.10464138961524094,0.31468470812733107,0.6692569797439951
0.10464138961524094,0.3147714459189869,0.6692268498716613
0.1047114307060142,0.3147714459189869,0.669190005444227
0.1047114307060142,0.3149449215022985,0.669129404305401
0.10473477773627195,0.3149449215022985,0.6691040250820885
0.10473477773627195,0.3150316592939544,0.6690965874333201
0.1048048188270452,0.3150316592939544,0.6690554984794539
0.1048048188270452,0.3151183970856102,0.6690496680169836
0.10482816585730295,0.3151183970856102,0.669044184480212
0.10482816585730295,0.31520513487726604,0.669037871613095
0.10503828912962271,0.31520513487726604,0.6689787269956506
0.10503828912962271,0.31529187266892184,0.6689405636923331
0.10517837131116922,0.31529187266892184,0.6688039202301463
0.10517837131116922,0.3153786104605777,0.6687730558928027
0.10520171834142697,0.3153786104605777,0.6687695087918517
0.10520171834142697,0.3154653482522335,0.668723142511491
0.10524841240194248,0.3154653482522335,0.6686887929243448
0.10524841240194248,0.31555208604388935,0.6686870568645396
0.10527175943220023,0.31555208604388935,0.6686486102723512
0.10527175943220023,0.31563882383554515,0.6686329668250561
0.10531845349271572,0.31563882383554515,0.6686030666082619
0.10531845349271572,0.31572556162720095,0.6686030183465408
0.10545853567426224,0.31572556162720095,0.6684976564459524
0.10545853567426224,0.3158122994188568,0.6684948048645829
0.10552857676503549,0.3158122994188568,0.6684840862946089
0.10552857676503549,0.3158990372105126,0.6684775210903143
0.10557527082555099,0.3158990372105126,0.6684388698321133
0.10557527082555099,0.31607251279382426,0.6683834561472461
0.1057153530070975,0.31607251279382426,0.6682981383417479
0.1057153530070975,0.31633272616879177,0.6682786158002731
0.10578539409787074,0.31633272616879177,0.6682088048104704
0.10578539409787074,0.31650620175210337,0.6681953867153239
0.10592547627941726,0.31650620175210337,0.6681470693973567
0.10592547627941726,0.3165929395437592,0.6681273984152579
0.105948823309675,0.3165929395437592,0.668114779822839
0.105948823309675,0.3167664151270709,0.6680360898969551
0.10611225252147927,0.3167664151270709,0.667946395629501
0.10611225252147927,0.3171133662936942,0.6678928741361609
0.10613559955173701,0.3171133662936942,0.6678799443386606
0.10613559955173701,0.3172868418770058,0.6678486383671061
0.10615894658199478,0.3172868418770058,0.6678443768235633
0.10615894658199478,0.31737357966866164,0.6678369088360934
0.10622898767276802,0.31737357966866164,0.667791658890128
0.10622898767276802,0.31746031746031744,0.6677863336260366
0.10632237579379902,0.31746031746031744,0.6677271104188988
0.10632237579379902,0.3176337930436291,0.6676159615494215
0.10634572282405678,0.3176337930436291,0.667609074639375
0.10634572282405678,0.31772053083528495,0.6676001313833055
0.10639241688457228,0.31772053083528495,0.6675715874455852
0.10639241688457228,0.31780726862694075,0.6675702945061941
0.10648580500560328,0.31780726862694075,0.6675418474651811
0.10648580500560328,0.3178940064185966,0.6675354709041728
0.10650915203586103,0.3178940064185966,0.6675126230204538
0.10650915203586103,0.3179807442102524,0.6674715285989015
0.1065324990661188,0.3179807442102524,0.667466158264679
0.1065324990661188,0.3180674820019082,0.667460694749222
0.10655584609637654,0.3180674820019082,0.6674554106335437
0.10655584609637654,0.31815421979356406,0.6674494734999945
0.10669592827792306,0.31815421979356406,0.6673338483970679
0.10669592827792306,0.3183276953768757,0.6673084295722063
0.1067192753081808,0.3183276953768757,0.6672870658847775
0.1067192753081808,0.3184144331685315,0.6672784666865574
0.10678931639895406,0.3184144331685315,0.6672022810612305
0.10678931639895406,0.3185011709601874,0.6671916110565274
0.10692939858050056,0.3185011709601874,0.6671609261324607
0.10692939858050056,0.3185879087518432,0.6671527897793541
0.10697609264101607,0.3185879087518432,0.6671384922359085
0.10697609264101607,0.31867464654349903,0.6671333296823418
0.10702278670153156,0.31867464654349903,0.6670839767629984
0.10702278670153156,0.31884812212681063,0.6670788584305474
0.10709282779230482,0.31884812212681063,0.6670470239286711
0.10709282779230482,0.31910833550177814,0.666999828395942
0.10711617482256257,0.31910833550177814,0.6669997764325573
0.10711617482256257,0.31919507329343394,0.6669701126207247
0.10713952185282032,0.31919507329343394,0.6669640225187611
0.10713952185282032,0.3192818110850898,0.6669359742635701
0.10716286888307808,0.3192818110850898,0.6669053435580441
0.10716286888307808,0.3193685488767456,0.6669014893677117
0.10718621591333582,0.3193685488767456,0.6668966979492991
0.10718621591333582,0.3194552866684014,0.66689471052654
0.10720956294359357,0.3194552866684014,0.6668785899012131
0.10720956294359357,0.31954202446005725,0.6668784300430631
0.10723290997385132,0.31954202446005725,0.6668683675100144
0.10723290997385132,0.31962876225171305,0.6668680966651899
0.10732629809488232,0.31962876225171305,0.6668338387838664
0.10732629809488232,0.31988897562668056,0.6668115005998452
0.10741968621591333,0.31988897562668056,0.6667503930780814
0.10741968621591333,0.31997571341833636,0.6667428584095998
0.10744303324617109,0.31997571341833636,0.666737755285794
0.10744303324617109,0.320149189001648,0.6667250532101541
0.10748972730668659,0.320149189001648,0.6667100865971987
0.10748972730668659,0.3202359267933038,0.666704247496872
0.1076298094882331,0.3202359267933038,0.6665962115959496
0.1076298094882331,0.32040940237661547,0.6665858813119562
0.10765315651849085,0.32040940237661547,0.6665828808995745
0.10765315651849085,0.3204961401682713,0.6665766503693256
0.10774654463952185,0.3204961401682713,0.6665273474286686
0.10774654463952185,0.3205828779599271,0.6665234555322865
0.10788662682106837,0.3205828779599271,0.6664320830170475
0.10788662682106837,0.320669615751583,0.6664310809094728
0.10790997385132611,0.320669615751583,0.6663986071926755
0.10790997385132611,0.3207563535432388,0.6663637860682803
0.10793332088158386,0.3207563535432388,0.6663612142672843
0.10793332088158386,0.32084309133489464,0.6663609051290342
0.10798001494209937,0.32084309133489464,0.6663047432432954
0.10798001494209937,0.32092982912655044,0.6662709935732818
0.10802670900261487,0.32092982912655044,0.6662485899494075
0.10802670900261487,0.32101656691820624,0.6662452267048946
0.10819013821441913,0.32101656691820624,0.6661183466832845
0.10819013821441913,0.3211033047098621,0.6661080878528727
0.10833022039596563,0.3211033047098621,0.6659944736678588
0.10833022039596563,0.3211900425015179,0.6659816702699402
0.10840026148673888,0.3211900425015179,0.6659314156545724
0.10840026148673888,0.32127678029317375,0.6659169468499763
0.10842360851699664,0.32127678029317375,0.665863267878468
0.10842360851699664,0.32171046925145286,0.6657945498908886
0.10849364960776989,0.32171046925145286,0.6657558890822675
0.10849364960776989,0.32179720704310866,0.6657448267032636
0.10851699663802765,0.32179720704310866,0.66573210975364
0.10851699663802765,0.3218839448347645,0.6657284742981414
0.10861038475905865,0.3218839448347645,0.6657024195568226
0.10861038475905865,0.3219706826264203,0.6656843993106563
0.10865707881957415,0.3219706826264203,0.6656799458520175
0.10865707881957415,0.32205742041807617,0.6656755047008178
0.1087738139708629,0.32205742041807617,0.6656050737182568
0.1087738139708629,0.32214415820973197,0.6655829235525358
0.10882050803137841,0.32214415820973197,0.6655700347508073
0.10882050803137841,0.3223176337930436,0.665557361268194
0.10889054912215167,0.3223176337930436,0.6655158546281341
0.10889054912215167,0.3224043715846995,0.6654472254968644
0.10900728427344042,0.3224043715846995,0.6653482463107357
0.10900728427344042,0.3224911093763553,0.6652946661687258
0.10910067239447142,0.3224911093763553,0.6652494300164268
0.10910067239447142,0.3225778471680111,0.6652444460846791
0.10912401942472917,0.3225778471680111,0.6652418527448221
0.10912401942472917,0.32266458495966693,0.6652225069595472
0.10926410160627568,0.32266458495966693,0.6651833928449085
0.10926410160627568,0.32275132275132273,0.6651733291619917
0.1094508778483377,0.32275132275132273,0.665081798173619
0.1094508778483377,0.3228380605429786,0.6650748041532544
0.10947422487859544,0.3228380605429786,0.6650681363027775
0.10947422487859544,0.3229247983346344,0.6650636971108048
0.1095442659693687,0.3229247983346344,0.6650176952345903
0.1095442659693687,0.32301153612629024,0.665014455091764
0.1095909600298842,0.32301153612629024,0.6649901367984026
0.1095909600298842,0.32309827391794604,0.6649835621388229
0.10973104221143071,0.32309827391794604,0.6648938228692262
0.10973104221143071,0.3231850117096019,0.6648936214398506
0.11005790063503923,0.3231850117096019,0.6646118139836577
0.11005790063503923,0.3233584872929135,0.664585569276883
0.11008124766529698,0.3233584872929135,0.664563821406301
0.11008124766529698,0.32379217625119266,0.6645237912095185
0.11010459469555473,0.32379217625119266,0.6645121930394255
0.11010459469555473,0.32387891404284846,0.6645093838758434
0.11017463578632798,0.32387891404284846,0.6645017450252679
0.11017463578632798,0.3239656518345043,0.6644868727796713
0.11022132984684348,0.3239656518345043,0.6644816745332622
0.11022132984684348,0.3241391274178159,0.6644620014170821
0.11033806499813224,0.3241391274178159,0.6643873065568544
0.11033806499813224,0.32439934079278343,0.6643535334874979
0.11040810608890549,0.32439934079278343,0.6642430533399386
0.11040810608890549,0.3246595541677509,0.6641866907346123
0.11043145311916325,0.3246595541677509,0.6641856774186279
0.11043145311916325,0.32474629195940674,0.6641775129009281
0.110454800149421,0.32474629195940674,0.664177314463295
0.110454800149421,0.32491976754271834,0.6641141546573264
0.110548188270452,0.32491976754271834,0.6640531365641253
0.110548188270452,0.3250065053343742,0.6640130109007408
0.11066492342174075,0.3250065053343742,0.6638916999605647
0.11066492342174075,0.32509324312603,0.6638803361322735
0.11073496451251401,0.32509324312603,0.6638618837896177
0.11073496451251401,0.3254401942926533,0.6638353405815813
0.1107816585730295,0.3254401942926533,0.663812859201659
0.1107816585730295,0.3255269320843091,0.6637712345462066
0.11080500560328727,0.3255269320843091,0.6637549008868115
0.11080500560328727,0.32561366987596496,0.6637122192717912
0.11087504669406052,0.32561366987596496,0.6636942231250973
0.11087504669406052,0.3257871454592766,0.6636728382106895
0.11101512887560702,0.3257871454592766,0.663595092350122
0.11101512887560702,0.32604735883424407,0.6635759105257721
0.11106182293612253,0.32604735883424407,0.6635263427528388
0.11106182293612253,0.3262208344175557,0.6635114766559949
0.11108516996638028,0.3262208344175557,0.6634651764836221
0.11108516996638028,0.3263943100008674,0.6634109929076761
0.11110851699663803,0.3263943100008674,0.6634015894123115
0.11110851699663803,0.32665452337583484,0.6633271969015532
0.11122525214792678,0.32665452337583484,0.6632119703152601
0.11122525214792678,0.3267412611674907,0.6631927556330472
0.11124859917818454,0.3267412611674907,0.6631887947262578
0.11124859917818454,0.3268279989591465,0.6631686860492723
0.11129529323870004,0.3268279989591465,0.663157290798186
0.11129529323870004,0.32691473675080235,0.6631293258596176
0.11138868135973104,0.32691473675080235,0.6630561529350061
0.11138868135973104,0.32700147454245815,0.6630223224390093
0.11143537542024655,0.32700147454245815,0.662995690707838
0.11143537542024655,0.32708821233411395,0.6629942407387486
0.11148206948076204,0.32708821233411395,0.6629764895527523
0.11148206948076204,0.3271749501257698,0.6629166680706642
0.11157545760179305,0.3271749501257698,0.6628765218054654
0.11157545760179305,0.3272616879174256,0.6628605769960748
0.1115988046320508,0.3272616879174256,0.6628517823759451
0.1115988046320508,0.32734842570908146,0.6628324823947374
0.1116454986925663,0.32734842570908146,0.6628118220268484
0.1116454986925663,0.3275219012923931,0.6627975481538462
0.11169219275308181,0.3275219012923931,0.6627614424186739
0.11169219275308181,0.32778211466736057,0.662622635507121
0.11171553978333956,0.32778211466736057,0.662587864347043
0.11171553978333956,0.32786885245901637,0.6625732426639497
0.11176223384385506,0.32786885245901637,0.6625722405214084
0.11176223384385506,0.3279555902506722,0.6625696720768292
0.11187896899514382,0.3279555902506722,0.6625037119498921
0.11187896899514382,0.3281290658339839,0.6624993246169089
0.11197235711617483,0.3281290658339839,0.6624733480972049
0.11197235711617483,0.32830254141729553,0.66246806174612
0.11199570414643258,0.32830254141729553,0.662454260303178
0.11199570414643258,0.32838927920895133,0.6624310888493682
0.11201905117669032,0.32838927920895133,0.6623858321773922
0.11201905117669032,0.328562754792263,0.6623561102522468
0.11204239820694807,0.328562754792263,0.6623530990048405
0.11204239820694807,0.3286494925839188,0.6623475325120896
0.11206574523720583,0.3286494925839188,0.6623374491372277
0.11206574523720583,0.32873623037557465,0.6623129137788175
0.11220582741875233,0.32873623037557465,0.6622068978408941
0.11220582741875233,0.32882296816723044,0.6622028331181034
0.11232256257004108,0.32882296816723044,0.6621320802146315
0.11232256257004108,0.3289964437505421,0.6621229708816463
0.1123692566305566,0.3289964437505421,0.6620917033480873
0.1123692566305566,0.32908318154219796,0.6620743147176567
0.11239260366081434,0.32908318154219796,0.6620720428567353
0.11239260366081434,0.32916991933385376,0.6620569429825721
0.1125560328726186,0.32916991933385376,0.6618855384419102
0.1125560328726186,0.3292566571255096,0.6618705006215142
0.11257937990287635,0.3292566571255096,0.6618662449896111
0.11257937990287635,0.3293433949171654,0.6618623472829241
0.11278950317519612,0.3293433949171654,0.6616872553469453
0.11278950317519612,0.32951687050047707,0.6616820017588011
0.11281285020545387,0.32951687050047707,0.6616704004523044
0.11281285020545387,0.32960360829213287,0.6616528749339718
0.11283619723571162,0.32960360829213287,0.66164502260236
0.11283619723571162,0.3297770838754445,0.6615966518161152
0.11285954426596936,0.3297770838754445,0.6615259847152852
0.11285954426596936,0.3298638216671004,0.661510294055196
0.11288289129622713,0.3298638216671004,0.6614939608883257
0.11288289129622713,0.33003729725041203,0.6614607670483019
0.11306966753828913,0.33003729725041203,0.6613731224586501
0.11306966753828913,0.33012403504206783,0.6613665671820457
0.11320974971983563,0.33012403504206783,0.6613081635469198
0.11320974971983563,0.33021077283372363,0.6613078138053414
0.11334983190138215,0.33021077283372363,0.6612586665934665
0.11334983190138215,0.33047098620869114,0.6612268534682785
0.11344322002241315,0.33047098620869114,0.6612068204288413
0.11344322002241315,0.33055772400034694,0.6612048861577368
0.11348991408292865,0.33055772400034694,0.6611938646456883
0.11348991408292865,0.3306444617920028,0.6611921937733984
0.11351326111318641,0.3306444617920028,0.6611802351766968
0.11351326111318641,0.3307311995836586,0.6611781981712
0.11358330220395965,0.3307311995836586,0.6610950057371916
0.11358330220395965,0.3308179373753144,0.6610928378974188
0.11360664923421741,0.3308179373753144,0.661078257734697
0.11360664923421741,0.33090467516697025,0.6610748075349274
0.11362999626447516,0.33090467516697025,0.6610635484877923
0.11362999626447516,0.33099141295862605,0.6610507439179903
0.11365334329473291,0.33099141295862605,0.6610394191441008
0.11365334329473291,0.3310781507502819,0.6610233020932318
0.11372338438550617,0.3310781507502819,0.6609598833031773
0.11372338438550617,0.3311648885419377,0.6609277118546939
0.11388681359731043,0.3311648885419377,0.6608261855685529
0.11388681359731043,0.33125162633359356,0.6608197159580446
0.11402689577885693,0.33125162633359356,0.6607486794885369
0.11402689577885693,0.33133836412524936,0.6607281982409317
0.11416697796040344,0.33133836412524936,0.6606585552631483
0.11416697796040344,0.331511839708561,0.6606455986928383
0.1142370190511767,0.331511839708561,0.6606321037917084
0.1142370190511767,0.3315985775002168,0.6606237810377542
0.11428371311169219,0.3315985775002168,0.6605763543064197
0.11428371311169219,0.3316853152918727,0.660573737685281
0.1144704893537542,0.3316853152918727,0.6604420508633666
0.1144704893537542,0.3317720530835285,0.6604144180230365
0.11449383638401195,0.3317720530835285,0.6604090039981553
0.11449383638401195,0.33185879087518433,0.6603935917617607
0.11458722450504295,0.33185879087518433,0.6603148519701582
0.11458722450504295,0.33194552866684013,0.6602980377639162
0.11465726559581621,0.33194552866684013,0.6602062114646001
0.11465726559581621,0.332032266458496,0.6601995243575003
0.11475065371684721,0.332032266458496,0.6601534252576449
0.11475065371684721,0.3321190042501518,0.660140482741882
0.11484404183787822,0.3321190042501518,0.6601062508293429
0.11484404183787822,0.33229247983346344,0.6600041737851182
0.11486738886813597,0.33229247983346344,0.6599958302465394
0.11486738886813597,0.3324659554167751,0.6599387129043721
0.11491408292865148,0.3324659554167751,0.6599331514839342
0.11491408292865148,0.3325526932084309,0.6599315093188801
0.11496077698916697,0.3325526932084309,0.6599065305026541
0.11496077698916697,0.33263943100008675,0.6599037098976401
0.115147553231229,0.33263943100008675,0.6598198489330319
0.115147553231229,0.3328996443750542,0.6597791606867237
0.11517090026148674,0.3328996443750542,0.6597791203773017
0.11517090026148674,0.33307311995836586,0.6597646259516211
0.1152876354127755,0.33307311995836586,0.6597262364124935
0.1152876354127755,0.3332465955416775,0.6597172939013224
0.11531098244303324,0.3332465955416775,0.6597112952206107
0.11531098244303324,0.3333333333333333,0.6596487386018378
0.115334329473291,0.3333333333333333,0.6596412778546731
0.115334329473291,0.33342007112498917,0.6595842273361312
0.1153810235338065,0.33342007112498917,0.6595619874810459
0.1153810235338065,0.33350680891664497,0.6595514573394038
0.11545106462457976,0.33350680891664497,0.659509648346765
0.11545106462457976,0.3335935467083008,0.6595058836038235
0.1154744116548375,0.3335935467083008,0.6594877376102881
0.1154744116548375,0.3336802844999566,0.6594864125608058
0.11552110571535301,0.3336802844999566,0.6594605949269452
0.11552110571535301,0.3338537600832683,0.6594472659229542
0.11554445274561076,0.3338537600832683,0.6594354550205087
0.11554445274561076,0.3339404978749241,0.659434461152147
0.11559114680612625,0.3339404978749241,0.659417151013248
0.11559114680612625,0.33411397345823574,0.6594086989253269
0.11566118789689951,0.33411397345823574,0.6593886617195563
0.11566118789689951,0.3342007112498916,0.6593556392343416
0.11577792304818826,0.3342007112498916,0.6593064941038904
0.11577792304818826,0.33446092462485905,0.6592912873593515
0.11584796413896152,0.33446092462485905,0.6592294358240396
0.11584796413896152,0.3345476624165149,0.6592075539266125
0.11591800522973478,0.3345476624165149,0.6591915303700748
0.11591800522973478,0.3346344002081707,0.6591897144645944
0.11596469929025029,0.3346344002081707,0.6591478736319045
0.11596469929025029,0.3347211379998265,0.6591415762941412
0.11598804632050803,0.3347211379998265,0.6591204104733093
0.11598804632050803,0.33489461358313816,0.6590784164144425
0.11603474038102353,0.33489461358313816,0.6590623101396562
0.11603474038102353,0.3350680891664498,0.6590343992280409
0.11605808741128129,0.3350680891664498,0.6590312029916763
0.11605808741128129,0.33524156474976147,0.6590236669346673
0.1161514755323123,0.33524156474976147,0.6589431337311724
0.1161514755323123,0.3353283025414173,0.6589319336619395
0.11617482256257004,0.3353283025414173,0.6589147666329714
0.11617482256257004,0.3354150403330731,0.6588951027088151
0.11619816959282779,0.3354150403330731,0.6588716854234444
0.11619816959282779,0.3356752537080406,0.6588540886887955
0.1162448636533433,0.3356752537080406,0.6588254389404418
0.1162448636533433,0.33584872929135223,0.6588129634859853
0.11626821068360105,0.33584872929135223,0.6587939932523399
0.11626821068360105,0.3359354670830081,0.658783159380827
0.11631490474411654,0.3359354670830081,0.6587602897490388
0.11631490474411654,0.3360222048746639,0.6587599130067537
0.1164783339559208,0.3360222048746639,0.6586537020509375
0.1164783339559208,0.33610894266631974,0.6586312739300537
0.11657172207695181,0.33610894266631974,0.6585961464448667
0.11657172207695181,0.33619568045797554,0.6585888256121393
0.11671180425849832,0.33619568045797554,0.6585079216032775
0.11671180425849832,0.3363691560412872,0.6584870794753417
0.11682853940978707,0.3363691560412872,0.6583939560918264
0.11682853940978707,0.336455893832943,0.6583896033173557
0.11685188644004482,0.336455893832943,0.6583682913061846
0.11685188644004482,0.33654263162459885,0.6583680628716468
0.11692192753081808,0.33654263162459885,0.6583078061007313
0.11692192753081808,0.33662936941625465,0.6583004412364208
0.11701531565184908,0.33662936941625465,0.6582348354597555
0.11701531565184908,0.3368028449995663,0.6581685802713049
0.11703866268210683,0.3368028449995663,0.658124171303464
0.11703866268210683,0.3368895827912221,0.6580810617156121
0.11727213298468435,0.3368895827912221,0.6579550410694793
0.11727213298468435,0.33697632058287796,0.657952985242007
0.11736552110571535,0.33697632058287796,0.6578843568544523
0.11736552110571535,0.33706305837453376,0.6578734976760013
0.11743556219648861,0.33706305837453376,0.657845714778216
0.11743556219648861,0.3372365339578454,0.6578394012076239
0.11745890922674636,0.3372365339578454,0.6578346074876315
0.11745890922674636,0.3374100095411571,0.6577958248511995
0.1174822562570041,0.3374100095411571,0.6577758028138769
0.1174822562570041,0.33767022291612453,0.6577648277879873
0.11750560328726187,0.33767022291612453,0.6577479932541932
0.11750560328726187,0.3377569607077804,0.6577228310393389
0.11752895031751961,0.3377569607077804,0.6577128203810232
0.11752895031751961,0.3378436984994362,0.6577079834781433
0.11780911468061263,0.3378436984994362,0.6575415999107703
0.11780911468061263,0.3381039118744037,0.6575077358407966
0.11783246171087038,0.3381039118744037,0.6574754504776792
0.11783246171087038,0.3381906496660595,0.6574700270235604
0.11785580874112812,0.3381906496660595,0.657442114367051
0.11785580874112812,0.33827738745771535,0.6574405181064312
0.11794919686215913,0.33827738745771535,0.6573977145442863
0.11794919686215913,0.33845086304102695,0.6573841531049537
0.11797254389241689,0.33845086304102695,0.6573835005971906
0.11797254389241689,0.3385376008326828,0.6573679359886477
0.11799589092267464,0.3385376008326828,0.6573430092784269
0.11799589092267464,0.3386243386243386,0.6573402383892393
0.1180659320134479,0.3386243386243386,0.657314313922183
0.1180659320134479,0.33871107641599446,0.6573110425202255
0.11813597310422114,0.33871107641599446,0.65724232272875
0.11813597310422114,0.33879781420765026,0.6572371886663437
0.1181593201344789,0.33879781420765026,0.6572004281769177
0.1181593201344789,0.3389712897909619,0.6571567492044019
0.11822936122525214,0.3389712897909619,0.6571071580394807
0.11822936122525214,0.33905802758261777,0.6570780568426604
0.1182527082555099,0.33905802758261777,0.6570696549293855
0.1182527082555099,0.33923150316592937,0.6570441229509734
0.1182994023160254,0.33923150316592937,0.6568919412774505
0.1182994023160254,0.3394917165408969,0.6568573003997227
0.11834609637654091,0.3394917165408969,0.6568276240429346
0.11834609637654091,0.3395784543325527,0.6568093413127638
0.11836944340679866,0.3395784543325527,0.6568083379287726
0.11836944340679866,0.33966519212420854,0.6568073419847411
0.11846283152782966,0.33966519212420854,0.6567072136905328
0.11846283152782966,0.33975192991586434,0.656696004137753
0.11848617855808741,0.33975192991586434,0.6566884056960672
0.11848617855808741,0.3398386677075202,0.6566883765965641
0.11857956667911841,0.3398386677075202,0.6566590620818311
0.11857956667911841,0.3400121432908318,0.6566562150024582
0.11874299589092267,0.3400121432908318,0.6565046748907162
0.11874299589092267,0.34009888108248765,0.6564536481796163
0.11885973104221143,0.34009888108248765,0.6563705150241972
0.11885973104221143,0.34018561887414345,0.6563682641116544
0.11895311916324243,0.34018561887414345,0.656228131832381
0.11895311916324243,0.3402723566657993,0.6562202701021971
0.11897646619350019,0.3402723566657993,0.656205853561886
0.11897646619350019,0.3403590944574551,0.6562048519377912
0.11904650728427343,0.3403590944574551,0.6561596407027894
0.11904650728427343,0.34044583224911096,0.6561368488904982
0.11911654837504669,0.34044583224911096,0.6561155990449177
0.11911654837504669,0.34053257004076676,0.656111508949321
0.1191632424355622,0.34053257004076676,0.6561035683736657
0.1191632424355622,0.3407060456240784,0.6560754098531848
0.11932667164736646,0.3407060456240784,0.6559718881366687
0.11932667164736646,0.3407927834157342,0.6559660351869927
0.11935001867762421,0.3407927834157342,0.6559609590595992
0.11935001867762421,0.34096625899904587,0.6559268935908276
0.11944340679865521,0.34096625899904587,0.6558769492313172
0.11944340679865521,0.3410529967907017,0.6558717955159405
0.11953679491968622,0.3410529967907017,0.6558069817673291
0.11953679491968622,0.3411397345823575,0.6558015428930551
0.11956014194994397,0.3411397345823575,0.6557843348539221
0.11956014194994397,0.3413132101656692,0.6557499619853864
0.11960683601045947,0.3413132101656692,0.6557383004029737
0.11960683601045947,0.34139994795732503,0.6557173312878206
0.11984030631303698,0.34139994795732503,0.6556626811632861
0.11984030631303698,0.34148668574898083,0.6556622078317627
0.11993369443406798,0.34148668574898083,0.6556013070853737
0.11993369443406798,0.34157342354063663,0.6555798266024743
0.12019051176690325,0.34157342354063663,0.6553846301631142
0.12019051176690325,0.3417468991239483,0.6553777973721854
0.120213858797161,0.3417468991239483,0.6553742584818271
0.120213858797161,0.34183363691560414,0.655373172436809
0.12035394097870751,0.34183363691560414,0.6553034310316304
0.12035394097870751,0.3420071124989158,0.6552662034474246
0.12047067612999626,0.3420071124989158,0.6552168490769779
0.12047067612999626,0.3421805880822274,0.6551927389643749
0.12051737019051177,0.3421805880822274,0.6551180669015552
0.12051737019051177,0.34226732587388325,0.6550953971762165
0.12056406425102727,0.34226732587388325,0.6550128957827265
0.12056406425102727,0.34235406366553905,0.6549578635240363
0.12058741128128501,0.34235406366553905,0.654956122833622
0.12058741128128501,0.3424408014571949,0.654913468717059
0.12068079940231602,0.3424408014571949,0.6548588348422082
0.12068079940231602,0.34261427704050657,0.6548308932198519
0.12082088158386253,0.34261427704050657,0.6546573169504122
0.12082088158386253,0.34270101483216237,0.6546492569796405
0.12084422861412028,0.34270101483216237,0.6546128827492329
0.12084422861412028,0.3427877526238182,0.6546126788252553
0.12103100485618229,0.3427877526238182,0.6545060709128402
0.12103100485618229,0.3429612282071298,0.6544829725082553
0.12105435188644005,0.3429612282071298,0.6544450361217227
0.12105435188644005,0.34322144158209733,0.6544023636472742
0.12110104594695555,0.34322144158209733,0.654375950361918
0.12110104594695555,0.34330817937375313,0.6543696661939914
0.1211243929772133,0.34330817937375313,0.6543228946641418
0.1211243929772133,0.343394917165409,0.6543208372471867
0.1211710870377288,0.343394917165409,0.6542989801486147
0.1211710870377288,0.3434816549570648,0.6542754828375085
0.12126447515875981,0.3434816549570648,0.654200773843597
0.12126447515875981,0.34356839274872064,0.6541995112761754
0.12128782218901756,0.34356839274872064,0.6541749450283525
0.12128782218901756,0.34365513054037644,0.6541706978496731
0.1213111692192753,0.34365513054037644,0.6541589375329516
0.1213111692192753,0.34374186833203224,0.6541543119417563
0.12140455734030631,0.34374186833203224,0.6541310625543293
0.12140455734030631,0.3438286061236881,0.6540715967480697
0.12142790437056407,0.3438286061236881,0.654067750536451
0.12142790437056407,0.3439153439153439,0.6540437330743696
0.12159133358236832,0.3439153439153439,0.6539210813832799
0.12159133358236832,0.34400208170699975,0.6538960266687963
0.12161468061262608,0.34400208170699975,0.6538908854578296
0.12161468061262608,0.34408881949865555,0.6538764709092126
0.12166137467314157,0.34408881949865555,0.6538615407711738
0.12166137467314157,0.3442622950819672,0.6537911949255315
0.12175476279417258,0.3442622950819672,0.6537285736432497
0.12175476279417258,0.34434903287362306,0.6537254010348974
0.12182480388494583,0.34434903287362306,0.6536761425727424
0.12182480388494583,0.34443577066527886,0.6536662871516906
0.12184815091520358,0.34443577066527886,0.6536615263137937
0.12184815091520358,0.34452250845693466,0.6536234755532372
0.12187149794546134,0.34452250845693466,0.6536220871237552
0.12187149794546134,0.3446092462485905,0.6536207904391746
0.12189484497571909,0.3446092462485905,0.6536137291906009
0.12189484497571909,0.3447827218319022,0.6535594040711155
0.12191819200597684,0.3447827218319022,0.6535433018692807
0.12191819200597684,0.344869459623558,0.6535358543416767
0.12194153903623459,0.344869459623558,0.6535293444157518
0.12194153903623459,0.3449561974152138,0.6535287411962621
0.1219882330967501,0.3449561974152138,0.6535247851855108
0.1219882330967501,0.3451296729985255,0.6535075267771817
0.12203492715726559,0.3451296729985255,0.6533848621715936
0.12203492715726559,0.3452164107901813,0.6533839382769548
0.12210496824803885,0.3452164107901813,0.6533598777397309
0.12210496824803885,0.3453031485818371,0.6533500290722883
0.1221283152782966,0.3453031485818371,0.6533409979831533
0.1221283152782966,0.34538988637349294,0.6533161334629505
0.12219835636906985,0.34538988637349294,0.6532701774165808
0.12219835636906985,0.34547662416514874,0.6532484927977391
0.1222217033993276,0.34547662416514874,0.6532203608068351
0.1222217033993276,0.3455633619568046,0.6532080213551256
0.12224505042958536,0.3455633619568046,0.6531993293496625
0.12224505042958536,0.3456500997484604,0.6531977042751518
0.12229174449010086,0.3456500997484604,0.6531942346705071
0.12229174449010086,0.34573683754011625,0.6531772959045374
0.1223150915203586,0.34573683754011625,0.6531708874677
0.1223150915203586,0.3459103131234279,0.6531294309098676
0.12236178558087411,0.3459103131234279,0.6531114440565511
0.12236178558087411,0.3459970509150837,0.6531072091507781
0.12238513261113186,0.3459970509150837,0.653100753517544
0.12238513261113186,0.3460837887067395,0.6530702523494716
0.12243182667164737,0.3460837887067395,0.6530491252481373
0.12243182667164737,0.34617052649839536,0.653029191919178
0.12245517370190512,0.34617052649839536,0.653027412703991
0.12245517370190512,0.34625726429005116,0.6530227402175037
0.12247852073216287,0.34625726429005116,0.6529878495854167
0.12247852073216287,0.3464307398733628,0.652974603684783
0.12259525588345163,0.3464307398733628,0.6529400473068416
0.12259525588345163,0.34651747766501867,0.6529272878728283
0.12261860291370938,0.34651747766501867,0.6529071398132579
0.12261860291370938,0.3466909532483303,0.6528900511711893
0.12271199103474038,0.3466909532483303,0.6528288750077413
0.12271199103474038,0.3467776910399861,0.6527835250549527
0.12275868509525588,0.3467776910399861,0.6527628059115194
0.12275868509525588,0.3470379044149536,0.652721613553688
0.12285207321628688,0.3470379044149536,0.6527065063941823
0.12285207321628688,0.34712464220660944,0.6526729940395792
0.12303884945834889,0.34712464220660944,0.6524836057217186
0.12303884945834889,0.34721137999826523,0.6524703490786098
0.1230855435188644,0.34721137999826523,0.6523975775170974
0.1230855435188644,0.3474715933732327,0.6523266375092162
0.12310889054912215,0.3474715933732327,0.6523219863320213
0.12310889054912215,0.34755833116488855,0.6522846872355086
0.12315558460963766,0.34755833116488855,0.6522587357402949
0.12315558460963766,0.34764506895654435,0.6522431264298991
0.12320227867015315,0.34764506895654435,0.6521892121695998
0.12320227867015315,0.3477318067482002,0.652182388957317
0.12324897273066866,0.3477318067482002,0.6521460333299847
0.12324897273066866,0.347818544539856,0.6521108587577713
0.12338905491221516,0.347818544539856,0.6520132084628637
0.12338905491221516,0.34790528233151186,0.6519685176986598
0.12341240194247292,0.34790528233151186,0.6519652472963857
0.12341240194247292,0.34799202012316766,0.6519522764196393
0.12343574897273067,0.34799202012316766,0.6519447338001307
0.12343574897273067,0.3481654957064793,0.6519277022036494
0.12345909600298842,0.3481654957064793,0.6519080617705773
0.12345909600298842,0.3482522334981351,0.6518992167475395
0.12352913709376168,0.3482522334981351,0.6518137967685141
0.12352913709376168,0.34842570908144677,0.6517626048373062
0.12355248412401942,0.34842570908144677,0.6517609959423853
0.12355248412401942,0.3486859224564143,0.6517105447823488
0.12357583115427717,0.3486859224564143,0.6516967693137641
0.12357583115427717,0.34894613583138173,0.6516461333011441
0.12369256630556594,0.34894613583138173,0.6515463705467375
0.12369256630556594,0.34903287362303753,0.6515356929008769
0.12371591333582369,0.34903287362303753,0.6515187509848552
0.12371591333582369,0.3492063492063492,0.6514980334471023
0.12387934254762795,0.3492063492063492,0.6514481520474114
0.12387934254762795,0.34929308699800504,0.6514453153108404
0.12392603660814344,0.34929308699800504,0.6514434843000594
0.12392603660814344,0.34937982478966084,0.6514275455695722
0.12397273066865895,0.34937982478966084,0.651368064553139
0.12397273066865895,0.3494665625813167,0.6513671029064279
0.12401942472917445,0.3494665625813167,0.6512944558508043
0.12401942472917445,0.34964003816462835,0.6512805520917272
0.12411281285020545,0.34964003816462835,0.6512452883193116
0.12411281285020545,0.34972677595628415,0.6512369890654803
0.12420620097123646,0.34972677595628415,0.6511866035271707
0.12420620097123646,0.34981351374793995,0.651170197602462
0.12429958909226746,0.34981351374793995,0.6511313543002799
0.12429958909226746,0.3499869893312516,0.6510999226574634
0.12432293612252522,0.3499869893312516,0.6510972318962405
0.12432293612252522,0.35007372712290746,0.6510822325957067
0.12439297721329846,0.35007372712290746,0.6510483436381662
0.12439297721329846,0.3503339404978749,0.651015887674375
0.12443967127381397,0.3503339404978749,0.6509779790872743
0.12443967127381397,0.3505074160811866,0.6509494498559696
0.12455640642510273,0.3505074160811866,0.6508587539414532
0.12455640642510273,0.3505941538728424,0.6508585661040094
0.12460310048561823,0.3505941538728424,0.6508261046080592
0.12460310048561823,0.35102784283112154,0.6507364029715883
0.12464979454613373,0.35102784283112154,0.6507101483664783
0.12464979454613373,0.35111458062277734,0.6507045752950302
0.12467314157639148,0.35111458062277734,0.6506866930682136
0.12467314157639148,0.3512013184144332,0.6506697887956734
0.12471983563690699,0.3512013184144332,0.650661577118741
0.12471983563690699,0.351288056206089,0.6506490082816965
0.12474318266716473,0.351288056206089,0.6506025291947738
0.12474318266716473,0.3513747939977448,0.650590443794995
0.12476652969742248,0.3513747939977448,0.6505371258693271
0.12476652969742248,0.35146153178940065,0.6505337550129517
0.12483657078819574,0.35146153178940065,0.6504379634272551
0.12483657078819574,0.3516350073727123,0.6504330685414795
0.124906611878969,0.3516350073727123,0.65038254939743
0.124906611878969,0.35180848295602396,0.6503739596735634
0.12495330593948449,0.35180848295602396,0.650307390760764
0.12495330593948449,0.35189522074767976,0.6503058925714311
0.125,0.35189522074767976,0.6502765423492789
0.125,0.3519819585393356,0.6502691653906583
0.12507004109077324,0.3519819585393356,0.6501941510296017
0.12507004109077324,0.3520686963309914,0.6501913161083689
0.12511673515128877,0.3520686963309914,0.6501723765580307
0.12511673515128877,0.35224217191430307,0.6501618417810298
0.125186776242062,0.35224217191430307,0.6501189595803596
0.125186776242062,0.35232890970595887,0.6501082754596168
0.12532685842360852,0.35232890970595887,0.6499917262894657
0.12532685842360852,0.3524156474976147,0.6499845227190628
0.12535020545386627,0.3524156474976147,0.6499538944673487
0.12535020545386627,0.3525023852892705,0.6499294154402117
0.12551363466567053,0.3525023852892705,0.6497782335396454
0.12551363466567053,0.3525891230809264,0.6497763240269538
0.12556032872618603,0.3525891230809264,0.649765715718195
0.12556032872618603,0.3526758608725822,0.6497638364672242
0.12560702278670152,0.3526758608725822,0.6497626724943129
0.12560702278670152,0.35284933645589384,0.649752799173426
0.12565371684721705,0.35284933645589384,0.6497016309359247
0.12565371684721705,0.35293607424754964,0.649691282168614
0.12574710496824804,0.35293607424754964,0.6496489398152687
0.12574710496824804,0.3531095498308613,0.6495978056447119
0.12577045199850578,0.3531095498308613,0.6495850929970477
0.12577045199850578,0.35319628762251715,0.649556848350181
0.12581714605902128,0.35319628762251715,0.6495470123826621
0.12581714605902128,0.3533697632058288,0.6494979105145835
0.1258638401195368,0.3533697632058288,0.6494824978119486
0.1258638401195368,0.3534565009974846,0.6494773510422713
0.12588718714979455,0.3534565009974846,0.6494772700593744
0.12588718714979455,0.3535432387891404,0.64943943731793
0.1259105341800523,0.3535432387891404,0.6494331641788613
0.1259105341800523,0.3538034521641079,0.649419462675109
0.12602726933134106,0.3538034521641079,0.6493853043062376
0.12602726933134106,0.3538901899557637,0.6493610189730887
0.1260506163615988,0.3538901899557637,0.6493371732750874
0.1260506163615988,0.3541504033307312,0.649282377463039
0.12612065745237205,0.3541504033307312,0.6492231533562616
0.12612065745237205,0.354237141122387,0.6492207230247955
0.12616735151288755,0.354237141122387,0.6491943532521856
0.12616735151288755,0.3543238789140428,0.6491856149402295
0.12619069854314532,0.3543238789140428,0.6491616911693281
0.12619069854314532,0.3544973544973545,0.6491037225748083
0.12621404557340307,0.3544973544973545,0.6490952128297711
0.12621404557340307,0.35458409228901033,0.6490691205108664
0.12623739260366082,0.35458409228901033,0.649067130804935
0.12623739260366082,0.35467083008066613,0.6489986738279608
0.12647086290623832,0.35467083008066613,0.6488473736009057
0.12647086290623832,0.354757567872322,0.6488382595073962
0.12661094508778484,0.354757567872322,0.6487814962776153
0.12661094508778484,0.3548443056639778,0.6487766319097601
0.12675102726933135,0.3548443056639778,0.6486698517766614
0.12675102726933135,0.35493104345563364,0.6486660195726545
0.1267743742995891,0.35493104345563364,0.6486538277334419
0.1267743742995891,0.35501778124728944,0.6486231619976237
0.12679772132984685,0.35501778124728944,0.6486190586383973
0.12679772132984685,0.35510451903894524,0.6485754198676986
0.1268210683601046,0.35510451903894524,0.6485614066743463
0.1268210683601046,0.3551912568306011,0.6485474750805158
0.1268677624206201,0.3551912568306011,0.6485398602294907
0.1268677624206201,0.3552779946222569,0.6485306904210915
0.12712457975345537,0.3552779946222569,0.6483270255640773
0.12712457975345537,0.35536473241391275,0.6483221792165221
0.12728800896525963,0.35536473241391275,0.6482097622447438
0.12728800896525963,0.3556249457888802,0.6481873263205523
0.12731135599551738,0.3556249457888802,0.6481857965111661
0.12731135599551738,0.35571168358053606,0.6481795477334573
0.12735805005603287,0.35571168358053606,0.6481597365569776
0.12735805005603287,0.35588515916384766,0.6481286465645595
0.12740474411654837,0.35588515916384766,0.6480590290360967
0.12740474411654837,0.3559718969555035,0.6480537899796917
0.12742809114680612,0.3559718969555035,0.6480476028075898
0.12742809114680612,0.3560586347471593,0.6480254819394297
0.12766156144938365,0.3560586347471593,0.6478394832796395
0.12766156144938365,0.356232110330471,0.6478138796672035
0.1277316025401569,0.356232110330471,0.6477842380153626
0.1277316025401569,0.35631884812212683,0.6477834821405272
0.12775494957041464,0.35631884812212683,0.6477379545183927
0.12775494957041464,0.3565790614970943,0.647721836214512
0.12784833769144566,0.3565790614970943,0.647685246328767
0.12784833769144566,0.35675253708040594,0.6476647238111081
0.12798841987299214,0.35675253708040594,0.6475872907750242
0.12798841987299214,0.3569260126637176,0.6475736514473209
0.12812850205453866,0.3569260126637176,0.6474693007047875
0.12812850205453866,0.3570127504553734,0.6474535956938958
0.12817519611505415,0.3570127504553734,0.6473683983081026
0.12817519611505415,0.35718622603868505,0.6473533829058351
0.12829193126634292,0.35718622603868505,0.6473147963871785
0.12829193126634292,0.3573597016219967,0.6472910028437853
0.12852540156892042,0.3573597016219967,0.6471527058399307
0.12852540156892042,0.3574464394136525,0.6471250773337582
0.12885225999252894,0.3574464394136525,0.6469037936747184
0.12885225999252894,0.35753317720530836,0.6469011474185455
0.1288756070227867,0.35753317720530836,0.6468736750587398
0.1288756070227867,0.35770665278862,0.6468621102567376
0.12889895405304444,0.35770665278862,0.6468533479639851
0.12889895405304444,0.3577933905802758,0.6468492023681527
0.1290156892043332,0.3577933905802758,0.6468042202281274
0.1290156892043332,0.35788012837193167,0.6467979671157758
0.12910907732536422,0.35788012837193167,0.6467356713358428
0.12910907732536422,0.35796686616358747,0.6467350848085556
0.12915577138587972,0.35796686616358747,0.6467050774536525
0.12915577138587972,0.3580536039552433,0.646696484423697
0.12917911841613747,0.3580536039552433,0.6466923700211741
0.12917911841613747,0.3584005551218666,0.6466194575967847
0.12927250653716849,0.3584005551218666,0.6465440059648594
0.12927250653716849,0.35848729291352244,0.6465345612475777
0.12929585356742623,0.35848729291352244,0.6464994377818903
0.12929585356742623,0.35857403070517824,0.6464836466362619
0.12938924168845722,0.35857403070517824,0.6464631451869298
0.12938924168845722,0.35900771966345735,0.6464300050698751
0.1296460590212925,0.35900771966345735,0.6462132227817305
0.1296460590212925,0.3590944574551132,0.6462057659063847
0.12971610011206575,0.3590944574551132,0.6461273176481308
0.12971610011206575,0.359181195246769,0.6461002407693961
0.1297394471423235,0.359181195246769,0.6460989123853601
0.1297394471423235,0.35926793303842486,0.6460452376581692
0.129786141202839,0.35926793303842486,0.6460199859041889
0.129786141202839,0.35935467083008066,0.6460167765186846
0.12994957041464325,0.35935467083008066,0.6459228981376373
0.12994957041464325,0.3594414086217365,0.6459204874461046
0.13008965259618976,0.3594414086217365,0.6458176006642702
0.13008965259618976,0.35978835978835977,0.6457638026081187
0.13022973477773628,0.35978835978835977,0.6456898061014018
0.13022973477773628,0.3598750975800156,0.6456748689505111
0.13025308180799403,0.3598750975800156,0.6456696504215673
0.13025308180799403,0.3599618353716714,0.6456191910033758
0.13027642883825177,0.3599618353716714,0.6456023847577999
0.13027642883825177,0.3600485731633273,0.6456011376447228
0.13029977586850952,0.3600485731633273,0.6455963686926185
0.13029977586850952,0.3601353109549831,0.6455694067055343
0.1303698169592828,0.3601353109549831,0.6455447946097269
0.1303698169592828,0.36022204874663893,0.6455322333516254
0.13043985805005603,0.36022204874663893,0.6455144411021333
0.13043985805005603,0.36030878653829473,0.6455039299109651
0.13046320508031378,0.36030878653829473,0.6454985502240312
0.13046320508031378,0.36039552432995053,0.6454922168207244
0.13062663429211804,0.36039552432995053,0.6454029560970433
0.13062663429211804,0.3604822621216064,0.6453937366917
0.13076671647366456,0.3604822621216064,0.6452869129640686
0.13076671647366456,0.3605689999132622,0.6452789697310388
0.13081341053418005,0.3605689999132622,0.645272590120358
0.13081341053418005,0.36074247549657384,0.6452306639912851
0.1308367575644378,0.36074247549657384,0.6452103462430145
0.1308367575644378,0.3608292132882297,0.6451512864645899
0.1308834516249533,0.3608292132882297,0.6451335062793209
0.1308834516249533,0.3609159510798855,0.645124009481713
0.13104688083675756,0.3609159510798855,0.6450455112040672
0.13104688083675756,0.36117616445485295,0.6449857812087251
0.13142043332088157,0.36117616445485295,0.6448105234261192
0.13142043332088157,0.3612629022465088,0.644809622935456
0.1314671273813971,0.3612629022465088,0.6447845400367664
0.1314671273813971,0.3613496400381646,0.6447720993111807
0.13167725065371685,0.3613496400381646,0.6446556140773108
0.13167725065371685,0.36152311562147627,0.6446314765812189
0.13172394471423235,0.36152311562147627,0.6445800880734538
0.13172394471423235,0.3616098534131321,0.6445676611789899
0.13181733283526337,0.3616098534131321,0.6445111384632674
0.13181733283526337,0.3616965912047879,0.6444967854705821
0.1318873739260366,0.3616965912047879,0.6444764811862993
0.1318873739260366,0.3617833289964438,0.6444697504719344
0.13195741501680985,0.3617833289964438,0.644447291256772
0.13195741501680985,0.3618700667880996,0.6444270863828566
0.1319807620470676,0.3618700667880996,0.6444268941689815
0.1319807620470676,0.3619568045797554,0.644400962330991
0.13202745610758312,0.3619568045797554,0.6443755380397622
0.13202745610758312,0.36213028016306703,0.6443426768768887
0.13209749719835637,0.36213028016306703,0.6443204014829549
0.13209749719835637,0.36239049353803454,0.6442806140210644
0.13212084422861411,0.36239049353803454,0.6442718221692825
0.13212084422861411,0.362650706913002,0.6442336043395658
0.13214419125887186,0.362650706913002,0.6442326619637615
0.13214419125887186,0.3627374447046578,0.6442323339865923
0.13244770265222264,0.3627374447046578,0.6440248426342517
0.13244770265222264,0.36282418249631365,0.6440239098426388
0.13247104968248039,0.36282418249631365,0.6440095686870035
0.13247104968248039,0.36291092028796945,0.6440062943578739
0.13251774374299588,0.36291092028796945,0.6439823785467119
0.13251774374299588,0.3629976580796253,0.6439727837554788
0.13254109077325366,0.3629976580796253,0.6439550301220243
0.13254109077325366,0.3630843958712811,0.6439470089237902
0.13268117295480014,0.3630843958712811,0.6438686249363783
0.13268117295480014,0.36317113366293696,0.6438388003496365
0.1327979081060889,0.36317113366293696,0.6437783912639905
0.1327979081060889,0.36325787145459276,0.6437587420752386
0.13300803137840866,0.36325787145459276,0.6436364907704384
0.13300803137840866,0.3633446092462486,0.6436188986492604
0.1330780724691819,0.3633446092462486,0.6435686222388213
0.1330780724691819,0.3634313470379044,0.6435682682506301
0.13321815465072842,0.3634313470379044,0.6435358392044093
0.13321815465072842,0.3635180848295602,0.6435338670963239
0.13324150168098617,0.3635180848295602,0.6434871218944778
0.13324150168098617,0.36377829820452773,0.6434534839509696
0.1332881957415017,0.36377829820452773,0.6434278192109351
0.1332881957415017,0.36386503599618353,0.643385609617369
0.13335823683227493,0.36386503599618353,0.643335902153962
0.13335823683227493,0.3639517737878394,0.6433340788038018
0.13338158386253268,0.3639517737878394,0.6433180220840795
0.13338158386253268,0.36421198716280684,0.6433074030511106
0.13345162495330595,0.36421198716280684,0.6432042286436093
0.13345162495330595,0.36429872495446264,0.6431945012911386
0.13349831901382145,0.36429872495446264,0.6431902575073247
0.13349831901382145,0.3643854627461185,0.64314486320203
0.1336150541651102,0.3643854627461185,0.6431180487587876
0.1336150541651102,0.3644722005377743,0.6431052684284917
0.1338018304071722,0.3644722005377743,0.6429641084495792
0.1338018304071722,0.36455893832943015,0.6429426579787263
0.13382517743742997,0.36455893832943015,0.642921701472561
0.13382517743742997,0.36464567612108595,0.6428997562068905
0.1338952185282032,0.36464567612108595,0.6428811924689353
0.1338952185282032,0.3647324139127418,0.6428786412142633
0.13391856555846096,0.3647324139127418,0.6428769080661125
0.13391856555846096,0.3648191517043976,0.6428644592932332
0.1339419125887187,0.3648191517043976,0.6428595461017882
0.1339419125887187,0.3649058894960534,0.6428336259705785
0.13401195367949198,0.3649058894960534,0.6428163864587052
0.13401195367949198,0.36499262728770926,0.6428125049931908
0.13410534180052297,0.36499262728770926,0.6427470995682795
0.13410534180052297,0.36507936507936506,0.6427228944175019
0.13415203586103847,0.36507936507936506,0.6427045564195116
0.13415203586103847,0.3651661028710209,0.6427031738159628
0.13426877101232723,0.3651661028710209,0.6426124297764614
0.13426877101232723,0.3652528406626767,0.6425875044199549
0.1344322002241315,0.3652528406626767,0.6425039305384942
0.1344322002241315,0.36533957845433257,0.6425038267627754
0.13445554725438924,0.36533957845433257,0.6424822298083963
0.13445554725438924,0.36542631624598837,0.6424510521579657
0.134478894284647,0.36542631624598837,0.6424502040250197
0.134478894284647,0.3655997918293,0.6424143027155247
0.13450224131490474,0.3655997918293,0.6424109873546298
0.13450224131490474,0.3656865296209558,0.6424106563898099
0.13454893537542026,0.3656865296209558,0.6423933604080259
0.13454893537542026,0.3657732674126117,0.6423821700740033
0.13459562943593575,0.3657732674126117,0.6423774423555177
0.13459562943593575,0.3658600052042675,0.6423750993244343
0.13482909973851326,0.3658600052042675,0.6422319234030316
0.13482909973851326,0.36594674299592334,0.6422224439591238
0.1348991408292865,0.36594674299592334,0.6421609687883044
0.1348991408292865,0.36603348078757914,0.6421554106037657
0.13494583488980202,0.36603348078757914,0.6421390762000785
0.13494583488980202,0.3662069563708908,0.642108555065922
0.13501587598057527,0.3662069563708908,0.6420875101442147
0.13501587598057527,0.36638043195420245,0.6420536392098986
0.13503922301083301,0.36638043195420245,0.642042212477282
0.13503922301083301,0.36646716974585825,0.6419908320769162
0.13508591707134854,0.36646716974585825,0.641959515320891
0.13508591707134854,0.3665539075375141,0.6419409631387774
0.13510926410160629,0.3665539075375141,0.6419352584849602
0.13510926410160629,0.3666406453291699,0.6419181957927929
0.13515595816212178,0.3666406453291699,0.6418737149477123
0.13515595816212178,0.36672738312082576,0.64186368235793
0.13520265222263728,0.36672738312082576,0.6418463149940639
0.13520265222263728,0.36681412091248156,0.6418455654456925
0.13531938737392604,0.36681412091248156,0.6418072266921135
0.13531938737392604,0.3669008587041374,0.6417958755413329
0.13559955173701904,0.3669008587041374,0.6416713151913025
0.13559955173701904,0.36716107207910487,0.6416505622878004
0.1357162868883078,0.36716107207910487,0.6415564541971182
0.1357162868883078,0.36724780987076067,0.6415520780732908
0.13573963391856556,0.36724780987076067,0.6415457852530974
0.13573963391856556,0.3674212854540723,0.6415090564413084
0.13585636906985432,0.3674212854540723,0.6414903360653927
0.13585636906985432,0.3675080232457282,0.6414771686123604
0.13587971610011207,0.3675080232457282,0.6414594346291729
0.13587971610011207,0.367594761037384,0.6414431950615789
0.1359497571908853,0.367594761037384,0.6413660073442137
0.1359497571908853,0.3679417122040073,0.6412155563612141
0.13597310422114306,0.3679417122040073,0.6411996676717545
0.13597310422114306,0.36811518778731894,0.6411895886190714
0.13601979828165858,0.36811518778731894,0.6411664275295872
0.13601979828165858,0.36820192557897474,0.6411642512402502
0.13604314531191633,0.36820192557897474,0.6411632026479762
0.13604314531191633,0.3682886633706306,0.6411489186023294
0.1362065745237206,0.3682886633706306,0.6410870414327154
0.1362065745237206,0.3683754011622864,0.6410769352108161
0.13632330967500933,0.3683754011622864,0.6409745041556061
0.13632330967500933,0.36846213895394225,0.6409474917713249
0.1363933507657826,0.36846213895394225,0.6408909798046567
0.1363933507657826,0.36854887674559805,0.6408667591475862
0.1364400448262981,0.36854887674559805,0.6408613700897712
0.1364400448262981,0.3686356145372539,0.640851143527903
0.13660347403810236,0.3686356145372539,0.6407579617043985
0.13660347403810236,0.3687223523289097,0.6407311798047662
0.1366268210683601,0.3687223523289097,0.6406852328319335
0.1366268210683601,0.3688090901205655,0.6406604877034854
0.13665016809861785,0.3688090901205655,0.64065881766326
0.13665016809861785,0.36889582791222136,0.6406328837200733
0.13669686215913335,0.36889582791222136,0.6406258701450904
0.13669686215913335,0.36898256570387716,0.640597854889909
0.13676690324990662,0.36898256570387716,0.6405844071624931
0.13676690324990662,0.3692427790788447,0.6405740380916196
0.1368135973104221,0.3692427790788447,0.6405510701697685
0.1368135973104221,0.3693295168705005,0.6405352593411069
0.1368602913709376,0.3693295168705005,0.6405301768806305
0.1368602913709376,0.36941625466215633,0.6405078064437352
0.13690698543145313,0.36941625466215633,0.6405057199569447
0.13690698543145313,0.36950299245381213,0.6404729437399919
0.13697702652222637,0.36950299245381213,0.6404157506671988
0.13697702652222637,0.36958973024546793,0.6404102681240449
0.13700037355248412,0.36958973024546793,0.6404069363637335
0.13700037355248412,0.3696764680371238,0.6403935864230816
0.13702372058274187,0.3696764680371238,0.6403420388078331
0.13702372058274187,0.3697632058287796,0.6403256072594581
0.13709376167351514,0.3697632058287796,0.6402921114442975
0.13709376167351514,0.36984994362043544,0.6402831109642535
0.13723384385506163,0.36984994362043544,0.6401749635048011
0.13723384385506163,0.36993668141209124,0.640158068232265
0.13742062009712364,0.36993668141209124,0.640067919914689
0.13742062009712364,0.3700234192037471,0.6400658514480149
0.13744396712738138,0.3700234192037471,0.6400596130121137
0.13744396712738138,0.3701101569954029,0.6400579098810033
0.13756070227867015,0.3701101569954029,0.6400026452494536
0.13756070227867015,0.3701968947870587,0.6399972646991712
0.1375840493089279,0.3701968947870587,0.6399909436477857
0.1375840493089279,0.37028363257871455,0.6399634675932151
0.13763074336944342,0.37028363257871455,0.63991479110978
0.13763074336944342,0.37037037037037035,0.6398764388483626
0.13765409039970117,0.37037037037037035,0.6398633277725465
0.13765409039970117,0.3704571081620262,0.6398137109678532
0.13786421367202092,0.3704571081620262,0.6397376599042963
0.13786421367202092,0.370543845953682,0.6397265393805323
0.13788756070227867,0.370543845953682,0.6397112415082937
0.13788756070227867,0.3708040593286495,0.6396604646058488
0.13795760179305191,0.3708040593286495,0.639642495023788
0.13795760179305191,0.3708907971203053,0.6396334900970041
0.13802764288382519,0.3708907971203053,0.6396116742629032
0.13802764288382519,0.37106427270361697,0.639601749244208
0.13805098991408293,0.37106427270361697,0.6396013991246954
0.13805098991408293,0.37115101049527277,0.639587682037055
0.13809768397459843,0.37115101049527277,0.6395800103930177
0.13809768397459843,0.3712377482869286,0.6395630006796929
0.13830780724691819,0.3712377482869286,0.6394127793358121
0.13830780724691819,0.3713244860785844,0.6394062846887529
0.13842454239820695,0.3713244860785844,0.6392669206633228
0.13842454239820695,0.3714979616618961,0.6392550459154595
0.1384478894284647,0.3714979616618961,0.6392364150705241
0.1384478894284647,0.37158469945355194,0.6392272824919135
0.13865801270078446,0.37158469945355194,0.6391828937975612
0.13865801270078446,0.37167143724520774,0.6391764095434589
0.1386813597310422,0.37167143724520774,0.6391451087083179
0.1386813597310422,0.3718449128285194,0.6391018601328042
0.13877474785207322,0.3718449128285194,0.639064389234557
0.13877474785207322,0.3719316506201752,0.6390459783040547
0.13882144191258872,0.3719316506201752,0.6390259228446444
0.13882144191258872,0.37210512620348685,0.6390128934170232
0.13893817706387748,0.37210512620348685,0.6389455489899878
0.13893817706387748,0.3721918639951427,0.6389161583495047
0.13896152409413523,0.3721918639951427,0.6389081114465847
0.13896152409413523,0.37236533957845436,0.6388556878813506
0.13898487112439298,0.37236533957845436,0.6388516801825267
0.13898487112439298,0.37245207737011016,0.6388431318709787
0.13905491221516622,0.37245207737011016,0.6388198442220909
0.13905491221516622,0.37253881516176596,0.6388097708690623
0.13907825924542397,0.37253881516176596,0.6388080163500918
0.13907825924542397,0.3726255529534218,0.6387848476695115
0.139171647366455,0.3726255529534218,0.6387223785567502
0.139171647366455,0.3729725041200451,0.6386636787321744
0.13919499439671273,0.3729725041200451,0.6386547172144392
0.13919499439671273,0.3731459797033568,0.6386264374704588
0.139265035487486,0.3731459797033568,0.638572090345173
0.139265035487486,0.3733194552866684,0.6385252919561455
0.13928838251774375,0.3733194552866684,0.6384895118149876
0.13928838251774375,0.37349293086998003,0.6384612543450053
0.1393117295480015,0.37349293086998003,0.6384516132088924
0.1393117295480015,0.3735796686616359,0.6384485965020319
0.13933507657825925,0.3735796686616359,0.6384330679345799
0.13933507657825925,0.3736664064532917,0.6384270182466475
0.13938177063877474,0.3736664064532917,0.638409233371855
0.13938177063877474,0.37375314424494754,0.6383800096359661
0.13942846469929024,0.37375314424494754,0.638342421887526
0.13942846469929024,0.3739266198282592,0.6383334720900329
0.13945181172954801,0.3739266198282592,0.638332719280123
0.13945181172954801,0.374013357619915,0.6382948889407243
0.1394985057900635,0.374013357619915,0.6382418868871437
0.1394985057900635,0.37418683320322665,0.638229337554213
0.139545199850579,0.37418683320322665,0.6381844115497038
0.139545199850579,0.3743603087865383,0.6381760064336339
0.13956854688083675,0.3743603087865383,0.6381620151288627
0.13956854688083675,0.3744470465781941,0.6381288172566327
0.13966193500186777,0.3744470465781941,0.6380559393429742
0.13966193500186777,0.37453378436984996,0.6380474549185075
0.139731976092641,0.37453378436984996,0.6380292160774548
0.139731976092641,0.3747072599531616,0.6380128842420567
0.1397786701531565,0.3747072599531616,0.6379967807825496
0.1397786701531565,0.3747939977448174,0.6379816614812036
0.13980201718341426,0.3747939977448174,0.6379493726065821
0.13980201718341426,0.3748807355364732,0.6379055960113216
0.13982536421367203,0.3748807355364732,0.637902950264891
0.13982536421367203,0.3749674733281291,0.6378924173882434
0.13984871124392978,0.3749674733281291,0.6378561670057382
0.13984871124392978,0.3750542111197849,0.6378409721137768
0.13989540530444527,0.3750542111197849,0.6378319460031263
0.13989540530444527,0.37514094891144073,0.6378251572912503
0.14005883451624954,0.37514094891144073,0.6377369670679156
0.14005883451624954,0.37522768670309653,0.6376921907201725
0.14024561075831155,0.37522768670309653,0.6375742643271186
0.14024561075831155,0.3753144244947524,0.6375730807464908
0.1403156518490848,0.3753144244947524,0.6375026997248747
0.1403156518490848,0.375487900078064,0.6374914409848347
0.14038569293985806,0.375487900078064,0.6374334383780771
0.14038569293985806,0.37566137566137564,0.6373930194338818
0.1404090399701158,0.37566137566137564,0.6373873726993877
0.1404090399701158,0.3757481134530315,0.6373797516302647
0.14047908106088905,0.3757481134530315,0.6373039429801848
0.14047908106088905,0.3758348512446873,0.6372956576276798
0.14061916324243556,0.3758348512446873,0.6372447677384012
0.14061916324243556,0.37600832682799895,0.6372135818912789
0.1406892043332088,0.37600832682799895,0.6372030035983547
0.1406892043332088,0.3760950646196548,0.6371989893481532
0.14075924542398208,0.3760950646196548,0.6371615829900883
0.14075924542398208,0.3762685402029664,0.6371450294294989
0.14094602166604409,0.3762685402029664,0.6370706104843659
0.14094602166604409,0.37644201578627806,0.6370663268839405
0.14101606275681733,0.37644201578627806,0.6370274144708388
0.14101606275681733,0.3765287535779339,0.6370251517937006
0.14115614493836384,0.3765287535779339,0.6369215611683676
0.14115614493836384,0.37670222916124557,0.6368901918202204
0.14122618602913709,0.37670222916124557,0.6368612297549926
0.14122618602913709,0.37678896695290137,0.6368546953135947
0.14138961524094135,0.37678896695290137,0.6367378038984237
0.14138961524094135,0.3768757047445572,0.6367270762647539
0.1414129622711991,0.3768757047445572,0.6367211637173783
0.1414129622711991,0.3770491803278688,0.6366956330579527
0.14145965633171462,0.3770491803278688,0.636694008784846
0.14145965633171462,0.3771359181195247,0.6366554318586157
0.1415997385132611,0.3771359181195247,0.6365097325548001
0.1415997385132611,0.3772226559111805,0.6365021374182174
0.14166977960403437,0.3772226559111805,0.6364661749447768
0.14166977960403437,0.37730939370283634,0.6364634562828717
0.14173982069480762,0.37730939370283634,0.6363691069414614
0.14173982069480762,0.377482869286148,0.6363618073667627
0.1418098617855809,0.377482869286148,0.6363328901485679
0.1418098617855809,0.37765634486945965,0.6362910420388457
0.1419966380276429,0.37765634486945965,0.6362172365269299
0.1419966380276429,0.37782982045277125,0.6361931280874429
0.14206667911841614,0.37782982045277125,0.6361845626386302
0.14206667911841614,0.3779165582444271,0.6361792892005483
0.1420900261486739,0.3779165582444271,0.6361366002651244
0.1420900261486739,0.37809003382773876,0.63612660195874
0.1422301083302204,0.37809003382773876,0.6359228590053262
0.1422301083302204,0.37817677161939456,0.6359227302699743
0.1422768023907359,0.37817677161939456,0.6358776725091972
0.1422768023907359,0.3782635094110504,0.635853640024018
0.1423234964512514,0.3782635094110504,0.6358188149728914
0.1423234964512514,0.3783502472027062,0.6358082726216465
0.14234684348150914,0.3783502472027062,0.635772930967812
0.14234684348150914,0.37852372278601787,0.6357543679575725
0.14237019051176691,0.37852372278601787,0.635746118676981
0.14237019051176691,0.3787839361609853,0.6357180996592018
0.1424635786327979,0.3787839361609853,0.6356734866609975
0.1424635786327979,0.3788706739526412,0.6356690353847887
0.14255696675382892,0.3788706739526412,0.6356121135735949
0.14255696675382892,0.378957411744297,0.6355907132433212
0.14260366081434442,0.378957411744297,0.6355692901409584
0.14260366081434442,0.37913088732760863,0.6355138869280192
0.14262700784460217,0.37913088732760863,0.635513617130077
0.14262700784460217,0.3793911007025761,0.6354663528777309
0.1426970489353754,0.3793911007025761,0.6354286209039728
0.1426970489353754,0.37947783849423194,0.6354262573498626
0.14276709002614868,0.37947783849423194,0.6353904507754599
0.14276709002614868,0.37956457628588774,0.6353816703590788
0.14281378408666418,0.37956457628588774,0.6353583591189667
0.14281378408666418,0.3796513140775436,0.6353525561206068
0.14288382517743742,0.3796513140775436,0.6352779002087443
0.14288382517743742,0.3797380518691994,0.6351968969988213
0.1429071722076952,0.3797380518691994,0.6351954171779473
0.1429071722076952,0.37982478966085526,0.6351790437736133
0.1431406425102727,0.37982478966085526,0.6350830060332096
0.1431406425102727,0.3800850030358227,0.6350374171573219
0.1431873365707882,0.3800850030358227,0.6350121243597989
0.1431873365707882,0.3801717408274785,0.6349919090344018
0.1432807246918192,0.3801717408274785,0.6349027978182065
0.1432807246918192,0.38025847861913437,0.6349009315801324
0.1433741128128502,0.38025847861913437,0.6348799351271475
0.1433741128128502,0.38034521641079017,0.6348758194731374
0.14344415390362347,0.38034521641079017,0.634851554145302
0.14344415390362347,0.3806054297857577,0.6347827533231739
0.14346750093388122,0.3806054297857577,0.6347821448473853
0.14346750093388122,0.3806921675774135,0.6347583758009312
0.14349084796413897,0.3806921675774135,0.6347529351749446
0.14349084796413897,0.3807789053690693,0.6347472552670005
0.1436075831154277,0.3807789053690693,0.6346969961549569
0.1436075831154277,0.38086564316072513,0.6346837985601168
0.14370097123645872,0.38086564316072513,0.6346159222755696
0.14370097123645872,0.38095238095238093,0.6345966713766995
0.14374766529697422,0.38095238095238093,0.6345358432460342
0.14374766529697422,0.3811258565356926,0.6345229227881213
0.1438177063877475,0.3811258565356926,0.634494788109828
0.1438177063877475,0.38121259432734844,0.6344931169826488
0.14384105341800524,0.38121259432734844,0.6344811999142926
0.14384105341800524,0.38164628328562755,0.6344047140871838
0.14393444153903623,0.38164628328562755,0.634373871867181
0.14393444153903623,0.3818197588689392,0.6343593159565497
0.14412121778109824,0.3818197588689392,0.6341884192896566
0.14412121778109824,0.381906496660595,0.6341748350588171
0.1441912588718715,0.381906496660595,0.634095006518048
0.1441912588718715,0.38199323445225086,0.63405956215644
0.14421460590212926,0.38199323445225086,0.6340584390776269
0.14421460590212926,0.38207997224390666,0.6340299706432377
0.1442846469929025,0.38207997224390666,0.6339550253485342
0.1442846469929025,0.3821667100355625,0.6339531873278724
0.14451811729548,0.3821667100355625,0.6338174160640642
0.14451811729548,0.3822534478272183,0.6338071395865965
0.14454146432573778,0.3822534478272183,0.6338049425472703
0.14454146432573778,0.3823401856188741,0.6337986106281055
0.14456481135599553,0.3823401856188741,0.6337952576797525
0.14456481135599553,0.38260039899384163,0.633771198712012
0.14463485244676877,0.38260039899384163,0.6337322401254737
0.14463485244676877,0.38268713678549743,0.6337305215298261
0.14475158759805754,0.38268713678549743,0.6336268738517816
0.14475158759805754,0.38294735016046494,0.6335811017910482
0.14479828165857303,0.38294735016046494,0.6335356896291715
0.14479828165857303,0.38312082574377654,0.6334424194627197
0.1449150168098618,0.38312082574377654,0.6333493297596466
0.1449150168098618,0.3832075635354324,0.633344931622392
0.1449617108703773,0.3832075635354324,0.633293231918485
0.1449617108703773,0.38338103911874405,0.6332543139838807
0.14505509899140828,0.38338103911874405,0.6331906310795357
0.14505509899140828,0.38346777691039985,0.6331888983869371
0.1451484871124393,0.38346777691039985,0.6331495162009253
0.1451484871124393,0.38381472807702316,0.6331081149081742
0.1451951811729548,0.38381472807702316,0.6330764481388359
0.1451951811729548,0.38390146586867896,0.6330716760872372
0.1453819574150168,0.38390146586867896,0.6330276911254429
0.1453819574150168,0.38416167924364647,0.6330103752460299
0.14540530444527455,0.38416167924364647,0.6329398659609549
0.14540530444527455,0.38424841703530227,0.6328656404864517
0.1454286514755323,0.38424841703530227,0.6328652537818371
0.1454286514755323,0.3844218926186139,0.6328132451766713
0.14545199850579008,0.3844218926186139,0.6328068015568917
0.14545199850579008,0.3845086304102698,0.6327923751455964
0.14547534553604782,0.3845086304102698,0.6327920342337665
0.14547534553604782,0.3846821059935814,0.6327622971303167
0.14554538662682107,0.3846821059935814,0.632712809358406
0.14554538662682107,0.38485558157689304,0.6326961195424178
0.1455687336570788,0.38485558157689304,0.6326579861064946
0.1455687336570788,0.3850290571602047,0.6326491985386873
0.14559208068733656,0.3850290571602047,0.6326384384002166
0.14559208068733656,0.38511579495186055,0.6326314373698925
0.14568546880836758,0.38511579495186055,0.6325450497582876
0.14568546880836758,0.38520253274351635,0.6325317920890519
0.14573216286888308,0.38520253274351635,0.6325162975359016
0.14573216286888308,0.3852892705351722,0.6324829650790733
0.14575550989914082,0.3852892705351722,0.6324802501803425
0.14575550989914082,0.3854627461184838,0.6324580015231334
0.14577885692939857,0.3854627461184838,0.632442454381573
0.14577885692939857,0.38554948391013966,0.6324036642572681
0.14580220395965632,0.38554948391013966,0.6324028557737519
0.14580220395965632,0.38563622170179546,0.6323924446803952
0.14584889802017184,0.38563622170179546,0.6323664320923065
0.14584889802017184,0.3857229594934513,0.6323389906460974
0.14596563317146058,0.3857229594934513,0.6323136354030983
0.14596563317146058,0.38589643507676297,0.6322852091287912
0.1461057153530071,0.38589643507676297,0.6321391495346729
0.1461057153530071,0.3861566484517304,0.6320971104634283
0.1461524094135226,0.3861566484517304,0.6320572346638746
0.1461524094135226,0.3862433862433862,0.6320305005067623
0.1462457975345536,0.3862433862433862,0.6319742561185602
0.1462457975345536,0.3863301240350421,0.6319602467067711
0.14636253268584237,0.3863301240350421,0.6318213167286371
0.14636253268584237,0.38650359961835373,0.6318097507907834
0.14638587971610012,0.38650359961835373,0.631808232201416
0.14638587971610012,0.38659033741000953,0.6317955767051908
0.14640922674635787,0.38659033741000953,0.6317907400628318
0.14640922674635787,0.3867638129933212,0.6317766297652898
0.14643257377661562,0.3867638129933212,0.6317607762727375
0.14643257377661562,0.38702402636828864,0.6317184354864035
0.14645592080687336,0.38702402636828864,0.6316814599607514
0.14645592080687336,0.3871107641599445,0.631676382473155
0.14650261486738886,0.3871107641599445,0.6316273395160028
0.14650261486738886,0.38728423974325615,0.6316073976207124
0.14654930892790438,0.38728423974325615,0.6315481711660164
0.14654930892790438,0.38737097753491195,0.631533167221616
0.14666604407919312,0.38737097753491195,0.6314761418351382
0.14666604407919312,0.3875444531182236,0.6314395513043022
0.14675943220022414,0.3875444531182236,0.6313589423929633
0.14675943220022414,0.3876311909098794,0.6313490477726174
0.14687616735151288,0.3876311909098794,0.6313078542870125
0.14687616735151288,0.38771792870153526,0.6313056924226136
0.1470162495330594,0.38771792870153526,0.6311905887089151
0.1470162495330594,0.3878914042848469,0.6311512527881363
0.1471096376540904,0.3878914042848469,0.6311400883861653
0.1471096376540904,0.3879781420765027,0.6311294657415931
0.14717967874486365,0.3879781420765027,0.6310641531163215
0.14717967874486365,0.3881516176598144,0.6310280595507183
0.14729641389615242,0.3881516176598144,0.630963098896649
0.14729641389615242,0.38832509324312603,0.6308839839081464
0.14731976092641016,0.38832509324312603,0.6308824787413059
0.14731976092641016,0.38841183103478183,0.6308776775845238
0.14736645498692566,0.38841183103478183,0.6307997964725083
0.14736645498692566,0.3884985688264377,0.6307986060255065
0.14757657825924542,0.3884985688264377,0.6306636101441125
0.14757657825924542,0.3885853066180935,0.6306555271329872
0.14759992528950316,0.3885853066180935,0.6306454723534227
0.14759992528950316,0.38867204440974934,0.6306431058070374
0.14766996638027644,0.38867204440974934,0.6306176946481465
0.14766996638027644,0.38875878220140514,0.6305894430532313
0.14774000747104968,0.38875878220140514,0.6304664252770651
0.14774000747104968,0.388845519993061,0.6304627078768432
0.14776335450130743,0.388845519993061,0.6304505977275058
0.14776335450130743,0.3889322577847168,0.6304460924052518
0.1478800896525962,0.3889322577847168,0.630332690471297
0.1478800896525962,0.38901899557637265,0.6303118393920866
0.14790343668285394,0.38901899557637265,0.6302931694054874
0.14790343668285394,0.38910573336802845,0.6302876303647108
0.1479267837131117,0.38910573336802845,0.6302809551004118
0.1479267837131117,0.38919247115968425,0.630269579999793
0.14795013074336943,0.38919247115968425,0.6302647325048831
0.14795013074336943,0.3892792089513401,0.6302529285663057
0.14797347777362718,0.3892792089513401,0.6302521660601916
0.14797347777362718,0.38945268453465176,0.6302081835388735
0.14809021292491595,0.38945268453465176,0.6301141277467133
0.14809021292491595,0.38953942232630756,0.6300932101151819
0.14813690698543144,0.38953942232630756,0.6300718193700312
0.14813690698543144,0.3896261601179634,0.6300646680389623
0.14823029510646246,0.3896261601179634,0.6300151664362439
0.14823029510646246,0.3897128979096192,0.6299968673757553
0.1483003361972357,0.3897128979096192,0.629929007409165
0.1483003361972357,0.38988637349293087,0.6298367093588333
0.14834703025775123,0.38988637349293087,0.6298207813868721
0.14834703025775123,0.38997311128458667,0.6297951764053042
0.14851045946955546,0.38997311128458667,0.6297284649872065
0.14851045946955546,0.3900598490762425,0.629724534501352
0.14853380649981324,0.3900598490762425,0.6297025351869907
0.14853380649981324,0.3902333246595542,0.6296621247696015
0.14865054165110198,0.3902333246595542,0.6296031261534207
0.14865054165110198,0.39032006245121,0.6296019812228077
0.14867388868135972,0.39032006245121,0.62959974081897
0.14867388868135972,0.39040680024286584,0.6295894498824026
0.14872058274187525,0.39040680024286584,0.6295665978916796
0.14872058274187525,0.3905802758261775,0.6295618605072084
0.1487906238326485,0.3905802758261775,0.6295359910838283
0.1487906238326485,0.3906670136178333,0.6294878552581309
0.14881397086290624,0.3906670136178333,0.6294762409097296
0.14881397086290624,0.3907537514094891,0.6294633086264042
0.14888401195367948,0.3907537514094891,0.6293569254281748
0.14888401195367948,0.39084048920114495,0.6293554673924988
0.14900074710496825,0.39084048920114495,0.629258488511088
0.14900074710496825,0.39092722699280075,0.6292556143374505
0.149024094135226,0.39092722699280075,0.6292142594285519
0.149024094135226,0.3910139647844566,0.6292063507168266
0.14904744116548374,0.3910139647844566,0.6291749912897013
0.14904744116548374,0.39127417815942406,0.6291420461686599
0.14909413522599926,0.39127417815942406,0.6291374389589568
0.14909413522599926,0.3913609159510799,0.6291270757853764
0.1491641763167725,0.3913609159510799,0.6290891835433088
0.1491641763167725,0.3915343915343915,0.6290547409622576
0.14928091146806127,0.3915343915343915,0.6288826590099852
0.14928091146806127,0.39162112932604737,0.628876510475223
0.14935095255883452,0.39162112932604737,0.6288445139472336
0.14935095255883452,0.39170786711770317,0.6287908328491867
0.14942099364960776,0.39170786711770317,0.6287836248227698
0.14942099364960776,0.391794604909359,0.6287739760021793
0.14956107583115427,0.391794604909359,0.6287191738640934
0.14956107583115427,0.3921415560759823,0.6286426814289214
0.1496544639521853,0.3921415560759823,0.6285766641706958
0.1496544639521853,0.39222829386763813,0.6285589898975307
0.14967781098244304,0.39222829386763813,0.6285091392116903
0.14967781098244304,0.39231503165929393,0.6285071486012411
0.14974785207321628,0.39231503165929393,0.6284649963724527
0.14974785207321628,0.3924017694509498,0.6284634720194122
0.14977119910347403,0.3924017694509498,0.628443447892288
0.14977119910347403,0.3924885072426056,0.6284265871888058
0.1498412401942473,0.3924885072426056,0.6283912785232995
0.1498412401942473,0.3927487206175731,0.6283816430425525
0.14986458722450505,0.3927487206175731,0.6283716708428669
0.14986458722450505,0.39300893399254055,0.6283481077636366
0.14998132237579379,0.39300893399254055,0.6282947939887655
0.14998132237579379,0.39309567178419635,0.6282931987684481
0.15009805752708255,0.39309567178419635,0.6282383055277705
0.15009805752708255,0.3931824095758522,0.6281931185772964
0.15014475158759805,0.3931824095758522,0.6281586828093348
0.15014475158759805,0.393269147367508,0.6281290979371981
0.15016809861785582,0.393269147367508,0.62811815978726
0.15016809861785582,0.39335588515916386,0.6281152763934139
0.15019144564811357,0.39335588515916386,0.6281085895399228
0.15019144564811357,0.3935293607424755,0.6280541374472457
0.1502614867388868,0.3935293607424755,0.628038433259282
0.1502614867388868,0.3936160985341313,0.6280272081498856
0.15042491595069107,0.3936160985341313,0.6279270073804577
0.15042491595069107,0.393789574117443,0.627922500189606
0.15044826298094882,0.393789574117443,0.6279204090020938
0.15044826298094882,0.3938763119090988,0.6279178126736313
0.15054165110197984,0.3938763119090988,0.6278260265721248
0.15054165110197984,0.39396304970075463,0.6278141701733693
0.15070508031378407,0.39396304970075463,0.6277570653296278
0.15070508031378407,0.39404978749241043,0.6277493457959138
0.1510319387373926,0.39404978749241043,0.6275353604064962
0.1510319387373926,0.3941365252840663,0.6274821412359161
0.15105528576765034,0.3941365252840663,0.6274770165635982
0.15105528576765034,0.3942232630757221,0.6274241525280568
0.15114867388868136,0.3942232630757221,0.6273528510342248
0.15114867388868136,0.39431000086737794,0.6273427531510176
0.15119536794919686,0.39431000086737794,0.627334445783569
0.15119536794919686,0.39439673865903374,0.6273116792355968
0.15138214419125887,0.39439673865903374,0.6272681013632877
0.15138214419125887,0.39483042761731285,0.6272000868491976
0.1514054912215166,0.39483042761731285,0.6271993715413018
0.1514054912215166,0.3949171654089687,0.6271834430389117
0.15147553231228988,0.3949171654089687,0.6271752593481397
0.15147553231228988,0.3950039032006245,0.6271696389839594
0.15156892043332088,0.3950039032006245,0.6270608015875646
0.15156892043332088,0.39509064099228036,0.6270463736395313
0.15161561449383637,0.39509064099228036,0.6270272511153594
0.15161561449383637,0.39517737878393616,0.6269975582251692
0.1517090026148674,0.39517737878393616,0.6269054763025295
0.1517090026148674,0.3953508543672478,0.6268826386629863
0.1518023907358984,0.3953508543672478,0.6268091657367298
0.1518023907358984,0.39561106774221527,0.6267455064855806
0.15187243182667165,0.39561106774221527,0.6267054783666923
0.15187243182667165,0.3957845433255269,0.6266603604170875
0.15198916697796042,0.3957845433255269,0.6266020051336151
0.15198916697796042,0.3958712811171828,0.6265770784797302
0.15210590212924915,0.3958712811171828,0.6264629099779162
0.15210590212924915,0.3960447567004944,0.6264297403893736
0.1521292491595069,0.3960447567004944,0.626412369417956
0.1521292491595069,0.39621823228380604,0.6264071921273098
0.15219929025028017,0.39621823228380604,0.6263691781314098
0.15219929025028017,0.3963049700754619,0.6263626794636583
0.15240941352259993,0.3963049700754619,0.6261998336340739
0.15240941352259993,0.3963917078671177,0.6261913533909513
0.15243276055285768,0.3963917078671177,0.6261882594389694
0.15243276055285768,0.39647844565877355,0.6261841887495843
0.15254949570414644,0.39647844565877355,0.6261285745528691
0.15254949570414644,0.39656518345042935,0.6261250185798893
0.15259618976466194,0.39656518345042935,0.6261182569082184
0.15259618976466194,0.396738659033741,0.6261039004696827
0.15264288382517743,0.396738659033741,0.6260931910292249
0.15264288382517743,0.39699887240870846,0.6260489313634103
0.15268957788569293,0.39699887240870846,0.6260183480165262
0.15268957788569293,0.3970856102003643,0.6260132105105813
0.1527596189764662,0.3970856102003643,0.6259778538779529
0.1527596189764662,0.3971723479920201,0.6259409021223579
0.15278296600672395,0.3971723479920201,0.6259368569733252
0.15278296600672395,0.39725908578367597,0.6259243832291771
0.15282966006723944,0.39725908578367597,0.6258445806817964
0.15282966006723944,0.39734582357533177,0.6258421749648262
0.1528530070974972,0.39734582357533177,0.6258282385240542
0.1528530070974972,0.3975192991586434,0.6257880603417012
0.1529463952185282,0.3975192991586434,0.6257270925156218
0.1529463952185282,0.3976060369502992,0.625695231628961
0.1530397833395592,0.3976060369502992,0.6256554636068568
0.1530397833395592,0.3976927747419551,0.6256455040257025
0.15308647740007472,0.3976927747419551,0.6256232071487668
0.15308647740007472,0.39786625032526673,0.6255974400648026
0.15313317146059022,0.39786625032526673,0.6255812345952523
0.15313317146059022,0.3980397259085784,0.6255757340285106
0.15324990661187896,0.3980397259085784,0.6255158554641933
0.15324990661187896,0.39821320149189,0.6255047121313044
0.15327325364213673,0.39821320149189,0.6254824430272568
0.15327325364213673,0.39829993928354585,0.625481491542019
0.15338998879342547,0.39829993928354585,0.6254045005288309
0.15338998879342547,0.3984734148668575,0.6253930813844755
0.15346002988419874,0.3984734148668575,0.6253303792932481
0.15346002988419874,0.3985601526585133,0.6253065032554965
0.1534833769144565,0.3985601526585133,0.6253025436914295
0.1534833769144565,0.39873362824182496,0.6252768559970052
0.15353007097497198,0.39873362824182496,0.6252541132286287
0.15353007097497198,0.3989071038251366,0.6252468487847205
0.15355341800522973,0.3989071038251366,0.6252271417557531
0.15355341800522973,0.3989938416167924,0.6252084876870014
0.15360011206574523,0.3989938416167924,0.6251373571269505
0.15360011206574523,0.39908057940844827,0.6251259635671138
0.15369350018677624,0.39908057940844827,0.6250719317418649
0.15369350018677624,0.39916731720010407,0.6250505728592926
0.1538569293985805,0.39916731720010407,0.6249720222660949
0.1538569293985805,0.3992540549917599,0.6249717784408737
0.15388027642883825,0.3992540549917599,0.6249668058414759
0.15388027642883825,0.3993407927834157,0.6249614864655589
0.15392697048935375,0.3993407927834157,0.624947302508914
0.15392697048935375,0.3994275305750716,0.6249349927676979
0.15420713485244678,0.3994275305750716,0.6248032316147538
0.15420713485244678,0.3995142683667274,0.6247755516217679
0.15425382891296227,0.3995142683667274,0.6247336438017067
0.15425382891296227,0.39960100615838323,0.6247256666993742
0.15441725812476653,0.39960100615838323,0.6246843839730878
0.15441725812476653,0.39968774395003903,0.6246799334708185
0.15444060515502428,0.39968774395003903,0.6246544431041068
0.15444060515502428,0.39977448174169483,0.624650110785264
0.15446395218528203,0.39977448174169483,0.6246226080515207
0.15446395218528203,0.3998612195333507,0.6246057784565897
0.1546273813970863,0.3998612195333507,0.6245498754919834
0.1546273813970863,0.3999479573250065,0.6245391035147405
0.15465072842734404,0.3999479573250065,0.6245373609061557
0.15465072842734404,0.40003469511666234,0.6245368621198923
0.15469742248785953,0.40003469511666234,0.6245294764996185
0.15469742248785953,0.4002949084916298,0.6245087223044276
0.15474411654837505,0.4002949084916298,0.6244573358610144
0.15474411654837505,0.40038164628328565,0.624452242338289
0.1548608516996638,0.40038164628328565,0.6243832470274082
0.1548608516996638,0.40046838407494145,0.6243796814819147
0.15493089279043706,0.40046838407494145,0.6243430516022134
0.15493089279043706,0.4006418596582531,0.6243357491533656
0.1549542398206948,0.4006418596582531,0.6242931087614965
0.1549542398206948,0.4007285974499089,0.6242923738248736
0.1550476279417258,0.4007285974499089,0.6242531247436978
0.1550476279417258,0.40081533524156476,0.6242330981657199
0.15514101606275682,0.40081533524156476,0.6241432068421875
0.15514101606275682,0.40090207303322056,0.6241399198685409
0.15518771012327232,0.40090207303322056,0.6241282075782504
0.15518771012327232,0.4011622864081881,0.6241250384550088
0.15535113933507658,0.4011622864081881,0.624034877305323
0.15535113933507658,0.4012490241998439,0.6240301688786803
0.1557246918192006,0.4012490241998439,0.623735626232782
0.1557246918192006,0.4013357619914997,0.6237339086829068
0.1559114680612626,0.4013357619914997,0.6235428436981973
0.1559114680612626,0.40142249978315553,0.6235302792892098
0.15598150915203587,0.40142249978315553,0.623466565867056
0.15598150915203587,0.40150923757481133,0.6234644023568814
0.15602820321255137,0.40150923757481133,0.6234190599640411
0.15602820321255137,0.4015959753664672,0.6234037794599059
0.15607489727306686,0.4015959753664672,0.6233724799571981
0.15607489727306686,0.40176945094977884,0.6233524268786148
0.15612159133358236,0.40176945094977884,0.6233274019644037
0.15612159133358236,0.40185618874143464,0.6233233230225643
0.1561449383638401,0.40185618874143464,0.6233074949641787
0.1561449383638401,0.4019429265330905,0.623270515994214
0.15619163242435563,0.4019429265330905,0.623255693478424
0.15619163242435563,0.4020296643247463,0.6232310538199424
0.15621497945461338,0.4020296643247463,0.6232171145717493
0.15621497945461338,0.4021164021164021,0.6232108863887379
0.15630836757564437,0.4021164021164021,0.6231125943885588
0.15630836757564437,0.40220313990805795,0.6231113281090688
0.1563550616361599,0.40220313990805795,0.6230862597956439
0.1563550616361599,0.40228987769971375,0.6230586737325494
0.15647179678744863,0.40228987769971375,0.6230207313281533
0.15647179678744863,0.4023766154913696,0.6230107544911041
0.15656518490847965,0.4023766154913696,0.6229654255754202
0.15656518490847965,0.4024633532830254,0.6229616284427362
0.15661187896899514,0.4024633532830254,0.6229430749412967
0.15661187896899514,0.40255009107468126,0.6229370636291847
0.15670526709002616,0.40255009107468126,0.6228870743390608
0.15670526709002616,0.4027235666579929,0.6228475121866993
0.15675196115054166,0.4027235666579929,0.622845121874898
0.15675196115054166,0.4028970422413045,0.6228361931877242
0.15679865521105715,0.4028970422413045,0.6228096645721211
0.15679865521105715,0.40298378003296037,0.6228053433496507
0.15689204333208817,0.40298378003296037,0.6227724570363155
0.15689204333208817,0.4032439934079278,0.6227403725213093
0.15693873739260367,0.4032439934079278,0.6227076183893547
0.15693873739260367,0.4034174689912395,0.62269411576191
0.15696208442286141,0.4034174689912395,0.622691316677674
0.15696208442286141,0.4035042067828953,0.6226842572275323
0.1570554725438924,0.4035042067828953,0.6225987733900449
0.1570554725438924,0.40359094457455114,0.6225951858235814
0.15707881957415018,0.40359094457455114,0.6225877208948977
0.15707881957415018,0.40367768236620694,0.6225810669138987
0.15717220769518117,0.40367768236620694,0.6224937228657852
0.15717220769518117,0.4037644201578628,0.6224783632133637
0.15735898393724318,0.4037644201578628,0.6223459474613728
0.15735898393724318,0.4038511579495186,0.6223266891202319
0.15738233096750093,0.4038511579495186,0.6223197712639194
0.15738233096750093,0.40393789574117445,0.622316294847475
0.15740567799775868,0.40393789574117445,0.6222989439918636
0.15740567799775868,0.40402463353283025,0.6222880918615248
0.1574990661187897,0.40402463353283025,0.622217912730545
0.1574990661187897,0.4041113713244861,0.622196068740536
0.15752241314904744,0.4041113713244861,0.6221921477450199
0.15752241314904744,0.4041981091161419,0.6221716937670845
0.15775588345162495,0.4041981091161419,0.6220221694569051
0.15775588345162495,0.4042848469077977,0.6220057991049368
0.15782592454239822,0.4042848469077977,0.6219771116214299
0.15782592454239822,0.40445832249110936,0.6219655164809208
0.15812943593574896,0.40445832249110936,0.6217681227465786
0.15812943593574896,0.40471853586607687,0.6217054602864238
0.15824617108703773,0.40471853586607687,0.6216715664473327
0.15824617108703773,0.40480527365773267,0.6216649244116252
0.15833955920806875,0.40480527365773267,0.621610940358551
0.15833955920806875,0.4048920114493885,0.6215843265405895
0.15845629435935749,0.4048920114493885,0.6215139335012252
0.15845629435935749,0.4050654870327001,0.6214965166350954
0.15852633545013076,0.4050654870327001,0.6214374264137945
0.15852633545013076,0.405152224824356,0.6214330456978666
0.1585496824803885,0.405152224824356,0.6214055444362715
0.1585496824803885,0.4052389626160118,0.6213977351917561
0.15861972357116175,0.4052389626160118,0.6213246685410815
0.15861972357116175,0.40532570040766763,0.6213061871209077
0.158689764661935,0.40532570040766763,0.6212867903444677
0.158689764661935,0.40541243819932343,0.6212639905350915
0.15871311169219277,0.40541243819932343,0.6212389686732824
0.15871311169219277,0.4054991759909793,0.6212308906747767
0.1587364587224505,0.4054991759909793,0.6211957391867095
0.1587364587224505,0.4055859137826351,0.6211784117642901
0.15885319387373925,0.4055859137826351,0.6211143323684252
0.15885319387373925,0.40567265157429094,0.6211135861781314
0.15889988793425477,0.40567265157429094,0.6210379926533486
0.15889988793425477,0.40584612715760254,0.6210206511902353
0.15892323496451252,0.40584612715760254,0.6210130920554506
0.15892323496451252,0.4060196027409142,0.6209709476769805
0.15903997011580126,0.4060196027409142,0.620927893002216
0.15903997011580126,0.40610634053257005,0.6209085088511161
0.159063317146059,0.40610634053257005,0.620897404381746
0.159063317146059,0.4063665539075375,0.6208844281728191
0.15908666417631678,0.4063665539075375,0.6208661472145276
0.15908666417631678,0.40654002949084916,0.6208428046026362
0.15911001120657453,0.40654002949084916,0.6208392339852213
0.15911001120657453,0.40662676728250496,0.6208276972416684
0.15922674635786327,0.40662676728250496,0.6207790439813741
0.15922674635786327,0.4067135050741608,0.6207738728193457
0.1592734404183788,0.4067135050741608,0.6207239317941351
0.1592734404183788,0.4068002428658166,0.6207172593758736
0.15929678744863654,0.4068002428658166,0.6207168478005753
0.15929678744863654,0.4068869806574725,0.6207090863952589
0.15936682853940978,0.4068869806574725,0.6206697497616667
0.15936682853940978,0.4069737184491283,0.6206605417893227
0.15939017556966753,0.4069737184491283,0.6206589967813392
0.15939017556966753,0.40706045624078413,0.6206181143781431
0.15941352259992528,0.40706045624078413,0.620602883058196
0.15941352259992528,0.40714719403243993,0.6205728589488066
0.15948356369069855,0.40714719403243993,0.6205483499621716
0.15948356369069855,0.4073206696157516,0.6205331825247351
0.1596469929025028,0.4073206696157516,0.6204880061264967
0.1596469929025028,0.4074074074074074,0.6204746139280004
0.15983376914456482,0.4074074074074074,0.62043370607249
0.15983376914456482,0.40749414519906324,0.6204152767515415
0.1599738513261113,0.40749414519906324,0.6203637819344644
0.1599738513261113,0.40758088299071904,0.6203373996393876
0.16004389241688458,0.40758088299071904,0.6203145539154831
0.16004389241688458,0.4076676207823749,0.6202838097321861
0.1601839745984311,0.4076676207823749,0.6201992354839271
0.1601839745984311,0.4077543585740307,0.6201639989112553
0.16030070974971983,0.4077543585740307,0.6200983548113174
0.16030070974971983,0.40792783415734235,0.6200799820796294
0.16034740381023535,0.40792783415734235,0.6200760272295038
0.16034740381023535,0.4080145719489982,0.6200627540991595
0.16058087411281285,0.4080145719489982,0.6198861103355359
0.16058087411281285,0.408101309740654,0.6198642514283601
0.16072095629435937,0.408101309740654,0.6197990986816961
0.16072095629435937,0.40827478532396566,0.6197813297853353
0.1608376914456481,0.40827478532396566,0.6197259296752211
0.1608376914456481,0.4085349986989331,0.6197042636702641
0.16093107956667912,0.4085349986989331,0.6196486251275832
0.16093107956667912,0.40862173649058897,0.6196460711268388
0.16097777362719462,0.40862173649058897,0.6195762783385759
0.16097777362719462,0.40870847428224477,0.6195338437202323
0.16116454986925663,0.40870847428224477,0.6193494852717558
0.16116454986925663,0.4088819498655564,0.6193347221692656
0.16125793799028765,0.4088819498655564,0.619290466190473
0.16125793799028765,0.4089686876572122,0.6192807241372325
0.16137467314157639,0.4089686876572122,0.6192557948912776
0.16137467314157639,0.4090554254488681,0.6192534734824819
0.16139802017183413,0.4090554254488681,0.6192430961766899
0.16139802017183413,0.40922890103217974,0.6191905400572466
0.16142136720209188,0.40922890103217974,0.6191477629406307
0.16142136720209188,0.4094023766154914,0.6191061135397057
0.1614680612626074,0.4094023766154914,0.6190724067211153
0.1614680612626074,0.40966258999045885,0.6190318273321649
0.1615147553231229,0.40966258999045885,0.6189975730334645
0.1615147553231229,0.40974932778211465,0.6189943507349717
0.16158479641389614,0.40974932778211465,0.6189680546122849
0.16158479641389614,0.4098360655737705,0.6189395041097974
0.1616548375046694,0.4098360655737705,0.6189019356324831
0.1616548375046694,0.4099228033654263,0.6188828162828905
0.16172487859544266,0.4099228033654263,0.6188428286357536
0.16172487859544266,0.41000954115708216,0.618816196461565
0.16179491968621593,0.41000954115708216,0.6187653779133488
0.16179491968621593,0.41009627894873796,0.6187373787341643
0.16188830780724692,0.41009627894873796,0.6186891087486805
0.16188830780724692,0.4101830167403938,0.6186757069861228
0.16198169592827794,0.4101830167403938,0.618619859386889
0.16198169592827794,0.4102697545320496,0.6186119166903017
0.16221516623085544,0.4102697545320496,0.6184820640989945
0.16221516623085544,0.4103564923237054,0.6184600684727906
0.16228520732162868,0.4103564923237054,0.6183360979567313
0.16228520732162868,0.41052996790701707,0.6183289276357526
0.1624252895031752,0.41052996790701707,0.618238542156776
0.1624252895031752,0.4106167056986729,0.6182378386289483
0.1624719835636907,0.4106167056986729,0.618212022733688
0.1624719835636907,0.4107034434903287,0.6182024039027687
0.1625653716847217,0.4107034434903287,0.6181688343071046
0.1625653716847217,0.4107901812819846,0.6181677370638645
0.1626587598057527,0.4107901812819846,0.6181126005377042
0.1626587598057527,0.4108769190736404,0.6180402207938998
0.16268210683601045,0.4108769190736404,0.6180128038520575
0.16268210683601045,0.4113106080319195,0.6179901149134838
0.16270545386626822,0.4113106080319195,0.6179839007700487
0.16270545386626822,0.41139734582357534,0.617962152858393
0.16275214792678372,0.41139734582357534,0.6179360861877551
0.16275214792678372,0.41148408361523114,0.6179330711147994
0.16279884198729921,0.41148408361523114,0.6179186329625543
0.16279884198729921,0.411570821406887,0.6178738012051987
0.16282218901755696,0.411570821406887,0.6178553333380624
0.16282218901755696,0.4116575591985428,0.6178442893242657
0.16296227119910348,0.4116575591985428,0.6178047266923525
0.16296227119910348,0.41174429699019865,0.6177984137535572
0.16300896525961897,0.41174429699019865,0.617780816752548
0.16300896525961897,0.41183103478185445,0.6177691760875369
0.16321908853193873,0.41183103478185445,0.6176368772588501
0.16321908853193873,0.41191777257351025,0.6176174427606118
0.16326578259245425,0.41191777257351025,0.6175939242768705
0.16326578259245425,0.4120045103651661,0.6175918189029967
0.16349925289503175,0.4120045103651661,0.6174575630151096
0.16349925289503175,0.41217798594847777,0.617439090789502
0.163569293985805,0.41217798594847777,0.6173969821071873
0.163569293985805,0.41226472374013357,0.6173962318909794
0.16361598804632052,0.41226472374013357,0.6173440813247398
0.16361598804632052,0.4124381993234452,0.6173184718058522
0.16366268210683602,0.4124381993234452,0.6173108621265909
0.16366268210683602,0.4126116749067569,0.6172613146590851
0.1637093761673515,0.4126116749067569,0.6171936662540085
0.1637093761673515,0.4126984126984127,0.6171858605692553
0.163756070227867,0.4126984126984127,0.6171401163642996
0.163756070227867,0.41278515049006853,0.6171031710310639
0.16377941725812475,0.41278515049006853,0.6170923719683259
0.16377941725812475,0.41287188828172433,0.6170890254337247
0.16391949943967127,0.41287188828172433,0.6170400366529721
0.16391949943967127,0.413045363865036,0.6170005870893767
0.16403623459096003,0.413045363865036,0.6169188647118447
0.16403623459096003,0.4133055772400035,0.6169021308405573
0.16405958162121778,0.4133055772400035,0.6168964868307854
0.16405958162121778,0.4133923150316593,0.6168835058241687
0.16408292865147553,0.4133923150316593,0.6168833610582745
0.16408292865147553,0.4134790528233151,0.6168779569687601
0.16412962271199102,0.4134790528233151,0.6168749219043566
0.16412962271199102,0.41365252840662675,0.6168410606710812
0.16417631677250655,0.41365252840662675,0.6168115137756708
0.16417631677250655,0.4137392661982826,0.6168086683503264
0.1641996638027643,0.4137392661982826,0.61680737055374
0.1641996638027643,0.41399947957325006,0.616720502527601
0.16426970489353754,0.41399947957325006,0.6167016527357729
0.16426970489353754,0.41408621736490586,0.6166965665612087
0.16431639895405303,0.41408621736490586,0.6166609847287445
0.16431639895405303,0.41451990632318503,0.6165993430172292
0.16436309301456856,0.41451990632318503,0.6164992330068741
0.16436309301456856,0.4146066441148408,0.6164886162171042
0.1643864400448263,0.4146066441148408,0.6164831049527231
0.1643864400448263,0.4147801196981525,0.6164568327415488
0.16450317519611504,0.4147801196981525,0.6164166191517799
0.16450317519611504,0.4148668574898083,0.6164054713388352
0.16452652222637282,0.4148668574898083,0.616404960285077
0.16452652222637282,0.41495359528146414,0.6163996724944254
0.16454986925663057,0.41495359528146414,0.6163868460879973
0.16454986925663057,0.4152138086564316,0.6163164210715608
0.1645732162868883,0.4152138086564316,0.6162912071741588
0.1645732162868883,0.41538728423974325,0.6162746224711517
0.16464325737766156,0.41538728423974325,0.616244849281478
0.16464325737766156,0.4154740220313991,0.6162426299900211
0.1646666044079193,0.4154740220313991,0.6162096425324537
0.1646666044079193,0.4155607598230549,0.6161925307695391
0.16478333955920807,0.4155607598230549,0.6160722262680691
0.16478333955920807,0.41582097319802236,0.6160192258652328
0.16480668658946582,0.41582097319802236,0.6160105802361484
0.16480668658946582,0.4159077109896782,0.6160105433487038
0.16483003361972356,0.4159077109896782,0.6159639304532842
0.16483003361972356,0.41608118657298987,0.6159311118302955
0.16490007471049684,0.41608118657298987,0.615915106637524
0.16490007471049684,0.41616792436464567,0.6159068106269039
0.16504015689204332,0.41616792436464567,0.6158368781761068
0.16504015689204332,0.4162546621563015,0.6158296198418044
0.1651101979828166,0.4162546621563015,0.615808670451421
0.1651101979828166,0.4163413999479573,0.6158007308288715
0.16518023907358984,0.4163413999479573,0.6157339771965427
0.16518023907358984,0.4164281377396131,0.6157049202028968
0.16520358610384758,0.4164281377396131,0.6156797167892599
0.16520358610384758,0.416514875531269,0.6156716395218551
0.1652969742248786,0.416514875531269,0.6156315873818863
0.1652969742248786,0.41677508890623644,0.615612792895728
0.1653436682853941,0.41677508890623644,0.6156035942176159
0.1653436682853941,0.4168618266978923,0.6155554611700965
0.16541370937616734,0.4168618266978923,0.6155183150108605
0.16541370937616734,0.4169485644895481,0.6155153643722129
0.1654837504669406,0.4169485644895481,0.6154797260199176
0.1654837504669406,0.4172955156561714,0.6154283841929435
0.16550709749719836,0.4172955156561714,0.6154279366230844
0.16550709749719836,0.4173822534478272,0.6154244238807705
0.1655304445274561,0.4173822534478272,0.6154242793683171
0.1655304445274561,0.41746899123948306,0.6154208103094958
0.16578726186029136,0.41746899123948306,0.6153382730922262
0.16578726186029136,0.41755572903113886,0.6153099305454867
0.16581060889054913,0.41755572903113886,0.6153096304941632
0.16581060889054913,0.4177292046144505,0.6152815345389074
0.16595069107209562,0.4177292046144505,0.6152640130683595
0.16595069107209562,0.41781594240610637,0.6152477033863877
0.1659740381023534,0.41781594240610637,0.6152378840430495
0.1659740381023534,0.41790268019776217,0.6152370684918442
0.16599738513261114,0.41790268019776217,0.615225139020254
0.16599738513261114,0.4180761557810738,0.6151680297411608
0.1661608143444154,0.4180761557810738,0.6150889252054965
0.1661608143444154,0.4181628935727296,0.6150852234790434
0.16632424355621964,0.4181628935727296,0.615024308354287
0.16632424355621964,0.4183363691560413,0.6149875504556832
0.1663475905864774,0.4183363691560413,0.6149613769889939
0.1663475905864774,0.41842310694769713,0.6149525826734292
0.16637093761673516,0.41842310694769713,0.6149502047617259
0.16637093761673516,0.41850984473935293,0.6149348692776055
0.1664876727680239,0.41850984473935293,0.6148232793008521
0.1664876727680239,0.4185965825310088,0.614820661259998
0.16653436682853942,0.4185965825310088,0.6148019485115608
0.16653436682853942,0.4186833203226646,0.6147937938900658
0.16660440791931266,0.4186833203226646,0.6147285107650953
0.16660440791931266,0.4187700581143204,0.6147220583140302
0.16665110197982816,0.4187700581143204,0.6146271759423128
0.16665110197982816,0.41885679590597624,0.614625291322785
0.1666744490100859,0.41885679590597624,0.6146152619453107
0.1666744490100859,0.41894353369763204,0.6146081589538563
0.16679118416137467,0.41894353369763204,0.6145651967511045
0.16679118416137467,0.4191170092809437,0.6144488869469837
0.16686122525214792,0.4191170092809437,0.6144020595020119
0.16686122525214792,0.41920374707259955,0.6143958731285541
0.16690791931266344,0.41920374707259955,0.6143910092200141
0.16690791931266344,0.4195506982392228,0.6143639908255945
0.16697796040343668,0.4195506982392228,0.614312634057655
0.16697796040343668,0.41972417382253446,0.6143017305363947
0.16721143070601419,0.41972417382253446,0.6140742880736523
0.16721143070601419,0.4198109116141903,0.6140446464976197
0.16723477773627193,0.4198109116141903,0.6140406535992232
0.16723477773627193,0.4198976494058461,0.6140196421603865
0.1673048188270452,0.4198976494058461,0.6139875784185305
0.1673048188270452,0.419984387197502,0.6139686057386488
0.1673515128875607,0.419984387197502,0.6139464886333628
0.1673515128875607,0.4200711249891578,0.613943005852013
0.1673982069480762,0.4200711249891578,0.6138814584497245
0.1673982069480762,0.4201578627808136,0.6138504272576344
0.1674915950691072,0.4201578627808136,0.6138095195117008
0.1674915950691072,0.42033133836412523,0.6137465557927072
0.16774841240194246,0.42033133836412523,0.6136021045987445
0.16774841240194246,0.4205048139474369,0.6135980277455162
0.167795106462458,0.4205048139474369,0.6135948840785513
0.167795106462458,0.42059155173909274,0.6135917662844694
0.16784180052297348,0.42059155173909274,0.6135145609874282
0.16784180052297348,0.4207650273224044,0.6134811994927816
0.16791184161374673,0.4207650273224044,0.6133894334156742
0.16791184161374673,0.4208517651140602,0.6133764602524328
0.168075270825551,0.4208517651140602,0.6133247531025792
0.168075270825551,0.420938502905716,0.6133238737383451
0.16809861785580874,0.420938502905716,0.6133052301034647
0.16809861785580874,0.42102524069737185,0.6132594099645486
0.16812196488606648,0.42102524069737185,0.6132502981223522
0.16812196488606648,0.4211987162806835,0.6132361020769881
0.16814531191632423,0.4211987162806835,0.6132212153812058
0.16814531191632423,0.42137219186399516,0.6131772840709548
0.16823870003735525,0.42137219186399516,0.6131373346418874
0.16823870003735525,0.42145892965565096,0.6131234654466008
0.168262047067613,0.42145892965565096,0.6130726181430906
0.168262047067613,0.4215456674473068,0.6130481436332514
0.16833208815838624,0.4215456674473068,0.6130314031130524
0.16833208815838624,0.42180588082227427,0.6129879674767091
0.16835543518864401,0.42180588082227427,0.6129723946307992
0.16835543518864401,0.4219793564055859,0.6129650676507312
0.168448823309675,0.4219793564055859,0.612907824765092
0.168448823309675,0.4220660941972417,0.6129072198539114
0.16854221143070602,0.4220660941972417,0.6128714736250127
0.16854221143070602,0.4221528319888976,0.6128712266559382
0.16861225252147927,0.4221528319888976,0.6128524249355765
0.16861225252147927,0.42241304536386504,0.6128123987395032
0.1686822936122525,0.42241304536386504,0.612773880887868
0.1686822936122525,0.42249978315552084,0.6127702204990204
0.16870564064251029,0.42249978315552084,0.6127423650666928
0.16870564064251029,0.4225865209471767,0.6127314203080618
0.16875233470302578,0.4225865209471767,0.6127131813391788
0.16875233470302578,0.4226732587388325,0.6127051299601243
0.16898580500560328,0.4226732587388325,0.6125570297585011
0.16898580500560328,0.42275999653048835,0.6125480248325954
0.16905584609637653,0.42275999653048835,0.6125227927365084
0.16905584609637653,0.4229334721138,0.6124861853365139
0.1691258871871498,0.4229334721138,0.6124434971555783
0.1691258871871498,0.4230202099054558,0.6124236108750851
0.16919592827792304,0.4230202099054558,0.612355377776387
0.16919592827792304,0.42310694769711166,0.6123548576098535
0.1692659693686963,0.42310694769711166,0.612300971724759
0.1692659693686963,0.42319368548876746,0.6122639197016276
0.1693126634292118,0.42319368548876746,0.6122583137173876
0.1693126634292118,0.42328042328042326,0.6121537355528384
0.16933601045946955,0.42328042328042326,0.6121510975331007
0.16933601045946955,0.4234538988637349,0.6121241911755534
0.16945274561075832,0.4234538988637349,0.6120666005782149
0.16945274561075832,0.42362737444704657,0.6120419444065863
0.16952278670153156,0.42362737444704657,0.6119767216591865
0.16952278670153156,0.4237141122387024,0.6119647812302401
0.1695928277923048,0.4237141122387024,0.611951910225647
0.1695928277923048,0.4238008500303582,0.6119405971284473
0.16963952185282033,0.4238008500303582,0.6118288868211561
0.16963952185282033,0.4238875878220141,0.611803514091813
0.16966286888307808,0.4238875878220141,0.6117943311712404
0.16966286888307808,0.4239743256136699,0.611792175990141
0.16973290997385132,0.4239743256136699,0.6117463993766801
0.16973290997385132,0.4243212767802932,0.6117089010256456
0.16975625700410907,0.4243212767802932,0.61170687266658
0.16975625700410907,0.42458149015526064,0.6116694582928208
0.16977960403436682,0.42458149015526064,0.6116645502085342
0.16977960403436682,0.4246682279469165,0.6116403397244158
0.1698496451251401,0.4246682279469165,0.6115666347124609
0.1698496451251401,0.4247549657385723,0.6115328805965079
0.16991968621591333,0.4247549657385723,0.6115217895061648
0.16991968621591333,0.4248417035302281,0.6115045215422839
0.1699897273066866,0.4248417035302281,0.611475457847364
0.1699897273066866,0.42492844132188395,0.6114697471550942
0.17001307433694435,0.42492844132188395,0.6114673764978013
0.17001307433694435,0.4251019169051956,0.6114269651041069
0.17010646245797534,0.4251019169051956,0.6113540374558609
0.17010646245797534,0.4251886546968514,0.6113396188373368
0.17012980948823309,0.4251886546968514,0.6113299594508692
0.17012980948823309,0.42536213028016306,0.6113173266527573
0.17015315651849086,0.42536213028016306,0.6113061717496184
0.17015315651849086,0.42544886807181886,0.6112989449884104
0.17024654463952185,0.42544886807181886,0.6112713621105689
0.17024654463952185,0.4255356058634747,0.6112504645917851
0.1705033619723571,0.4255356058634747,0.6110609672627516
0.1705033619723571,0.4257958192384422,0.611002102216084
0.17062009712364587,0.4257958192384422,0.610922713505085
0.17062009712364587,0.42588255703009803,0.6109010036622238
0.17066679118416136,0.42588255703009803,0.6108578505501172
0.17066679118416136,0.42596929482175383,0.6108561571982958
0.1707134852446769,0.42596929482175383,0.6108495806614961
0.1707134852446769,0.4260560326134097,0.6108337399766179
0.17073683227493464,0.4260560326134097,0.6108144967907039
0.17073683227493464,0.4262295081967213,0.6107992327055467
0.17080687336570788,0.4262295081967213,0.6107908396610551
0.17080687336570788,0.42631624598837714,0.6107655071716147
0.17083022039596563,0.42631624598837714,0.6107474595229874
0.17083022039596563,0.42640298378003294,0.6107450176303297
0.17087691445648115,0.42640298378003294,0.6107325831631658
0.17087691445648115,0.4264897215716888,0.6107231185604909
0.1709002614867389,0.4264897215716888,0.6107125398189905
0.1709002614867389,0.42666319715500045,0.6107106868879777
0.1709936496077699,0.42666319715500045,0.6106582130058293
0.1709936496077699,0.42674993494665625,0.6106282152333835
0.17104034366828538,0.42674993494665625,0.6106020581284841
0.17104034366828538,0.4268366727383121,0.6105955853777512
0.17111038475905865,0.4268366727383121,0.6105866725085374
0.17111038475905865,0.4269234105299679,0.6105793897898352
0.1712271199103474,0.4269234105299679,0.6105026962109887
0.1712271199103474,0.4270101483216237,0.6104892326150488
0.1713205080313784,0.4270101483216237,0.6104733188949327
0.1713205080313784,0.427357099488247,0.610443296305821
0.1713672020918939,0.427357099488247,0.6104264613502295
0.1713672020918939,0.42753057507155867,0.6104048108440634
0.1714138961524094,0.42753057507155867,0.6103356600999967
0.1714138961524094,0.4276173128632145,0.6103279205633618
0.17146059021292492,0.4276173128632145,0.6102936315125749
0.17146059021292492,0.4277040506548703,0.6102889906575669
0.17150728427344042,0.4277040506548703,0.610266112652829
0.17150728427344042,0.4277907884465261,0.6102592594624554
0.17162401942472919,0.4277907884465261,0.6102365286584841
0.17162401942472919,0.4279642640298378,0.6102220341909341
0.17178744863653345,0.4279642640298378,0.6101545939332256
0.17178744863653345,0.42813773961314944,0.610112572996248
0.1718107956667912,0.42813773961314944,0.6101073487929958
0.1718107956667912,0.4283112151964611,0.6100916959372671
0.1718574897273067,0.4283112151964611,0.6100709447735806
0.1718574897273067,0.42839795298811695,0.6100706165763803
0.17190418378782218,0.42839795298811695,0.6100475644362443
0.17190418378782218,0.42857142857142855,0.6100296436193762
0.17197422487859546,0.42857142857142855,0.6099852716132472
0.17197422487859546,0.4286581663630844,0.6099758456564671
0.17202091893911095,0.4286581663630844,0.6099556070064671
0.17202091893911095,0.42883164194639606,0.6099274183462438
0.1720909600298842,0.42883164194639606,0.6098891374319914
0.1720909600298842,0.42891837973805186,0.609874596440702
0.17211430706014194,0.42891837973805186,0.6098744427632632
0.17211430706014194,0.4290051175297077,0.6098724368362571
0.1721376540903997,0.4290051175297077,0.6098680024953691
0.1721376540903997,0.4290918553213635,0.609853128070704
0.17234777736271947,0.4290918553213635,0.6097415503021975
0.17234777736271947,0.42917859311301937,0.6097356117564745
0.17237112439297722,0.42917859311301937,0.6097259262455081
0.17237112439297722,0.42935206869633097,0.6096953152056732
0.1724645125140082,0.42935206869633097,0.609655692327788
0.1724645125140082,0.4294388064879868,0.6096549504597013
0.17253455360478148,0.4294388064879868,0.6096074895081904
0.17253455360478148,0.4295255442796426,0.6096061386744059
0.17260459469555473,0.4295255442796426,0.60956037019464
0.17260459469555473,0.4296122820712985,0.6095570026196994
0.17265128875607022,0.4296122820712985,0.609553647716156
0.17265128875607022,0.4296990198629543,0.6095457168793671
0.1727213298468435,0.4296990198629543,0.609507412839154
0.1727213298468435,0.42978575765461013,0.6094875855433124
0.172768023907359,0.42978575765461013,0.6094460651768709
0.172768023907359,0.42987249544626593,0.6094421109145218
0.17286141202838998,0.42987249544626593,0.6093999598079474
0.17286141202838998,0.4299592332379218,0.6093964386224773
0.1729081060889055,0.4299592332379218,0.609321852233897
0.1729081060889055,0.4300459710295776,0.6092993666412088
0.17297814717967874,0.4300459710295776,0.6092675488875006
0.17297814717967874,0.4301327088212334,0.6092657501627462
0.17304818827045199,0.4301327088212334,0.6092439988357292
0.17304818827045199,0.43021944661288924,0.609239468360121
0.17321161748225625,0.43021944661288924,0.6091529765352282
0.17321161748225625,0.43030618440454504,0.6091460702371847
0.173328352633545,0.43030618440454504,0.6090648325396779
0.173328352633545,0.4304796599878567,0.609008268391533
0.17335169966380276,0.4304796599878567,0.6089674730533187
0.17335169966380276,0.43056639777951256,0.6089605559911042
0.1733750466940605,0.43056639777951256,0.6089529044360751
0.1733750466940605,0.43073987336282415,0.6089055087604027
0.17344508778483378,0.43073987336282415,0.6088990040724109
0.17344508778483378,0.43082661115448,0.6088933699651595
0.17353847590586477,0.43082661115448,0.6087951476637687
0.17353847590586477,0.4309133489461358,0.6087916277145876
0.17358516996638026,0.4309133489461358,0.6087576574387394
0.17358516996638026,0.43100008673779167,0.6087529094176296
0.17365521105715354,0.43100008673779167,0.6087012366227433
0.17365521105715354,0.431347037904415,0.6086285698995305
0.17367855808741128,0.431347037904415,0.6086283549288722
0.17367855808741128,0.4314337756960708,0.6086256535990846
0.17370190511766903,0.4314337756960708,0.6086208064680974
0.17370190511766903,0.43160725127938243,0.6086010101047554
0.17372525214792678,0.43160725127938243,0.6085637783085525
0.17372525214792678,0.43169398907103823,0.6085624310573698
0.17374859917818453,0.43169398907103823,0.6085409269862602
0.17374859917818453,0.4317807268626941,0.6085265561719291
0.17384198729921554,0.4317807268626941,0.6084930707329224
0.17384198729921554,0.4318674646543499,0.6084891281798145
0.17388868135973104,0.4318674646543499,0.6084795014347233
0.17388868135973104,0.43195420244600574,0.6084700530955895
0.17393537542024654,0.43195420244600574,0.6084214228331157
0.17393537542024654,0.43204094023766154,0.6084026067070926
0.17402876354127755,0.43204094023766154,0.6083527715661539
0.17402876354127755,0.4321276780293174,0.6083519734188492
0.17407545760179305,0.4321276780293174,0.6083374200209097
0.17407545760179305,0.4322144158209732,0.6083195811247283
0.17426223384385506,0.4322144158209732,0.6082410239893883
0.17426223384385506,0.43238789140428485,0.6082353445222732
0.17440231602540157,0.43238789140428485,0.6081712614647503
0.17440231602540157,0.4325613669875965,0.6081603169961936
0.17442566305565932,0.4325613669875965,0.6081491500888823
0.17442566305565932,0.4326481047792523,0.608148366370219
0.17447235711617481,0.4326481047792523,0.6081418631304415
0.17447235711617481,0.43273484257090816,0.608131039236701
0.17458909226746358,0.43273484257090816,0.60799187680983
0.17458909226746358,0.43282158036256396,0.6079849380128602
0.17463578632797908,0.43282158036256396,0.6079597612616562
0.17463578632797908,0.4329083181542198,0.6079452223609554
0.17470582741875235,0.4329083181542198,0.6079283460665856
0.17470582741875235,0.4329950559458756,0.6079184211412016
0.17489260366081436,0.4329950559458756,0.6077801702601036
0.17489260366081436,0.4331685315291873,0.6077661797124979
0.1749159506910721,0.4331685315291873,0.6077644833284903
0.1749159506910721,0.4332552693208431,0.6077631629339975
0.17493929772132985,0.4332552693208431,0.6077454540320796
0.17493929772132985,0.43334200711249893,0.6077426684119194
0.17498599178184535,0.43334200711249893,0.6077338417568258
0.17498599178184535,0.43342874490415473,0.6077233041230561
0.17503268584236084,0.43342874490415473,0.6077071594024717
0.17503268584236084,0.4335154826958106,0.6076980618058394
0.17507937990287636,0.4335154826958106,0.6076916505141783
0.17507937990287636,0.43377569607077804,0.6076105823807354
0.17528950317519612,0.43377569607077804,0.6074395030778826
0.17528950317519612,0.4339491716540897,0.6074224094150814
0.17531285020545387,0.4339491716540897,0.6074187750503721
0.17531285020545387,0.43412264723740135,0.6073958910811912
0.17533619723571162,0.43412264723740135,0.6073788176755295
0.17533619723571162,0.43420938502905715,0.6073755880548268
0.17561636159880464,0.43420938502905715,0.6072044691257414
0.17561636159880464,0.4343828606123688,0.6071900659927052
0.1756397086290624,0.4343828606123688,0.6071459529869455
0.1756397086290624,0.43446959840402466,0.6071069991934728
0.1756864026895779,0.43446959840402466,0.6070866650170026
0.1756864026895779,0.43490328736230377,0.6070198774693232
0.17570974971983563,0.43490328736230377,0.6070195736201365
0.17570974971983563,0.43499002515395957,0.6070100641028091
0.17580313784086665,0.43499002515395957,0.6069800357145464
0.17580313784086665,0.4350767629456154,0.6069701863824832
0.17589652596189764,0.4350767629456154,0.6069299278671295
0.17589652596189764,0.4352502385289271,0.6068622699973962
0.1759665670526709,0.4352502385289271,0.6068025541409727
0.1759665670526709,0.4354237141122387,0.6067580644569054
0.17598991408292866,0.4354237141122387,0.6067485196938185
0.17598991408292866,0.43551045190389454,0.6067381014735223
0.17608330220395965,0.43551045190389454,0.6066867303534542
0.17608330220395965,0.43559718969555034,0.606680654784219
0.1761066492342174,0.43559718969555034,0.6066760186775106
0.1761066492342174,0.4356839274872062,0.6066742467958739
0.17622338438550617,0.4356839274872062,0.6066559799174738
0.17622338438550617,0.435770665278862,0.6066521270743391
0.17627007844602166,0.435770665278862,0.6066256997974473
0.17627007844602166,0.43594414086217365,0.6066028296201387
0.17631677250653716,0.43594414086217365,0.606574741929652
0.17631677250653716,0.4361176164454853,0.6065644333592082
0.17634011953679493,0.4361176164454853,0.6065113152585467
0.17634011953679493,0.4362043542371411,0.6064914923380528
0.17641016062756817,0.4362043542371411,0.6064737716536772
0.17641016062756817,0.43629109202879696,0.6064170344143938
0.17652689577885694,0.43629109202879696,0.6063512037204204
0.17652689577885694,0.4364645676121086,0.6062947329212978
0.17664363093014568,0.4364645676121086,0.6062596367211224
0.17664363093014568,0.4365513054037644,0.6062497077561493
0.1766903249906612,0.4365513054037644,0.6062357935298899
0.1766903249906612,0.43672478098707607,0.6061900476610932
0.17671367202091895,0.43672478098707607,0.6061834325324389
0.17671367202091895,0.43681151877873187,0.6061831874718553
0.1767370190511767,0.43681151877873187,0.6061801518369112
0.1767370190511767,0.4369849943620435,0.6061726367985796
0.17694714232349645,0.4369849943620435,0.6060535712226103
0.17694714232349645,0.4370717321536994,0.6060507083881879
0.17708722450504297,0.4370717321536994,0.6059986810329528
0.17708722450504297,0.4371584699453552,0.6059966158941676
0.17713391856555846,0.4371584699453552,0.6059891343059957
0.17713391856555846,0.43724520773701103,0.605980851706343
0.1772039596563317,0.43724520773701103,0.6059182711619777
0.1772039596563317,0.4375054211119785,0.6058861583760566
0.17722730668658945,0.4375054211119785,0.6058739690371042
0.17722730668658945,0.43767889669529014,0.6058637971790102
0.17729734777736272,0.43767889669529014,0.6058243196273617
0.17729734777736272,0.43776563448694594,0.6057906323034781
0.17736738886813597,0.43776563448694594,0.6057577458227599
0.17736738886813597,0.4378523722786018,0.6057424148559802
0.17755416511019798,0.4378523722786018,0.6056671547792774
0.17755416511019798,0.43802584786191345,0.60562988088392
0.1777876354127755,0.43802584786191345,0.6055469974698013
0.1777876354127755,0.4381993234452251,0.605526531959905
0.1780677997758685,0.4381993234452251,0.6053436763013342
0.1780677997758685,0.4383727990285367,0.6053384013904438
0.17820788195741502,0.4383727990285367,0.6052839451534573
0.17820788195741502,0.43845953682019256,0.6052664543016669
0.178301270078446,0.43845953682019256,0.6052253592083132
0.178301270078446,0.43854627461184836,0.6052235417343198
0.17837131116921928,0.43854627461184836,0.6051696943283927
0.17837131116921928,0.4386330124035042,0.6051665730073905
0.17839465819947703,0.4386330124035042,0.6051558308520586
0.17839465819947703,0.4388932257784717,0.6051108337798305
0.17841800522973478,0.4388932257784717,0.605108078535597
0.17841800522973478,0.43906670136178333,0.605056674082925
0.17848804632050802,0.43906670136178333,0.6050385997502765
0.17848804632050802,0.43915343915343913,0.6050321110051642
0.17862812850205453,0.43915343915343913,0.6049069719466909
0.17862812850205453,0.439240176945095,0.6049014318320645
0.1787448636533433,0.439240176945095,0.6048333280586726
0.1787448636533433,0.43941365252840664,0.6047889270757989
0.17881490474411654,0.43941365252840664,0.6047122072380666
0.17881490474411654,0.43950039032006244,0.6046723211378573
0.1788849458348898,0.43950039032006244,0.6046191378309225
0.1788849458348898,0.4395871281117183,0.604606145539055
0.17895498692566306,0.4395871281117183,0.6045632191866953
0.17895498692566306,0.4396738659033741,0.6045594764329738
0.17904837504669405,0.4396738659033741,0.6044960201933821
0.17904837504669405,0.43976060369502995,0.6044877189567166
0.1791651101979828,0.43976060369502995,0.6044580884279604
0.1791651101979828,0.43984734148668575,0.6044560818763811
0.17932853940978707,0.43984734148668575,0.6043220313825435
0.17932853940978707,0.43993407927834155,0.6043056126937596
0.17935188644004482,0.43993407927834155,0.6042928022511058
0.17935188644004482,0.4400208170699974,0.604260039521492
0.17937523347030257,0.4400208170699974,0.6042555893386599
0.17937523347030257,0.4401075548616532,0.6042523690359478
0.1794686215913336,0.4401075548616532,0.6042219953970572
0.1794686215913336,0.44019429265330906,0.604210292751985
0.17958535674262233,0.44019429265330906,0.6041506529212097
0.17958535674262233,0.44028103044496486,0.6041466456749199
0.1796087037728801,0.44028103044496486,0.6041427892877671
0.1796087037728801,0.4403677682366207,0.6041044129089406
0.1796553978333956,0.4403677682366207,0.6040971826257613
0.1796553978333956,0.4404545060282765,0.6040779589879137
0.17972543892416884,0.4404545060282765,0.6040036557919414
0.17972543892416884,0.44054124381993237,0.6039884887378664
0.17977213298468434,0.44054124381993237,0.6039744924075008
0.17977213298468434,0.44071471940324397,0.6039387596251407
0.1798888681359731,0.44071471940324397,0.6037904015461735
0.1798888681359731,0.4408881949865556,0.6037619341035378
0.18002895031751961,0.4408881949865556,0.6037174707099086
0.18002895031751961,0.4409749327782115,0.6037082253336659
0.1800756443780351,0.4409749327782115,0.6036353207909192
0.1800756443780351,0.4410616705698673,0.6036007445897464
0.18009899140829286,0.4410616705698673,0.6035994178841187
0.18009899140829286,0.44114840836152314,0.603595646252086
0.1801223384385506,0.44114840836152314,0.6035933116078933
0.1801223384385506,0.44123514615317894,0.603587391238607
0.18019237952932388,0.44123514615317894,0.6035463091199905
0.18019237952932388,0.4414086217364906,0.6034682787471848
0.18023907358983937,0.4414086217364906,0.6034449999392009
0.18023907358983937,0.44158209731980225,0.6034306128688873
0.18026242062009712,0.44158209731980225,0.6034250942168446
0.18026242062009712,0.44166883511145805,0.6034009960871851
0.18028576765035487,0.44166883511145805,0.6033905770153425
0.18028576765035487,0.4417555729031139,0.6033676382340635
0.18058927904370564,0.4417555729031139,0.6032513550826055
0.18058927904370564,0.44192904848642556,0.6032453909625894
0.18063597310422114,0.44192904848642556,0.6032064986667804
0.18063597310422114,0.44236273744470467,0.6031248506488677
0.1807527082555099,0.44236273744470467,0.6030494472274772
0.1807527082555099,0.44244947523636047,0.6030066189193197
0.18077605528576765,0.44244947523636047,0.6029894136865267
0.18077605528576765,0.4425362130280163,0.602983076011706
0.1807994023160254,0.4425362130280163,0.6029730585675317
0.1807994023160254,0.4426229508196721,0.6029627219810187
0.18096283152782966,0.4426229508196721,0.6028990999060464
0.18096283152782966,0.442709688611328,0.6028977168374614
0.1809861785580874,0.442709688611328,0.6028964396446885
0.1809861785580874,0.4427964264029838,0.6028914013568734
0.1810328726186029,0.4427964264029838,0.6028499721719647
0.1810328726186029,0.4431433775696071,0.6027742995447872
0.18107956667911843,0.4431433775696071,0.6027558850764018
0.18107956667911843,0.4432301153612629,0.6027478957086096
0.18110291370937617,0.4432301153612629,0.6027284608960605
0.18110291370937617,0.44331685315291874,0.6027113815161744
0.18117295480014942,0.44331685315291874,0.6026936384236312
0.18117295480014942,0.44340359094457454,0.6026846349201083
0.18126634292118043,0.44340359094457454,0.6026467749493638
0.18126634292118043,0.4434903287362304,0.6026399469917346
0.18128968995143818,0.4434903287362304,0.6026321888597739
0.18128968995143818,0.4435770665278862,0.6026224988357609
0.18138307807246917,0.4435770665278862,0.6025588739846932
0.18138307807246917,0.44375054211119785,0.6025161087404618
0.18149981322375794,0.44375054211119785,0.6024346827183396
0.18149981322375794,0.44409749327782116,0.6023849599579323
0.1815231602540157,0.44409749327782116,0.6023691322404936
0.1815231602540157,0.4442709688611328,0.6023604978836179
0.1816632424355622,0.4442709688611328,0.6023166271338692
0.1816632424355622,0.4443577066527886,0.6023127616482946
0.18173328352633544,0.4443577066527886,0.6022625525432002
0.18173328352633544,0.4444444444444444,0.6022450387985641
0.18187336570788196,0.4444444444444444,0.6021238801069411
0.18187336570788196,0.4445311822361003,0.6020986071412118
0.18192005976839745,0.4445311822361003,0.6020663161974832
0.18192005976839745,0.4446179200277561,0.6020576292563371
0.1819434067986552,0.4446179200277561,0.6020409239563427
0.1819434067986552,0.44470465781941193,0.6020303690376823
0.1820834889802017,0.44470465781941193,0.601974759210606
0.1820834889802017,0.44479139561106773,0.6019639206474616
0.18222357116174823,0.44479139561106773,0.6018832926340306
0.18222357116174823,0.4449648711943794,0.6018557334305347
0.18243369443406798,0.4449648711943794,0.6017668524371291
0.18243369443406798,0.44505160898603524,0.601751114924092
0.18278389988793425,0.44505160898603524,0.6015898500831227
0.18278389988793425,0.44513834677769104,0.6015785713047004
0.182807246918192,0.44513834677769104,0.6015766399607199
0.182807246918192,0.44522508456934684,0.6015508505999101
0.1828539409787075,0.44522508456934684,0.6015318595598145
0.1828539409787075,0.4453118223610027,0.6015311374030197
0.18287728800896527,0.4453118223610027,0.6015212346015288
0.18287728800896527,0.4453985601526585,0.6015135113490279
0.18306406425102728,0.4453985601526585,0.6014575410801124
0.18306406425102728,0.44548529794431435,0.6014380747748659
0.18311075831154278,0.44548529794431435,0.6014125767054457
0.18311075831154278,0.44583224911093766,0.6013806780932629
0.18322749346283151,0.44583224911093766,0.6013135858233437
0.18322749346283151,0.44591898690259346,0.6012948152625208
0.1832508404930893,0.44591898690259346,0.6012907332230994
0.1832508404930893,0.4460924624859051,0.601284680580193
0.18334422861412028,0.4460924624859051,0.6012480260374213
0.18334422861412028,0.4461792002775609,0.6012275536303241
0.18364774000747106,0.4461792002775609,0.6009909803769438
0.18364774000747106,0.44626593806921677,0.6009745896872164
0.1839512514008218,0.44626593806921677,0.6007821253320478
0.1839512514008218,0.44635267586087257,0.6007640666616325
0.18397459843107958,0.44635267586087257,0.600742916824393
0.18397459843107958,0.4464394136525284,0.6007208002126505
0.18406798655211057,0.4464394136525284,0.6006788060634893
0.18406798655211057,0.4465261514441842,0.6006438441320258
0.18411468061262606,0.4465261514441842,0.6006331181947665
0.18411468061262606,0.4466128892358401,0.6006296066413845
0.18446488606649233,0.4466128892358401,0.6004041082944631
0.18446488606649233,0.4466996270274959,0.6004035033066695
0.18455827418752335,0.4466996270274959,0.6003307696348772
0.18455827418752335,0.4467863648191517,0.6003071993240978
0.1846283152782966,0.4467863648191517,0.6002460268379359
0.1846283152782966,0.44695984040246334,0.6002440181660577
0.18479174449010086,0.44695984040246334,0.6001713562798403
0.18479174449010086,0.4470465781941192,0.6001696449376992
0.18490847964138962,0.4470465781941192,0.6001353829776463
0.18490847964138962,0.447133315985775,0.6001348112201883
0.18502521479267836,0.447133315985775,0.6000563179662655
0.18502521479267836,0.44722005377743085,0.6000337038951216
0.18511860291370938,0.44722005377743085,0.5999914860456312
0.18511860291370938,0.44730679156908665,0.5999739893733156
0.18518864400448262,0.44730679156908665,0.599929095636873
0.18518864400448262,0.44739352936074245,0.599923872923055
0.18521199103474037,0.44739352936074245,0.5999120749620916
0.18521199103474037,0.4474802671523983,0.5999032210967105
0.18523533806499815,0.4474802671523983,0.5999027336277545
0.18523533806499815,0.4475670049440541,0.5999000721452482
0.1852586850952559,0.4475670049440541,0.5998964488437654
0.1852586850952559,0.44765374273570996,0.5998593029967589
0.18537542024654463,0.44765374273570996,0.5998060419062392
0.18537542024654463,0.44774048052736576,0.5998017483344831
0.18539876727680238,0.44774048052736576,0.599787601691049
0.18539876727680238,0.44800069390233327,0.5997533322033375
0.1855855435188644,0.44800069390233327,0.5996148486681354
0.1855855435188644,0.44817416948564487,0.5996010954600128
0.18570227867015315,0.44817416948564487,0.599539899574705
0.18570227867015315,0.4482609072773007,0.5995369395148276
0.1857256257004109,0.4482609072773007,0.5995270381287845
0.1857256257004109,0.4485211206522682,0.5994697377743268
0.18574897273066865,0.4485211206522682,0.599436810037351
0.18574897273066865,0.44860785844392403,0.5994177394692768
0.18584236085169967,0.44860785844392403,0.5993595112810228
0.18584236085169967,0.4488680718188915,0.5993055293174534
0.18586570788195741,0.4488680718188915,0.5993050227974277
0.18586570788195741,0.4489548096105473,0.5993008411934151
0.1859124019424729,0.4489548096105473,0.5992781540581795
0.1859124019424729,0.44904154740220315,0.5992776837313742
0.18607583115427717,0.44904154740220315,0.5991901719515786
0.18607583115427717,0.4492150229855148,0.5991698335887815
0.18628595442659693,0.4492150229855148,0.5990670082617722
0.18628595442659693,0.4493017607771706,0.5990504768593039
0.18633264848711245,0.4493017607771706,0.5990372657596423
0.18633264848711245,0.44938849856882646,0.5990230373666419
0.1863559955173702,0.44938849856882646,0.5990047197709907
0.1863559955173702,0.4495619741521381,0.5989640862056733
0.18637934254762795,0.4495619741521381,0.5989539062889544
0.18637934254762795,0.44982218752710557,0.5989030325610678
0.18661281285020545,0.44982218752710557,0.5987904339982939
0.18661281285020545,0.4499956631104172,0.598758282264902
0.18670620097123647,0.4499956631104172,0.5987081021888094
0.18670620097123647,0.450082400902073,0.5986868652280225
0.1868229361225252,0.450082400902073,0.5985987096641618
0.1868229361225252,0.4501691386937289,0.5985799303203131
0.18714979454613373,0.4501691386937289,0.5983886160681984
0.18714979454613373,0.45042935206869633,0.598347166379773
0.18717314157639148,0.45042935206869633,0.5983439534512686
0.18717314157639148,0.450602827652008,0.5983387999884335
0.18719648860664923,0.450602827652008,0.5983331683487665
0.18719648860664923,0.4506895654436638,0.598332169821192
0.1872665296974225,0.4506895654436638,0.5982956315852348
0.1872665296974225,0.45077630323531964,0.598257117471263
0.187313223757938,0.45077630323531964,0.5982477910416117
0.187313223757938,0.4510365166102871,0.5982137703461498
0.18733657078819574,0.4510365166102871,0.5981939108010117
0.18733657078819574,0.45112325440194295,0.5981936971093769
0.18738326484871123,0.45112325440194295,0.5981724961023585
0.18738326484871123,0.45120999219359875,0.5981697114859875
0.18740661187896898,0.45120999219359875,0.5981644563501824
0.18740661187896898,0.45129672998525455,0.5981554219411349
0.18780351139335077,0.45129672998525455,0.5978786536124738
0.18780351139335077,0.4513834677769104,0.5978782978412648
0.18782685842360852,0.4513834677769104,0.5978333807156592
0.18782685842360852,0.4514702055685662,0.5978319837078743
0.18796694060515504,0.4514702055685662,0.5977877245911702
0.18796694060515504,0.45155694336022206,0.5977667786386396
0.18813036981695927,0.45155694336022206,0.5976597661889357
0.18813036981695927,0.4517304189435337,0.5976232594903953
0.18815371684721705,0.4517304189435337,0.5976157536415734
0.18815371684721705,0.4518171567351895,0.5976053248013401
0.1882237579379903,0.4518171567351895,0.5975893895757525
0.1882237579379903,0.4519038945268454,0.59757048149715
0.18831714605902128,0.4519038945268454,0.5975438557437797
0.18831714605902128,0.4519906323185012,0.5975244252390375
0.1884105341800523,0.4519906323185012,0.5974647563873283
0.1884105341800523,0.452077370110157,0.5974529054899882
0.18843388121031004,0.452077370110157,0.5974393844478056
0.18843388121031004,0.45216410790181283,0.5974281166266896
0.1884572282405678,0.45216410790181283,0.5974134195047348
0.1884572282405678,0.45225084569346863,0.5973979600372067
0.18848057527082554,0.45225084569346863,0.59738617828535
0.18848057527082554,0.4523375834851245,0.597385967764553
0.18850392230108332,0.4523375834851245,0.597372884519936
0.18850392230108332,0.4524243212767803,0.5973612814822398
0.18852726933134106,0.4524243212767803,0.5973509781725975
0.18852726933134106,0.45251105906843614,0.5973186829745787
0.1885506163615988,0.45251105906843614,0.5973109584003525
0.1885506163615988,0.45259779686009194,0.5972920701383155
0.18857396339185656,0.45259779686009194,0.5972878521057579
0.18857396339185656,0.4527712724434036,0.5972659949806356
0.18866735151288755,0.4527712724434036,0.597170703962097
0.18866735151288755,0.4528580102350594,0.5971666863094135
0.18871404557340307,0.4528580102350594,0.597162910862269
0.18871404557340307,0.45294474802671525,0.5971515817921984
0.18873739260366082,0.45294474802671525,0.5971486909229391
0.18873739260366082,0.45303148581837105,0.5971324019629021
0.18876073963391857,0.45303148581837105,0.5971159169173131
0.18876073963391857,0.4531182236100269,0.5971080682212675
0.18880743369443406,0.4531182236100269,0.5970871609224964
0.18880743369443406,0.45329169919333856,0.597036802890374
0.18892416884572283,0.45329169919333856,0.5969899045626286
0.18892416884572283,0.45337843698499436,0.5969722257097074
0.18897086290623832,0.45337843698499436,0.5969556628518904
0.18897086290623832,0.45346517477665016,0.5969434526491897
0.18904090399701157,0.45346517477665016,0.5969177520215072
0.18904090399701157,0.453551912568306,0.596890859574388
0.18911094508778484,0.453551912568306,0.596870831727207
0.18911094508778484,0.4536386503599618,0.596865338316223
0.18918098617855808,0.4536386503599618,0.5968485775900434
0.18918098617855808,0.4538988637349293,0.5967918157257787
0.18920433320881583,0.4538988637349293,0.5967608030931411
0.18920433320881583,0.4539856015265851,0.5967567620611007
0.1892276802390736,0.4539856015265851,0.5967501939130093
0.1892276802390736,0.454072339318241,0.5967398388795504
0.18925102726933135,0.454072339318241,0.5967327598346885
0.18925102726933135,0.4542458149015526,0.5966963938990643
0.18948449757190886,0.4542458149015526,0.5965937845910889
0.18948449757190886,0.45433255269320844,0.596583479223413
0.1895078446021666,0.45433255269320844,0.59656951930376
0.1895078446021666,0.4545060282765201,0.5965357690073292
0.18953119163242435,0.4545060282765201,0.5965341550966652
0.18953119163242435,0.4545927660681759,0.5965303231064687
0.1895545386626821,0.4545927660681759,0.5965243843352555
0.1895545386626821,0.45467950385983175,0.5964867590144405
0.18967127381397086,0.45467950385983175,0.5964330331449488
0.18967127381397086,0.4548529794431434,0.5964161471349837
0.18978800896525963,0.4548529794431434,0.5963649987438896
0.18978800896525963,0.4549397172347992,0.5963231657881027
0.18988139708629062,0.4549397172347992,0.5962893619073093
0.18988139708629062,0.455026455026455,0.596285200663232
0.1899981322375794,0.455026455026455,0.5962323563235259
0.1899981322375794,0.45519993060976666,0.5962108889516049
0.19006817332835263,0.45519993060976666,0.5961809356384691
0.19006817332835263,0.4553734061930783,0.5961461071734573
0.19020825550989914,0.4553734061930783,0.5960969241780005
0.19020825550989914,0.45546014398473417,0.5960836009008308
0.1902782966006724,0.45546014398473417,0.5960609822967771
0.1902782966006724,0.45554688177638997,0.5960568676167992
0.19051176690324992,0.45554688177638997,0.5959730253578239
0.19051176690324992,0.4556336195680458,0.5959684768576978
0.1905584609637654,0.4556336195680458,0.5959316314277956
0.1905584609637654,0.4557203573597016,0.595888433529175
0.19058180799402316,0.4557203573597016,0.595885264902543
0.19058180799402316,0.4558070951513574,0.5958734170742803
0.1906051550242809,0.4558070951513574,0.5958703629841948
0.1906051550242809,0.4558938329430133,0.595860151983579
0.19079193126634292,0.4558938329430133,0.5957668277173271
0.19079193126634292,0.45606730852632493,0.5957582677522849
0.1908386253268584,0.45606730852632493,0.595705151881808
0.1908386253268584,0.45615404631798073,0.5956906167868613
0.19088531938737394,0.45615404631798073,0.5956127098665048
0.19088531938737394,0.4563275219012924,0.5955756948719553
0.19095536047814718,0.4563275219012924,0.5955335998025766
0.19095536047814718,0.45641425969294824,0.59550101971467
0.1910954426596937,0.45641425969294824,0.5954107261386619
0.1910954426596937,0.45650099748460404,0.5954021927091362
0.1911421367202092,0.45650099748460404,0.5953776155784388
0.1911421367202092,0.45658773527625984,0.5953597395015344
0.19116548375046694,0.45658773527625984,0.5953555734371305
0.19116548375046694,0.4567612108595715,0.5953184562395436
0.1912355248412402,0.4567612108595715,0.595270449879206
0.1912355248412402,0.45693468644288315,0.5952555407884058
0.19125887187149795,0.45693468644288315,0.5952511921544732
0.19125887187149795,0.457021424234539,0.5952437924453136
0.19142230108330222,0.457021424234539,0.5951747208543078
0.19142230108330222,0.4571081620261948,0.5951741349753923
0.19144564811355996,0.4571081620261948,0.5951472519331185
0.19144564811355996,0.45736837540116226,0.5951189269553476
0.1915156892043332,0.45736837540116226,0.5951024098058044
0.1915156892043332,0.4576285887761298,0.5950915093003238
0.19160907732536422,0.4576285887761298,0.5950577409630813
0.19160907732536422,0.4577153265677856,0.5950567494374817
0.19163242435562197,0.4577153265677856,0.5950456054410409
0.19163242435562197,0.45780206435944143,0.5950432676989541
0.19165577138587972,0.45780206435944143,0.5949852815906684
0.19165577138587972,0.45788880215109723,0.5949818710740229
0.19167911841613747,0.45788880215109723,0.5949801752427161
0.19167911841613747,0.4579755399427531,0.5949796535494689
0.19179585356742623,0.4579755399427531,0.5949430360036627
0.19179585356742623,0.45832249110937634,0.5948835917981856
0.19193593574897272,0.45832249110937634,0.5948562427008062
0.19193593574897272,0.45866944227599965,0.5947924916472216
0.19202932387000374,0.45866944227599965,0.5947566703209488
0.19202932387000374,0.45875618006765545,0.5947477924582945
0.19216940605155025,0.45875618006765545,0.5946477355311435
0.19216940605155025,0.4588429178593113,0.5946353614144525
0.192286141202839,0.4588429178593113,0.5945335130599033
0.192286141202839,0.4589296556509671,0.594528826094365
0.19235618229361226,0.4589296556509671,0.5944961021133464
0.19235618229361226,0.45901639344262296,0.5944943155665046
0.1924262233843855,0.45901639344262296,0.5944801322232682
0.1924262233843855,0.45910313123427876,0.5944771662481976
0.192472917444901,0.45910313123427876,0.5944495864727144
0.192472917444901,0.4591898690259346,0.5944411430450448
0.19254295853567427,0.4591898690259346,0.594409992989813
0.19254295853567427,0.4592766068175904,0.5943901064053567
0.19256630556593202,0.4592766068175904,0.5943899330305509
0.19256630556593202,0.45953682019255787,0.5943348354328035
0.19263634665670526,0.45953682019255787,0.5943124876063275
0.19263634665670526,0.4596235579842137,0.5943107055826111
0.19275308180799403,0.4596235579842137,0.5942351292769996
0.19275308180799403,0.4597102957758695,0.5942180938820021
0.19284646992902502,0.4597102957758695,0.5941734218858428
0.19284646992902502,0.4597970335675254,0.5941621789894183
0.1928698169592828,0.4597970335675254,0.5941584728035614
0.1928698169592828,0.4598837713591812,0.5941576959999219
0.1929165110197983,0.4598837713591812,0.5941392293073996
0.1929165110197983,0.45997050915083704,0.5941139272820057
0.19296320508031378,0.45997050915083704,0.5941067211680597
0.19296320508031378,0.46005724694249284,0.5940984288801526
0.19298655211057153,0.46005724694249284,0.5940921967802153
0.19298655211057153,0.4602307225258045,0.5940819599217004
0.19300989914082928,0.4602307225258045,0.5940779228452299
0.19300989914082928,0.4603174603174603,0.5940760878696717
0.19307994023160255,0.4603174603174603,0.5940602473637792
0.19307994023160255,0.4605776736924278,0.5940375366854864
0.19317332835263354,0.4605776736924278,0.5939881583206822
0.19317332835263354,0.4606644114840836,0.5939595249826689
0.19322002241314903,0.4606644114840836,0.5939307240731715
0.19322002241314903,0.46075114927573946,0.5939275247555609
0.1932433694434068,0.46075114927573946,0.5939255685311431
0.1932433694434068,0.46083788706739526,0.5939029766629436
0.19326671647366456,0.46083788706739526,0.593879013118396
0.19326671647366456,0.4610113626507069,0.5938628741805719
0.1933834516249533,0.4610113626507069,0.5938068230944094
0.1933834516249533,0.4610981004423627,0.5938033918379688
0.19354688083675756,0.4610981004423627,0.5936983565123952
0.19354688083675756,0.46118483823401857,0.5936888950562125
0.19359357489727308,0.46118483823401857,0.5936437072725891
0.19359357489727308,0.461445051608986,0.5936257133876102
0.19368696301830407,0.461445051608986,0.5935592133484437
0.19368696301830407,0.46179200277560933,0.5934800012502346
0.19373365707881957,0.46179200277560933,0.5934502776388582
0.19373365707881957,0.46187874056726513,0.5934376820854498
0.1937570041090773,0.46187874056726513,0.5934366433626987
0.1937570041090773,0.461965478358921,0.593435753227604
0.19387373926036608,0.461965478358921,0.5933654493233723
0.19387373926036608,0.4620522161505768,0.5933442136337788
0.19389708629062383,0.4620522161505768,0.5933324078575694
0.19389708629062383,0.46213895394223264,0.593323459587964
0.19413055659320133,0.46213895394223264,0.5932465785821994
0.19413055659320133,0.46222569173388844,0.59324330153912
0.19422394471423235,0.46222569173388844,0.5931800239895793
0.19422394471423235,0.4623124295255443,0.5931777160836882
0.19431733283526337,0.4623124295255443,0.5931381270581833
0.19431733283526337,0.46248590510885595,0.5931031872928043
0.19434067986552112,0.46248590510885595,0.5930907736392832
0.19434067986552112,0.46265938069216755,0.5930673810568752
0.19455080313784087,0.46265938069216755,0.5929878666129051
0.19455080313784087,0.4628328562754792,0.5929770223669162
0.19462084422861411,0.4628328562754792,0.59294066181635
0.19462084422861411,0.46291959406713507,0.5929387087330231
0.19469088531938739,0.46291959406713507,0.5928625364193283
0.19469088531938739,0.46300633185879086,0.5928615001979907
0.1948776615614494,0.46300633185879086,0.5928240257672224
0.1948776615614494,0.4630930696504467,0.5927769591300376
0.19490100859170714,0.4630930696504467,0.5927678590786406
0.19490100859170714,0.4631798074421025,0.5927626360170513
0.1949243556219649,0.4631798074421025,0.5927269233138845
0.1949243556219649,0.46344002081707,0.5926646373521148
0.19501774374299588,0.46344002081707,0.5926250593643653
0.19501774374299588,0.46352675860872583,0.5926159711209209
0.1950644378035114,0.46352675860872583,0.5926094623725795
0.1950644378035114,0.46361349640038163,0.5926025289939467
0.1951578259245424,0.46361349640038163,0.5925281222798622
0.1951578259245424,0.4637002341920375,0.5925196981833974
0.19522786701531566,0.4637002341920375,0.5924555759595623
0.19522786701531566,0.46396044756700494,0.5924053214625732
0.1953446021666044,0.46396044756700494,0.592324997995604
0.1953446021666044,0.46404718535866074,0.5923062589759883
0.1953912962271199,0.46404718535866074,0.5922982260491909
0.1953912962271199,0.4641339231503166,0.5922678005586036
0.19548468434815092,0.4641339231503166,0.5922361011279872
0.19548468434815092,0.4642206609419724,0.5922322346767619
0.19567146059021293,0.4642206609419724,0.5921174895337427
0.19567146059021293,0.46430739873362825,0.5921005057209103
0.19569480762047067,0.46430739873362825,0.5920867281538645
0.19569480762047067,0.46439413652528405,0.5920527565366587
0.19574150168098617,0.46439413652528405,0.5920330341762416
0.19574150168098617,0.4644808743169399,0.5920148344758283
0.19576484871124392,0.4644808743169399,0.5920138036476292
0.19576484871124392,0.46474108769190736,0.5919708826128602
0.19588158386253268,0.46474108769190736,0.5918859930254965
0.19588158386253268,0.46482782548356316,0.5918846682841505
0.1959749719835637,0.46482782548356316,0.5918382679706107
0.1959749719835637,0.464914563275219,0.5918299000411419
0.1961150541651102,0.464914563275219,0.5917758946787286
0.1961150541651102,0.4650013010668748,0.5917556442527694
0.19613840119536796,0.4650013010668748,0.5917514183357072
0.19613840119536796,0.4650880388585307,0.5917274668360558
0.1961617482256257,0.4650880388585307,0.5917233457474018
0.1961617482256257,0.4651747766501865,0.5917215244565348
0.19618509525588346,0.4651747766501865,0.5917029916612613
0.19618509525588346,0.4652615144418423,0.5917015152398258
0.19632517743742997,0.4652615144418423,0.5916378379317002
0.19632517743742997,0.465434990025154,0.5916054025494482
0.1963952185282032,0.465434990025154,0.5915678450254747
0.1963952185282032,0.4655217278168098,0.5915609133731562
0.19641856555846096,0.4655217278168098,0.5915446773199018
0.19641856555846096,0.4656084656084656,0.5915320750276984
0.1964419125887187,0.4656084656084656,0.5915233958020734
0.1964419125887187,0.46569520340012144,0.5915214218721695
0.19646525961897646,0.46569520340012144,0.5915117599220174
0.19646525961897646,0.46578194119177724,0.5914907391356101
0.19651195367949198,0.46578194119177724,0.5914549187285851
0.19651195367949198,0.4658686789834331,0.5914537258773478
0.19655864774000747,0.4658686789834331,0.5913534632901689
0.19655864774000747,0.46604215456674475,0.5913462153205149
0.19660534180052297,0.46604215456674475,0.5913217245505967
0.19660534180052297,0.46612889235840055,0.5913055966553955
0.19667538289129624,0.46612889235840055,0.5912539242182167
0.19667538289129624,0.4663023679417122,0.5912386672233646
0.19690885319387375,0.4663023679417122,0.5911117168066149
0.19690885319387375,0.46647584352502386,0.5910821643667825
0.19695554725438924,0.46647584352502386,0.591065711052432
0.19695554725438924,0.46656258131667966,0.5910562298385962
0.197072282405678,0.46656258131667966,0.5909817885612427
0.197072282405678,0.4666493191083355,0.5909808217382637
0.19709562943593575,0.4666493191083355,0.5909782564435163
0.19709562943593575,0.46682279469164717,0.5909540772203641
0.1971189764661935,0.46682279469164717,0.5909507957957005
0.1971189764661935,0.46690953248330297,0.5909289234736819
0.197165670526709,0.46690953248330297,0.5908932120191188
0.197165670526709,0.4669962702749588,0.5908830146345752
0.19728240567799776,0.4669962702749588,0.5908580280009106
0.19728240567799776,0.4670830080666146,0.5908560747873866
0.19737579379902875,0.4670830080666146,0.5908376591768898
0.19737579379902875,0.4671697458582704,0.5908357300284346
0.19746918192005977,0.4671697458582704,0.5908012349039452
0.19746918192005977,0.4672564836499263,0.5908000052534638
0.19749252895031752,0.4672564836499263,0.5907934873277791
0.19749252895031752,0.4673432214415821,0.5907778318483279
0.19751587598057527,0.4673432214415821,0.5907579628906918
0.19751587598057527,0.46742995923323793,0.5907571237807436
0.19765595816212178,0.46742995923323793,0.5906791308489355
0.19765595816212178,0.4676034348165496,0.590651097632537
0.19772599925289502,0.4676034348165496,0.59063167402577
0.19772599925289502,0.4676901726082054,0.5906219025514623
0.19774934628315277,0.4676901726082054,0.5906182134700029
0.19774934628315277,0.46777691039986125,0.5906029534012035
0.19777269331341055,0.46777691039986125,0.5905916305389096
0.19777269331341055,0.46786364819151705,0.5905732098901977
0.19791277549495703,0.46786364819151705,0.5904949146756695
0.19791277549495703,0.46795038598317285,0.5904850071186338
0.1979828165857303,0.46795038598317285,0.5903723961414685
0.1979828165857303,0.4680371237748287,0.5903693782227164
0.1980295106462458,0.4680371237748287,0.5903553557194572
0.1980295106462458,0.46821059935814036,0.5903128216650467
0.19842641016062756,0.46821059935814036,0.5901222054722378
0.19842641016062756,0.468384074941452,0.5901145602432961
0.1984497571908853,0.468384074941452,0.5900877700154072
0.1984497571908853,0.4684708127331078,0.5900845413147889
0.19847310422114306,0.4684708127331078,0.5900830618417372
0.19847310422114306,0.46855755052476367,0.5900750034025795
0.19858983937243183,0.46855755052476367,0.5900082716998823
0.19858983937243183,0.46864428831641947,0.589982325784496
0.19865988046320507,0.46864428831641947,0.5899410060415919
0.19865988046320507,0.46873102610807527,0.5899400307917853
0.19872992155397834,0.46873102610807527,0.5899134024872499
0.19872992155397834,0.4688177638997311,0.5898947709430757
0.19882330967500933,0.4688177638997311,0.5898388972584157
0.19882330967500933,0.4689912394830428,0.5898115174604248
0.19887000373552485,0.4689912394830428,0.5897877899929724
0.19887000373552485,0.46925145285801023,0.5897135315710125
0.19896339185655584,0.46925145285801023,0.5896914900746324
0.19896339185655584,0.4693381906496661,0.589674719712278
0.19901008591707134,0.4693381906496661,0.5896665509935007
0.19901008591707134,0.4694249284413219,0.589666052536125
0.1993602913709376,0.4694249284413219,0.5894559467665671
0.1993602913709376,0.4695116662329777,0.5894432050878705
0.19940698543145313,0.4695116662329777,0.5894288662390972
0.19940698543145313,0.46959840402463354,0.5893946429310176
0.1996171087037729,0.46959840402463354,0.5892398356936699
0.1996171087037729,0.46968514181628934,0.5892221427028039
0.19978053791557715,0.46968514181628934,0.5891770923990527
0.19978053791557715,0.4697718796079452,0.5891541723911597
0.19982723197609265,0.4697718796079452,0.5891340254354649
0.19982723197609265,0.46994535519125685,0.5890820744360745
0.2000840493089279,0.46994535519125685,0.588985815133374
0.2000840493089279,0.47003209298291265,0.5889787180259876
0.20029417258124765,0.47003209298291265,0.5888733660357284
0.20029417258124765,0.4702055685662243,0.5888513718533881
0.20034086664176318,0.4702055685662243,0.5888415147189081
0.20034086664176318,0.4702923063578801,0.5888223194927712
0.20036421367202092,0.4702923063578801,0.5888068891677871
0.20036421367202092,0.47046578194119176,0.5887918279305103
0.20038756070227867,0.47046578194119176,0.5887887582971845
0.20038756070227867,0.4705525197328476,0.5887839650658631
0.20050429585356744,0.4705525197328476,0.5887326028574467
0.20050429585356744,0.4706392575245034,0.5887324239865468
0.20055098991408293,0.4706392575245034,0.5887016521103127
0.20055098991408293,0.4708127331078151,0.5886755750045445
0.20059768397459843,0.4708127331078151,0.5886314748699006
0.20059768397459843,0.4708994708994709,0.588627970243019
0.20062103100485618,0.4708994708994709,0.5885790029440156
0.20062103100485618,0.47098620869112673,0.5885642433869167
0.2007611131864027,0.47098620869112673,0.588469126039934
0.2007611131864027,0.47107294648278253,0.5884677311485305
0.20078446021666044,0.47107294648278253,0.5884485487711587
0.20078446021666044,0.4711596842744384,0.5884477052401337
0.20080780724691819,0.4711596842744384,0.588445478100255
0.20080780724691819,0.47133315985775004,0.5884386979906382
0.20083115427717593,0.47133315985775004,0.588437539900775
0.20083115427717593,0.47141989764940584,0.5884153471317329
0.2009478894284647,0.47141989764940584,0.5883805779626667
0.2009478894284647,0.4715066354410617,0.5883471310123152
0.20101793051923794,0.4715066354410617,0.5883255346539262
0.20101793051923794,0.4716801110243733,0.5882886093847757
0.2011346656705267,0.4716801110243733,0.588245372174903
0.2011346656705267,0.4719403243993408,0.5881751496814674
0.20143817706387748,0.4719403243993408,0.587984021958377
0.20143817706387748,0.4720270621909966,0.5879792039329848
0.20148487112439298,0.4720270621909966,0.5879758431110507
0.20148487112439298,0.47220053777430826,0.5879284088491175
0.201671647366455,0.47220053777430826,0.5878573597703143
0.201671647366455,0.4723740133576199,0.5878334479581881
0.20174168845722823,0.4723740133576199,0.5877798082217818
0.20174168845722823,0.4724607511492757,0.5877719117236606
0.20178838251774375,0.4724607511492757,0.5877404175948919
0.20178838251774375,0.47254748894093157,0.5877333078989984
0.201858423608517,0.47254748894093157,0.5877192159264337
0.201858423608517,0.47263422673258737,0.5877031261567291
0.20192846469929024,0.47263422673258737,0.5876800323666997
0.20192846469929024,0.472807702315899,0.5876469090594622
0.20195181172954801,0.472807702315899,0.5876442064898395
0.20195181172954801,0.4728944401075549,0.5876400612064553
0.20202185282032126,0.4728944401075549,0.587607884720788
0.20202185282032126,0.4729811778992107,0.5875870096600204
0.20211524094135225,0.4729811778992107,0.587557347435447
0.20211524094135225,0.47315465348252234,0.587524311712679
0.20213858797161002,0.47315465348252234,0.5875172309754133
0.20213858797161002,0.47324139127417814,0.587515987994087
0.20220862906238327,0.47324139127417814,0.5874970263403334
0.20220862906238327,0.473328129065834,0.5874740686685493
0.20237205827418753,0.473328129065834,0.587420211709929
0.20237205827418753,0.47350160464914565,0.5873905572579319
0.20241875233470302,0.47350160464914565,0.5873819660081433
0.20241875233470302,0.47358834244080145,0.5873768484421069
0.20255883451624954,0.47358834244080145,0.5873407066062343
0.20255883451624954,0.4736750802324573,0.5873148915755955
0.2028623459096003,0.4736750802324573,0.5871411127940739
0.2028623459096003,0.4737618180241131,0.587134543286207
0.20297908106088905,0.4737618180241131,0.5870663946774037
0.20297908106088905,0.47393529360742476,0.5870432593056069
0.20307246918192007,0.47393529360742476,0.5870004710846541
0.20307246918192007,0.4741955069823922,0.5869355771245764
0.20311916324243556,0.4741955069823922,0.5869230058974517
0.20311916324243556,0.47428224477404807,0.5869167541752711
0.20346936869630183,0.47428224477404807,0.5867057690109121
0.20346936869630183,0.47436898256570387,0.586704669801593
0.20349271572655958,0.47436898256570387,0.5867012782121688
0.20349271572655958,0.4744557203573597,0.5866979910901386
0.20351606275681733,0.4744557203573597,0.5866971260576993
0.20351606275681733,0.4746291959406714,0.5866718427850557
0.20356275681733282,0.4746291959406714,0.5866485986287248
0.20356275681733282,0.4747159337323272,0.5866311492084435
0.2036327979081061,0.4747159337323272,0.5865863462767154
0.2036327979081061,0.474802671523983,0.5865669928127941
0.2037728800896526,0.474802671523983,0.5865268943866591
0.2037728800896526,0.47488940931563883,0.5865157403871646
0.20379622711991036,0.47488940931563883,0.5865152651457575
0.20379622711991036,0.4751496226906063,0.5864694555731924
0.2038195741501681,0.4751496226906063,0.5864676340059664
0.2038195741501681,0.47532309827391794,0.5864646278675343
0.20388961524094135,0.47532309827391794,0.5864344391206671
0.20388961524094135,0.47540983606557374,0.5864207000975863
0.2039129622711991,0.47540983606557374,0.5864199768640788
0.2039129622711991,0.4754965738572296,0.5864093298291815
0.20395965633171462,0.4754965738572296,0.5863975501609016
0.20395965633171462,0.4755833116488854,0.5863909025411249
0.2040530444527456,0.4755833116488854,0.5863254733159918
0.2040530444527456,0.4758435250238529,0.5862962258897053
0.2040997385132611,0.4758435250238529,0.5862710962528165
0.2040997385132611,0.4759302628155087,0.586244867509353
0.20421647366454987,0.4759302628155087,0.5861946791616021
0.20421647366454987,0.47601700060716456,0.586158327205622
0.20435655584609638,0.47601700060716456,0.5861171969409726
0.20435655584609638,0.47610373839882036,0.5860925765879302
0.20442659693686963,0.47610373839882036,0.5860577450824216
0.20442659693686963,0.4763639517737878,0.5860413604489867
0.2045433320881584,0.4763639517737878,0.5859603037242747
0.2045433320881584,0.4764506895654437,0.5859445138392823
0.20456667911841614,0.4764506895654437,0.585925224642488
0.20456667911841614,0.47662416514875533,0.5859139555071329
0.2047768023907359,0.47662416514875533,0.5857569436415567
0.2047768023907359,0.47671090294041113,0.5857353220619372
0.2048234964512514,0.47671090294041113,0.585699645985644
0.2048234964512514,0.476797640732067,0.5856946902062024
0.20484684348150914,0.476797640732067,0.5856925062896059
0.20484684348150914,0.4768843785237228,0.5856897898102258
0.2049635786327979,0.4768843785237228,0.585645892637484
0.2049635786327979,0.4769711163153786,0.5856418178846013
0.20498692566305565,0.4769711163153786,0.5856362833225373
0.20498692566305565,0.47705785410703444,0.5856296132275396
0.20505696675382892,0.47705785410703444,0.585594753710101
0.20505696675382892,0.4772313296903461,0.5855573056406623
0.20512700784460217,0.4772313296903461,0.5855407338145708
0.20512700784460217,0.47740480527365775,0.585496641707331
0.2051503548748599,0.47740480527365775,0.5854918125063875
0.2051503548748599,0.47749154306531355,0.5854690700975524
0.20522039596563318,0.47749154306531355,0.5854424862164416
0.20522039596563318,0.4776650186486252,0.5854212491889264
0.20524374299589093,0.4776650186486252,0.5854185023690406
0.20524374299589093,0.477751756440281,0.5854175524146095
0.20526709002614868,0.477751756440281,0.5854166336039914
0.20526709002614868,0.47783849423193686,0.58541366175077
0.20529043705640643,0.47783849423193686,0.5854045908667665
0.20529043705640643,0.47792523202359266,0.5853837519961697
0.20536047814717967,0.47792523202359266,0.5853597640586151
0.20536047814717967,0.4780119698152485,0.5853326991124403
0.20550056032872618,0.4780119698152485,0.5852136337262865
0.20550056032872618,0.4780987076069043,0.5852068049403817
0.20557060141949943,0.4780987076069043,0.5851662478814836
0.20557060141949943,0.47818544539856017,0.5851525081530131
0.2056406425102727,0.47818544539856017,0.5850881087160515
0.2056406425102727,0.4783589209818718,0.5850315720254475
0.20571068360104594,0.4783589209818718,0.5849728659374801
0.20571068360104594,0.4785323965651834,0.5849448486748028
0.20575737766156144,0.4785323965651834,0.5848956636070836
0.20575737766156144,0.4786191343568393,0.5848868867768121
0.20580407172207696,0.4786191343568393,0.5848482942943422
0.20580407172207696,0.4787058721484951,0.5848254782938269
0.2058741128128502,0.4787058721484951,0.5848208568767059
0.2058741128128502,0.47879260994015094,0.5848092176781557
0.20589745984310795,0.47879260994015094,0.5847934305800819
0.20589745984310795,0.47887934773180674,0.584791745977453
0.2059208068733657,0.47887934773180674,0.5847793934565957
0.2059208068733657,0.4790528233151184,0.5847642423219783
0.20608423608516996,0.4790528233151184,0.584654630669168
0.20608423608516996,0.47913956110677425,0.5846527242229815
0.20613093014568548,0.47913956110677425,0.5846118491170389
0.20613093014568548,0.47922629889843005,0.584601574269495
0.20617762420620098,0.47922629889843005,0.5845795581600574
0.20617762420620098,0.47931303669008585,0.5845761040219806
0.20620097123645872,0.47931303669008585,0.584568148265576
0.20620097123645872,0.47957325006505336,0.5845015043936446
0.20624766529697422,0.47957325006505336,0.5844893952958226
0.20624766529697422,0.47965998785670916,0.5844753519376528
0.20627101232723197,0.47965998785670916,0.5844700286270423
0.20627101232723197,0.479746725648365,0.584446116710446
0.2063177063877475,0.479746725648365,0.584410767432828
0.2063177063877475,0.4798334634400208,0.5844056336736437
0.20645778856929398,0.4798334634400208,0.5843424977647329
0.20645778856929398,0.47992020123167667,0.584333650365042
0.20648113559955172,0.47992020123167667,0.5843205668366773
0.20648113559955172,0.48000693902333247,0.5842955754754631
0.20652782966006725,0.48000693902333247,0.5842902018969913
0.20652782966006725,0.48009367681498827,0.5842871077719282
0.206551176690325,0.48009367681498827,0.5842727692684603
0.206551176690325,0.4803538901899558,0.584249564868045
0.20657452372058274,0.4803538901899558,0.5842457485444673
0.20657452372058274,0.48061410356492323,0.5842143438572647
0.2065978707508405,0.48061410356492323,0.5842132992464242
0.2065978707508405,0.48070084135657903,0.5842111725981329
0.20666791184161376,0.48070084135657903,0.5841584830988105
0.20666791184161376,0.4807875791482349,0.5841418612129778
0.2066912588718715,0.4807875791482349,0.5841367175769061
0.2066912588718715,0.4808743169398907,0.5841200184021025
0.206737952932387,0.4808743169398907,0.5841009885320122
0.206737952932387,0.48096105473154654,0.5840810250906491
0.20706481135599553,0.48096105473154654,0.5839301942251254
0.20706481135599553,0.48104779252320234,0.5839285940561689
0.20713485244676877,0.48104779252320234,0.5838898363928039
0.20713485244676877,0.481221268106514,0.5838660728387037
0.20732162868883078,0.481221268106514,0.58381174043906
0.20732162868883078,0.48130800589816986,0.5838112792363368
0.20734497571908853,0.48130800589816986,0.5837972928896011
0.20734497571908853,0.48139474368982565,0.5837962287624847
0.2074150168098618,0.48139474368982565,0.5837818326608357
0.2074150168098618,0.48148148148148145,0.5837806416288285
0.20771852820321254,0.48148148148148145,0.5835788677921601
0.20771852820321254,0.4815682192731373,0.5835366697112445
0.2079286514755323,0.4815682192731373,0.5834754867547429
0.2079286514755323,0.4816549570647931,0.5834712772751298
0.20799869256630557,0.4816549570647931,0.583452031320671
0.20799869256630557,0.48174169485644897,0.5834415359933325
0.20802203959656332,0.48174169485644897,0.583429405080657
0.20802203959656332,0.48182843264810477,0.5834268206319899
0.20809208068733656,0.48182843264810477,0.5833867346076809
0.20809208068733656,0.4819151704397606,0.5833855697296049
0.2081154277175943,0.4819151704397606,0.583382295243369
0.2081154277175943,0.4820019082314164,0.5833758033712899
0.20813877474785208,0.4820019082314164,0.58335755449838
0.20813877474785208,0.4820886460230723,0.5833272630563956
0.20823216286888308,0.4820886460230723,0.5833145050360121
0.20823216286888308,0.4821753838147281,0.5833143662689022
0.20830220395965632,0.4821753838147281,0.5832680127029161
0.20830220395965632,0.4822621216063839,0.5832651605837729
0.20834889802017184,0.4822621216063839,0.5831763532351593
0.20834889802017184,0.48234885939803973,0.5831126346543882
0.2083722450504296,0.48234885939803973,0.583102739305893
0.2083722450504296,0.48243559718969553,0.5831005101133797
0.20839559208068734,0.48243559718969553,0.5830972664405654
0.20839559208068734,0.4825223349813514,0.5830951760806489
0.20848898020171835,0.4825223349813514,0.5830394111287494
0.20848898020171835,0.4826090727730072,0.583033720305284
0.20853567426223385,0.4826090727730072,0.582992774968409
0.20853567426223385,0.48278254835631884,0.5829849402147848
0.2086057153530071,0.48278254835631884,0.5829488035942684
0.2086057153530071,0.4828692861479747,0.5829484877279554
0.20862906238326484,0.4828692861479747,0.5829404102006759
0.20862906238326484,0.4830427617312863,0.5829244123243176
0.2086991034740381,0.4830427617312863,0.5829130348706548
0.2086991034740381,0.48312949952294215,0.5828963938059615
0.20872245050429586,0.48312949952294215,0.5828830238867717
0.20872245050429586,0.48321623731459795,0.5828813893709681
0.2087457975345536,0.48321623731459795,0.5828691918813569
0.2087457975345536,0.4833029751062538,0.5828658170082135
0.2088391856555846,0.4833029751062538,0.582797734412265
0.2088391856555846,0.4833897128979096,0.5827695059304068
0.20890922674635787,0.4833897128979096,0.5827551980797184
0.20890922674635787,0.4836499262728771,0.5827047883011913
0.20893257377661562,0.4836499262728771,0.5827000663507943
0.20893257377661562,0.4838234018561887,0.5826678208038132
0.20895592080687336,0.4838234018561887,0.5826575742849387
0.20895592080687336,0.4839968774395004,0.5826557066518183
0.2089792678371311,0.4839968774395004,0.5825832817304262
0.2089792678371311,0.48417035302281203,0.5825471290028713
0.20904930892790438,0.48417035302281203,0.582483709929976
0.20904930892790438,0.4842570908144679,0.5824733771642191
0.20921273813970864,0.4842570908144679,0.5824064914576166
0.20921273813970864,0.4843438286061237,0.5824023355442275
0.2092360851699664,0.4843438286061237,0.5823729043157191
0.2092360851699664,0.48443056639777954,0.5823636375122101
0.20925943220022414,0.48443056639777954,0.5823519125574117
0.20925943220022414,0.48451730418943534,0.5823330457100002
0.2095162495330594,0.48451730418943534,0.5821928390901777
0.2095162495330594,0.48460404198109114,0.5821879529007618
0.20956294359357489,0.48460404198109114,0.5821501791760059
0.20956294359357489,0.48486425535605865,0.5821487723722705
0.2096096376540904,0.48486425535605865,0.5820960543446048
0.2096096376540904,0.48495099314771445,0.5820952265546839
0.20963298468434816,0.48495099314771445,0.5820877996431149
0.20963298468434816,0.4850377309393703,0.582065155781641
0.2097030257751214,0.4850377309393703,0.5820360469142187
0.2097030257751214,0.48529794431433776,0.5819988940247545
0.2097497198356369,0.48529794431433776,0.5819734598389905
0.2097497198356369,0.4855581576893052,0.5819516761896305
0.20979641389615242,0.4855581576893052,0.5819269764793695
0.20979641389615242,0.48564489548096107,0.5818968196404086
0.20986645498692566,0.48564489548096107,0.5818850397307378
0.20986645498692566,0.48573163327261687,0.5818668002077194
0.21005323122898767,0.48573163327261687,0.5817544040159546
0.21005323122898767,0.4858183710642727,0.5817539964358924
0.21007657825924542,0.4858183710642727,0.5817463480218892
0.21007657825924542,0.4859051088559285,0.5817422246354802
0.21009992528950316,0.4859051088559285,0.5817099887861804
0.21009992528950316,0.4859918466475844,0.5816851595606811
0.21012327231976094,0.4859918466475844,0.5816789827939373
0.21012327231976094,0.486165322230896,0.5816541722490931
0.2103800896525962,0.486165322230896,0.5814993071139694
0.2103800896525962,0.48625206002255184,0.5814786315820493
0.21045013074336943,0.48625206002255184,0.5814170886190598
0.21045013074336943,0.48633879781420764,0.5813986692038344
0.21059021292491595,0.48633879781420764,0.58131585516081
0.21059021292491595,0.4864255356058635,0.5813041017030787
0.21063690698543144,0.4864255356058635,0.58126333537146
0.21063690698543144,0.48659901118917515,0.5812127563451128
0.21070694807620471,0.48659901118917515,0.5811480595845888
0.21070694807620471,0.48668574898083095,0.581131706060865
0.2108003361972357,0.48668574898083095,0.5810376746000736
0.2108003361972357,0.4868592245641426,0.580991083315064
0.21082368322749345,0.4868592245641426,0.5809864255971822
0.21082368322749345,0.4869459623557984,0.5809798093564348
0.21087037728800898,0.4869459623557984,0.5809594944872762
0.21087037728800898,0.48711943793911006,0.580932826423616
0.21091707134852447,0.48711943793911006,0.5808890957980123
0.21091707134852447,0.4872061757307659,0.5808709127870024
0.21103380649981324,0.4872061757307659,0.5808552685609871
0.21103380649981324,0.4872929135224217,0.5808455509911525
0.21119723571161747,0.4872929135224217,0.5807487439649996
0.21119723571161747,0.48737965131407757,0.5807251068566501
0.21136066492342173,0.48737965131407757,0.5806254877609132
0.21136066492342173,0.48746638910573337,0.580624242847734
0.21138401195367948,0.48746638910573337,0.580623708127572
0.21138401195367948,0.48755312689738917,0.5806231071934056
0.211617482256257,0.48755312689738917,0.5804773342689871
0.211617482256257,0.487639864689045,0.5804769682280944
0.21189764661935,0.487639864689045,0.5803372991190627
0.21189764661935,0.4877266024807008,0.5803144535942877
0.21192099364960776,0.4877266024807008,0.5803032153475727
0.21192099364960776,0.48798681585566833,0.5802631827195472
0.21203772880089652,0.48798681585566833,0.5802231043077297
0.21203772880089652,0.48807355364732413,0.5802029441493628
0.2121544639521853,0.48807355364732413,0.5801105263224946
0.2121544639521853,0.48816029143898,0.5801103290703823
0.21220115801270079,0.48816029143898,0.5801072708927333
0.21220115801270079,0.4882470292306358,0.5801064551644547
0.21222450504295853,0.4882470292306358,0.5800959721205787
0.21222450504295853,0.4883337670222916,0.5800892698154357
0.21229454613373178,0.4883337670222916,0.5800767775828325
0.21229454613373178,0.48842050481394744,0.5800709525952554
0.2124346283152783,0.48842050481394744,0.5799832246993579
0.2124346283152783,0.48850724260560324,0.5799171755011664
0.2125280164363093,0.48850724260560324,0.5798655864075257
0.2125280164363093,0.4885939803972591,0.5798554703084553
0.2126214045573403,0.4885939803972591,0.5798173042663999
0.2126214045573403,0.48876745598057075,0.5798059687934133
0.21266809861785582,0.48876745598057075,0.5797830467391242
0.21266809861785582,0.48885419377222655,0.5797665084980355
0.21269144564811357,0.48885419377222655,0.5797294689836362
0.21269144564811357,0.4890276693555382,0.579690473237298
0.21273813970862906,0.4890276693555382,0.579641739801132
0.21273813970862906,0.489114407147194,0.5796411687631529
0.2128081807994023,0.489114407147194,0.5795965244856298
0.2128081807994023,0.48920114493884986,0.5795723258213419
0.21285487485991783,0.48920114493884986,0.5795390608128292
0.21285487485991783,0.48928788273050566,0.5795101002652239
0.21290156892043333,0.48928788273050566,0.5794590280421815
0.21290156892043333,0.4893746205221615,0.5794358971915629
0.21297161001120657,0.4893746205221615,0.5794081226298848
0.21297161001120657,0.4894613583138173,0.5794052569621029
0.21299495704146432,0.4894613583138173,0.5793843425501439
0.21299495704146432,0.489634833897129,0.5793733296764694
0.21304165110197984,0.489634833897129,0.5793697503792548
0.21304165110197984,0.48972157168878483,0.5793624348567135
0.2132984684348151,0.48972157168878483,0.5792055211486489
0.2132984684348151,0.48980830948044063,0.579204996674705
0.21346189764661935,0.48980830948044063,0.5791186651914826
0.21346189764661935,0.48989504727209643,0.5791075154139838
0.2134852446768771,0.48989504727209643,0.5791051825915121
0.2134852446768771,0.4899817850637523,0.5791024016256274
0.21355528576765034,0.4899817850637523,0.5790257276215673
0.21355528576765034,0.4900685228554081,0.5790157551349665
0.21360197982816587,0.4900685228554081,0.5789818037863583
0.21360197982816587,0.49015526064706394,0.5789656283264433
0.21378875607022788,0.49015526064706394,0.5788919475903023
0.21378875607022788,0.49024199843871974,0.578883185048797
0.21381210310048562,0.49024199843871974,0.5788741593142073
0.21381210310048562,0.4903287362303756,0.5788636063428254
0.21385879716100112,0.4903287362303756,0.5788160559265516
0.21385879716100112,0.4904154740220314,0.5788156455029816
0.21395218528203214,0.4904154740220314,0.5787832047917363
0.21395218528203214,0.49050221181368725,0.5787716967186938
0.21399887934254763,0.49050221181368725,0.5787601394089149
0.21399887934254763,0.49058894960534305,0.5787511034068696
0.21406892043332088,0.49058894960534305,0.5787125714300647
0.21406892043332088,0.49067568739699885,0.5787028650060394
0.21411561449383637,0.49067568739699885,0.5786821804142155
0.21411561449383637,0.4908491629803105,0.5786601330292274
0.2142090026148674,0.4908491629803105,0.5786380662305897
0.2142090026148674,0.49093590077196636,0.578626134196071
0.21432573776615615,0.49093590077196636,0.5785789973539666
0.21432573776615615,0.49102263856362216,0.5785767755967202
0.21437243182667165,0.49102263856362216,0.5785491867446306
0.21437243182667165,0.4911961141469338,0.578530165251393
0.2144424729174449,0.4911961141469338,0.57851486098761
0.2144424729174449,0.49128285193858967,0.5784879295967819
0.21455920806873366,0.49128285193858967,0.5784072900727981
0.21455920806873366,0.49145632752190127,0.5783838808067132
0.21467594322002242,0.49145632752190127,0.5783440753183635
0.21467594322002242,0.4916298031052129,0.5783364097386876
0.21479267837131116,0.4916298031052129,0.5782523189220585
0.21479267837131116,0.4917165408968688,0.5782433056749001
0.21490941352259993,0.4917165408968688,0.5781862795326798
0.21490941352259993,0.49189001648018044,0.5781442156888157
0.21497945461337317,0.49189001648018044,0.5781313861962243
0.21497945461337317,0.4922369676468037,0.5780611095696188
0.2150728427344042,0.4922369676468037,0.5779720316155625
0.2150728427344042,0.49232370543845955,0.5779680139876284
0.21511953679491969,0.49232370543845955,0.5779604704387169
0.21511953679491969,0.49241044323011535,0.5779229438046727
0.21514288382517743,0.49241044323011535,0.5779223097711172
0.21514288382517743,0.4924971810217712,0.5779177494029093
0.21518957788569293,0.4924971810217712,0.5778946090460599
0.21518957788569293,0.49267065660508286,0.577886823687758
0.21523627194620845,0.49267065660508286,0.5778669685482418
0.21523627194620845,0.49275739439673866,0.5778635155612207
0.21556313036981695,0.49275739439673866,0.5777434105238434
0.21556313036981695,0.49284413218839446,0.5777256444600274
0.21577325364213673,0.49284413218839446,0.5775778377148529
0.21577325364213673,0.4929308699800503,0.5775770830434268
0.21579660067239448,0.4929308699800503,0.577572756799675
0.21579660067239448,0.4930176077717061,0.5775590960027616
0.21584329473290997,0.4930176077717061,0.5775434922840246
0.21584329473290997,0.49310434556336197,0.5775417525889289
0.2159833769144565,0.49310434556336197,0.5774897020258594
0.2159833769144565,0.49319108335501777,0.5774677387743348
0.21605341800522973,0.49319108335501777,0.5774117220970466
0.21605341800522973,0.4932778211466736,0.577403804079436
0.21607676503548748,0.4932778211466736,0.5773989681263244
0.21607676503548748,0.4933645589383294,0.5773877936444425
0.21610011206574523,0.4933645589383294,0.5773673011218832
0.21610011206574523,0.4934512967299853,0.5773444818693073
0.2161701531565185,0.4934512967299853,0.5773121921206152
0.2161701531565185,0.4935380345216411,0.5772988984765487
0.216216847217034,0.4935380345216411,0.5771942413223526
0.216216847217034,0.49379824789660853,0.5771877678905599
0.21628688830780723,0.49379824789660853,0.5771419180628494
0.21628688830780723,0.4938849856882644,0.5771191660564909
0.216403623459096,0.4938849856882644,0.5770422701538842
0.216403623459096,0.49405846127157604,0.57703381596307
0.21652035861038477,0.49405846127157604,0.5770038838658447
0.21652035861038477,0.49414519906323184,0.5769918798443856
0.2166370937616735,0.49414519906323184,0.5769378242839813
0.2166370937616735,0.4942319368548877,0.5769306861446768
0.21668378782218903,0.4942319368548877,0.5769057521812646
0.21668378782218903,0.4944054124381993,0.5768621710063336
0.2168238700037355,0.4944054124381993,0.576806198426163
0.2168238700037355,0.49449215022985515,0.5768037664307184
0.2168472170339933,0.49449215022985515,0.5767947085762909
0.2168472170339933,0.49457888802151095,0.5767602326937296
0.21691725812476653,0.49457888802151095,0.5767224530810179
0.21691725812476653,0.4946656258131668,0.5766874589375455
0.21698729921553978,0.4946656258131668,0.5766726322791791
0.21698729921553978,0.4947523636048226,0.5766566241160653
0.21710403436682854,0.4947523636048226,0.576620439666703
0.21710403436682854,0.49492583918813426,0.5766155907317446
0.2171273813970863,0.49492583918813426,0.5765871701723415
0.2171273813970863,0.4952727903547576,0.5765039116419515
0.2173141576391483,0.4952727903547576,0.5764291912875443
0.2173141576391483,0.49544626593806923,0.57642512650891
0.21740754576017932,0.49544626593806923,0.5763726243116006
0.21740754576017932,0.49553300372972503,0.5763515607646155
0.2175476279417258,0.49553300372972503,0.5762666526035282
0.2175476279417258,0.4957064793130367,0.576233300475522
0.21759432200224132,0.4957064793130367,0.5762131780031319
0.21759432200224132,0.49596669268800414,0.5761571371298447
0.21766436309301457,0.49596669268800414,0.5761472710371318
0.21766436309301457,0.49622690606297165,0.5761206862722965
0.21771105715353006,0.49622690606297165,0.5760994847823062
0.21771105715353006,0.49631364385462745,0.5760864457783983
0.21780444527456108,0.49631364385462745,0.5760377916268534
0.21780444527456108,0.4964003816462833,0.5760328759344975
0.21785113933507658,0.4964003816462833,0.5759718680137953
0.21785113933507658,0.4964871194379391,0.575967252953141
0.21810795666791183,0.4964871194379391,0.575858008302762
0.21810795666791183,0.49666059502125076,0.5758251831830556
0.21820134478894285,0.49666059502125076,0.5757828122901248
0.21820134478894285,0.4968340706045624,0.5757204784883664
0.2183180799402316,0.4968340706045624,0.5755922131911562
0.2183180799402316,0.49700754618787407,0.5755525446894597
0.2183647740007471,0.49700754618787407,0.5755479605519169
0.2183647740007471,0.49709428397952987,0.5755340746203734
0.2184581621217781,0.49709428397952987,0.5754715091370289
0.2184581621217781,0.4972677595628415,0.5754417897910653
0.21852820321255137,0.4972677595628415,0.5754275305936682
0.21852820321255137,0.4973544973544973,0.575410815240938
0.2185982443033246,0.4973544973544973,0.5753203966071785
0.2185982443033246,0.4974412351461532,0.5753112654255057
0.21862159133358236,0.4974412351461532,0.5752995045633118
0.21862159133358236,0.49761471072946484,0.575295973175821
0.21866828539409788,0.49761471072946484,0.5752638428676115
0.21866828539409788,0.49770144852112064,0.5752569245925894
0.21880836757564437,0.49770144852112064,0.5752219885852794
0.21880836757564437,0.4977881863127765,0.5752217688659176
0.21894844975719088,0.4977881863127765,0.5751644414451751
0.21894844975719088,0.49796166189608815,0.5751265697429485
0.2190418378782219,0.49796166189608815,0.5750645138656051
0.2190418378782219,0.49804839968774395,0.5750525440855185
0.2191352259992529,0.49804839968774395,0.5749906919460128
0.2191352259992529,0.49813513747939975,0.5749895863732482
0.2191819200597684,0.49813513747939975,0.5749740875515931
0.2191819200597684,0.4983086130627114,0.5749526783379549
0.21925196115054166,0.4983086130627114,0.5749386187079897
0.21925196115054166,0.49848208864602306,0.5749360171296323
0.2193220022413149,0.49848208864602306,0.5748783266065058
0.2193220022413149,0.4985688264376789,0.5748747364823732
0.21934534927157265,0.4985688264376789,0.5748652456634559
0.21934534927157265,0.4986555642293347,0.5748596731931778
0.21943873739260367,0.4986555642293347,0.5748154396945551
0.21943873739260367,0.49874230202099057,0.5747819393605489
0.21953212551363466,0.49874230202099057,0.5747351392888148
0.21953212551363466,0.49882903981264637,0.5747225255303106
0.21964886066492342,0.49882903981264637,0.5746773066622648
0.21964886066492342,0.49891577760430217,0.5746686199704049
0.21967220769518117,0.49891577760430217,0.5746655737850324
0.21967220769518117,0.499002515395958,0.5746597124367461
0.21969555472543892,0.499002515395958,0.5746454953692878
0.21969555472543892,0.4991759909792697,0.5746185760576646
0.2197655958162122,0.4991759909792697,0.5745486328794992
0.2197655958162122,0.4992627287709255,0.574548442436962
0.21981228987672768,0.4992627287709255,0.5744807910378731
0.21981228987672768,0.49943620435423713,0.5744621603536229
0.21983563690698543,0.49943620435423713,0.5744580483879342
0.21983563690698543,0.499522942145893,0.5744553503814325
0.21992902502801642,0.499522942145893,0.5744112189646144
0.21992902502801642,0.4996096799375488,0.5744025045318065
0.21997571908853195,0.4996096799375488,0.5743458449261696
0.21997571908853195,0.4996964177292046,0.5743274264604972
0.22006910720956294,0.4996964177292046,0.574304706203463
0.22006910720956294,0.5000433688958279,0.5742172225051154
0.2201391483003362,0.5000433688958279,0.5741964534017678
0.2201391483003362,0.5001301066874837,0.5741930452529262
0.22016249533059395,0.5001301066874837,0.574191911559618
0.22016249533059395,0.5002168444791396,0.5741871242763208
0.22051270078446022,0.5002168444791396,0.5740610140288258
0.22051270078446022,0.5003035822707954,0.5740540765194317
0.22055939484497572,0.5003035822707954,0.5740372164118015
0.22055939484497572,0.5003903200624512,0.5740323079471124
0.22060608890549122,0.5003903200624512,0.5740212660840626
0.22060608890549122,0.500477057854107,0.5740134979709103
0.22083955920806875,0.500477057854107,0.5739451343265296
0.22083955920806875,0.5005637956457628,0.5739428977558366
0.22088625326858424,0.5005637956457628,0.5738953189093612
0.22088625326858424,0.5006505334374187,0.5738928766863676
0.22093294732909974,0.5006505334374187,0.5738725580474862
0.22093294732909974,0.5008240090207303,0.5738418257903792
0.221096376540904,0.5008240090207303,0.5737563388785856
0.221096376540904,0.5009107468123861,0.5737561500521817
0.221189764661935,0.5009107468123861,0.5736814780927273
0.221189764661935,0.500997484604042,0.5736759469413756
0.2212364587224505,0.500997484604042,0.5736683413514196
0.2212364587224505,0.5010842223956978,0.5736661601521595
0.22130649981322376,0.5010842223956978,0.5736269500444282
0.22130649981322376,0.5011709601873536,0.5736245509677405
0.22135319387373925,0.5011709601873536,0.5736095139276784
0.22135319387373925,0.5012576979790094,0.5735795050192309
0.22153997011580126,0.5012576979790094,0.5735160225608872
0.22153997011580126,0.5013444357706652,0.5735016588613796
0.22165670526709003,0.5013444357706652,0.5734637896964004
0.22165670526709003,0.5014311735623211,0.5734545066778821
0.22170339932760552,0.5014311735623211,0.5734382488499574
0.22170339932760552,0.5015179113539769,0.573423841438331
0.2217734404183788,0.5015179113539769,0.5733632219792064
0.2217734404183788,0.5016913869372885,0.5733442134725505
0.22184348150915204,0.5016913869372885,0.5732761152553728
0.22184348150915204,0.5017781247289445,0.5732760075022526
0.22191352259992528,0.5017781247289445,0.5732506441957357
0.22191352259992528,0.5018648625206003,0.5732490409648119
0.2221469929025028,0.5018648625206003,0.5731176788038861
0.2221469929025028,0.501951600312256,0.5731140222061705
0.22217033993276056,0.501951600312256,0.5731069358901291
0.22217033993276056,0.5020383381039119,0.5730880351481702
0.22231042211430707,0.5020383381039119,0.5730338216870273
0.22231042211430707,0.5022985514788794,0.5729947015686674
0.22235711617482257,0.5022985514788794,0.5729773165410439
0.22235711617482257,0.5025587648538469,0.5729380277997473
0.22266062756817334,0.5025587648538469,0.5727774881555052
0.22266062756817334,0.5026455026455027,0.5727425861565191
0.22277736271946208,0.5026455026455027,0.5726911299703672
0.22277736271946208,0.5028189782288143,0.572660740303909
0.2228707508404931,0.5028189782288143,0.5726230662801705
0.2228707508404931,0.5029057160204701,0.5726094858151012
0.22298748599178184,0.5029057160204701,0.5725503047043494
0.22298748599178184,0.502992453812126,0.5725468538381044
0.22303418005229736,0.502992453812126,0.5725003886238803
0.22303418005229736,0.5030791916037818,0.5725002291730008
0.2230575270825551,0.5030791916037818,0.5724975487351192
0.2230575270825551,0.5031659293954376,0.572490652033768
0.22312756817332835,0.5031659293954376,0.5724808047052978
0.22312756817332835,0.5032526671870934,0.5724662624531127
0.22322095629435937,0.5032526671870934,0.5723977591691523
0.22322095629435937,0.5035128805620609,0.5723575991211394
0.22324430332461712,0.5035128805620609,0.5723460153203701
0.22324430332461712,0.5035996183537167,0.5723379632367582
0.22340773253642138,0.5035996183537167,0.5722571346849442
0.22340773253642138,0.5036863561453725,0.572254988177237
0.22350112065745237,0.5036863561453725,0.5722281913275703
0.22350112065745237,0.5038598317286842,0.5722266482434286
0.22357116174822564,0.5038598317286842,0.5721582922571422
0.22357116174822564,0.50394656952034,0.57215674402338
0.2235945087784834,0.50394656952034,0.5721483617400978
0.2235945087784834,0.5040333073119958,0.5721408082772792
0.22366454986925663,0.5040333073119958,0.5720849817498967
0.22366454986925663,0.5041200451036517,0.5720809257825403
0.22375793799028765,0.5041200451036517,0.572031729264165
0.22375793799028765,0.5042067828953075,0.5720141980854212
0.22389802017183413,0.5042067828953075,0.5719619564760321
0.22389802017183413,0.5042935206869633,0.5719335871603344
0.22436496077698917,0.5042935206869633,0.5717591159754827
0.22436496077698917,0.5043802584786191,0.5717569797961028
0.22459843107956667,0.5043802584786191,0.5716957995611534
0.22459843107956667,0.5044669962702749,0.5716925146616938
0.2246918192005977,0.5044669962702749,0.571620744773676
0.2246918192005977,0.5045537340619308,0.5716089288642963
0.2247385132611132,0.5045537340619308,0.5715920399580006
0.2247385132611132,0.5046404718535866,0.5715850418330977
0.22490194247291745,0.5046404718535866,0.5715279123857746
0.22490194247291745,0.5047272096452424,0.571502513904636
0.2249252895031752,0.5047272096452424,0.5714862050573981
0.2249252895031752,0.5048139474368982,0.5714689675049285
0.22494863653343294,0.5048139474368982,0.5714661250596214
0.22494863653343294,0.5049006852285541,0.5714640555229391
0.22499533059394844,0.5049006852285541,0.5714206000987916
0.22499533059394844,0.5050741608118657,0.5714142554004612
0.22504202465446396,0.5050741608118657,0.5713789542894457
0.22504202465446396,0.5051608986035215,0.5713748183588288
0.2251120657452372,0.5051608986035215,0.5713282432404052
0.2251120657452372,0.5053343741868332,0.5713143108309419
0.22522880089652597,0.5053343741868332,0.571223921936374
0.22522880089652597,0.505421111978489,0.5711765758719675
0.22541557713858798,0.505421111978489,0.5709910163392801
0.22541557713858798,0.5055945875618006,0.570980530089376
0.22555565932013447,0.5055945875618006,0.5709348229206271
0.22555565932013447,0.5056813253534564,0.570920899630869
0.22560235338065,0.5056813253534564,0.5709145314760159
0.22560235338065,0.5057680631451124,0.5709080588227464
0.22567239447142323,0.5057680631451124,0.5708901727398012
0.22567239447142323,0.505941538728424,0.5708661894690257
0.22576578259245425,0.505941538728424,0.5708310298760173
0.22576578259245425,0.5060282765200798,0.5708309198888861
0.22585917071348524,0.5060282765200798,0.5707812166481485
0.22585917071348524,0.5061150143117357,0.5707797700422561
0.225882517743743,0.5061150143117357,0.570779736970968
0.225882517743743,0.5062017521033915,0.570776234708652
0.226069293985805,0.5062017521033915,0.5706904375395526
0.226069293985805,0.5062884898950473,0.5706626443028449
0.226256070227867,0.5062884898950473,0.5705808962224771
0.226256070227867,0.5064619654783589,0.5705694189846916
0.22630276428838253,0.5064619654783589,0.5704848802085767
0.22630276428838253,0.5065487032700148,0.5704810846756396
0.22641949943967127,0.5065487032700148,0.5704210246522198
0.22641949943967127,0.5066354410616706,0.5704206643783607
0.22646619350018676,0.5066354410616706,0.5703688610891575
0.22646619350018676,0.5068089166449822,0.5703339597296566
0.2265128875607023,0.5068089166449822,0.5703064697441251
0.2265128875607023,0.5068956544366381,0.5702914255014713
0.22662962271199102,0.5068956544366381,0.5702407767651483
0.22662962271199102,0.5069823922282939,0.5701812507966959
0.22667631677250655,0.5069823922282939,0.5701505517721431
0.22667631677250655,0.5070691300199497,0.5701449039763858
0.22672301083302204,0.5070691300199497,0.5701019437633246
0.22672301083302204,0.5072426056032613,0.5700496900710157
0.2267463578632798,0.5072426056032613,0.5700428740743124
0.2267463578632798,0.5073293433949172,0.570032852636325
0.22690978707508405,0.5073293433949172,0.5699548929790801
0.22690978707508405,0.5075895567698846,0.5699263987632968
0.2269331341053418,0.5075895567698846,0.5699255803592642
0.2269331341053418,0.5077630323531963,0.5699169873072887
0.22704986925663057,0.5077630323531963,0.569872093987748
0.22704986925663057,0.5078497701448521,0.5698623136357641
0.22714325737766156,0.5078497701448521,0.5698492306770735
0.22714325737766156,0.5080232457281637,0.5698350978474915
0.22723664549869257,0.5080232457281637,0.5698092356029908
0.22723664549869257,0.5081967213114754,0.5697569025473143
0.22725999252895032,0.5081967213114754,0.5697469668171524
0.22725999252895032,0.508370196894787,0.56970109699207
0.22733003361972356,0.508370196894787,0.5696579626014779
0.22733003361972356,0.5084569346864429,0.5696499356527327
0.2273533806499813,0.5084569346864429,0.5696322352247538
0.2273533806499813,0.5085436724780987,0.5696291689234527
0.22737672768023906,0.5085436724780987,0.5695976779448181
0.22737672768023906,0.5086304102697545,0.5695976135903202
0.2276101979828166,0.5086304102697545,0.5694982253161857
0.2276101979828166,0.5087171480614103,0.5694935211571679
0.22763354501307434,0.5087171480614103,0.5694737797168308
0.22763354501307434,0.5088038858530661,0.569466799405099
0.2276568920433321,0.5088038858530661,0.569462617369993
0.2276568920433321,0.508890623644722,0.5694624585735739
0.22768023907358984,0.508890623644722,0.5694360437119224
0.22768023907358984,0.5089773614363778,0.5694322282348043
0.22770358610384758,0.5089773614363778,0.569413615042538
0.22770358610384758,0.5090640992280336,0.5693838693960365
0.2277502801643631,0.5090640992280336,0.5693802414852449
0.2277502801643631,0.5091508370196894,0.5693719129904555
0.22782032125513635,0.5091508370196894,0.5693335602674868
0.22782032125513635,0.5092375748113454,0.5693269460993007
0.2278903623459096,0.5092375748113454,0.5692974885544915
0.2278903623459096,0.509411050394657,0.5692679617039598
0.22793705640642511,0.509411050394657,0.5692191268805278
0.22793705640642511,0.5095845259779685,0.5692186870705269
0.22796040343668286,0.5095845259779685,0.5692116122067533
0.22796040343668286,0.5096712637696245,0.569203102224982
0.22800709749719836,0.5096712637696245,0.56914930646211
0.22800709749719836,0.5097580015612803,0.569130351286641
0.22817052670900262,0.5097580015612803,0.5690912438297387
0.22817052670900262,0.5098447393529361,0.5690809360423859
0.22819387373926037,0.5098447393529361,0.569065628882261
0.22819387373926037,0.5100182149362478,0.5690541322301124
0.2282639148300336,0.5100182149362478,0.5690061730336584
0.2282639148300336,0.5101916905195594,0.5689941892989268
0.22828726186029136,0.5101916905195594,0.568993336640609
0.22828726186029136,0.5104519038945269,0.5689307538547734
0.22833395592080688,0.5104519038945269,0.568916481277584
0.22833395592080688,0.5105386416861827,0.5689070519880193
0.2285207321628689,0.5105386416861827,0.5688195877035254
0.2285207321628689,0.5106253794778385,0.5688163317552304
0.22859077325364213,0.5106253794778385,0.5687375431831162
0.22859077325364213,0.510885592852806,0.5687201704158598
0.2286608143444154,0.510885592852806,0.5687111697739012
0.2286608143444154,0.5109723306444618,0.5687108806389753
0.22896432573776615,0.5109723306444618,0.5685696239367906
0.22896432573776615,0.5111458062277734,0.5685520659490778
0.2289876727680239,0.5111458062277734,0.568541307913626
0.2289876727680239,0.5112325440194293,0.5685228870656112
0.22910440791931266,0.5112325440194293,0.5684811079509307
0.22910440791931266,0.5113192818110851,0.5684760057353047
0.22919779604034368,0.5113192818110851,0.5684538428390173
0.22919779604034368,0.5114060196027409,0.568452533804243
0.22933787822189017,0.5114060196027409,0.5683955429665952
0.22933787822189017,0.5114927573943967,0.5683853816979985
0.2294312663429212,0.5114927573943967,0.5683508493411018
0.2294312663429212,0.5115794951860526,0.5683507079680338
0.22945461337317893,0.5115794951860526,0.5683473809607955
0.22945461337317893,0.5116662329777084,0.5683448894258293
0.22968808367575644,0.5116662329777084,0.568221168072016
0.22968808367575644,0.5117529707693642,0.56820004406633
0.22971143070601419,0.5117529707693642,0.5681977437697289
0.22971143070601419,0.51183970856102,0.5681910900941316
0.22978147179678746,0.51183970856102,0.5680920474719187
0.22978147179678746,0.5119264463526758,0.568087599935605
0.22992155397833394,0.5119264463526758,0.5679883115385924
0.22992155397833394,0.5120131841443317,0.567974037059943
0.23001494209936496,0.5120131841443317,0.5679370053186464
0.23001494209936496,0.5120999219359875,0.5679350715463432
0.23015502428091147,0.5120999219359875,0.5678237066961269
0.23015502428091147,0.512360135310955,0.5678021742873555
0.23024841240194246,0.512360135310955,0.5677879767651747
0.23024841240194246,0.5124468731026108,0.5677817333939787
0.23031845349271574,0.5124468731026108,0.5677546724577254
0.23031845349271574,0.5125336108942666,0.5677463655864402
0.23034180052297348,0.5125336108942666,0.5677385068714076
0.23034180052297348,0.5126203486859224,0.5677306538602249
0.230668658946582,0.5126203486859224,0.5674483868968281
0.230668658946582,0.5127070864775782,0.5674246378679964
0.23073870003735525,0.5127070864775782,0.5673218077907081
0.23073870003735525,0.5127938242692341,0.5673181248044098
0.23087878221890176,0.5127938242692341,0.5672458253768706
0.23087878221890176,0.5128805620608899,0.5672362515819839
0.23092547627941726,0.5128805620608899,0.5672213037406588
0.23092547627941726,0.5129672998525457,0.5672049986218071
0.2309955173701905,0.5129672998525457,0.5671869697152067
0.2309955173701905,0.5130540376442015,0.5671792001668693
0.23101886440044828,0.5130540376442015,0.5671409462498846
0.23101886440044828,0.5132275132275133,0.5671048044969564
0.2311822936122525,0.5132275132275133,0.5670440095951286
0.2311822936122525,0.5134009888108249,0.567022140369455
0.23127568173328353,0.5134009888108249,0.5670027514093399
0.23127568173328353,0.5134877266024807,0.5669852755540639
0.23141576391483004,0.5134877266024807,0.5669352147536891
0.23141576391483004,0.5136612021857924,0.5669166381145926
0.23146245797534554,0.5136612021857924,0.5668561180524119
0.23146245797534554,0.5139214155607599,0.5668366179898917
0.23150915203586103,0.5139214155607599,0.5668158676414409
0.23150915203586103,0.5140081533524157,0.5668081061827454
0.23153249906611878,0.5140081533524157,0.5668007021960235
0.23153249906611878,0.5140948911440715,0.5667935094116192
0.23155584609637653,0.5140948911440715,0.5667580793063929
0.23155584609637653,0.5142683667273831,0.5667147196999978
0.2316725812476653,0.5142683667273831,0.5666861191229389
0.2316725812476653,0.514355104519039,0.5666809220253614
0.2317659693686963,0.514355104519039,0.5666337066280356
0.2317659693686963,0.5147020556856623,0.5666263350506046
0.23183601045946955,0.5147020556856623,0.5665678355688596
0.23183601045946955,0.5147887934773181,0.5665416432950051
0.2319060515502428,0.5147887934773181,0.566517069993099
0.2319060515502428,0.5148755312689739,0.5665166413196657
0.23211617482256258,0.5148755312689739,0.566446686807426
0.23211617482256258,0.5149622690606297,0.5664368952379761
0.23223290997385132,0.5149622690606297,0.5663859496047023
0.23223290997385132,0.5151357446439414,0.5663721705924438
0.23225625700410907,0.5151357446439414,0.5663536806424337
0.23225625700410907,0.5152224824355972,0.5663525398050511
0.2323496451251401,0.5152224824355972,0.5662836734688466
0.2323496451251401,0.515309220227253,0.5662729068685063
0.23239633918565558,0.515309220227253,0.5662309960922318
0.23239633918565558,0.5153959580189088,0.5662299360241625
0.23246638027642882,0.5153959580189088,0.5661989467898945
0.23246638027642882,0.5154826958105647,0.5661961213269936
0.2325364213672021,0.5154826958105647,0.5661550691030908
0.2325364213672021,0.5155694336022205,0.5661420982260944
0.23265315651849086,0.5155694336022205,0.5660900649356506
0.23265315651849086,0.5156561713938763,0.5660860726541959
0.2327698916697796,0.5156561713938763,0.5660540765651696
0.2327698916697796,0.5157429091855321,0.5660470317200327
0.23279323870003735,0.5157429091855321,0.5660332602050595
0.23279323870003735,0.5158296469771879,0.5660157548074751
0.23286327979081062,0.5158296469771879,0.5659880678673948
0.23286327979081062,0.5159163847688438,0.5659735196058284
0.2329099738513261,0.5159163847688438,0.5659436628940777
0.2329099738513261,0.5160031225604996,0.5659387567572474
0.23293332088158386,0.5160031225604996,0.5659336719355561
0.23293332088158386,0.5160898603521554,0.5659286991602376
0.2329566679118416,0.5160898603521554,0.5659173968558471
0.2329566679118416,0.5161765981438112,0.5658995359780317
0.2330033619723571,0.5161765981438112,0.5658742363747044
0.2330033619723571,0.5163500737271229,0.5658721739900863
0.23307340306313037,0.5163500737271229,0.5658211973061369
0.23307340306313037,0.5164368115187787,0.5658184330315648
0.23323683227493464,0.5164368115187787,0.5657449840237101
0.23323683227493464,0.5165235493104345,0.5657422190750072
0.23326017930519238,0.5165235493104345,0.5657218188816462
0.23326017930519238,0.5166102871020903,0.5657200645007023
0.23335356742622337,0.5166102871020903,0.5656889035954515
0.23335356742622337,0.5166970248937462,0.5656783085471528
0.23337691445648115,0.5166970248937462,0.5656775860845817
0.23337691445648115,0.516783762685402,0.5656726474147851
0.23354034366828538,0.516783762685402,0.5655648476836395
0.23354034366828538,0.5168705004770578,0.5655629498855086
0.2335870377288009,0.5168705004770578,0.5655325674675209
0.2335870377288009,0.5169572382687136,0.5655099763849325
0.2336804258498319,0.5169572382687136,0.5654566378664722
0.2336804258498319,0.5170439760603694,0.5654262190437757
0.23375046694060517,0.5170439760603694,0.5654110695241661
0.23375046694060517,0.5171307138520254,0.5653772677781973
0.23379716100112066,0.5171307138520254,0.565350886644352
0.23379716100112066,0.517304189435337,0.5653093624120703
0.23389054912215165,0.517304189435337,0.5652879747146023
0.23389054912215165,0.5173909272269928,0.565276028963304
0.23393724318266718,0.5173909272269928,0.5652560814429404
0.23393724318266718,0.5174776650186487,0.5652523827390106
0.23398393724318267,0.5174776650186487,0.5652322908306069
0.23398393724318267,0.5175644028103045,0.5652239230715363
0.23405397833395591,0.5175644028103045,0.5651952703477998
0.23405397833395591,0.5176511406019603,0.5651941094775155
0.23407732536421366,0.5176511406019603,0.5651763996101486
0.23407732536421366,0.5177378783936161,0.5651728052772038
0.23414736645498693,0.5177378783936161,0.5651374930605799
0.23414736645498693,0.5178246161852719,0.5651194011386056
0.23419406051550243,0.5178246161852719,0.5650645651247295
0.23419406051550243,0.5179113539769278,0.565062741816708
0.23438083675756444,0.5179113539769278,0.5649541867320288
0.23438083675756444,0.5180848295602394,0.564937317439417
0.23445087784833768,0.5180848295602394,0.5649279765554505
0.23445087784833768,0.5181715673518952,0.5649207866866524
0.23447422487859546,0.5181715673518952,0.5648885028949503
0.23447422487859546,0.5183450429352069,0.5648798440823433
0.2344975719088532,0.5183450429352069,0.5648548630200512
0.2344975719088532,0.5184317807268627,0.5648528516929563
0.2345442659693687,0.5184317807268627,0.5648286799245603
0.2345442659693687,0.5185185185185185,0.5648250701203914
0.2345909600298842,0.5185185185185185,0.5648144473289648
0.2345909600298842,0.5186052563101743,0.5648080812089904
0.2347310422114307,0.5186052563101743,0.5647501059722702
0.2347310422114307,0.5186919941018302,0.5647428863800592
0.23475438924168845,0.5186919941018302,0.5647424750945393
0.23475438924168845,0.518778731893486,0.5647415324337233
0.23487112439297722,0.518778731893486,0.564721574209537
0.23487112439297722,0.5188654696851418,0.5647105450760381
0.23491781845349272,0.5188654696851418,0.5647058070648291
0.23491781845349272,0.5190389452684535,0.5646896733197613
0.2349645125140082,0.5190389452684535,0.5646818035059897
0.2349645125140082,0.5191256830601093,0.5646669892535381
0.23498785954426596,0.5191256830601093,0.5646620097649062
0.23498785954426596,0.5192124208517651,0.5646539933274819
0.23501120657452373,0.5192124208517651,0.5646494429752236
0.23501120657452373,0.5193858964350767,0.5646151176225345
0.23515128875607022,0.5193858964350767,0.5645211730502646
0.23515128875607022,0.5195593720183884,0.5644966479478952
0.23517463578632797,0.5195593720183884,0.5644870166704026
0.23517463578632797,0.5196461098100442,0.5644861744875223
0.23529137093761673,0.5196461098100442,0.5644400204343876
0.23529137093761673,0.5197328476017,0.5644396966882816
0.23543145311916325,0.5197328476017,0.564395184756604
0.23543145311916325,0.5198195853933559,0.564392985006289
0.23566492342174075,0.5198195853933559,0.5643266433379799
0.23566492342174075,0.5199063231850117,0.5643024046108019
0.23571161748225625,0.5199063231850117,0.5642947077419677
0.23571161748225625,0.5199930609766675,0.5642886627465908
0.23578165857302952,0.5199930609766675,0.564212672831073
0.23578165857302952,0.5200797987683233,0.5642044110179265
0.23580500560328727,0.5200797987683233,0.5641554353323087
0.23580500560328727,0.5201665365599791,0.5641509121921928
0.23596843481509153,0.5201665365599791,0.5641077374288108
0.23596843481509153,0.520253274351635,0.5641066236963685
0.23610851699663804,0.520253274351635,0.5640371073039131
0.23610851699663804,0.5205134877266024,0.5639705479943384
0.2361318640268958,0.5205134877266024,0.5639570650315562
0.2361318640268958,0.5206002255182584,0.5639259027108432
0.23638868135973104,0.5206002255182584,0.5638274167580916
0.23638868135973104,0.52077370110157,0.5638051802069801
0.23657545760179305,0.52077370110157,0.5636904552799434
0.23657545760179305,0.5208604388932258,0.563686444344954
0.23666884572282407,0.5208604388932258,0.5636343991464294
0.23666884572282407,0.5209471766848816,0.5636294945590861
0.23676223384385506,0.5209471766848816,0.5635923626749642
0.23676223384385506,0.5211206522681933,0.5635896995939478
0.23687896899514382,0.5211206522681933,0.5635319300138373
0.23687896899514382,0.5212073900598491,0.5635236913324433
0.23701905117669034,0.5212073900598491,0.5634521363982365
0.23701905117669034,0.5212941278515049,0.5634497846631814
0.23704239820694809,0.5212941278515049,0.563448173673347
0.23704239820694809,0.5213808656431608,0.5634333095992808
0.23713578632797908,0.5213808656431608,0.5634025137818663
0.23713578632797908,0.5214676034348166,0.563380052406653
0.23715913335823682,0.5214676034348166,0.563374682141658
0.23715913335823682,0.5215543412264724,0.5633686328210554
0.23725252147926784,0.5215543412264724,0.5633265553505519
0.23725252147926784,0.521727816809784,0.5633131894400445
0.23732256257004108,0.521727816809784,0.563298480781576
0.23732256257004108,0.5218145546014399,0.5632920656332392
0.2374626447515876,0.5218145546014399,0.5632633563498193
0.2374626447515876,0.5219880301847515,0.5632441597207869
0.23748599178184535,0.5219880301847515,0.5632144900212697
0.23748599178184535,0.5220747679764073,0.5632057637382559
0.23753268584236084,0.5220747679764073,0.5631530981770798
0.23753268584236084,0.5221615057680632,0.5631458198552144
0.23771946208442285,0.5221615057680632,0.5630969841682419
0.23771946208442285,0.522248243559719,0.5630686126939621
0.23785954426596936,0.522248243559719,0.5630326826304914
0.23785954426596936,0.5223349813513748,0.5630318858205294
0.23806966753828912,0.5223349813513748,0.5629325650349488
0.23806966753828912,0.5224217191430306,0.562932021136151
0.23816305565932014,0.5224217191430306,0.5628833477137876
0.23816305565932014,0.5225084569346864,0.5628613978902697
0.23820974971983563,0.5225084569346864,0.5628350248652431
0.23820974971983563,0.5225951947263423,0.5628124992733354
0.23825644378035113,0.5225951947263423,0.5627911286491809
0.23825644378035113,0.5227686703096539,0.5627513668133888
0.2383731789316399,0.5227686703096539,0.5626915938586476
0.2383731789316399,0.5229421458929656,0.5626583252812887
0.2385132611131864,0.5229421458929656,0.5626079519880527
0.2385132611131864,0.5230288836846214,0.5625591861573496
0.23872338438550617,0.5230288836846214,0.5624860679939541
0.23872338438550617,0.523202359267933,0.5624801816704612
0.23877007844602166,0.523202359267933,0.5624750393180323
0.23877007844602166,0.5232890970595888,0.5624699445463508
0.2387934254762794,0.5232890970595888,0.5624592993592518
0.2387934254762794,0.5233758348512447,0.5624493362869272
0.23898020171834142,0.5233758348512447,0.5623586866083483
0.23898020171834142,0.5234625726429005,0.5623489531426193
0.23916697796040343,0.5234625726429005,0.5622982380556996
0.23916697796040343,0.5235493104345563,0.5622876200244391
0.23921367202091895,0.5235493104345563,0.5622841536044196
0.23921367202091895,0.5236360482262121,0.5622813981695647
0.23940044826298096,0.5236360482262121,0.5622092308074924
0.23940044826298096,0.5238962616011796,0.5621767023371462
0.2394704893537542,0.5238962616011796,0.5621584035937417
0.2394704893537542,0.524243212767803,0.5621377723127934
0.23958722450504297,0.524243212767803,0.5620846180971243
0.23958722450504297,0.5243299505594587,0.5620829286806996
0.23982069480762047,0.5243299505594587,0.5619578727214867
0.23982069480762047,0.5244166883511145,0.5619495518496378
0.24017090026148674,0.5244166883511145,0.5618473001982316
0.24017090026148674,0.5245034261427705,0.5618249893881406
0.24031098244303326,0.5245034261427705,0.5617852513157693
0.24031098244303326,0.5247636395177379,0.5617674205122387
0.240334329473291,0.5247636395177379,0.5617343974909236
0.240334329473291,0.5249371151010496,0.5617139851340514
0.2403810235338065,0.5249371151010496,0.5616387131076517
0.2403810235338065,0.5251105906843612,0.5616157310868322
0.240427717594322,0.5251105906843612,0.5615900280055682
0.240427717594322,0.525197328476017,0.561563513784151
0.24045106462457974,0.525197328476017,0.5615633556502564
0.24045106462457974,0.5252840662676729,0.5615616109242887
0.24047441165483752,0.5252840662676729,0.5615367330142402
0.24047441165483752,0.5253708040593287,0.5615359478184703
0.24054445274561076,0.5253708040593287,0.5614995753779223
0.24054445274561076,0.5254575418509845,0.5614937280241747
0.240614493836384,0.5254575418509845,0.5614643121995146
0.240614493836384,0.5256310174342961,0.5614559715246763
0.24070788195741502,0.5256310174342961,0.5614122319601518
0.24070788195741502,0.525717755225952,0.561402210379085
0.24073122898767277,0.525717755225952,0.5613991967967211
0.24073122898767277,0.5258044930176078,0.5613684605236295
0.24087131116921928,0.5258044930176078,0.5613250055563064
0.24087131116921928,0.5258912308092636,0.5613226768859616
0.24117482256257003,0.5258912308092636,0.5612318727773133
0.24117482256257003,0.5260647063925753,0.5612149779656455
0.2412448636533433,0.5260647063925753,0.5611821622024891
0.2412448636533433,0.5262381819758869,0.5611770482656138
0.24126821068360105,0.5262381819758869,0.5611739805656774
0.24126821068360105,0.5263249197675427,0.5611710292509573
0.24131490474411654,0.5263249197675427,0.5611620159663735
0.24131490474411654,0.5264116575591985,0.5611435153990516
0.24140829286514756,0.5264116575591985,0.5611187839682427
0.24140829286514756,0.5265851331425102,0.5610999473382541
0.24150168098617855,0.5265851331425102,0.5610360001705812
0.24150168098617855,0.526671870934166,0.5610308164830733
0.24154837504669405,0.526671870934166,0.5609786075560717
0.24154837504669405,0.5270188221007893,0.5609356983403182
0.24168845722824056,0.5270188221007893,0.5608339709347717
0.24168845722824056,0.5271055598924451,0.5608310865457276
0.2419219275308181,0.5271055598924451,0.5607570431107743
0.2419219275308181,0.5271922976841009,0.5607438375712994
0.24199196862159134,0.5271922976841009,0.5607154421648166
0.24199196862159134,0.5272790354757568,0.5607126743213575
0.24206200971236458,0.5272790354757568,0.56069895468716
0.24206200971236458,0.5274525110590684,0.5606909790773134
0.24208535674262233,0.5274525110590684,0.5606543773639072
0.24208535674262233,0.5275392488507242,0.5606461056479819
0.24213205080313785,0.5275392488507242,0.5606133247764582
0.24213205080313785,0.5276259866423801,0.5606079411680128
0.2422020918939111,0.5276259866423801,0.560555732916831
0.2422020918939111,0.5278862000173475,0.5605163570956491
0.24222543892416884,0.5278862000173475,0.5605122291039423
0.24222543892416884,0.5279729378090033,0.5604963959131795
0.24250560328726187,0.5279729378090033,0.5604170547532505
0.24250560328726187,0.528146413392315,0.5604078986573902
0.24269237952932388,0.528146413392315,0.5603649369326769
0.24269237952932388,0.5284066267672825,0.5603156042740861
0.24271572655958162,0.5284066267672825,0.5603137283649033
0.24271572655958162,0.5284933645589384,0.56029940725675
0.24273907358983937,0.5284933645589384,0.5602963652238104
0.24273907358983937,0.5285801023505942,0.5602808405834162
0.24276242062009712,0.5285801023505942,0.5602687938879778
0.24276242062009712,0.52866684014225,0.5602545687719878
0.24294919686215913,0.52866684014225,0.560216206759027
0.24294919686215913,0.5287535779339058,0.56019953046457
0.2430659320134479,0.5287535779339058,0.560145397626692
0.2430659320134479,0.5289270535172175,0.5601205086611563
0.24318266716473663,0.5289270535172175,0.5600414796505473
0.24318266716473663,0.5290137913088733,0.5600387943032622
0.24322936122525216,0.5290137913088733,0.5600293825984975
0.24322936122525216,0.5291005291005291,0.5600074994879494
0.2432994023160254,0.5291005291005291,0.5599418318352298
0.2432994023160254,0.5291872668921849,0.5599171705290982
0.24332274934628315,0.5291872668921849,0.5599031594042118
0.24332274934628315,0.5292740046838408,0.55989643879011
0.2433460963765409,0.5292740046838408,0.5598563764574072
0.2433460963765409,0.5293607424754966,0.559828957891541
0.24341613746731416,0.5293607424754966,0.5598031465892213
0.24341613746731416,0.5295342180588082,0.5597592985753141
0.24364960776989167,0.5295342180588082,0.5596572861220674
0.24364960776989167,0.5296209558504641,0.5596568764388912
0.24367295480014942,0.5296209558504641,0.5596521444483554
0.24367295480014942,0.5297076936421199,0.5596452750646885
0.24369630183040716,0.5297076936421199,0.5596426098375542
0.24369630183040716,0.5297944314337757,0.5596336000232266
0.2437196488606649,0.5297944314337757,0.5596173606783095
0.2437196488606649,0.5298811692254315,0.559617287396591
0.24388307807246917,0.5298811692254315,0.5595293682713178
0.24388307807246917,0.5299679070170873,0.5595165908461113
0.2442566305565932,0.5299679070170873,0.5592796480396225
0.2442566305565932,0.5300546448087432,0.5592566351728964
0.24442005976839745,0.5300546448087432,0.5591736872635145
0.24442005976839745,0.5303148581837106,0.5591490545833733
0.24446675382891297,0.5303148581837106,0.5591232303586877
0.24446675382891297,0.5304883337670223,0.5591193500829683
0.24451344788942847,0.5304883337670223,0.5590966932996402
0.24451344788942847,0.5305750715586781,0.5590701078020841
0.24456014194994397,0.5305750715586781,0.5590591375389925
0.24456014194994397,0.5306618093503339,0.5590567797287171
0.24467687710123273,0.5306618093503339,0.5589807557713037
0.24467687710123273,0.5307485471419897,0.5589675395550031
0.24470022413149048,0.5307485471419897,0.5589509489855986
0.24470022413149048,0.5308352849336456,0.5589473614801527
0.24481695928277922,0.5308352849336456,0.5589015785054056
0.24481695928277922,0.5309220227253014,0.5588992531279485
0.2448870003735525,0.5309220227253014,0.55886199256479
0.2448870003735525,0.5310087605169572,0.5588514247022455
0.24505042958535675,0.5310087605169572,0.5588041936125533
0.24505042958535675,0.531095498308613,0.5587688588033263
0.2450737766156145,0.531095498308613,0.5587395105172861
0.2450737766156145,0.5311822361002689,0.5587270983243448
0.24512047067613,0.5311822361002689,0.5587158235512579
0.24512047067613,0.5313557116835805,0.5587073271304843
0.2451671647366455,0.5313557116835805,0.558682064303885
0.2451671647366455,0.531615925058548,0.5586737774432611
0.24540063503922302,0.531615925058548,0.5585942532159467
0.24540063503922302,0.5317026628502038,0.5585503378945029
0.245494023160254,0.5317026628502038,0.5584908009623215
0.245494023160254,0.5317894006418596,0.5584837931790056
0.24551737019051176,0.5317894006418596,0.5584794218779982
0.24551737019051176,0.5318761384335154,0.5584753666676805
0.24558741128128503,0.5318761384335154,0.5584227034768814
0.24558741128128503,0.5322230896001388,0.5583755700675263
0.24565745237205827,0.5322230896001388,0.5583315192074751
0.24565745237205827,0.5323965651834505,0.5582916416561845
0.24570414643257377,0.5323965651834505,0.5582794762812212
0.24570414643257377,0.5324833029751063,0.5582791647861367
0.24572749346283151,0.5324833029751063,0.5582690554207359
0.24572749346283151,0.5325700407667621,0.5582570548417549
0.2457508404930893,0.5325700407667621,0.558222724059833
0.2457508404930893,0.5326567785584179,0.5582118859323686
0.24577418752334704,0.5326567785584179,0.5581993285062097
0.24577418752334704,0.5328302541417296,0.5581921282967105
0.24579753455360479,0.5328302541417296,0.5581841096984053
0.24579753455360479,0.5329169919333854,0.5581674422853458
0.24586757564437803,0.5329169919333854,0.5581536287213358
0.24586757564437803,0.5330037297250412,0.558150946496036
0.24596096376540905,0.5330037297250412,0.5580704760697991
0.24596096376540905,0.533090467516697,0.5580403578375797
0.24600765782592454,0.533090467516697,0.5580223337414605
0.24600765782592454,0.5331772053083529,0.5580119428348848
0.2460310048561823,0.5331772053083529,0.5579897860259406
0.2460310048561823,0.5332639431000087,0.5579824786416607
0.24614774000747106,0.5332639431000087,0.557932049056913
0.24614774000747106,0.5333506808916645,0.5579249843488459
0.24631116921927532,0.5333506808916645,0.5578780651417203
0.24631116921927532,0.5335241564749762,0.5578611024739177
0.24642790437056405,0.5335241564749762,0.5577633000912942
0.24642790437056405,0.5336976320582878,0.5577531863954903
0.2464512514008218,0.5336976320582878,0.5577527143711669
0.2464512514008218,0.5337843698499436,0.5577488210254955
0.24661468061262606,0.5337843698499436,0.5576666052053152
0.24661468061262606,0.5338711076415994,0.5576016405783284
0.2466380276428838,0.5338711076415994,0.5575986760588618
0.2466380276428838,0.5339578454332553,0.5575923243595566
0.24673141576391483,0.5339578454332553,0.5575200269891057
0.24673141576391483,0.5340445832249111,0.5575168819732415
0.2468481509152036,0.5340445832249111,0.5574618163206664
0.2468481509152036,0.5341313210165669,0.5574613085141975
0.2470816212177811,0.5341313210165669,0.5573772094107665
0.2470816212177811,0.5342180588082227,0.5573698627855606
0.2471750093388121,0.5342180588082227,0.5573046590644797
0.2471750093388121,0.5343047965998786,0.5573027133520474
0.24754856182293614,0.5343047965998786,0.5571206169048939
0.24754856182293614,0.5343915343915344,0.5571033323532611
0.24785207321628688,0.5343915343915344,0.5569500469036127
0.24785207321628688,0.534565009974846,0.5569061658977689
0.24806219648860664,0.534565009974846,0.5567551257346917
0.24806219648860664,0.5346517477665018,0.5567514105873419
0.2481322375793799,0.5346517477665018,0.5567179597712422
0.2481322375793799,0.5347384855581577,0.5566670283167892
0.2482256257004109,0.5347384855581577,0.5566243281624073
0.2482256257004109,0.5348252233498135,0.5566083100261355
0.2482723197609264,0.5348252233498135,0.5565943884877818
0.2482723197609264,0.5349986989331251,0.5565859296198
0.24838905491221516,0.5349986989331251,0.5565494114386855
0.24838905491221516,0.535085436724781,0.5565465561704277
0.24843574897273066,0.535085436724781,0.5564993788205799
0.24843574897273066,0.5351721745164368,0.5564930588986705
0.24857583115427717,0.5351721745164368,0.5564335007734897
0.24857583115427717,0.5353456500997484,0.556394471959321
0.24864587224505044,0.5353456500997484,0.5563543429506889
0.24864587224505044,0.5354323878914042,0.5563524207349302
0.24887934254762795,0.5354323878914042,0.5562330824802443
0.24887934254762795,0.535605863474716,0.5562032508897408
0.2489026895778857,0.535605863474716,0.5561899429370571
0.2489026895778857,0.5356926012663717,0.5561793794472703
0.24901942472917446,0.5356926012663717,0.5561227590444986
0.24901942472917446,0.5358660768496835,0.5561045345617003
0.24911281285020545,0.5358660768496835,0.555989023798545
0.24911281285020545,0.5359528146413393,0.55597234053127
0.24943967127381397,0.5359528146413393,0.5558641641421982
0.24943967127381397,0.5361262902246509,0.5558440713679622
0.24948636533432947,0.5361262902246509,0.555831428680658
0.24948636533432947,0.5362130280163067,0.5558307474457416
0.24953305939484496,0.5362130280163067,0.5558076915097248
0.24953305939484496,0.5362997658079626,0.5558035973758646
0.24955640642510274,0.5362997658079626,0.5557806860787522
0.24955640642510274,0.5367334547662417,0.5557084612101351
0.2495797534553605,0.5367334547662417,0.5556934539664777
0.2495797534553605,0.5369069303495533,0.5556800432199802
0.24983657078819574,0.5369069303495533,0.5555985349992884
0.24983657078819574,0.5369936681412091,0.5555882982087371
0.25018677624206204,0.5369936681412091,0.5554239572908835
0.25018677624206204,0.537080405932865,0.5554233336452055
0.2502101232723198,0.537080405932865,0.5554226627082038
0.2502101232723198,0.5373406193078324,0.5553759012151177
0.2502568173328353,0.5373406193078324,0.5553734406741639
0.2502568173328353,0.5374273570994883,0.5553515785305736
0.250280164363093,0.5374273570994883,0.5553364132084122
0.250280164363093,0.5376008326827999,0.5553162909071819
0.2503035113933508,0.5376008326827999,0.5553136011911801
0.2503035113933508,0.5377743082661115,0.555307593391594
0.250466940605155,0.5377743082661115,0.5552646072091594
0.250466940605155,0.5378610460577674,0.5552454469242036
0.25056032872618605,0.5378610460577674,0.5552133182354058
0.25056032872618605,0.538034521641079,0.5552026074259108
0.25070041090773254,0.538034521641079,0.555155057643699
0.25070041090773254,0.5381212594327348,0.5551346825912497
0.2509572282405678,0.5381212594327348,0.5550204620164081
0.2509572282405678,0.5382079972243907,0.554997925779798
0.25098057527082557,0.5382079972243907,0.5549877989866991
0.25098057527082557,0.5382947350160465,0.5549870786976892
0.25107396339185656,0.5382947350160465,0.5549322053828423
0.25107396339185656,0.5383814728077023,0.5549310119116806
0.25116735151288755,0.5383814728077023,0.5548317229094819
0.25116735151288755,0.5385549483910139,0.5548137453917126
0.25121404557340304,0.5385549483910139,0.5548101639719394
0.25121404557340304,0.5387284239743256,0.5547961481101149
0.25126073963391854,0.5387284239743256,0.5547776552005708
0.25126073963391854,0.5388151617659814,0.5547685554022495
0.25128408666417634,0.5388151617659814,0.5547553226804436
0.25128408666417634,0.5389018995576372,0.5547548239973907
0.2514008218154651,0.5389018995576372,0.5546869307979072
0.2514008218154651,0.5391621129326047,0.5546459630259546
0.2514708629062383,0.5391621129326047,0.5546296052473805
0.2514708629062383,0.5392488507242605,0.5546138876374171
0.2515642510272693,0.5392488507242605,0.5545672889169182
0.2515642510272693,0.5393355885159163,0.5545657996980173
0.25163429211804256,0.5393355885159163,0.5545475265846502
0.25163429211804256,0.539509064099228,0.5545443624833383
0.25189110945087784,0.539509064099228,0.5543155503026579
0.25189110945087784,0.5395958018908839,0.5543149001931691
0.2519144564811356,0.5395958018908839,0.5543110676250018
0.2519144564811356,0.5396825396825397,0.5543090977615404
0.2519844975719088,0.5396825396825397,0.5542960117552833
0.2519844975719088,0.5397692774741955,0.5542821717601845
0.25217127381397086,0.5397692774741955,0.5542025282192706
0.25217127381397086,0.5399427530575072,0.55419907396164
0.2521946208442286,0.5399427530575072,0.5541847657220393
0.2521946208442286,0.540029490849163,0.554183265568811
0.2522413149047441,0.540029490849163,0.554131691457766
0.2522413149047441,0.5401162286408188,0.5541143558047433
0.2523347030257751,0.5401162286408188,0.5540883668978054
0.2523347030257751,0.5402029664324747,0.5540839435651725
0.2524981322375794,0.5402029664324747,0.554005801748926
0.2524981322375794,0.5402897042241305,0.5539976622631938
0.25252147926783713,0.5402897042241305,0.5539848792070836
0.25252147926783713,0.5403764420157863,0.553983186937255
0.25275494957041467,0.5403764420157863,0.5537973985500328
0.25275494957041467,0.5405499175990979,0.5537642992461265
0.2527782966006724,0.5405499175990979,0.553702923537557
0.2527782966006724,0.5406366553907538,0.5536883232143274
0.25284833769144566,0.5406366553907538,0.5536589819444031
0.25284833769144566,0.5407233931824096,0.5536490029494989
0.25298841987299214,0.5407233931824096,0.5535885058071688
0.25298841987299214,0.5408101309740654,0.5535693863086961
0.2530117669032499,0.5408101309740654,0.5535692791089449
0.2530117669032499,0.5409836065573771,0.5535517266235487
0.2530584609637654,0.5409836065573771,0.5535495343551629
0.2530584609637654,0.5410703443490329,0.5535294788797402
0.2531285020545387,0.5410703443490329,0.5534977481775081
0.2531285020545387,0.5411570821406887,0.5534968939654794
0.2531985431453119,0.5411570821406887,0.5534756050409346
0.2531985431453119,0.5413305577240003,0.5534517076873302
0.2533853193873739,0.5413305577240003,0.5534127714584601
0.2533853193873739,0.5416775088906236,0.5533917810200764
0.25340866641763166,0.5416775088906236,0.5533823620461111
0.25340866641763166,0.5417642466822795,0.55337604684325
0.25347870750840495,0.5417642466822795,0.5533251352284876
0.25347870750840495,0.5419377222655911,0.553271540901738
0.2535020545386627,0.5419377222655911,0.5532631135130595
0.2535020545386627,0.5420244600572469,0.553257932049172
0.2536421367202092,0.5420244600572469,0.5531554466848928
0.2536421367202092,0.5421111978489027,0.5531540141005995
0.2537588718714979,0.5421111978489027,0.553116678380768
0.2537588718714979,0.5421979356405586,0.5531132032268646
0.253852259992529,0.5421979356405586,0.5530965817319398
0.253852259992529,0.5423714112238702,0.5530877153362457
0.25403903623459095,0.5423714112238702,0.5529986918545458
0.25403903623459095,0.542458149015526,0.5529980212761987
0.2543892416884572,0.542458149015526,0.552794466266957
0.2543892416884572,0.5426316245988377,0.552742804715951
0.2544359357489727,0.5426316245988377,0.5527007367571904
0.2544359357489727,0.5427183623904935,0.5526909272045333
0.2544826298094882,0.5427183623904935,0.552678108072318
0.2544826298094882,0.5428051001821493,0.5526705065938736
0.2545293238700037,0.5428051001821493,0.5526530153196632
0.2545293238700037,0.5428918379738051,0.5526507187343053
0.254599364960777,0.5428918379738051,0.5525886338175461
0.254599364960777,0.542978575765461,0.552580464957416
0.25462271199103476,0.542978575765461,0.5525790804461302
0.25462271199103476,0.5430653135571168,0.5525750211007656
0.254692753081808,0.5430653135571168,0.5525494411522938
0.254692753081808,0.5431520513487726,0.5525331511745046
0.25471610011206575,0.5431520513487726,0.5525174620578972
0.25471610011206575,0.5432387891404284,0.5524973752425117
0.25485618229361223,0.5432387891404284,0.5524618573096238
0.25485618229361223,0.5433255269320844,0.5524445477595379
0.25492622338438553,0.5433255269320844,0.5523735921192876
0.25492622338438553,0.5434122647237402,0.5523685950890149
0.25508965259618976,0.5434122647237402,0.5523196586143675
0.25508965259618976,0.543499002515396,0.552312904365858
0.2553231228987673,0.543499002515396,0.5521753276025477
0.2553231228987673,0.5435857403070518,0.5521642484707592
0.255626634292118,0.5435857403070518,0.5519968573659606
0.255626634292118,0.5437592158903635,0.5519901970794562
0.25567332835263357,0.5437592158903635,0.5519718259169255
0.25567332835263357,0.5441061670569868,0.5519266648257125
0.25581341053418005,0.5441061670569868,0.5518530263551549
0.25581341053418005,0.5441929048486426,0.5518345025043007
0.25586010459469555,0.5441929048486426,0.551781622700267
0.25586010459469555,0.5442796426402984,0.5517703482345981
0.2558834516249533,0.5442796426402984,0.5517684645993282
0.2558834516249533,0.5443663804319542,0.5517681342282836
0.2559301456854688,0.5443663804319542,0.5517547926237986
0.2559301456854688,0.54445311822361,0.5517420185094644
0.2561636159880463,0.54445311822361,0.5516678951329739
0.2561636159880463,0.5445398560152659,0.5516665315742927
0.2562103100485618,0.5445398560152659,0.5516359766147267
0.2562103100485618,0.5446265938069217,0.5516191616363847
0.25632704519985056,0.5446265938069217,0.5515577888893588
0.25632704519985056,0.5447133315985775,0.5515437251858143
0.2563737392603661,0.5447133315985775,0.5515242389137294
0.2563737392603661,0.5448000693902333,0.5515165482456378
0.25649047441165485,0.5448000693902333,0.5514491981870537
0.25649047441165485,0.5450602827652008,0.5513794241415731
0.2565138214419126,0.5450602827652008,0.5513776425283369
0.2565138214419126,0.5452337583485124,0.5513468903168895
0.25663055659320133,0.5452337583485124,0.5513069441910035
0.25663055659320133,0.5453204961401683,0.5512618098999517
0.2566539036234591,0.5453204961401683,0.5512550789133062
0.2566539036234591,0.5454072339318241,0.5512443110547804
0.2567472917444901,0.5454072339318241,0.5512369093497445
0.2567472917444901,0.5454939717234799,0.5512291727429497
0.2568406798655211,0.5454939717234799,0.5511953645742014
0.2568406798655211,0.5455807095151357,0.5511887604333943
0.25691072095629436,0.5455807095151357,0.5511661958406248
0.25691072095629436,0.5456674473067916,0.5511563015961014
0.25700410907732535,0.5456674473067916,0.5511053255431912
0.25700410907732535,0.5457541850984474,0.5511011482890968
0.2570741501680986,0.5457541850984474,0.5510875993110187
0.2570741501680986,0.545927660681759,0.5510549389916979
0.2570974971983564,0.545927660681759,0.5510503105369369
0.2570974971983564,0.5460143984734148,0.5510400425531247
0.25721423234964513,0.5460143984734148,0.5509995317423211
0.25721423234964513,0.5461011362650707,0.5509884509130946
0.2574010085917071,0.5461011362650707,0.5508901578054023
0.2574010085917071,0.5462746118483823,0.55086534973943
0.25742435562196486,0.5462746118483823,0.5508564285813238
0.25742435562196486,0.5463613496400381,0.5508527887279253
0.25749439671273816,0.5463613496400381,0.5507679618281269
0.25749439671273816,0.546448087431694,0.5507479089318912
0.25758778483376915,0.546448087431694,0.5507225568638585
0.25758778483376915,0.5465348252233498,0.5507112699350649
0.2577979081060889,0.5465348252233498,0.5506400662306667
0.2577979081060889,0.5466215630150056,0.5506320927410387
0.2581714605902129,0.5466215630150056,0.5504434236090485
0.2581714605902129,0.5468817763899732,0.550422325952809
0.2582881957415017,0.5468817763899732,0.550403198786751
0.2582881957415017,0.546968514181629,0.5504011445196093
0.25840493089279043,0.546968514181629,0.5503176998242832
0.25840493089279043,0.5470552519732848,0.5503147709823859
0.2584749719835637,0.5470552519732848,0.5502932312853034
0.2584749719835637,0.5471419897649406,0.5502836950218296
0.25859170713485247,0.5471419897649406,0.5502406500576025
0.25859170713485247,0.5472287275565965,0.5502269682403909
0.2586617482256257,0.5472287275565965,0.5501914107749213
0.2586617482256257,0.5473154653482523,0.5501872443174087
0.25868509525588346,0.5473154653482523,0.5501311682903111
0.25868509525588346,0.5474022031399081,0.550121121962105
0.2587084422861412,0.5474022031399081,0.5501078604504619
0.2587084422861412,0.5474889409315639,0.5501050655562574
0.25873178931639895,0.5474889409315639,0.5500871633946636
0.25873178931639895,0.5475756787232197,0.5500525317884406
0.25898860664923423,0.5475756787232197,0.5499324641880836
0.25898860664923423,0.5476624165148756,0.5499209299628067
0.25915203586103847,0.5476624165148756,0.5498944587318777
0.25915203586103847,0.5477491543065314,0.5498888804326414
0.25924542398206946,0.5477491543065314,0.5498584724049225
0.25924542398206946,0.547922629889843,0.5498247213642276
0.259292118042585,0.547922629889843,0.5498230985532078
0.259292118042585,0.5480961054731547,0.5498045522478987
0.2593388121031005,0.5480961054731547,0.5497920590264795
0.2593388121031005,0.5482695810564663,0.5497753320617389
0.25940885319387375,0.5482695810564663,0.549746514042935
0.25940885319387375,0.5483563188481221,0.5497458435381393
0.25945554725438924,0.5483563188481221,0.5497385240318557
0.25945554725438924,0.548443056639778,0.5497314094375816
0.2595255883451625,0.548443056639778,0.5497159810861285
0.2595255883451625,0.5485297944314338,0.5497122119506057
0.2595956294359357,0.5485297944314338,0.5496347963638568
0.2595956294359357,0.5486165322230896,0.5496253019755845
0.2596189764661935,0.5486165322230896,0.5496133231655846
0.2596189764661935,0.5487900078064013,0.5495962749490464
0.2596423234964513,0.5487900078064013,0.5495733160512384
0.2596423234964513,0.5491369589730245,0.5495505364225026
0.259665670526709,0.5491369589730245,0.549544085929027
0.259665670526709,0.5492236967646804,0.5495364322057955
0.25982909973851326,0.5492236967646804,0.549437386598852
0.25982909973851326,0.5493104345563362,0.5494266270002999
0.25987579379902875,0.5493104345563362,0.5493991068438806
0.25987579379902875,0.549397172347992,0.5493941999022451
0.25996918192005974,0.549397172347992,0.5493550620197531
0.25996918192005974,0.5494839101396478,0.5493506528022113
0.2601559581621218,0.5494839101396478,0.5492678150695203
0.2601559581621218,0.5495706479313037,0.5492565229892397
0.26024934628315277,0.5495706479313037,0.5492153259465282
0.26024934628315277,0.5497441235146153,0.5491815251958287
0.26036608143444157,0.5497441235146153,0.5491211834867207
0.26036608143444157,0.5498308613062711,0.5491059845272681
0.26041277549495706,0.5498308613062711,0.5490905054689883
0.26041277549495706,0.5499175990979269,0.5490871289199293
0.26059955173701904,0.5499175990979269,0.5490386861327166
0.26059955173701904,0.5500043368895828,0.5490324308980731
0.26069293985805003,0.5500043368895828,0.5489874126106724
0.26069293985805003,0.5500910746812386,0.5489678340574757
0.2607863279790811,0.5500910746812386,0.5488269947594375
0.2607863279790811,0.5501778124728944,0.5488223284040536
0.2608096750093388,0.5501778124728944,0.5488201250733841
0.2608096750093388,0.550351288056206,0.5488158336519797
0.2608330220395966,0.550351288056206,0.5488101065753559
0.2608330220395966,0.550438025847862,0.5488097117482539
0.26092641016062756,0.550438025847862,0.5487724621709087
0.26092641016062756,0.5505247636395177,0.5487515768229294
0.26097310422114306,0.5505247636395177,0.5487310791379525
0.26097310422114306,0.5506982392228293,0.5487282042618643
0.2610431453119163,0.5506982392228293,0.5487062205818252
0.2610431453119163,0.5507849770144853,0.5486915176811857
0.2611598804632051,0.5507849770144853,0.5486516974557422
0.2611598804632051,0.550871714806141,0.5486453060358956
0.26118322749346284,0.550871714806141,0.5486363872435209
0.26118322749346284,0.5509584525977969,0.5486337695129394
0.2614166977960403,0.5509584525977969,0.5485306058194985
0.2614166977960403,0.5510451903894527,0.5485275744585821
0.2615334329473291,0.5510451903894527,0.5484811703580422
0.2615334329473291,0.5511319281811085,0.5484704992976887
0.2617202091893911,0.5511319281811085,0.5483635187761358
0.2617202091893911,0.5513054037644202,0.5483546027803166
0.2619536794919686,0.5513054037644202,0.5482135549242932
0.2619536794919686,0.551392141556076,0.5482133939847211
0.26202372058274187,0.551392141556076,0.5481864763414943
0.26202372058274187,0.5514788793477318,0.5481764350813783
0.2620937616735151,0.5514788793477318,0.5481233784321645
0.2620937616735151,0.5515656171393877,0.5481187311425773
0.2622571908853194,0.5515656171393877,0.5480617063924978
0.2622571908853194,0.5516523549310435,0.5480580447852758
0.26228053791557715,0.5516523549310435,0.5480572734206346
0.26228053791557715,0.5517390927226993,0.5480503552332808
0.2623505790063504,0.5517390927226993,0.5479990025398069
0.2623505790063504,0.5518258305143551,0.547990594036466
0.2625140082181546,0.5518258305143551,0.5478777350540491
0.2625140082181546,0.5519125683060109,0.5478531850597437
0.26253735524841243,0.5519125683060109,0.5478487186222785
0.26253735524841243,0.5519993060976668,0.5478463544038246
0.2626307433694434,0.5519993060976668,0.5477967921325763
0.2626307433694434,0.5520860438893226,0.5477935628005605
0.2626774374299589,0.5520860438893226,0.5477871381780237
0.2626774374299589,0.5521727816809784,0.5477683934558968
0.26295760179305194,0.5521727816809784,0.5476217838642972
0.26295760179305194,0.5522595194726342,0.5475997275926314
0.26326111318640266,0.5522595194726342,0.5474929903385993
0.26326111318640266,0.5523462572642901,0.5474924097421094
0.26328446021666047,0.5523462572642901,0.5474722273282209
0.26328446021666047,0.5524329950559459,0.5474573884534346
0.2633545013074337,0.5524329950559459,0.5474353229503328
0.2633545013074337,0.5526064706392575,0.5473904586468847
0.2634011953679492,0.5526064706392575,0.5473765296851637
0.2634011953679492,0.5527799462225692,0.5473667383074489
0.26347123645872245,0.5527799462225692,0.5473427213057864
0.26347123645872245,0.552866684014225,0.5473412585952682
0.2634945834889802,0.552866684014225,0.5473232657542564
0.2634945834889802,0.5529534218058808,0.5473167470766452
0.2635412775494957,0.5529534218058808,0.5473045486878478
0.2635412775494957,0.5530401595975366,0.5473006815946138
0.26361131864026893,0.5530401595975366,0.5472599194651034
0.26361131864026893,0.5531268973891925,0.5472550953941856
0.2636580127007845,0.5531268973891925,0.547240022673337
0.2636580127007845,0.5533003729725041,0.5472030291231771
0.26368135973104223,0.5533003729725041,0.5471890016379821
0.26368135973104223,0.5533871107641599,0.5471746326956093
0.26405491221516625,0.5533871107641599,0.5469857272736188
0.26405491221516625,0.5534738485558157,0.5469543002975783
0.264078259245424,0.5534738485558157,0.5469229541994403
0.264078259245424,0.5535605863474716,0.5469128487246453
0.26410160627568174,0.5535605863474716,0.5469044265221538
0.26410160627568174,0.5536473241391274,0.5469031958080437
0.26414830033619724,0.5536473241391274,0.5468897226136176
0.26414830033619724,0.5537340619307832,0.5468692141906902
0.2644985057900635,0.5537340619307832,0.5467014539053439
0.2644985057900635,0.553820799722439,0.546682340404823
0.2645918939110945,0.553820799722439,0.5466500661426742
0.2645918939110945,0.5539075375140949,0.5466336764920295
0.26473197609264104,0.5539075375140949,0.5465753408412652
0.26473197609264104,0.5540810130974065,0.5465450046723748
0.2647553231228988,0.5540810130974065,0.546543257898878
0.2647553231228988,0.5541677508890623,0.5465409048860996
0.26503548748599176,0.5541677508890623,0.5463818797151774
0.26503548748599176,0.5542544886807181,0.54637326815249
0.2652222637280538,0.5542544886807181,0.5463177399559966
0.2652222637280538,0.5544279642640298,0.5463032856430877
0.26524561075831155,0.5544279642640298,0.5462993923847946
0.26524561075831155,0.5546014398473414,0.5462598300169934
0.2655257751214046,0.5546014398473414,0.5460886968929721
0.2655257751214046,0.554861653222309,0.5460502423126785
0.2658526335450131,0.554861653222309,0.5459532279550952
0.2658526335450131,0.5549483910139648,0.545937452239186
0.2659460216660441,0.5549483910139648,0.5459045740751863
0.2659460216660441,0.5550351288056206,0.5458768141664444
0.2659927157265596,0.5550351288056206,0.5458535697620603
0.2659927157265596,0.5551218665972765,0.5458530414249838
0.2660627568173328,0.5551218665972765,0.5458333941492346
0.2660627568173328,0.5552953421805881,0.5458085288932635
0.2661794919686216,0.5552953421805881,0.5457207445270764
0.2661794919686216,0.5553820799722439,0.5457201046693749
0.26620283899887937,0.5553820799722439,0.5457187451062899
0.26620283899887937,0.5556422933472114,0.5456916901017352
0.26624953305939486,0.5556422933472114,0.5456870520228275
0.26624953305939486,0.5557290311388672,0.5456741359483872
0.2662728800896526,0.5557290311388672,0.5456719964443211
0.2662728800896526,0.555815768930523,0.5456718877978026
0.2663195741501681,0.555815768930523,0.545665313565136
0.2663195741501681,0.5559892445138347,0.5456276309804722
0.2663662682106836,0.5559892445138347,0.5456109569862112
0.2663662682106836,0.5560759823054905,0.545606230329711
0.26643630930145684,0.5560759823054905,0.5455618555806032
0.26643630930145684,0.5561627200971463,0.5455495121612215
0.2664596563317146,0.5561627200971463,0.545541283350457
0.2664596563317146,0.5564229334721138,0.5455255845505428
0.26655304445274564,0.5564229334721138,0.5454996108744194
0.26655304445274564,0.5565096712637696,0.5454919947639576
0.26659973851326113,0.5565096712637696,0.545412776319766
0.26659973851326113,0.5566831468470813,0.5453976638619562
0.2666464325737766,0.5566831468470813,0.5453499178418775
0.2666464325737766,0.5567698846387371,0.5453478690514169
0.2666697796040344,0.5567698846387371,0.5453422097132192
0.2666697796040344,0.5568566224303929,0.5453321121672772
0.2666931266342921,0.5568566224303929,0.5453212427138577
0.2666931266342921,0.5569433602220487,0.5453140635206618
0.2667865147553231,0.5569433602220487,0.5452743961102711
0.2667865147553231,0.5570300980137046,0.5452708436218119
0.2669032499066119,0.5570300980137046,0.5452141603254599
0.2669032499066119,0.5572035735970162,0.5451869048203261
0.2670433320881584,0.5572035735970162,0.5450992754136043
0.2670433320881584,0.557290311388672,0.5450971224540286
0.26706667911841614,0.557290311388672,0.545096592877693
0.26706667911841614,0.5574637869719837,0.5450712289388762
0.2670900261486739,0.5574637869719837,0.5450707961227472
0.2670900261486739,0.5575505247636395,0.54506922527972
0.2672301083302204,0.5575505247636395,0.5449561966558865
0.2672301083302204,0.5576372625552953,0.5449505878984753
0.2673234964512514,0.5576372625552953,0.544891548753853
0.2673234964512514,0.5577240003469511,0.5448444101876523
0.2675102726933134,0.5577240003469511,0.544766049912256
0.2675102726933134,0.557810738138607,0.5447564650369213
0.2675569667538289,0.557810738138607,0.5447485817520366
0.2675569667538289,0.5579842137219186,0.5447077407653572
0.2676036608143444,0.5579842137219186,0.5446943301902831
0.2676036608143444,0.5580709515135744,0.5446835198871439
0.2676737019051177,0.5580709515135744,0.5446685151861674
0.2676737019051177,0.5581576893052302,0.5446648921395217
0.26769704893537544,0.5581576893052302,0.5446539634221206
0.26769704893537544,0.5582444270968862,0.5446495831120974
0.26774374299589093,0.5582444270968862,0.5446251233860454
0.26774374299589093,0.558331164888542,0.5445993626236497
0.2678838251774374,0.558331164888542,0.5445145489349341
0.2678838251774374,0.5584179026801978,0.5445113492588618
0.26807060141949945,0.5584179026801978,0.5444050847014306
0.26807060141949945,0.5585913782635095,0.5444006044180152
0.26821068360104594,0.5585913782635095,0.5443150677600281
0.26821068360104594,0.5586781160551653,0.5443051698510067
0.26825737766156144,0.5586781160551653,0.5442444356738743
0.26825737766156144,0.5587648538468211,0.544226792246725
0.2683507657825925,0.5587648538468211,0.5441977438338417
0.2683507657825925,0.5588515916384769,0.5441871771782709
0.2685141949943967,0.5588515916384769,0.5441135418718781
0.2685141949943967,0.5589383294301327,0.5441091856162379
0.26853754202465446,0.5589383294301327,0.5440961958030232
0.26853754202465446,0.5590250672217886,0.5440876148429326
0.26858423608516996,0.5590250672217886,0.544058827206216
0.26858423608516996,0.5595454939717235,0.5439725625942002
0.2686075831154277,0.5595454939717235,0.5439563650663932
0.2686075831154277,0.5597189695550351,0.5439407375388117
0.26863093014568545,0.5597189695550351,0.543934630038555
0.26863093014568545,0.559805707346691,0.5439274768927989
0.2687009712364587,0.559805707346691,0.5438884537098145
0.2687009712364587,0.5598924451383468,0.5438752693093852
0.2687243182667165,0.5598924451383468,0.5438660626776672
0.2687243182667165,0.5599791829300026,0.5438660278291545
0.26879435935748974,0.5599791829300026,0.5438009532047452
0.26879435935748974,0.5600659207216584,0.5437921172135842
0.2689811355995517,0.5600659207216584,0.5436982184965438
0.2689811355995517,0.5601526585133143,0.5436909436668238
0.26905117669032497,0.5601526585133143,0.5436727157354866
0.26905117669032497,0.5602393963049701,0.543661123173496
0.2690745237205827,0.5602393963049701,0.5436545795604093
0.2690745237205827,0.5603261340966259,0.5436500304336296
0.26921460590212926,0.5603261340966259,0.5435805225400168
0.26921460590212926,0.5604128718882817,0.5435787368251972
0.26935468808367574,0.5604128718882817,0.5435005293714391
0.26935468808367574,0.5604996096799375,0.5434948129471735
0.2694480762047068,0.5604996096799375,0.5434579557524728
0.2694480762047068,0.5606730852632492,0.5434470710298913
0.2694947702652223,0.5606730852632492,0.543417974731816
0.2694947702652223,0.560759823054905,0.5434177767836035
0.26951811729548003,0.560759823054905,0.5434172940267616
0.26951811729548003,0.5609332986382167,0.5434074353502661
0.26972824056779976,0.5609332986382167,0.5432942848205902
0.26972824056779976,0.5610200364298725,0.5432878179005295
0.26977493462831525,0.5610200364298725,0.5432795866281439
0.26977493462831525,0.5611067742215283,0.5432720273918674
0.2699150168098618,0.5611067742215283,0.5432275284523376
0.2699150168098618,0.5611935120131841,0.5432153966016104
0.26993836384011954,0.5611935120131841,0.5432137238943415
0.26993836384011954,0.5612802498048399,0.5432119357139542
0.2700550989914083,0.5612802498048399,0.543147638974923
0.2700550989914083,0.5613669875964958,0.5431455229421327
0.2701017930519238,0.5613669875964958,0.5431297155901479
0.2701017930519238,0.5615404631798074,0.543128149128262
0.2701718341426971,0.5615404631798074,0.5430849196179014
0.2701718341426971,0.561713938763119,0.5430381900799917
0.2702418752334703,0.561713938763119,0.5430015329496756
0.2702418752334703,0.561800676554775,0.5429973531991763
0.27026522226372807,0.561800676554775,0.5429775030221234
0.27026522226372807,0.5618874143464307,0.5429705265637204
0.2702885692939858,0.5618874143464307,0.5429665311912109
0.2702885692939858,0.5619741521380865,0.5429513318463739
0.27035861038475906,0.5619741521380865,0.5429243643024799
0.27035861038475906,0.5620608899297423,0.542915620594002
0.2703819574150168,0.5620608899297423,0.5429154991988712
0.2703819574150168,0.5621476277213983,0.5429037687960951
0.27040530444527455,0.5621476277213983,0.5429003199339856
0.27040530444527455,0.5622343655130541,0.5428864083434375
0.27045199850579005,0.5622343655130541,0.542857457526274
0.27045199850579005,0.5623211033047099,0.5428469138940479
0.2707321628688831,0.5623211033047099,0.5427544956104928
0.2707321628688831,0.5625813166796774,0.5427318561456773
0.27089559208068736,0.5625813166796774,0.5426592720267094
0.27089559208068736,0.5626680544713332,0.5426365985619044
0.27094228614120286,0.5626680544713332,0.5426306516390318
0.27094228614120286,0.562754792262989,0.5426182216559847
0.27112906238326484,0.562754792262989,0.5425522758226512
0.27112906238326484,0.5629282678463007,0.5425157192021925
0.2711524094135226,0.5629282678463007,0.5424998638518961
0.2711524094135226,0.5630150056379565,0.5424949265836867
0.2714325737766156,0.5630150056379565,0.5423378082210037
0.2714325737766156,0.5631017434296123,0.5423211408867468
0.2714792678371311,0.5631017434296123,0.5423073200722055
0.2714792678371311,0.5632752190129239,0.5422965063306968
0.2716193500186776,0.5632752190129239,0.5421799051578928
0.2716193500186776,0.5633619568045798,0.5421746270816181
0.27166604407919315,0.5633619568045798,0.5421551909396949
0.27166604407919315,0.5634486945962356,0.5421485451133813
0.27171273813970864,0.5634486945962356,0.5421133558851132
0.27171273813970864,0.5635354323878914,0.5421023783124388
0.2717827792304819,0.5635354323878914,0.5420685979809836
0.2717827792304819,0.5636221701795472,0.5420541281880014
0.27185282032125513,0.5636221701795472,0.5420135531079731
0.27185282032125513,0.5637089079712031,0.5419610871954522
0.27192286141202837,0.5637089079712031,0.5419441359217152
0.27192286141202837,0.5638823835545147,0.5419397775222408
0.2722030257751214,0.5638823835545147,0.5417899400832928
0.2722030257751214,0.5639691213461705,0.5417863383736222
0.2723431079566679,0.5639691213461705,0.5417545868744631
0.2723431079566679,0.5640558591378263,0.5417525020466492
0.27238980201718344,0.5640558591378263,0.5417221205208571
0.27238980201718344,0.564229334721138,0.5417193165157185
0.2724831901382144,0.564229334721138,0.5416648080807109
0.2724831901382144,0.5645762858877613,0.5416364878078527
0.2725298841987299,0.5645762858877613,0.5416170111514598
0.2725298841987299,0.5646630236794171,0.5416140014679212
0.27255323122898767,0.5646630236794171,0.5416009281535881
0.27255323122898767,0.5647497614710729,0.5415969453788125
0.2725765782592454,0.5647497614710729,0.541593605825275
0.2725765782592454,0.5650099748460404,0.5415547207697313
0.2726232723197609,0.5650099748460404,0.5415355691142084
0.2726232723197609,0.5650967126376962,0.5415348627513873
0.27271666044079196,0.5650967126376962,0.5415192680967551
0.27271666044079196,0.5652701882210079,0.5414912895206121
0.27285674262233844,0.5652701882210079,0.5414041469023699
0.27285674262233844,0.5653569260126637,0.541388819973377
0.2729267837131117,0.5653569260126637,0.54136710341205
0.2729267837131117,0.5654436638043195,0.5413652266726539
0.27299682480388493,0.5654436638043195,0.5413367895159803
0.27299682480388493,0.565703877179287,0.5412762481932265
0.2732069480762047,0.565703877179287,0.5412276833134049
0.2732069480762047,0.5657906149709429,0.54122523330154
0.27327698916697796,0.5657906149709429,0.5411972661887015
0.27327698916697796,0.5658773527625987,0.5411863777088666
0.27344041837878225,0.5658773527625987,0.5410719910420208
0.27344041837878225,0.5659640905542545,0.5410587199873201
0.27353380649981324,0.5659640905542545,0.5409795268827161
0.27353380649981324,0.566224303929222,0.5409487879449071
0.273557153530071,0.566224303929222,0.5409233543853083
0.273557153530071,0.5664845173041895,0.5408928199078105
0.27358050056032873,0.5664845173041895,0.5408913940113729
0.27358050056032873,0.5667447306791569,0.5408629176740365
0.273650541651102,0.5667447306791569,0.5408370322080777
0.273650541651102,0.5668314684708128,0.5408345392775796
0.2737205827418752,0.5668314684708128,0.5407849823424029
0.2737205827418752,0.5669182062624686,0.5407700106391258
0.27386066492342176,0.5669182062624686,0.5407035515419398
0.27386066492342176,0.5670916818457802,0.5407008846053951
0.2739774000747105,0.5670916818457802,0.5406749035838319
0.2739774000747105,0.5674386330124035,0.5406337698093459
0.2741641763167725,0.5674386330124035,0.5405571232505237
0.2741641763167725,0.5675253708040593,0.5405477656071889
0.2742342174075458,0.5675253708040593,0.5405062078011632
0.2742342174075458,0.5676121085957152,0.5405005709487728
0.2742575644378035,0.5676121085957152,0.5404967023372154
0.2742575644378035,0.567698846387371,0.540491023865565
0.27432760552857677,0.567698846387371,0.5404565552355053
0.27432760552857677,0.5677855841790268,0.5404550669173356
0.27437429958909226,0.5677855841790268,0.540449542345306
0.27437429958909226,0.5678723219706826,0.5404473104945176
0.27439764661935,0.5678723219706826,0.5404249574481172
0.27439764661935,0.5679590597623384,0.5404080342808755
0.2747011580127008,0.5679590597623384,0.5402035925692574
0.2747011580127008,0.5680457975539943,0.540187460339022
0.27472450504295853,0.5680457975539943,0.5401798752989262
0.27472450504295853,0.5681325353456501,0.5401598255138065
0.274864587224505,0.5681325353456501,0.5400845794889615
0.274864587224505,0.5682192731373059,0.5400652180209274
0.27491128128502057,0.5682192731373059,0.540056173847369
0.27491128128502057,0.5683060109289617,0.5400549810871653
0.2749346283152783,0.5683060109289617,0.540038244359188
0.2749346283152783,0.5683927487206176,0.5400336493629903
0.2749813223757938,0.5683927487206176,0.5400246168462113
0.2749813223757938,0.5684794865122734,0.5400234113751285
0.27505136346656706,0.5684794865122734,0.5399967318446106
0.27505136346656706,0.568652962095585,0.5399905393285502
0.27509805752708255,0.568652962095585,0.5399857375653845
0.27509805752708255,0.5687396998872408,0.5399605481942664
0.27514475158759805,0.5687396998872408,0.5399536854219184
0.27514475158759805,0.5688264376788967,0.5399515990034177
0.2751680986178558,0.5688264376788967,0.5399466939641907
0.2751680986178558,0.5689131754705525,0.5399408923580797
0.27519144564811354,0.5689131754705525,0.5399313557373191
0.27519144564811354,0.5689999132622083,0.539923440983727
0.27523813970862904,0.5689999132622083,0.5399019523231943
0.27523813970862904,0.5690866510538641,0.5399011194851093
0.2752848337691446,0.5690866510538641,0.5398577531591506
0.2752848337691446,0.5692601266371758,0.5398569872984629
0.2753315278296601,0.5692601266371758,0.5398535626908755
0.2753315278296601,0.5694336022204874,0.5398478899641181
0.27535487485991783,0.5694336022204874,0.5398414450893803
0.27535487485991783,0.5695203400121432,0.539840582978663
0.2754482629809488,0.5695203400121432,0.5397823809763256
0.2754482629809488,0.5696070778037992,0.5397791903093122
0.27547161001120657,0.5696070778037992,0.5397719914712221
0.27547161001120657,0.569693815595455,0.5397709789082119
0.27561169219275305,0.569693815595455,0.5397131954485624
0.27561169219275305,0.5697805533871108,0.5397034456630427
0.27563503922301086,0.5697805533871108,0.5397007690930496
0.27563503922301086,0.5698672911787666,0.5397002173281585
0.27586850952558833,0.5698672911787666,0.5396328212316652
0.27586850952558833,0.5701275045537341,0.539610330330645
0.27598524467687713,0.5701275045537341,0.539554792761197
0.27598524467687713,0.5702142423453899,0.5395344877237294
0.2760786327979081,0.5702142423453899,0.539483504328329
0.2760786327979081,0.5703009801370457,0.5394800932473895
0.27610197982816587,0.5703009801370457,0.5394607554209672
0.27610197982816587,0.5703877179287016,0.5394566801114855
0.2761253268584236,0.5703877179287016,0.539438942569293
0.2761253268584236,0.5704744557203574,0.5394178180629678
0.27614867388868136,0.5704744557203574,0.5394103334732868
0.27614867388868136,0.5705611935120132,0.5394052075824234
0.2761720209189391,0.5705611935120132,0.5393885158483251
0.2761720209189391,0.570647931303669,0.53937764092827
0.2762654090399701,0.570647931303669,0.5393453996890232
0.2762654090399701,0.5708214068869807,0.5393235421655249
0.2763121031004856,0.5708214068869807,0.5392821814636752
0.2763121031004856,0.5709081446786365,0.5392725661324504
0.27633545013074334,0.5709081446786365,0.5392703521494313
0.27633545013074334,0.5709948824702923,0.5392634280349002
0.2763821441912589,0.5709948824702923,0.5392608445018751
0.2763821441912589,0.5710816202619481,0.539251076831289
0.2764288382517744,0.5710816202619481,0.5392388150002925
0.2764288382517744,0.5712550958452598,0.5392285372823045
0.2765222263728054,0.5712550958452598,0.5391541262869224
0.2765222263728054,0.5713418336369156,0.5391403000640667
0.2765689204333209,0.5713418336369156,0.539127154371976
0.2765689204333209,0.5715153092202273,0.5391053967069518
0.2766856555846096,0.5715153092202273,0.5390645375294183
0.2766856555846096,0.5716020470118831,0.5390517701270033
0.2768023907358984,0.5716020470118831,0.5390254885363268
0.2768023907358984,0.5717755225951947,0.5389824245560058
0.2768957788569294,0.5717755225951947,0.5389275185031223
0.2768957788569294,0.5718622603868505,0.53892507695171
0.27691912588718715,0.5718622603868505,0.5389213068037302
0.27691912588718715,0.5719489981785064,0.5389208671001592
0.2771059021292492,0.5719489981785064,0.5387913508187883
0.2771059021292492,0.5720357359701622,0.5387901798785023
0.27729267837131116,0.5720357359701622,0.538690184243447
0.27729267837131116,0.572122473761818,0.5386822325038523
0.2773627194620844,0.572122473761818,0.5386436900648304
0.2773627194620844,0.5722959493451296,0.538629311494844
0.2775728427344042,0.5722959493451296,0.5385816326332131
0.2775728427344042,0.5723826871367855,0.5385766289111074
0.27759618976466194,0.5723826871367855,0.5385693161005369
0.27759618976466194,0.5724694249284413,0.5385474019564827
0.2777362719462084,0.5724694249284413,0.5384810117068418
0.2777362719462084,0.5727296383034088,0.5384599700348629
0.2778063130369817,0.5727296383034088,0.5384344944787902
0.2778063130369817,0.5728163760950646,0.5384273643727312
0.27782966006723947,0.5728163760950646,0.5384247261864967
0.27782966006723947,0.5729031138867204,0.5384110996764819
0.27801643630930145,0.5729031138867204,0.5383521957817368
0.27801643630930145,0.573076589470032,0.5383258288410183
0.2780397833395592,0.573076589470032,0.5383044598780342
0.2780397833395592,0.5732500650533437,0.5382824487144537
0.2781331714605902,0.5732500650533437,0.5382360716186863
0.2781331714605902,0.5733368028449995,0.5382277489172873
0.2782966006723945,0.5733368028449995,0.5381701223436863
0.2782966006723945,0.5734235406366553,0.5381623170373773
0.278623459096003,0.5734235406366553,0.5380111329776234
0.278623459096003,0.5735102784283113,0.5380074764700162
0.27864680612626075,0.5735102784283113,0.538006902895489
0.27864680612626075,0.5735970162199671,0.5380065694451943
0.27869350018677624,0.5735970162199671,0.5379937404711022
0.27869350018677624,0.5736837540116229,0.5379907969501498
0.2787635412775495,0.5736837540116229,0.5379430446111143
0.2787635412775495,0.5738572295949345,0.5379223737639185
0.27878688830780723,0.5738572295949345,0.5379025087256677
0.27878688830780723,0.5740307051782462,0.5378961391768753
0.2788569293985805,0.5740307051782462,0.5378580993293423
0.2788569293985805,0.5742909185532137,0.5378197042530173
0.27902035861038477,0.5742909185532137,0.5377231577562621
0.27902035861038477,0.5743776563448695,0.5377225839000213
0.27911374673141576,0.5743776563448695,0.537670050058455
0.27911374673141576,0.5745511319281811,0.5376585801032177
0.2792304818827045,0.5745511319281811,0.5376196193546448
0.2792304818827045,0.5747246075114928,0.5376162886909597
0.27927717594322005,0.5747246075114928,0.5375625162004021
0.27927717594322005,0.5748113453031486,0.5375500041714366
0.27937056406425104,0.5748113453031486,0.5374860388861611
0.27937056406425104,0.5748980830948044,0.5374842182210795
0.27953399327605527,0.5748980830948044,0.5374211134050226
0.27953399327605527,0.5750715586781161,0.5374093055709799
0.27965072842734406,0.5750715586781161,0.5373452696753414
0.27965072842734406,0.5753317720530835,0.5373078111357038
0.2796740754576018,0.5753317720530835,0.5372896762522735
0.2796740754576018,0.575591985428051,0.5372828730608632
0.27969742248785956,0.575591985428051,0.5372620356480133
0.27969742248785956,0.5756787232197068,0.5372363333284156
0.27974411654837505,0.5756787232197068,0.5372295103876359
0.27974411654837505,0.5757654610113626,0.5372214046812127
0.2799542398206948,0.5757654610113626,0.5371193098359106
0.2799542398206948,0.5758521988030185,0.5370976499271488
0.28004762794172583,0.5758521988030185,0.5370672982627669
0.28004762794172583,0.5763726255529534,0.5369550530277705
0.2801410160627568,0.5763726255529534,0.5368938675530615
0.2801410160627568,0.5764593633446092,0.5368932342170367
0.2801877101232723,0.5764593633446092,0.5368845149752911
0.2801877101232723,0.576546101136265,0.5368797008563766
0.28025775121404556,0.576546101136265,0.5368570799644954
0.28025775121404556,0.5769797900945441,0.5367893419943778
0.28030444527456105,0.5769797900945441,0.5367720205296722
0.28030444527456105,0.5770665278862,0.5367701941974286
0.2803277923048188,0.5770665278862,0.5367647313955473
0.2803277923048188,0.5774134790528234,0.5367366704062961
0.28042118042584985,0.5774134790528234,0.536709018187032
0.28042118042584985,0.5775002168444792,0.5367066067966264
0.2804445274561076,0.5775002168444792,0.5366792353567124
0.2804445274561076,0.577586954636135,0.5366787102682877
0.28056126260739633,0.577586954636135,0.536628680072659
0.28056126260739633,0.5776736924277908,0.5366255779716484
0.28060795666791183,0.5776736924277908,0.536596996726943
0.28060795666791183,0.5779339058027583,0.5365694219099281
0.2807013447889428,0.5779339058027583,0.5365345342312352
0.2807013447889428,0.5781941191777258,0.5364759507020922
0.2810515502428091,0.5781941191777258,0.5363507902307518
0.2810515502428091,0.5782808569693816,0.5363467017156927
0.2812383264848711,0.5782808569693816,0.536291964290246
0.2812383264848711,0.5783675947610374,0.5362900879600757
0.2813784086664176,0.5783675947610374,0.5361891678684182
0.2813784086664176,0.5784543325526932,0.5361874471234608
0.2815418378782219,0.5784543325526932,0.5361205275375154
0.2815418378782219,0.578541070344349,0.5361194548783161
0.2817753081807994,0.578541070344349,0.5359597027070955
0.2817753081807994,0.5786278081360049,0.5359567304083939
0.2820087784833769,0.5786278081360049,0.5358332824924058
0.2820087784833769,0.5787145459276607,0.5357948724602927
0.28203212551363466,0.5787145459276607,0.5357825273816306
0.28203212551363466,0.5788012837193165,0.5357781524551395
0.2820554725438924,0.5788012837193165,0.5357499645937529
0.2820554725438924,0.5788880215109723,0.5357243845568658
0.2821722076951812,0.5788880215109723,0.535651369796524
0.2821722076951812,0.579061497094284,0.5356510416815812
0.28228894284646994,0.579061497094284,0.5356271848538536
0.28228894284646994,0.5791482348859398,0.5356194177480926
0.2823823309675009,0.5791482348859398,0.5356001529388579
0.2823823309675009,0.5792349726775956,0.5355725085003391
0.2825457601793052,0.5792349726775956,0.5355115718828776
0.2825457601793052,0.5793217104692514,0.5354953872288033
0.28256910720956296,0.5793217104692514,0.5354785533787709
0.28256910720956296,0.5794951860525631,0.5354651377090061
0.28261580127007846,0.5794951860525631,0.5354363363594128
0.28261580127007846,0.5795819238442189,0.5354144094539676
0.28266249533059395,0.5795819238442189,0.5353833544512485
0.28266249533059395,0.5796686616358747,0.5353734541787402
0.2827325364213672,0.5796686616358747,0.535363566269538
0.2827325364213672,0.5797553994275306,0.5353274848374202
0.2827792304818827,0.5797553994275306,0.5352904784263905
0.2827792304818827,0.5798421372191864,0.535274814175732
0.28284927157265594,0.5798421372191864,0.535243231112631
0.28284927157265594,0.580015612802498,0.5352320569098155
0.2828959656331715,0.580015612802498,0.5352206438359466
0.2828959656331715,0.5801023505941538,0.5352201469227398
0.2829893537542025,0.5801023505941538,0.5351464140470417
0.2829893537542025,0.5801890883858097,0.5351340069542059
0.28322282405677995,0.5801890883858097,0.5350570494437866
0.28322282405677995,0.5802758261774655,0.5350283538721661
0.2832461710870377,0.5802758261774655,0.5350201572524076
0.2832461710870377,0.5803625639691213,0.5350182588029508
0.283316212177811,0.5803625639691213,0.5349440331440731
0.283316212177811,0.5804493017607771,0.5349426995893662
0.283409600298842,0.5804493017607771,0.534914751325149
0.283409600298842,0.580536039552433,0.5349069145424881
0.28343294732909974,0.580536039552433,0.5348935286913159
0.28343294732909974,0.5806227773440888,0.5348880591119995
0.28352633545013073,0.5806227773440888,0.5348665736090101
0.28352633545013073,0.5807095151357446,0.5348399835483262
0.2836197235711618,0.5807095151357446,0.5347942940777153
0.2836197235711618,0.5807962529274004,0.5347820471150617
0.2839232349645125,0.5807962529274004,0.534582179011674
0.2839232349645125,0.5809697285107122,0.5345723721899833
0.28406331714605904,0.5809697285107122,0.5345071008815357
0.28406331714605904,0.5812299418856796,0.5344939976249048
0.28415670526709,0.5812299418856796,0.5344479968667555
0.28415670526709,0.5813166796773355,0.5344411420049447
0.28422674635786327,0.5813166796773355,0.5344261772976104
0.28422674635786327,0.5814034174689913,0.5343934915607352
0.28427344041837876,0.5814034174689913,0.5343893477918888
0.28427344041837876,0.5814901552606471,0.5343719397035281
0.28434348150915206,0.5814901552606471,0.5343109496044152
0.28434348150915206,0.5815768930523029,0.5343016763136139
0.28453025775121404,0.5815768930523029,0.5342476172080078
0.28453025775121404,0.5816636308439587,0.5342406836124629
0.28462364587224503,0.5816636308439587,0.5342171526923
0.28462364587224503,0.5817503686356146,0.5342170047031257
0.2846469929025028,0.5817503686356146,0.5342046531870029
0.2846469929025028,0.5818371064272704,0.5341867053020402
0.28467033993276053,0.5818371064272704,0.5341807531629207
0.28467033993276053,0.582010582010582,0.5341393738946545
0.2849738513261113,0.582010582010582,0.5340349659067445
0.2849738513261113,0.5822707953855495,0.533970058103239
0.28506723944714235,0.5822707953855495,0.5339525838426382
0.28506723944714235,0.582531008760517,0.5339030274585149
0.28511393350765785,0.582531008760517,0.5338635270725371
0.28511393350765785,0.5828779599271403,0.5338360956771999
0.2851372805379156,0.5828779599271403,0.5338285227917476
0.2851372805379156,0.5829646977187961,0.533818554310683
0.2853007097497198,0.5829646977187961,0.5337513128373886
0.2853007097497198,0.5830514355104519,0.5337511657166167
0.28537075084049307,0.5830514355104519,0.5337253268898757
0.28537075084049307,0.5831381733021077,0.5337208174426189
0.28541744490100857,0.5831381733021077,0.5337161902467464
0.28541744490100857,0.5832249110937635,0.5336893132766138
0.28553418005229736,0.5832249110937635,0.5336334132275848
0.28553418005229736,0.5833983866770752,0.5336146304652652
0.28558087411281285,0.5833983866770752,0.5336108737607744
0.28558087411281285,0.583485124468731,0.5335977409207555
0.28567426223384385,0.583485124468731,0.5334869941501643
0.28567426223384385,0.5835718622603868,0.5334574214457091
0.2858610384759059,0.5835718622603868,0.5333932907856371
0.2858610384759059,0.5836586000520426,0.533389213640272
0.2862812850205454,0.5836586000520426,0.5332059596583959
0.2862812850205454,0.5837453378436985,0.533204421364327
0.28639802017183413,0.5837453378436985,0.5331606459962034
0.28639802017183413,0.5838320756353543,0.5331586995693758
0.28644471423234963,0.5838320756353543,0.5331180063537142
0.28644471423234963,0.5840055512186659,0.5331025387739607
0.2864680612626074,0.5840055512186659,0.5331014227704614
0.2864680612626074,0.5840922890103218,0.5330948773822825
0.2864914082928651,0.5840922890103218,0.533091441961814
0.2864914082928651,0.5842657645936334,0.533085506850399
0.2865381023533807,0.5842657645936334,0.5330588036303765
0.2865381023533807,0.5843525023852892,0.53305769332807
0.2867015315651849,0.5843525023852892,0.5329986977474842
0.2867015315651849,0.584525977968601,0.5329894722681985
0.2867482256257004,0.584525977968601,0.5329626919470456
0.2867482256257004,0.5846127157602568,0.5329515973812093
0.2867949196862159,0.5846127157602568,0.5329173839399213
0.2867949196862159,0.5848729291352243,0.5328716928525943
0.28681826671647365,0.5848729291352243,0.5328671795739658
0.28681826671647365,0.5849596669268801,0.5328513563813002
0.28698169592827794,0.5849596669268801,0.5327916324693527
0.28698169592827794,0.5850464047185359,0.5327890205553185
0.2872151662308554,0.5850464047185359,0.5326501681930933
0.2872151662308554,0.5851331425101917,0.5326329383289728
0.2872852073216287,0.5851331425101917,0.5326135139498975
0.2872852073216287,0.5852198803018475,0.5326074838283374
0.2873319013821442,0.5852198803018475,0.532577037795853
0.2873319013821442,0.5853066180935034,0.5325520929192187
0.28740194247291745,0.5853066180935034,0.5324849494202515
0.28740194247291745,0.5853933558851592,0.5324772832775724
0.2874252895031752,0.5853933558851592,0.5324767113414988
0.2874252895031752,0.585480093676815,0.5324728961036771
0.2875653716847217,0.585480093676815,0.5324302117621638
0.2875653716847217,0.5856535692601267,0.5324200586444376
0.2877988419872992,0.5856535692601267,0.5323222090351748
0.2877988419872992,0.5857403070517825,0.5323177028020658
0.2878922301083302,0.5857403070517825,0.5322447094955378
0.2878922301083302,0.5858270448434383,0.5322307378857885
0.28807900635039224,0.5858270448434383,0.5321405788399178
0.28807900635039224,0.5859137826350941,0.5321400694924538
0.28812570041090774,0.5859137826350941,0.5321271398988027
0.28812570041090774,0.5860005204267499,0.5320965670354718
0.288195741501681,0.5860005204267499,0.532072470063627
0.288195741501681,0.5861739960100616,0.5320535737705547
0.2882190885319387,0.5861739960100616,0.5320311216845753
0.2882190885319387,0.5862607338017174,0.5320286379883954
0.2882657825924542,0.5862607338017174,0.5320078347481109
0.2882657825924542,0.5863474715933732,0.5319546679331608
0.2883124766529697,0.5863474715933732,0.5319329714066524
0.2883124766529697,0.5864342093850291,0.5319045183573591
0.2883358236832275,0.5864342093850291,0.5318987681236196
0.2883358236832275,0.5865209471766849,0.5318888968241338
0.288382517743743,0.5865209471766849,0.5318615449374229
0.288382517743743,0.5866076849683407,0.5318368693945631
0.2884292118042585,0.5866076849683407,0.5318054893053976
0.2884292118042585,0.5866944227599965,0.531792940394533
0.28845255883451626,0.5866944227599965,0.5317692336982083
0.28845255883451626,0.5868678983433082,0.5317585462630655
0.288569293985805,0.5868678983433082,0.5317073177482401
0.288569293985805,0.586954636134964,0.5317065484680515
0.2886159880463205,0.586954636134964,0.5316832375744555
0.2886159880463205,0.5870413739266198,0.5316520009621706
0.28863933507657824,0.5870413739266198,0.5316373422513876
0.28863933507657824,0.5873015873015873,0.5316267277792078
0.28868602913709374,0.5873015873015873,0.5315707778478989
0.28868602913709374,0.5873883250932431,0.5315674559694157
0.28870937616735154,0.5873883250932431,0.5315618671270551
0.28870937616735154,0.5874750628848989,0.531553238355289
0.28880276428838253,0.5874750628848989,0.5315250702563212
0.28880276428838253,0.5876485384682106,0.5315147263043347
0.28891949943967127,0.5876485384682106,0.53147854760197
0.28891949943967127,0.5877352762598664,0.5314750513649044
0.28905958162121775,0.5877352762598664,0.5313918682907531
0.28905958162121775,0.587908751843178,0.5313787732237472
0.28908292865147556,0.587908751843178,0.5313721887638311
0.28908292865147556,0.587995489634834,0.5313644238048237
0.2891062756817333,0.587995489634834,0.531364109465832
0.2891062756817333,0.5882557030098013,0.5313099635693371
0.2891996638027643,0.5882557030098013,0.5311753108729367
0.2891996638027643,0.5883424408014571,0.5311690689982559
0.2892463578632798,0.5883424408014571,0.5311360480306162
0.2892463578632798,0.5884291785931131,0.5310989024546471
0.28931639895405303,0.5884291785931131,0.5310929963004707
0.28931639895405303,0.5885159163847689,0.5310920111891707
0.2893864400448263,0.5885159163847689,0.5310640373321275
0.2893864400448263,0.5886026541764247,0.5310596475293401
0.2896199103474038,0.5886026541764247,0.5309548800440919
0.2896199103474038,0.5887761297597364,0.5309510376306082
0.28964325737766156,0.5887761297597364,0.5309450761632917
0.28964325737766156,0.5888628675513922,0.5309432474236704
0.28973664549869255,0.5888628675513922,0.5309064762804618
0.28973664549869255,0.588949605343048,0.5308838447277403
0.28978333955920804,0.588949605343048,0.5308635262823969
0.28978333955920804,0.5890363431347038,0.5308605128671382
0.28980668658946585,0.5890363431347038,0.5308534898816224
0.28980668658946585,0.5891230809263596,0.5308481101883991
0.2900401568920433,0.5891230809263596,0.5307657717981686
0.2900401568920433,0.5892098187180155,0.5307364041249227
0.2901335450130743,0.5892098187180155,0.530697828709696
0.2901335450130743,0.5892965565096713,0.5306892494610294
0.29053044452745613,0.5892965565096713,0.5304683922449807
0.29053044452745613,0.5893832943013271,0.5304683525916959
0.2906004856182294,0.5893832943013271,0.5304283243844059
0.2906004856182294,0.5894700320929829,0.5304275603795325
0.29064717967874487,0.5894700320929829,0.5304076024377407
0.29064717967874487,0.5895567698846388,0.5303936613552893
0.29069387373926037,0.5895567698846388,0.530390156284768
0.29069387373926037,0.5896435076762946,0.5303720385135728
0.2907172207695181,0.5896435076762946,0.5303598721569047
0.2907172207695181,0.5897302454679504,0.5303421943239379
0.29078726186029136,0.5897302454679504,0.5303223737730124
0.29078726186029136,0.5898169832596062,0.5303212175428038
0.2908573029510646,0.5898169832596062,0.5302327889803653
0.2908573029510646,0.5899904588429179,0.5302271570678692
0.2908806499813224,0.5899904588429179,0.5302247857033138
0.2908806499813224,0.5900771966345737,0.5302232893482333
0.2909273440418379,0.5900771966345737,0.5301470934674186
0.2909273440418379,0.5902506722178853,0.5301432634436872
0.29095069107209565,0.5902506722178853,0.530134647674951
0.29095069107209565,0.5903374100095412,0.530132104393218
0.29104407919312664,0.5903374100095412,0.5300656691823414
0.29104407919312664,0.5905976233845086,0.5300516714677577
0.2911608143444154,0.5905976233845086,0.5300003044516399
0.2911608143444154,0.5906843611761644,0.5299879300449282
0.2911841613746731,0.5906843611761644,0.5299727605392653
0.2911841613746731,0.5908578367594761,0.5299606446929994
0.29151101979828165,0.5908578367594761,0.5298521917600341
0.29151101979828165,0.5910313123427877,0.5298383529471091
0.2915343668285394,0.5910313123427877,0.5298290644823194
0.2915343668285394,0.5912047879260994,0.5298213462694741
0.2920246544639522,0.5912047879260994,0.5295510415456858
0.2920246544639522,0.5912915257177552,0.5295441121913071
0.2920713485244677,0.5912915257177552,0.5295365604390168
0.2920713485244677,0.591378263509411,0.5295316627099284
0.29209469555472545,0.591378263509411,0.5295186865675372
0.29209469555472545,0.5914650013010668,0.5295081905041854
0.2923281658573029,0.5914650013010668,0.5293933169040275
0.2923281658573029,0.5915517390927227,0.5293770203907351
0.2923515128875607,0.5915517390927227,0.5293713913762035
0.2923515128875607,0.5916384768843785,0.5293704048458427
0.29256163615988046,0.5916384768843785,0.5292757643861628
0.29256163615988046,0.5918119524676901,0.5292459094208961
0.2926783713111692,0.5918119524676901,0.5292061743551486
0.2926783713111692,0.5919854280510018,0.52918130373798
0.292701718341427,0.5919854280510018,0.529174564638192
0.292701718341427,0.5920721658426576,0.5291529903759369
0.292888494583489,0.5920721658426576,0.5290853186552171
0.292888494583489,0.5921589036343134,0.5290709609554036
0.29298188270451997,0.5921589036343134,0.5290223146191997
0.29298188270451997,0.5922456414259692,0.5290162196907544
0.2930052297347777,0.5922456414259692,0.5290067690838735
0.2930052297347777,0.592419117009281,0.5290028183832692
0.2930519237952932,0.592419117009281,0.5289781420872165
0.2930519237952932,0.5928528059675601,0.5289553028331122
0.29309861785580876,0.5928528059675601,0.5289123502074102
0.29309861785580876,0.5930262815508717,0.5288959024427174
0.29314531191632426,0.5930262815508717,0.5288597114704771
0.29314531191632426,0.5931130193425276,0.5288532426989223
0.293168658946582,0.5931130193425276,0.5288499807466652
0.293168658946582,0.5931997571341834,0.528845754156953
0.2932153530070975,0.5931997571341834,0.5288366894764596
0.2932153530070975,0.5932864949258392,0.5288195222666575
0.29323870003735525,0.5932864949258392,0.5288122318238915
0.29323870003735525,0.5935467083008067,0.5287975680836189
0.29328539409787074,0.5935467083008067,0.5287768603585428
0.29328539409787074,0.5936334460924625,0.5287611613411507
0.2934721703399328,0.5936334460924625,0.5286715260381845
0.2934721703399328,0.5937201838841183,0.5286649251758315
0.293635599551737,0.5937201838841183,0.5285661459352805
0.293635599551737,0.5938069216757741,0.5285604205613448
0.2937990287635413,0.5938069216757741,0.5284602926949116
0.2937990287635413,0.59389365946743,0.5284520407767108
0.29382237579379905,0.59389365946743,0.5284518911632508
0.29382237579379905,0.5939803972590858,0.5284466980702022
0.2938457228240568,0.5939803972590858,0.5284402127182566
0.2938457228240568,0.5941538728423974,0.5284146800865948
0.29386906985431455,0.5941538728423974,0.5284112496936404
0.29386906985431455,0.5942406106340533,0.5283941049948854
0.29400915203586103,0.5942406106340533,0.5283774743743453
0.29400915203586103,0.5943273484257091,0.5283678315139295
0.2940324990661188,0.5943273484257091,0.5283515073636865
0.2940324990661188,0.5945875618006765,0.5283101209826848
0.2940791931266343,0.5945875618006765,0.5282855423103971
0.2940791931266343,0.5946742995923324,0.5282721044199152
0.2942192753081808,0.5946742995923324,0.5282439979199929
0.2942192753081808,0.5947610373839882,0.5282363530266506
0.2943126634292118,0.5947610373839882,0.5281968520178995
0.2943126634292118,0.594847775175644,0.5281768508463804
0.2943593574897273,0.594847775175644,0.528173028220843
0.2943593574897273,0.5949345129672998,0.528154461789192
0.29447609264101604,0.5949345129672998,0.5280611464568876
0.29447609264101604,0.5951079885506115,0.5280374677936689
0.2946161748225626,0.5951079885506115,0.5279528486957856
0.2946161748225626,0.5952814641339231,0.5279278683573974
0.29463952185282033,0.5952814641339231,0.5278847973169979
0.29463952185282033,0.5954549397172348,0.5278249891543065
0.2948262980948823,0.5954549397172348,0.5277134532577759
0.2948262980948823,0.5955416775088906,0.5277018780491244
0.29484964512514006,0.5955416775088906,0.5276976274921916
0.29484964512514006,0.5957151530922022,0.5276682620451238
0.2948963391856556,0.5957151530922022,0.5276617281024457
0.2948963391856556,0.595801890883858,0.5276434797314191
0.2949897273066866,0.595801890883858,0.5276088984298242
0.2949897273066866,0.595888628675514,0.5276079937862663
0.2950364213672021,0.595888628675514,0.5275903912741476
0.2950364213672021,0.5959753664671698,0.5275806505580988
0.2953165857302951,0.5959753664671698,0.5274038477290828
0.2953165857302951,0.5960621042588256,0.5273846320872779
0.29543332088158386,0.5960621042588256,0.5273486766116597
0.29543332088158386,0.5961488420504814,0.5273362773187349
0.2954566679118416,0.5961488420504814,0.5273267198767502
0.2954566679118416,0.5962355798421373,0.5272999628963058
0.29557340306313035,0.5962355798421373,0.5272727470512002
0.29557340306313035,0.5963223176337931,0.5272624407140234
0.2955967500933881,0.5963223176337931,0.5272547131252446
0.2955967500933881,0.5964090554254489,0.5272527235408795
0.2956667911841614,0.5964090554254489,0.527174332246169
0.2956667911841614,0.5964957932171047,0.5271725664814508
0.2958769144564811,0.5964957932171047,0.5270812809690032
0.2958769144564811,0.5965825310087605,0.5270792680209646
0.2959236085169966,0.5965825310087605,0.5270676641460683
0.2959236085169966,0.5966692688004164,0.527062403844609
0.2960403436682854,0.5966692688004164,0.5270031664857847
0.2960403436682854,0.596842744383728,0.5269724363655406
0.2961804258498319,0.596842744383728,0.5269044352107958
0.2961804258498319,0.5969294821753838,0.5269032686496387
0.29620377288008964,0.5969294821753838,0.5269017069724353
0.29620377288008964,0.5970162199670397,0.5268944327573017
0.2962271199103474,0.5970162199670397,0.5268893763793978
0.2962271199103474,0.5971029577586955,0.5268869552910069
0.2963438550616362,0.5971029577586955,0.5268481242030036
0.2963438550616362,0.5971896955503513,0.5268453984866597
0.29641389615240943,0.5971896955503513,0.5268378724889571
0.29641389615240943,0.5972764333420071,0.5268320401860813
0.2965539783339559,0.5972764333420071,0.5267864118597824
0.2965539783339559,0.5973631711336629,0.5267801340623052
0.29662401942472916,0.5973631711336629,0.526755304834432
0.29662401942472916,0.5974499089253188,0.5267476564573187
0.2966473664549869,0.5974499089253188,0.5267456529616081
0.2966473664549869,0.5975366467169746,0.5267190710299944
0.29667071348524465,0.5975366467169746,0.5267186733890312
0.29667071348524465,0.5976233845086304,0.5267146490223589
0.29683414269704894,0.5976233845086304,0.5266562261304147
0.29683414269704894,0.5977968600919421,0.5266051771127743
0.29688083675756444,0.5977968600919421,0.5265979184301155
0.29688083675756444,0.5978835978835979,0.5265760977298372
0.29692753081807993,0.5978835978835979,0.5265567639996072
0.29692753081807993,0.5980570734669095,0.5265476939679608
0.29711430706014197,0.5980570734669095,0.5264910190862073
0.29711430706014197,0.5981438112585653,0.5264862986674248
0.2971376540903997,0.5981438112585653,0.5264783863237341
0.2971376540903997,0.598317286841877,0.5264528831539348
0.29725438924168845,0.598317286841877,0.5264069596843867
0.29725438924168845,0.5984040246335328,0.5263926714145155
0.29730108330220395,0.5984040246335328,0.5263829214501314
0.29730108330220395,0.5984907624251886,0.5263782424838268
0.29734777736271945,0.5984907624251886,0.526342088626111
0.29734777736271945,0.5985775002168445,0.5263325047975189
0.29751120657452373,0.5985775002168445,0.5262759629478335
0.29751120657452373,0.5986642380085003,0.5262737102755779
0.2976512887560702,0.5986642380085003,0.5262093602906677
0.2976512887560702,0.5987509758001561,0.5261953554669425
0.29767463578632797,0.5987509758001561,0.5261793641541441
0.29767463578632797,0.5988377135918119,0.5261771934091548
0.29776802390735896,0.5988377135918119,0.526137299407099
0.29776802390735896,0.5989244513834677,0.5261213980330212
0.2978147179678745,0.5989244513834677,0.5260994494655089
0.2978147179678745,0.5990111891751236,0.5260936539229679
0.29783806499813226,0.5990111891751236,0.5260753352278231
0.29783806499813226,0.5990979269667794,0.5260708167621961
0.298048188270452,0.5990979269667794,0.525980554164875
0.298048188270452,0.5991846647584352,0.525975028805989
0.2980948823309675,0.5991846647584352,0.5259534233274772
0.2980948823309675,0.599271402550091,0.5259431072027771
0.298141576391483,0.599271402550091,0.5259202908157319
0.298141576391483,0.599358140341747,0.5259188290771721
0.2982816585730295,0.599358140341747,0.5258985966085761
0.2982816585730295,0.5995316159250585,0.5258894194984427
0.29830500560328727,0.5995316159250585,0.5258768344826434
0.29830500560328727,0.5996183537167143,0.5258758827293974
0.298328352633545,0.5996183537167143,0.5258669617592329
0.298328352633545,0.5997050915083701,0.5258646072755857
0.29835169966380276,0.5997050915083701,0.5258609384222093
0.29835169966380276,0.5998785670916819,0.5258481755387299
0.29844508778483375,0.5998785670916819,0.5258259862949606
0.29844508778483375,0.5999653048833377,0.5258231505620146
0.29856182293612255,0.5999653048833377,0.5257758533140455
0.29856182293612255,0.6000520426749935,0.5257711329498589
0.2986318640268958,0.6000520426749935,0.5257440940596008
0.2986318640268958,0.6001387804666494,0.5257412265643759
0.29865521105715354,0.6001387804666494,0.5257296605099898
0.29865521105715354,0.6002255182583052,0.5257204763299682
0.2986785580874113,0.6002255182583052,0.5257180024611022
0.2986785580874113,0.6004857316332726,0.5257054941719113
0.2987485991781845,0.6004857316332726,0.5256687547790646
0.2987485991781845,0.6005724694249285,0.5256677958149046
0.2987719462084423,0.6005724694249285,0.5256640623004644
0.2987719462084423,0.6006592072165843,0.5256566897144085
0.29888868135973107,0.6006592072165843,0.525629048866479
0.29888868135973107,0.6007459450082401,0.5256208740642998
0.29912215166230854,0.6007459450082401,0.5254982697538404
0.29912215166230854,0.6008326827998959,0.5254981136318235
0.29928558087411283,0.6008326827998959,0.5254269358939299
0.29928558087411283,0.6009194205915518,0.5254237529751533
0.29940231602540157,0.6009194205915518,0.5253556410456144
0.29940231602540157,0.6010061583832076,0.5253556265989968
0.29954239820694806,0.6010061583832076,0.5253027103743604
0.29954239820694806,0.6010928961748634,0.5252993480114905
0.2996824803884946,0.6010928961748634,0.5252485573185508
0.2996824803884946,0.6011796339665192,0.5252348653255091
0.2997758685095256,0.6011796339665192,0.5251985698396255
0.2997758685095256,0.601266371758175,0.525190497859789
0.29984590960029883,0.601266371758175,0.5251771799136056
0.29984590960029883,0.6013531095498309,0.5251632393059193
0.2998692566305566,0.6013531095498309,0.5251585009082352
0.2998692566305566,0.6014398473414867,0.5251578746060829
0.2998926036608143,0.6014398473414867,0.5251522426497619
0.2998926036608143,0.6016133229247983,0.5251259619675898
0.2999859917818454,0.6016133229247983,0.5250904461581201
0.2999859917818454,0.6017000607164542,0.5250894814704157
0.3001494209936496,0.6017000607164542,0.5250091872260771
0.3001494209936496,0.60178679850811,0.5250060588163092
0.30026615614493835,0.60178679850811,0.5249651276410434
0.30026615614493835,0.6018735362997658,0.5249530279964194
0.3002895031751961,0.6018735362997658,0.5249117325468136
0.3002895031751961,0.6019602740914216,0.5249010832667703
0.3005696675382891,0.6019602740914216,0.5248187303976786
0.3005696675382891,0.6020470118830774,0.5247974378638458
0.30063970862906236,0.6020470118830774,0.5247619943937056
0.30063970862906236,0.6021337496747333,0.5247535300504146
0.3006630556593201,0.6021337496747333,0.5247484787718384
0.3006630556593201,0.6022204874663891,0.5247460765556176
0.30070974971983566,0.6022204874663891,0.5247121823500773
0.30070974971983566,0.6023072252580449,0.5247006420825596
0.3008731789316399,0.6023072252580449,0.5246191741566454
0.3008731789316399,0.6023939630497007,0.5246185150244769
0.30094322002241314,0.6023939630497007,0.5245981000303983
0.30094322002241314,0.6024807008413566,0.5245922452727346
0.30098991408292863,0.6024807008413566,0.524579962346665
0.30098991408292863,0.6025674386330124,0.5245765682213928
0.3010833022039597,0.6025674386330124,0.5245649271576769
0.3010833022039597,0.6026541764246682,0.524557513601791
0.3012467314157639,0.6026541764246682,0.5243884003450001
0.3012467314157639,0.6029143897996357,0.5243700422448367
0.3012934254762794,0.6029143897996357,0.5243489198599866
0.3012934254762794,0.6030011275912915,0.5243479924242036
0.30141016062756815,0.6030011275912915,0.5242873198636752
0.30141016062756815,0.603261340966259,0.5242737878223983
0.3014568546880837,0.603261340966259,0.524235036506054
0.3014568546880837,0.6033480787579149,0.5242247846439902
0.30152689577885694,0.6033480787579149,0.5241952473034667
0.30152689577885694,0.6034348165495707,0.5241829398291897
0.30157358983937244,0.6034348165495707,0.5241671748460301
0.30157358983937244,0.6035215543412265,0.5241662607968731
0.3016903249906612,0.6035215543412265,0.5241094232686768
0.3016903249906612,0.6036082921328823,0.5241061533515072
0.30173701905117667,0.6036082921328823,0.5240907415179361
0.30173701905117667,0.6036950299245382,0.5240834927080471
0.30208722450504294,0.6036950299245382,0.5239313924446203
0.30208722450504294,0.603781767716194,0.5239232389822808
0.30215726559581624,0.603781767716194,0.5238963645255531
0.30215726559581624,0.6038685055078498,0.5238867789959869
0.302180612626074,0.6038685055078498,0.5238834635062511
0.302180612626074,0.6039552432995056,0.5238735553859043
0.3022273066865895,0.6039552432995056,0.5238638824791386
0.3022273066865895,0.6040419810911615,0.5238518281713427
0.3023440418378782,0.6040419810911615,0.5238296807709555
0.3023440418378782,0.6041287188828173,0.5238001801817749
0.3024374299589092,0.6041287188828173,0.5237523088593986
0.3024374299589092,0.6043021944661289,0.5237351327398163
0.3026008591707135,0.6043021944661289,0.5236005616841382
0.3026008591707135,0.6043889322577847,0.5235969687789561
0.30262420620097125,0.6043889322577847,0.5235950055777946
0.30262420620097125,0.6044756700494406,0.5235875349047402
0.30267090026148674,0.6044756700494406,0.5235660796171036
0.30267090026148674,0.6046491456327522,0.5235567002163768
0.30271759432200224,0.6046491456327522,0.5235119053567237
0.30271759432200224,0.604735883424408,0.523499137216036
0.30274094135226,0.604735883424408,0.523496357568529
0.30274094135226,0.6049093590077197,0.5234944529560643
0.302834329473291,0.6049093590077197,0.5234444827816933
0.302834329473291,0.6050828345910313,0.5234359229062563
0.302927717594322,0.6050828345910313,0.5234004239617472
0.302927717594322,0.6051695723826871,0.523397175220373
0.303021105715353,0.6051695723826871,0.5233907079862347
0.303021105715353,0.605256310174343,0.523381447364891
0.30304445274561076,0.605256310174343,0.5233726871815119
0.30304445274561076,0.6054297857576546,0.5233514245509041
0.30313784086664175,0.6054297857576546,0.5233165411463954
0.30313784086664175,0.6055165235493104,0.5233148165815714
0.30323122898767274,0.6055165235493104,0.5232994522983738
0.30323122898767274,0.6056032613409662,0.5232881199866313
0.30339465819947703,0.6056032613409662,0.523227359528011
0.30339465819947703,0.6056899991326221,0.5232199293700369
0.30351139335076577,0.6056899991326221,0.5231658848508892
0.30351139335076577,0.6057767369242779,0.5231598919482353
0.303581434441539,0.6057767369242779,0.5231283236412475
0.303581434441539,0.6058634747159337,0.523124977081597
0.3036981695928278,0.6058634747159337,0.5230861197785058
0.3036981695928278,0.6060369502992454,0.5230239278166675
0.30372151662308555,0.6060369502992454,0.5230195265906096
0.30372151662308555,0.606210425882557,0.5229939080001549
0.3037448636533433,0.606210425882557,0.5229918020594213
0.3037448636533433,0.6063839014658686,0.522988012229276
0.30376821068360105,0.6063839014658686,0.5229878062761697
0.30376821068360105,0.6064706392575245,0.5229818608410204
0.3038849458348898,0.6064706392575245,0.5229046664244656
0.3038849458348898,0.6065573770491803,0.5228987022693125
0.30390829286514753,0.6065573770491803,0.5228843456189112
0.30390829286514753,0.6066441148408361,0.522870800057252
0.30395498692566303,0.6066441148408361,0.5228665040087463
0.30395498692566303,0.6069043282158036,0.5228100532279671
0.30397833395592083,0.6069043282158036,0.5227998770495663
0.30397833395592083,0.6069910660074594,0.5227783214514472
0.3040250280164363,0.6069910660074594,0.5227643272882673
0.3040250280164363,0.6070778037991152,0.522751950713451
0.30428184534927155,0.6070778037991152,0.5226263289463842
0.30428184534927155,0.607251279382427,0.5226074662035034
0.3044219275308181,0.607251279382427,0.522540045974728
0.3044219275308181,0.6074247549657386,0.5225358972816174
0.30444527456107584,0.6074247549657386,0.5225283819613921
0.30444527456107584,0.6075114927573944,0.5224824394743086
0.30449196862159134,0.6075114927573944,0.5224700220066352
0.30449196862159134,0.6075982305490503,0.522469900365407
0.3045853567426223,0.6075982305490503,0.5224425306965756
0.3045853567426223,0.6076849683407061,0.5224292734618327
0.3046320508031378,0.6076849683407061,0.5224074561895065
0.3046320508031378,0.6077717061323619,0.5223944225924535
0.3046787448636533,0.6077717061323619,0.5223790886571104
0.3046787448636533,0.6081186572989852,0.5223598394595199
0.30481882704519986,0.6081186572989852,0.5223154216341599
0.30481882704519986,0.608205395090641,0.5223096304056571
0.3048421740754576,0.608205395090641,0.5223078224923632
0.3048421740754576,0.6082921328822968,0.5223050760690034
0.30486552110571535,0.6082921328822968,0.5223021240534979
0.30486552110571535,0.6083788706739527,0.5223014039399114
0.3048888681359731,0.6083788706739527,0.5222722503284682
0.3048888681359731,0.6084656084656085,0.5222662234054514
0.3049822562570041,0.6084656084656085,0.5222444036309957
0.3049822562570041,0.6085523462572643,0.5222420766728257
0.30512233843855063,0.6085523462572643,0.5221773715007227
0.30512233843855063,0.6087258218405759,0.5221756825631129
0.30516903249906613,0.6087258218405759,0.5221528136230593
0.30516903249906613,0.6088992974238876,0.5221378538220703
0.3051923795293239,0.6088992974238876,0.5221318971938866
0.3051923795293239,0.6089860352155434,0.52209852652977
0.3053558087411281,0.6089860352155434,0.5219847297690376
0.3053558087411281,0.6090727730071992,0.5219776087384301
0.3054258498319014,0.6090727730071992,0.5219233086145555
0.3054258498319014,0.6091595107988551,0.5219229217380565
0.3056126260739634,0.6091595107988551,0.5218269287471392
0.3056126260739634,0.6095064619654783,0.5217956715114092
0.30568266716473663,0.6095064619654783,0.5217927303321876
0.30568266716473663,0.6099401509237575,0.5217454540933406
0.3061496077698917,0.6099401509237575,0.5215539124257164
0.3061496077698917,0.6101136265070691,0.5214873498807464
0.3063597310422114,0.6101136265070691,0.5214215603849806
0.3063597310422114,0.6102003642987249,0.5214120043853461
0.30647646619350016,0.6102003642987249,0.5213728301991167
0.30647646619350016,0.6103738398820366,0.5213578767846128
0.3064998132237579,0.6103738398820366,0.5213430087401489
0.3064998132237579,0.6104605776736924,0.5213399297291351
0.30654650728427346,0.6104605776736924,0.5213307622774469
0.30654650728427346,0.6105473154653482,0.5213046509378375
0.30677997758685094,0.6105473154653482,0.5211471882902003
0.30677997758685094,0.61072079104866,0.5211386676358396
0.30701344788942847,0.61072079104866,0.5210325530708049
0.30701344788942847,0.6108075288403157,0.5210225396565629
0.3070834889802017,0.6108075288403157,0.5210005070820529
0.3070834889802017,0.6108942666319715,0.5209981132888768
0.307340306313037,0.6108942666319715,0.5209277965565711
0.307340306313037,0.6109810044236273,0.5209244741808841
0.30741034740381024,0.6109810044236273,0.5208408681016379
0.30741034740381024,0.6110677422152831,0.5208312828660131
0.307433694434068,0.6110677422152831,0.5208306687498134
0.307433694434068,0.6111544800069391,0.5208225583722796
0.307527082555099,0.6111544800069391,0.520781268823339
0.307527082555099,0.6112412177985949,0.5207810667994662
0.3075971236458723,0.6112412177985949,0.5207564111761211
0.3075971236458723,0.6113279555902507,0.5207351957609073
0.30773720582741876,0.6113279555902507,0.5206630056628669
0.30773720582741876,0.6114146933819065,0.520660745853684
0.30778389988793425,0.6114146933819065,0.520636603216333
0.30778389988793425,0.6115014311735624,0.5206256881412459
0.307807246918192,0.6115014311735624,0.5206162085776909
0.307807246918192,0.611674906756874,0.5206084571433301
0.30799402316025404,0.611674906756874,0.5205503143308667
0.30799402316025404,0.6117616445485298,0.5205472532819306
0.3080173701905118,0.6117616445485298,0.5205349041063502
0.3080173701905118,0.6120218579234973,0.5205075186903294
0.3082274934628315,0.6120218579234973,0.5204535693411361
0.3082274934628315,0.6122820712984648,0.5204279601962315
0.3083208815838625,0.6122820712984648,0.5203657256476223
0.3083208815838625,0.6123688090901206,0.5203539277577889
0.30841426970489355,0.6123688090901206,0.5203195054952638
0.30841426970489355,0.6124555468817764,0.5203015801641508
0.30850765782592454,0.6124555468817764,0.5202719866340002
0.30850765782592454,0.6125422846734322,0.5202699301071472
0.3087411281285021,0.6125422846734322,0.5201714475184396
0.3087411281285021,0.612629022465088,0.5201642788899694
0.3087644751587598,0.612629022465088,0.5201545351501787
0.3087644751587598,0.6127157602567439,0.5201532005598519
0.3089512514008218,0.6127157602567439,0.5201289043678106
0.3089512514008218,0.6128024980483997,0.5201270802326516
0.30897459843107955,0.6128024980483997,0.5201204659047404
0.30897459843107955,0.6128892358400555,0.5200998283042116
0.3089979454613373,0.6128892358400555,0.5200858605214811
0.3089979454613373,0.6129759736317113,0.5200826144962611
0.3090679865521106,0.6129759736317113,0.5200287136337106
0.3090679865521106,0.613149449215023,0.5200110321355367
0.3092080687336571,0.613149449215023,0.5199457529048485
0.3092080687336571,0.6133229247983346,0.5199336590701726
0.30941819200597687,0.6133229247983346,0.5198016489056676
0.30941819200597687,0.6135831381733021,0.5197847070610773
0.30960496824803885,0.6135831381733021,0.5197310052521602
0.30960496824803885,0.6137566137566137,0.519700927772757
0.3097217033993276,0.6137566137566137,0.5196765676804556
0.3097217033993276,0.6139300893399254,0.5196539457680879
0.30974505042958533,0.6139300893399254,0.5196393842623399
0.30974505042958533,0.6140168271315812,0.5196305659981797
0.3099084796413896,0.6140168271315812,0.5195672574993526
0.3099084796413896,0.614103564923237,0.5195621272366581
0.31002521479267836,0.614103564923237,0.5195142582116974
0.31002521479267836,0.6141903027148928,0.519509503849906
0.31014194994396715,0.6141903027148928,0.5194394506295292
0.31014194994396715,0.6142770405065487,0.5194349957446754
0.3101652969742249,0.6142770405065487,0.5194329598084448
0.3101652969742249,0.6144505160898603,0.5194181358949382
0.3102119910347404,0.6144505160898603,0.5194148585079987
0.3102119910347404,0.6145372538815161,0.5194081426866097
0.31023533806499815,0.6145372538815161,0.5194024770558947
0.31023533806499815,0.614623991673172,0.5193826361268725
0.3104454613373179,0.614623991673172,0.5193094313128914
0.3104454613373179,0.6147107294648279,0.5193080523162665
0.3104688083675756,0.6147107294648279,0.5192903290022173
0.3104688083675756,0.6147974672564837,0.519274645033188
0.3107256257004109,0.6147974672564837,0.5191966817505644
0.3107256257004109,0.6148842050481395,0.5191937513096769
0.3108190138214419,0.6148842050481395,0.5191407489132149
0.3108190138214419,0.6149709428397953,0.5191338141267191
0.31086570788195744,0.6149709428397953,0.5191295371699832
0.31086570788195744,0.6150576806314512,0.519121382330267
0.3109824430332462,0.6150576806314512,0.5190660168563693
0.3109824430332462,0.615144418423107,0.5190473620884202
0.31121591333582366,0.615144418423107,0.5189750149790282
0.31121591333582366,0.6153178940064186,0.518952323719015
0.31128595442659696,0.6153178940064186,0.5189092546245523
0.31128595442659696,0.6154046317980745,0.5188856724585701
0.3113093014568547,0.6154046317980745,0.5188740435363185
0.3113093014568547,0.6154913695897303,0.5188730562652382
0.3113559955173702,0.6154913695897303,0.5188664657065403
0.3113559955173702,0.6156648451730419,0.5188451923683844
0.31151942472917443,0.6156648451730419,0.5187696033613618
0.31151942472917443,0.6158383207563536,0.5187411850986037
0.31184628315278295,0.6158383207563536,0.5186133694311419
0.31184628315278295,0.6159250585480094,0.5186099017803322
0.31200971236458724,0.6159250585480094,0.5185583052175533
0.31200971236458724,0.6160117963396652,0.5185523453086693
0.3121731415763915,0.6160117963396652,0.5184880036123404
0.3121731415763915,0.616098534131321,0.5184772903130415
0.3121964886066492,0.616098534131321,0.518469691387687
0.3121964886066492,0.6161852719229769,0.5184673946082355
0.312219835636907,0.6161852719229769,0.5184555056105502
0.312219835636907,0.6162720097146327,0.5184552405909298
0.3122898767276802,0.6162720097146327,0.5184149691549762
0.3122898767276802,0.6163587475062885,0.5184123403038959
0.31231322375793796,0.6163587475062885,0.5183979667870113
0.31231322375793796,0.6164454852979443,0.5183957483302983
0.31252334703025775,0.6164454852979443,0.51833726687182
0.31252334703025775,0.6165322230896001,0.5183324711621045
0.31268677624206204,0.6165322230896001,0.5182705489289582
0.31268677624206204,0.616618960881256,0.5182580494507858
0.312780164363093,0.616618960881256,0.5182417939519326
0.312780164363093,0.6167056986729118,0.5182381337432523
0.31285020545386627,0.6167056986729118,0.5182103939703991
0.31285020545386627,0.6167924364645676,0.5181998641530849
0.31299028763541276,0.6167924364645676,0.5181315223146863
0.31299028763541276,0.6168791742562234,0.5181284163272788
0.3131770638774748,0.6168791742562234,0.5180773171908154
0.3131770638774748,0.6169659120478792,0.5180763238840447
0.3132237579379903,0.6169659120478792,0.5180678795027671
0.3132237579379903,0.6170526498395351,0.5180656598828903
0.31324710496824804,0.6170526498395351,0.5180618302426687
0.31324710496824804,0.6171393876311909,0.5180582089230514
0.3134572282405678,0.6171393876311909,0.5180054896691408
0.3134572282405678,0.6172261254228467,0.5180006837668599
0.31348057527082557,0.6172261254228467,0.5179596045013177
0.31348057527082557,0.6173128632145025,0.517956149974007
0.3135039223010833,0.6173128632145025,0.5179507559270429
0.3135039223010833,0.6173996010061584,0.5179404577248621
0.31362065745237205,0.6173996010061584,0.5179110357579084
0.31362065745237205,0.6174863387978142,0.5179078534639128
0.3139008218154651,0.6174863387978142,0.5177996583126911
0.3139008218154651,0.61757307658947,0.5177985047998627
0.31399420993649607,0.61757307658947,0.517769414909796
0.31399420993649607,0.6176598143811258,0.5177684209886619
0.3143210683601046,0.6176598143811258,0.517617856119054
0.3143210683601046,0.6178332899644375,0.5176165619224222
0.31439110945087784,0.6178332899644375,0.517592303328419
0.31439110945087784,0.6179200277560933,0.5175703499222637
0.3144844975719088,0.6179200277560933,0.5175215512282377
0.3144844975719088,0.6180067655477491,0.5175070721900437
0.3145778856929399,0.6180067655477491,0.5174367456180491
0.3145778856929399,0.6180935033394049,0.5174344799486664
0.3146946208442286,0.6180935033394049,0.5173480217150013
0.3146946208442286,0.6181802411310608,0.5173334807291037
0.3148347030257751,0.6181802411310608,0.5172738710572125
0.3148347030257751,0.6182669789227166,0.5172655057101526
0.31488139708629065,0.6182669789227166,0.5172598908508439
0.31488139708629065,0.6184404545060282,0.5172531074427413
0.31497478520732164,0.6184404545060282,0.517232135479601
0.31497478520732164,0.61861393008934,0.5172125248786085
0.31506817332835263,0.61861393008934,0.5171945759311112
0.31506817332835263,0.6187006678809958,0.5171906993018184
0.3153716847217034,0.6187006678809958,0.5170257073226978
0.3153716847217034,0.6187874056726516,0.5169957283770297
0.3154183787822189,0.6187874056726516,0.5169821803171291
0.3154183787822189,0.6190476190476191,0.5169505254313054
0.3154650728427344,0.6190476190476191,0.5169267363958239
0.3154650728427344,0.6191343568392749,0.5169149856000506
0.31565184908479643,0.6191343568392749,0.5168470753786258
0.31565184908479643,0.6192210946309307,0.5168455336270958
0.3156751961150542,0.6192210946309307,0.5168377541543949
0.3156751961150542,0.6193945702142424,0.5168304815905835
0.3157452372058274,0.6193945702142424,0.5168113684521535
0.3157452372058274,0.619568045797554,0.5168015231462224
0.31576858423608517,0.619568045797554,0.5167949877935282
0.31576858423608517,0.6196547835892098,0.5167720973943937
0.31581527829660067,0.6196547835892098,0.5167634476570747
0.31581527829660067,0.6197415213808657,0.5167612219344195
0.3159553604781472,0.6197415213808657,0.5166552951364054
0.3159553604781472,0.6198282591725215,0.5166474751757454
0.3160954426596937,0.6198282591725215,0.516578518695227
0.3160954426596937,0.6199149969641773,0.516571331409105
0.3161421367202092,0.6199149969641773,0.5165390168510051
0.3161421367202092,0.6200884725474889,0.5165241355920259
0.31621217781098243,0.6200884725474889,0.5165029381995223
0.31621217781098243,0.6201752103391448,0.5164973191273639
0.3162355248412402,0.6201752103391448,0.5164860757691567
0.3162355248412402,0.6202619481308006,0.5164713716508678
0.3162588718714979,0.6202619481308006,0.5164499767749897
0.3162588718714979,0.6203486859224564,0.5164477138787027
0.316352259992529,0.6203486859224564,0.516404272867047
0.316352259992529,0.6204354237141122,0.5163962687507925
0.3164223010833022,0.6204354237141122,0.5163880780817746
0.3164223010833022,0.6205221615057681,0.5163467821922769
0.3164689951438177,0.6205221615057681,0.5163363367380851
0.3164689951438177,0.6206088992974239,0.5163362212713307
0.31649234217407546,0.6206088992974239,0.5163350496161514
0.31649234217407546,0.6206956370890797,0.5162689797176782
0.31670246544639524,0.6206956370890797,0.5161230253070294
0.31670246544639524,0.6207823748807355,0.5161224792074535
0.316725812476653,0.6207823748807355,0.5161223175437233
0.316725812476653,0.6208691126723913,0.5160937700312147
0.31679585356742623,0.6208691126723913,0.5160451929602479
0.31679585356742623,0.6209558504640472,0.5160426540763079
0.316819200597684,0.6209558504640472,0.516034600364754
0.316819200597684,0.621042588255703,0.5160256269488153
0.31695928277923047,0.621042588255703,0.5158771718777484
0.31695928277923047,0.6211293260473588,0.5158621492241073
0.31716940605155025,0.6211293260473588,0.5157453863741124
0.31716940605155025,0.6214762772139821,0.5157239049961739
0.317192753081808,0.6214762772139821,0.5157214540795525
0.317192753081808,0.6215630150056379,0.5157100793585381
0.3172394471423235,0.6215630150056379,0.515705467528784
0.3172394471423235,0.6216497527972937,0.5156897077618502
0.31730948823309674,0.6216497527972937,0.5156649274937185
0.31730948823309674,0.6218232283806054,0.5156585036600693
0.31735618229361223,0.6218232283806054,0.5156460009989998
0.31735618229361223,0.6219099661722612,0.5156313429537689
0.3175196115054165,0.6219099661722612,0.51553946366354
0.3175196115054165,0.621996703963917,0.5155224283201341
0.31772973477773625,0.621996703963917,0.5154404024876107
0.31772973477773625,0.622083441755573,0.515437056214628
0.31779977586850955,0.622083441755573,0.515362637388469
0.31779977586850955,0.6222569173388846,0.5153291713243546
0.3178698169592828,0.6222569173388846,0.5153029331393304
0.3178698169592828,0.6223436551305404,0.5153024675730717
0.3180098991408293,0.6223436551305404,0.5152752736448389
0.3180098991408293,0.6224303929221962,0.5152700355321165
0.31817332835263357,0.6224303929221962,0.5152140500654439
0.31817332835263357,0.6226906062971637,0.5151805256423537
0.31836010459469555,0.6226906062971637,0.5151038450969778
0.31836010459469555,0.6227773440888195,0.5150980825733014
0.31852353380649984,0.6227773440888195,0.5150783154847443
0.31852353380649984,0.6228640818804754,0.5150777516859475
0.3185468808367576,0.6228640818804754,0.5150688571539952
0.3185468808367576,0.6229508196721312,0.5150687726619203
0.3186169219275308,0.6229508196721312,0.5150274488508452
0.3186169219275308,0.623037557463787,0.5150132327971779
0.3188503922301083,0.623037557463787,0.5149532630766792
0.3188503922301083,0.6231242952554428,0.5149390135289694
0.3189671273813971,0.6231242952554428,0.5148889334374209
0.3189671273813971,0.6232977708387545,0.5148823996960739
0.3190605155024281,0.6232977708387545,0.5148026076709429
0.3190605155024281,0.6233845086304103,0.514768471496627
0.31908386253268584,0.6233845086304103,0.5147583939302951
0.31908386253268584,0.6234712464220661,0.5147507397954161
0.3191072095629436,0.6234712464220661,0.5147357859496389
0.3191072095629436,0.6235579842137219,0.5146978457295328
0.31913055659320133,0.6235579842137219,0.5146903899628836
0.31913055659320133,0.6236447220053778,0.5146903685310582
0.3191539036234591,0.6236447220053778,0.5146756202259533
0.3191539036234591,0.6237314597970336,0.5146739762225898
0.3192239447142324,0.6237314597970336,0.5146532571791242
0.3192239447142324,0.623991673172001,0.5146488281662123
0.3192472917444901,0.623991673172001,0.5146301416742247
0.3192472917444901,0.6240784109636569,0.5146297861473639
0.31931733283526337,0.6240784109636569,0.5145920577867795
0.31931733283526337,0.6242518865469685,0.5145818931703029
0.31936402689577886,0.6242518865469685,0.514572218022003
0.31936402689577886,0.6243386243386243,0.5145561234462754
0.3196908853193874,0.6243386243386243,0.514386982218753
0.3196908853193874,0.6244253621302802,0.5143286684436221
0.31971423234964513,0.6244253621302802,0.5143206992531081
0.31971423234964513,0.6245988377135918,0.5143071315619719
0.3198543145311916,0.6245988377135918,0.5142703715423264
0.3198543145311916,0.6246855755052476,0.5142564631341582
0.31992435562196486,0.6246855755052476,0.5142014622509319
0.31992435562196486,0.6247723132969034,0.5141679059573441
0.3199710496824804,0.6247723132969034,0.5141303678974434
0.3199710496824804,0.6249457888802151,0.5141107618835683
0.3202979081060889,0.6249457888802151,0.51394626770073
0.3202979081060889,0.6251192644635267,0.5139332886617578
0.32046133731789317,0.6251192644635267,0.5138726146036674
0.32046133731789317,0.62546621563015,0.5137978070699112
0.3204846843481509,0.62546621563015,0.5137961352785065
0.3204846843481509,0.6255529534218058,0.5137776638829619
0.32071815465072845,0.6255529534218058,0.5136411104483991
0.32071815465072845,0.6256396912134617,0.5136273327800617
0.3209983190138214,0.6256396912134617,0.5134646965379583
0.3209983190138214,0.6257264290051175,0.5134573562655179
0.32102166604407917,0.6257264290051175,0.5134521226406228
0.32102166604407917,0.6258131667967733,0.5134512271886889
0.32113840119536796,0.6258131667967733,0.513370866971981
0.32113840119536796,0.6259866423800851,0.5133453887121502
0.32127848337691445,0.6259866423800851,0.5132826774575124
0.32127848337691445,0.6262468557550525,0.5132767175890731
0.32132517743742994,0.6262468557550525,0.5132642811403401
0.32132517743742994,0.6263335935467083,0.5132635057389322
0.3213952185282032,0.6263335935467083,0.5132357242623822
0.3213952185282032,0.6264203313383642,0.5132288815844046
0.321418565558461,0.6264203313383642,0.5132232221558555
0.321418565558461,0.6265938069216758,0.5132088170921176
0.32144191258871874,0.6265938069216758,0.5131915951820891
0.32144191258871874,0.6266805447133316,0.5131882510647463
0.3214652596189765,0.6266805447133316,0.5131849812800491
0.3214652596189765,0.6267672825049875,0.5131790736672976
0.3215819947702652,0.6267672825049875,0.5131655452426852
0.3215819947702652,0.6268540202966433,0.5131536301644286
0.32160534180052297,0.6268540202966433,0.5131480784292255
0.32160534180052297,0.6269407580882991,0.5131467467555342
0.3216286888307807,0.6269407580882991,0.5131444467036744
0.3216286888307807,0.6271142336716107,0.5131375421915098
0.32169872992155396,0.6271142336716107,0.513104612683577
0.32169872992155396,0.6272009714632666,0.5131033858007048
0.3217220769518117,0.6272009714632666,0.5131007089150352
0.3217220769518117,0.6273744470465782,0.5130845941754588
0.32181546507284275,0.6273744470465782,0.5130676602569217
0.32181546507284275,0.627461184838234,0.513055916834519
0.32195554725438924,0.627461184838234,0.5130035215515287
0.32195554725438924,0.6275479226298899,0.5129780854248774
0.322072282405678,0.6275479226298899,0.5129478385986073
0.322072282405678,0.6276346604215457,0.5129468655256668
0.32279604034366827,0.6276346604215457,0.512613429307629
0.32279604034366827,0.6277213982132015,0.512605275106898
0.32300616361598805,0.6277213982132015,0.5125526196935333
0.32300616361598805,0.6280683493798248,0.5125199332162197
0.32305285767650355,0.6280683493798248,0.5124963799620957
0.32305285767650355,0.6282418249631364,0.5124754952579629
0.3230762047067613,0.6282418249631364,0.5124726335599373
0.3230762047067613,0.6283285627547922,0.5124715143053873
0.3231228987672768,0.6283285627547922,0.5124599124385647
0.3231228987672768,0.6284153005464481,0.5124406096823477
0.32314624579753454,0.6284153005464481,0.5124394731805159
0.32314624579753454,0.6285020383381039,0.5124305395376282
0.3231695928277923,0.6285020383381039,0.5124292234241505
0.3231695928277923,0.6285887761297597,0.5124268571216644
0.32326298094882333,0.6285887761297597,0.5123929954173614
0.32326298094882333,0.6287622517130714,0.512378851282018
0.3234030631303698,0.6287622517130714,0.5123191338341226
0.3234030631303698,0.6288489895047272,0.5123124743569412
0.32356649234217405,0.6288489895047272,0.5122389902239881
0.32356649234217405,0.6290224650880388,0.5122159689735826
0.3237999626447516,0.6290224650880388,0.5121112749166252
0.3237999626447516,0.6291092028796946,0.5121046545162066
0.32401008591707137,0.6291092028796946,0.5119899692042005
0.32401008591707137,0.6291959406713505,0.5119635975648705
0.3241268210683601,0.6291959406713505,0.5119115818952238
0.3241268210683601,0.6292826784630063,0.5119093945240785
0.3242202091893911,0.6292826784630063,0.511834529316954
0.3242202091893911,0.6293694162546621,0.5118332981241812
0.3242669032499066,0.6293694162546621,0.5118242825676818
0.3242669032499066,0.6295428918379739,0.5118169313824856
0.3243369443406799,0.6295428918379739,0.5117950062766139
0.3243369443406799,0.6296296296296297,0.5117805197339869
0.3244303324617109,0.6296296296296297,0.5117443654649341
0.3244303324617109,0.6297163674212855,0.511709062924339
0.3245003735524841,0.6297163674212855,0.5116556632455744
0.3245003735524841,0.6298031052129412,0.5116459438219334
0.32452372058274187,0.6298031052129412,0.5116327619615859
0.32452372058274187,0.629889843004597,0.5116306026315354
0.32478053791557715,0.629889843004597,0.511542366512139
0.32478053791557715,0.629976580796253,0.5115321102044201
0.3248505790063504,0.629976580796253,0.5114515629480496
0.3248505790063504,0.6300633185879088,0.5114294130950702
0.3250140082181546,0.6300633185879088,0.5113797008203915
0.3250140082181546,0.6301500563795646,0.5113792911801629
0.3250607022786702,0.6301500563795646,0.5113533015923697
0.3250607022786702,0.6302367941712204,0.5113493938679794
0.3250840493089279,0.6302367941712204,0.5113404276891786
0.3250840493089279,0.6304102697545321,0.5113001548179166
0.32541090773253645,0.6304102697545321,0.5111087915416248
0.32541090773253645,0.6305837453378437,0.5110911473033454
0.3254342547627942,0.6305837453378437,0.511087563416712
0.3254342547627942,0.6306704831294995,0.5110637333289625
0.3254809488233097,0.6306704831294995,0.5110540500601986
0.3254809488233097,0.6307572209211554,0.5110388616708172
0.3256210310048562,0.6307572209211554,0.5109841442946765
0.3256210310048562,0.6308439587128112,0.5109806615344785
0.3256443780351139,0.6308439587128112,0.5109795453569508
0.3256443780351139,0.630930696504467,0.5109720244216959
0.3257377661561449,0.630930696504467,0.5109325739359192
0.3257377661561449,0.6310174342961228,0.5109275063425358
0.32576111318640266,0.6310174342961228,0.5109164993035249
0.32576111318640266,0.6311041720877787,0.5109072711387259
0.32578446021666047,0.6311041720877787,0.5108966148019805
0.32578446021666047,0.6311909098794345,0.5108962560677295
0.3258545013074337,0.6311909098794345,0.5108662816291656
0.3258545013074337,0.6313643854627461,0.5108617261442647
0.32601793051923794,0.6313643854627461,0.5107920189501187
0.32601793051923794,0.6314511232544019,0.5107709115158268
0.3260412775494957,0.6314511232544019,0.5107701185926548
0.3260412775494957,0.6316245988377136,0.5107613011233783
0.3261580127007845,0.6316245988377136,0.5107254403680861
0.3261580127007845,0.6317113366293694,0.5107194811349907
0.32618135973104223,0.6317113366293694,0.5107158241741636
0.32618135973104223,0.6317980744210252,0.5107096754870935
0.3262747478520732,0.6317980744210252,0.5106719059230735
0.3262747478520732,0.6319715500043369,0.5106672750358684
0.32660160627568174,0.6319715500043369,0.5105756543832207
0.32660160627568174,0.6320582877959927,0.5105589865929483
0.32664830033619724,0.6320582877959927,0.5105564533209643
0.32664830033619724,0.6321450255876485,0.5105490016289371
0.32669499439671273,0.6321450255876485,0.5105419782165102
0.32669499439671273,0.6322317633793043,0.5105372217611601
0.326765035487486,0.6322317633793043,0.5105216793070851
0.326765035487486,0.6323185011709602,0.5105084223019273
0.3268350765782592,0.6323185011709602,0.5104340931794471
0.3268350765782592,0.632405238962616,0.5104127692805734
0.3269985057900635,0.632405238962616,0.5103144950468526
0.3269985057900635,0.6324919767542718,0.5103143030970955
0.32711524094135225,0.6324919767542718,0.5102002129079024
0.32711524094135225,0.6325787145459276,0.5101920103242406
0.32723197609264104,0.6325787145459276,0.5101528236024626
0.32723197609264104,0.6326654523375835,0.510149872124736
0.3272553231228988,0.6326654523375835,0.5101465225382948
0.3272553231228988,0.6327521901292393,0.5101399346111566
0.3273020171834143,0.6327521901292393,0.5101309353694388
0.3273020171834143,0.6328389279208951,0.5101214205632956
0.3273720582741875,0.6328389279208951,0.5100743643478725
0.3273720582741875,0.6329256657125509,0.5100597511778728
0.32744209936496077,0.6329256657125509,0.510036765180022
0.32744209936496077,0.6330991412958626,0.5100097955010344
0.3276755696675383,0.6330991412958626,0.5099601386212367
0.3276755696675383,0.6332726168791742,0.5099351853198064
0.32774561075831155,0.6332726168791742,0.509929209901033
0.32774561075831155,0.63335935467083,0.5099226599950315
0.3279323870003735,0.63335935467083,0.5098103194390268
0.3279323870003735,0.6335328302541418,0.5098079205495818
0.32811916324243556,0.6335328302541418,0.5097751520153602
0.32811916324243556,0.6336195680457976,0.5097638418802976
0.32874953305939486,0.6336195680457976,0.509381864768292
0.32874953305939486,0.6337930436291092,0.509376477061968
0.32893630930145684,0.6337930436291092,0.5093262023525702
0.32893630930145684,0.6338797814207651,0.5093217226332334
0.32902969742248783,0.6338797814207651,0.5092906710007745
0.32902969742248783,0.6339665192124209,0.5092852001597317
0.3291230855435189,0.6339665192124209,0.5092362171737124
0.3291230855435189,0.6340532570040767,0.5092277759604783
0.3293799028763541,0.6340532570040767,0.5091096579978096
0.3293799028763541,0.6341399947957325,0.5091049211696026
0.32980014942099367,0.6341399947957325,0.5089869092066901
0.32980014942099367,0.6342267325873884,0.5089796133713582
0.32984684348150917,0.6342267325873884,0.508971103672489
0.32984684348150917,0.6344002081707,0.5089661129579806
0.3299168845722824,0.6344002081707,0.5089587186048472
0.3299168845722824,0.6344869459623558,0.5089545950649439
0.32998692566305565,0.6344869459623558,0.5089342367614351
0.32998692566305565,0.6345736837540116,0.5089308797871697
0.33003361972357115,0.6345736837540116,0.5089262360081729
0.33003361972357115,0.6346604215456675,0.5089015566606585
0.33008031378408664,0.6346604215456675,0.5088903480224595
0.33008031378408664,0.6347471593373233,0.5088299785339911
0.3301036608143444,0.6347471593373233,0.5088251151680392
0.3301036608143444,0.6348338971289791,0.5088233229282675
0.3301737019051177,0.6348338971289791,0.508747830108101
0.3301737019051177,0.6350073727122908,0.5087058199661645
0.3302203959656332,0.6350073727122908,0.5086819666995772
0.3302203959656332,0.6351808482956024,0.5086647558975665
0.3303371311169219,0.6351808482956024,0.5086427005839183
0.3303371311169219,0.6352675860872582,0.5086362038600578
0.3305005603287262,0.6352675860872582,0.5085977959062122
0.3305005603287262,0.635354323878914,0.5085945230378943
0.33052390735898396,0.635354323878914,0.5085857116041683
0.33052390735898396,0.6354410616705699,0.5085764294025737
0.33057060141949945,0.6354410616705699,0.5085690978614918
0.33057060141949945,0.6355277994622257,0.508558353207525
0.3306873365707882,0.6355277994622257,0.5085048039294459
0.3306873365707882,0.6356145372538815,0.5084818457484451
0.33071068360104594,0.6356145372538815,0.5084649402243545
0.33071068360104594,0.6357012750455373,0.5084645321016544
0.3307340306313037,0.6357012750455373,0.5084458343692296
0.3307340306313037,0.6357880128371932,0.5084383509132742
0.33080407172207693,0.6357880128371932,0.5084274061759515
0.33080407172207693,0.635874750628849,0.5083976086113137
0.33087411281285023,0.635874750628849,0.5083788407579619
0.33087411281285023,0.6362217017954723,0.5083305461656785
0.3309675009338812,0.6362217017954723,0.5082705202648989
0.3309675009338812,0.6363084395871281,0.5082624554618891
0.33103754202465446,0.6363084395871281,0.5082403899818468
0.33103754202465446,0.6365686529620956,0.5081834218682302
0.3310608890549122,0.6365686529620956,0.5081732530787897
0.3310608890549122,0.6366553907537514,0.5081730574159561
0.33108423608516996,0.6366553907537514,0.5081701502247957
0.33108423608516996,0.636828866337063,0.5081442245141976
0.33113093014568545,0.636828866337063,0.5081198066015115
0.33113093014568545,0.6369156041287188,0.5081182561304369
0.33117762420620095,0.6369156041287188,0.5081164237127239
0.33117762420620095,0.6370023419203747,0.5081124649688644
0.3312009712364587,0.6370023419203747,0.5080850649691029
0.3312009712364587,0.6370890797120305,0.5080714317184636
0.33124766529697425,0.6370890797120305,0.5080645953489757
0.33124766529697425,0.6371758175036863,0.5080571947623334
0.33134105341800524,0.6371758175036863,0.5080164240353833
0.33134105341800524,0.6372625552953421,0.5080019035844734
0.3315278296600672,0.6372625552953421,0.5079071884146549
0.3315278296600672,0.6373492930869981,0.5079000292691647
0.33166791184161376,0.6373492930869981,0.50784855300123
0.33166791184161376,0.6374360308786539,0.5078387432240907
0.3317846469929025,0.6374360308786539,0.5077978366474695
0.3317846469929025,0.6375227686703097,0.5077847952048881
0.33197142323496454,0.6375227686703097,0.5077159435769389
0.33197142323496454,0.6376095064619655,0.5076999167706469
0.3319947702652223,0.6376095064619655,0.5076956117423451
0.3319947702652223,0.6376962442536213,0.5076922142249839
0.33227493462831525,0.6376962442536213,0.507590813992604
0.33227493462831525,0.6377829820452772,0.5075900402753166
0.33243836384011954,0.6377829820452772,0.5075361042339172
0.33243836384011954,0.637869719836933,0.5075356327300744
0.3328352633545013,0.637869719836933,0.5073914451834214
0.3328352633545013,0.6379564576285888,0.5073830906674184
0.33299869256630554,0.6379564576285888,0.5073266905583352
0.33299869256630554,0.6380431954202446,0.5073133004848076
0.3330920806873366,0.6380431954202446,0.5072982284091887
0.3330920806873366,0.6381299332119005,0.5072909187711855
0.33316212177810983,0.6381299332119005,0.507269427771223
0.33316212177810983,0.6383034087952121,0.5072600481905323
0.3333022039596563,0.6383034087952121,0.5072153944240382
0.3333022039596563,0.6384768843785237,0.5072074087421249
0.33332555098991407,0.6384768843785237,0.5071815737550383
0.33332555098991407,0.6385636221701796,0.5071791808817059
0.3333488980201718,0.6385636221701796,0.5071785239165412
0.3333488980201718,0.6386503599618354,0.5071758695409068
0.33339559208068736,0.6386503599618354,0.5071723523653633
0.33339559208068736,0.6387370977534912,0.5071701850426056
0.33358236832274935,0.6387370977534912,0.5070875592385573
0.33358236832274935,0.638823835545147,0.5070863616246716
0.33367575644378034,0.638823835545147,0.5070521560364258
0.33367575644378034,0.6389973111284587,0.5070358504794195
0.3336991034740381,0.6389973111284587,0.5070182660507001
0.3336991034740381,0.6390840489201145,0.5070129695216695
0.33372245050429583,0.6390840489201145,0.5070046293527186
0.33372245050429583,0.6391707867117703,0.5070032943253814
0.33379249159506913,0.6391707867117703,0.5069792499405431
0.33379249159506913,0.639344262295082,0.5069727265540835
0.3339325737766156,0.639344262295082,0.5069403765832461
0.3339325737766156,0.6394310000867378,0.5069392715473975
0.3340259618976466,0.6394310000867378,0.5068795762436655
0.3340259618976466,0.6395177378783936,0.5068687564270702
0.33421273813970864,0.6395177378783936,0.5067828048908054
0.33421273813970864,0.6396044756700494,0.5067768412285054
0.3343761673515129,0.6396044756700494,0.5067256308490924
0.3343761673515129,0.6396912134617052,0.5067203116953781
0.3345162495330594,0.6396912134617052,0.5066513898194642
0.3345162495330594,0.6398646890450169,0.5066169845650674
0.3347964138961524,0.6398646890450169,0.506521214721712
0.3347964138961524,0.6399514268366727,0.5065134752121495
0.3348431079566679,0.6399514268366727,0.5064975071807674
0.3348431079566679,0.6400381646283285,0.5064914274461343
0.3348664549869257,0.6400381646283285,0.506490478940415
0.3348664549869257,0.6401249024199844,0.506488641522812
0.33493649607769893,0.6401249024199844,0.5064541010138626
0.33493649607769893,0.6402116402116402,0.506453895811829
0.33531004856182295,0.6402116402116402,0.5062349434995786
0.33531004856182295,0.640298378003296,0.5062287457368677
0.3353333955920807,0.640298378003296,0.506207596072548
0.3353333955920807,0.6403851157949518,0.5062052436753219
0.33549682480388493,0.6403851157949518,0.5061411098878537
0.33549682480388493,0.6404718535866076,0.5061343430267466
0.3355201718341427,0.6404718535866076,0.5061271254747366
0.3355201718341427,0.6405585913782635,0.5061084282594426
0.33563690698543147,0.6405585913782635,0.5060800871715625
0.33563690698543147,0.6406453291699193,0.5060730555988682
0.33573029510646246,0.6406453291699193,0.5060512043317771
0.33573029510646246,0.6407320669615751,0.5060477260873746
0.3357536421367202,0.6407320669615751,0.5060450225671891
0.3357536421367202,0.6408188047532309,0.5060395676695504
0.33577698916697796,0.6408188047532309,0.5060055709808122
0.33577698916697796,0.6409055425448869,0.5059894462268975
0.33582368322749345,0.6409055425448869,0.5059745200948876
0.33582368322749345,0.6409922803365427,0.5059678351832055
0.33596376540904,0.6409922803365427,0.5058584181400338
0.33596376540904,0.6410790181281985,0.5058529323469267
0.33598711243929774,0.6410790181281985,0.5058396394659415
0.33598711243929774,0.64125249371151,0.5058250485271292
0.33603380649981324,0.64125249371151,0.5058213984033292
0.33603380649981324,0.641339231503166,0.5058118044249718
0.336057153530071,0.641339231503166,0.5058115648475818
0.336057153530071,0.6414259692948218,0.5058080340855051
0.3362672768023907,0.6414259692948218,0.5056765202334021
0.3362672768023907,0.6415127070864776,0.5056644262786772
0.33636066492342176,0.6415127070864776,0.5055998726848023
0.33636066492342176,0.6415994448781334,0.5055905727059136
0.336430706014195,0.6415994448781334,0.5055417025141423
0.336430706014195,0.6416861826697893,0.5055367693527887
0.336524094135226,0.6416861826697893,0.5055147366362474
0.336524094135226,0.6417729204614451,0.505497052951496
0.33654744116548374,0.6417729204614451,0.505489810217344
0.33654744116548374,0.6419463960447567,0.5054863792420253
0.3365707881957415,0.6419463960447567,0.5054760664843794
0.3365707881957415,0.6420331338364125,0.5054628733729392
0.33659413522599924,0.6420331338364125,0.50544581635857
0.33659413522599924,0.6421198716280684,0.5054370327622356
0.3367809114680613,0.6421198716280684,0.5053766294222659
0.3367809114680613,0.6422066094197242,0.5053735130210157
0.33713111692192754,0.6422066094197242,0.5052742919616644
0.33713111692192754,0.64229334721138,0.5052601411460731
0.3372011580127008,0.64229334721138,0.505205712850521
0.3372011580127008,0.6423800850030358,0.5051938524159809
0.3373178931639895,0.6423800850030358,0.5051529975624818
0.3373178931639895,0.6425535605863475,0.5051412257432385
0.337364587224505,0.6425535605863475,0.505092348064426
0.337364587224505,0.6426402983780033,0.5050892720680581
0.33738793425476277,0.6426402983780033,0.505076163567693
0.33738793425476277,0.6427270361696591,0.505062573807355
0.33755136346656706,0.6427270361696591,0.5049764435526313
0.33755136346656706,0.6428137739613149,0.5049735585072379
0.33759805752708255,0.6428137739613149,0.5049368913747976
0.33759805752708255,0.6429005117529708,0.504889022373463
0.33764475158759805,0.6429005117529708,0.5048855935477193
0.33764475158759805,0.6429872495446266,0.5048050611735612
0.33769144564811354,0.6429872495446266,0.5047971124776722
0.33769144564811354,0.6431607251279382,0.5047799874140646
0.33776148673888684,0.6431607251279382,0.5047544486035569
0.33776148673888684,0.6432474629195941,0.5047170558541618
0.3379015689204333,0.6432474629195941,0.5046828772556554
0.3379015689204333,0.6433342007112499,0.5046804680513242
0.3379949570414643,0.6433342007112499,0.5046550121039718
0.3379949570414643,0.6435944140862173,0.5046275577939179
0.33827512140455734,0.6435944140862173,0.5044680224918745
0.33827512140455734,0.6436811518778732,0.5044679650799899
0.3383451624953306,0.6436811518778732,0.5044247776405841
0.3383451624953306,0.643767889669529,0.5044247471912797
0.33836850952558833,0.643767889669529,0.5044223472272258
0.33836850952558833,0.6438546274611848,0.5044208375087933
0.3385085917071349,0.6438546274611848,0.5043445451319071
0.3385085917071349,0.6439413652528406,0.5043421646915578
0.33864867388868136,0.6439413652528406,0.5042438207150304
0.33864867388868136,0.6440281030444965,0.5042384989679161
0.33869536794919686,0.6440281030444965,0.5042151468141569
0.33869536794919686,0.6441148408361523,0.5042113372426049
0.33874206200971235,0.6441148408361523,0.5041881130838649
0.33874206200971235,0.6442883164194639,0.5041596865391598
0.3388121031004856,0.6442883164194639,0.5041120902398432
0.3388121031004856,0.6443750542111197,0.50410568523596
0.33890549122151664,0.6443750542111197,0.5040656703668149
0.33890549122151664,0.6444617920027756,0.5040580091904926
0.3389288382517744,0.6444617920027756,0.504048662524164
0.3389288382517744,0.6445485297944314,0.5040270030799683
0.33895218528203214,0.6445485297944314,0.5040238174316104
0.33895218528203214,0.644722005377743,0.5040062546807889
0.33899887934254763,0.644722005377743,0.5040012715970783
0.33899887934254763,0.644808743169399,0.5039904400198172
0.3390222263728054,0.644808743169399,0.5039565786309346
0.3390222263728054,0.6448954809610548,0.5039469925610178
0.3390455734030631,0.6448954809610548,0.5039180840563942
0.3390455734030631,0.6449822187527106,0.5039147601632364
0.3390689204333209,0.6449822187527106,0.503909529045341
0.3390689204333209,0.6452424321276781,0.503904868218751
0.33927904370564066,0.6452424321276781,0.503819166744946
0.33927904370564066,0.6453291699193339,0.5038086335321805
0.33946581994770264,0.6453291699193339,0.5036552147716599
0.33946581994770264,0.6455026455026455,0.5036337446852368
0.33979267837131116,0.6455026455026455,0.5035197262769205
0.33979267837131116,0.6455893832943014,0.5035161016031559
0.3398627194620844,0.6455893832943014,0.5035039960921757
0.3398627194620844,0.6456761210859572,0.5034918774201951
0.33995610758311545,0.6456761210859572,0.5034489944832763
0.33995610758311545,0.6458495966692688,0.5034298664269515
0.3401195367949197,0.6458495966692688,0.5033794311377797
0.3401195367949197,0.6459363344609246,0.5033644254141681
0.3402829660067239,0.6459363344609246,0.5032885457811274
0.3402829660067239,0.6460230722525805,0.5032862884814572
0.34042304818827046,0.6460230722525805,0.5032432699596039
0.34042304818827046,0.6461098100442363,0.5032321724565724
0.34046974224878596,0.6461098100442363,0.5032203959594421
0.34046974224878596,0.6462832856275479,0.5032106355021709
0.34051643630930145,0.6462832856275479,0.5031914775865618
0.34051643630930145,0.6463700234192038,0.5031902964043846
0.3405397833395592,0.6463700234192038,0.5031863541799754
0.3405397833395592,0.6464567612108596,0.5031653960766376
0.3406331714605902,0.6464567612108596,0.5031284642566922
0.3406331714605902,0.6465434990025154,0.5031230351398008
0.340749906611879,0.6465434990025154,0.5030771964303116
0.340749906611879,0.6466302367941712,0.5030668370459902
0.34093668285394096,0.6466302367941712,0.5029900246642459
0.34093668285394096,0.646716974585827,0.5029669735955876
0.34098337691445646,0.646716974585827,0.5029649856422274
0.34098337691445646,0.6468904501691387,0.5029533453947996
0.3412635412775495,0.6468904501691387,0.5028420070675219
0.3412635412775495,0.6469771879607945,0.5028302766905262
0.341310235338065,0.6469771879607945,0.5028148106440022
0.341310235338065,0.6471506635441062,0.5028110169666022
0.34147366454986927,0.6471506635441062,0.5026443745529838
0.34147366454986927,0.6473241391274178,0.5026417009587906
0.341497011580127,0.6473241391274178,0.5026349729605648
0.341497011580127,0.6474108769190736,0.5026281128185168
0.34156705267090026,0.6474108769190736,0.5025937885158236
0.34156705267090026,0.6475843525023853,0.502575930764969
0.34161374673141576,0.6475843525023853,0.5025411289858164
0.34161374673141576,0.6476710902940411,0.5025319548313194
0.34187056406425104,0.6476710902940411,0.5023748735988249
0.34187056406425104,0.6478445658773527,0.502345555660956
0.3421040343668285,0.6478445658773527,0.5022489205188087
0.3421040343668285,0.6479313036690086,0.5022423087569925
0.3421273813970863,0.6479313036690086,0.5022137241210485
0.3421273813970863,0.6480180414606644,0.5022126883979379
0.3424075457601793,0.6480180414606644,0.5021247287717269
0.3424075457601793,0.648191517043976,0.5021173367426872
0.34254762794172583,0.648191517043976,0.5020898078397107
0.34254762794172583,0.6482782548356318,0.502062308974514
0.34271105715353006,0.6482782548356318,0.5020257701017679
0.34271105715353006,0.6484517304189436,0.5020233956396554
0.34287448636533435,0.6484517304189436,0.5019773031193826
0.34287448636533435,0.6485384682105994,0.501973613275809
0.3430379155771386,0.6485384682105994,0.5018577774535384
0.3430379155771386,0.6486252060022552,0.5018500291641195
0.34306126260739633,0.6486252060022552,0.501848280344639
0.34306126260739633,0.6487986815855669,0.5018223770074439
0.3431546507284273,0.6487986815855669,0.5017885203010956
0.3431546507284273,0.6488854193772227,0.5017879317291918
0.34338812103100486,0.6488854193772227,0.5017194864824516
0.34338812103100486,0.6489721571688785,0.5017175253586916
0.34343481509152035,0.6489721571688785,0.5017140957841262
0.34343481509152035,0.6490588949605343,0.5017099132438104
0.3434581621217781,0.6490588949605343,0.5017043461043782
0.3434581621217781,0.649232370543846,0.5016824802233559
0.3435048561822936,0.649232370543846,0.5016568095526688
0.3435048561822936,0.6494058461271576,0.5016501798589288
0.3436215913335824,0.6494058461271576,0.5016100050915252
0.3436215913335824,0.6495793217104693,0.5016025551679613
0.3436682853940979,0.6495793217104693,0.5015942285814279
0.3436682853940979,0.6496660595021251,0.5015887392316936
0.34401849084796415,0.6496660595021251,0.5014922454066986
0.34401849084796415,0.6497527972937809,0.5014891867084961
0.34425196115054163,0.6497527972937809,0.501394018913148
0.34425196115054163,0.6498395350854367,0.5013913027866821
0.34443873739260367,0.6498395350854367,0.5013411791647562
0.34443873739260367,0.6500130106687484,0.501337220078115
0.34457881957415015,0.6500130106687484,0.5012887180593781
0.34457881957415015,0.65018648625206,0.5012791986073339
0.3446722076951812,0.65018648625206,0.5012160118651685
0.3446722076951812,0.6502732240437158,0.5012090331434789
0.34474224878595444,0.6502732240437158,0.5011731981173901
0.34474224878595444,0.6503599618353717,0.5011690751658817
0.34478894284646994,0.6503599618353717,0.5011142405171995
0.34478894284646994,0.6504466996270275,0.5011125844628872
0.3448589839372432,0.6504466996270275,0.5010821586984717
0.3448589839372432,0.6505334374186833,0.5010722866184756
0.3448823309675009,0.6505334374186833,0.5010666962030127
0.3448823309675009,0.6507936507936508,0.5010374766621901
0.34495237205827417,0.6507936507936508,0.5010200258461024
0.34495237205827417,0.6508803885853066,0.5010163990072012
0.34511580127007846,0.6508803885853066,0.5009451769228843
0.34511580127007846,0.6509671263769624,0.5009366181065741
0.34516249533059395,0.6509671263769624,0.5009276742216991
0.34516249533059395,0.6510538641686182,0.5009183467526221
0.34530257751214044,0.6510538641686182,0.5008744633378617
0.34530257751214044,0.6511406019602741,0.5008689279001778
0.3453959656331715,0.6511406019602741,0.5008460175771179
0.3453959656331715,0.6513140775435857,0.500832444662296
0.345442659693687,0.6513140775435857,0.5008276075334137
0.345442659693687,0.6514008153352415,0.5008211498174853
0.34558274187523347,0.6514008153352415,0.5008006580198849
0.34558274187523347,0.6514875531268974,0.5007789317367538
0.3456060889054912,0.6514875531268974,0.5007773717842208
0.3456060889054912,0.6515742909185532,0.5007723068586021
0.34562943593574896,0.6515742909185532,0.5007721509408884
0.34562943593574896,0.651661028710209,0.5007505196865347
0.34567612999626446,0.651661028710209,0.500716505894221
0.34567612999626446,0.6518345042935206,0.5007021028825864
0.345816212177811,0.6518345042935206,0.5005978529495522
0.345816212177811,0.6519212420851765,0.5005589086874199
0.346002988419873,0.6519212420851765,0.5005063537050711
0.346002988419873,0.6520947176684881,0.5004641431250121
0.34602633545013073,0.6520947176684881,0.5004625082562918
0.34602633545013073,0.6521814554601439,0.500448576184761
0.3460730295106462,0.6521814554601439,0.5004311887679185
0.3460730295106462,0.6522681932517999,0.5004293525510345
0.346283152782966,0.6522681932517999,0.5003205440040055
0.346283152782966,0.6523549310434557,0.5003039776628712
0.34656331714605904,0.6523549310434557,0.5001782458616499
0.34656331714605904,0.6524416688351115,0.5001713738842166
0.34677344041837876,0.6524416688351115,0.5000790850433645
0.34677344041837876,0.652615144418423,0.500051580417195
0.34689017556966756,0.652615144418423,0.5000192691964717
0.34689017556966756,0.652701882210079,0.5000096558464269
0.34707695181172954,0.652701882210079,0.49995658824416267
0.34707695181172954,0.6527886200017348,0.49994382661541403
0.3471469929025028,0.6527886200017348,0.49991627118587256
0.3471469929025028,0.6528753577933906,0.49990049785478863
0.3471936869630183,0.6528753577933906,0.49987156661650456
0.3471936869630183,0.6529620955850464,0.49987049970640773
0.3472170339932761,0.6529620955850464,0.4998696390355821
0.3472170339932761,0.6530488333767023,0.49986016345040285
0.3474271572655958,0.6530488333767023,0.49978462913185073
0.3474271572655958,0.6533090467516697,0.4997227756842191
0.3475905864774001,0.6533090467516697,0.4996081583221791
0.3475905864774001,0.6534825223349814,0.49958060962729967
0.34794079193126637,0.6534825223349814,0.4994434230649949
0.34794079193126637,0.6535692601266372,0.4994319635614761
0.3480108330220396,0.6535692601266372,0.4994135545177204
0.3480108330220396,0.653655997918293,0.4994133635268557
0.3483143444153904,0.653655997918293,0.4993167082365041
0.3483143444153904,0.6537427357099488,0.4993069184207315
0.3484077325364214,0.6537427357099488,0.49925589456388
0.3484077325364214,0.6538294735016047,0.4992450567564626
0.34859450877848336,0.6538294735016047,0.49914795850392113
0.34859450877848336,0.6539162112932605,0.49914644957654863
0.34875793799028765,0.6539162112932605,0.49909118049135714
0.34875793799028765,0.6540896868765721,0.4990502562910053
0.3489213672020919,0.6540896868765721,0.4990001696073536
0.3489213672020919,0.6541764246682279,0.49899741631182404
0.34901475532312287,0.6541764246682279,0.4989609482601004
0.34901475532312287,0.6542631624598838,0.49896055919199134
0.3490381023533807,0.6542631624598838,0.49894945724021467
0.3490381023533807,0.6543499002515396,0.4989492605587378
0.34908479641389617,0.6543499002515396,0.4989410573041926
0.34908479641389617,0.6544366380431954,0.4989084942664591
0.3491081434441539,0.6544366380431954,0.49889213917455866
0.3491081434441539,0.6546968514181629,0.4988489144352136
0.34913149047441167,0.6546968514181629,0.4988380544968217
0.34913149047441167,0.6547835892098187,0.49883692920867795
0.34922487859544266,0.6547835892098187,0.49880026717046366
0.34922487859544266,0.6548703270014745,0.4987903370225244
0.34927157265595815,0.6548703270014745,0.49877155889183233
0.34927157265595815,0.6550438025847862,0.49873652567338034
0.34931826671647365,0.6550438025847862,0.49871840309340865
0.34931826671647365,0.655130540376442,0.49871456626131505
0.3493416137467314,0.655130540376442,0.4987104600762068
0.3493416137467314,0.6552172781680978,0.49868827956170614
0.3498785954426597,0.6552172781680978,0.49840347879492386
0.3498785954426597,0.6553040159597536,0.498396012830034
0.34994863653343294,0.6553040159597536,0.4983706055350191
0.34994863653343294,0.6555642293347211,0.49834660199280556
0.3500186776242062,0.6555642293347211,0.49829238090593175
0.3500186776242062,0.6556509671263769,0.4982915310633047
0.3503455360478147,0.6556509671263769,0.49814827206075474
0.3503455360478147,0.6557377049180327,0.49813177364934413
0.3503922301083302,0.6557377049180327,0.4981112246808107
0.3503922301083302,0.6558244427096886,0.4981001107543638
0.350508965259619,0.6558244427096886,0.4980801006026879
0.350508965259619,0.6559111805013444,0.49806226502235484
0.35053231228987675,0.6559111805013444,0.4980451520064946
0.35053231228987675,0.6559979182930002,0.4980280237239657
0.3505556593201345,0.6559979182930002,0.4980256481598704
0.3505556593201345,0.656084656084656,0.49802173410978023
0.350695741501681,0.656084656084656,0.4979523012942991
0.350695741501681,0.656171393876312,0.4979345280288543
0.350882517743743,0.656171393876312,0.49783536785150106
0.350882517743743,0.6563448694596236,0.49782677691641763
0.3509292118042585,0.6563448694596236,0.4978021487788814
0.3509292118042585,0.6565183450429352,0.4977936994129356
0.35095255883451626,0.6565183450429352,0.4977929474170497
0.35095255883451626,0.6566050828345911,0.49775717894224514
0.3510225999252895,0.6566050828345911,0.49773014145920247
0.3510225999252895,0.6567785584179027,0.4977114800070118
0.351162682106836,0.6567785584179027,0.49769366072630616
0.351162682106836,0.6568652962095585,0.4976868832741703
0.35130276428838253,0.6568652962095585,0.497624731504802
0.35130276428838253,0.657125509584526,0.4976154241903865
0.351349458348898,0.657125509584526,0.49759932053980815
0.351349458348898,0.6572122473761818,0.4975869786835341
0.3513728053791558,0.6572122473761818,0.4975853219635439
0.3513728053791558,0.6572989851678376,0.49757349957041785
0.35141949943967127,0.6572989851678376,0.49756490111177676
0.35141949943967127,0.6573857229594935,0.49756274718281324
0.3514895405304445,0.6573857229594935,0.4975530700620616
0.3514895405304445,0.6574724607511493,0.497550974930247
0.35153623459096,0.6574724607511493,0.4975328529295163
0.35153623459096,0.6575591985428051,0.49752774573877223
0.35162962271199105,0.6575591985428051,0.49749918766544043
0.35162962271199105,0.6576459363344609,0.4974986016625236
0.35172301083302204,0.6576459363344609,0.49746052097772675
0.35172301083302204,0.6578194119177726,0.4974465048205573
0.35176970489353754,0.6578194119177726,0.4974092127354125
0.35176970489353754,0.6579061497094284,0.49739866925269693
0.3517930519237953,0.6579061497094284,0.4973821783942942
0.3517930519237953,0.6579928875010842,0.497381945290138
0.35181639895405303,0.6579928875010842,0.49735162685765955
0.35181639895405303,0.65807962529274,0.49735118697898417
0.3521666044079193,0.65807962529274,0.4971903094302308
0.3521666044079193,0.6581663630843959,0.49718222591076733
0.35218995143817705,0.6581663630843959,0.4971814395817842
0.35218995143817705,0.6582531008760517,0.4971731895198126
0.3522599925289503,0.6582531008760517,0.49715465326071906
0.3522599925289503,0.6583398386677075,0.49715202721144125
0.35235338064998134,0.6583398386677075,0.4971234807967113
0.35235338064998134,0.6584265764593633,0.4971187562567382
0.3525401568920433,0.6584265764593633,0.4970120987050437
0.3525401568920433,0.6585133142510192,0.4970091576778426
0.3525868509525588,0.6585133142510192,0.49698441102059676
0.3525868509525588,0.658600052042675,0.49697975618844015
0.3526335450130743,0.658600052042675,0.4969568510808643
0.3526335450130743,0.6586867898343308,0.49694301039327193
0.35282032125513635,0.6586867898343308,0.49683965454444623
0.35282032125513635,0.6587735276259866,0.4968171314069826
0.3529370564064251,0.6587735276259866,0.49676555816284884
0.3529370564064251,0.6588602654176424,0.49675706203682746
0.3529837504669406,0.6588602654176424,0.49674246483554774
0.3529837504669406,0.6589470032092983,0.49672373317837404
0.35300709749719833,0.6589470032092983,0.49672229553859815
0.35300709749719833,0.6592072165842657,0.4966941996540216
0.3531004856182294,0.6592072165842657,0.4966817684220559
0.3531004856182294,0.6592939543759216,0.49666752295851113
0.3531238326484871,0.6592939543759216,0.49666560708474805
0.3531238326484871,0.6593806921675774,0.49666291380667527
0.3533106088905491,0.6593806921675774,0.496607570983866
0.3533106088905491,0.659554167750889,0.4965994136233065
0.35333395592080685,0.659554167750889,0.4965990410437422
0.35333395592080685,0.6596409055425448,0.4965948362065439
0.3533573029510646,0.6596409055425448,0.49657536673868896
0.3533573029510646,0.6597276433342008,0.49656166881992914
0.3535207321628689,0.6597276433342008,0.4964715032876331
0.3535207321628689,0.6598143811258566,0.49647055423273057
0.35359077325364213,0.6598143811258566,0.496457346677156
0.35359077325364213,0.6599878567091682,0.4964396648262044
0.3537542024654464,0.6599878567091682,0.4963729232783459
0.3537542024654464,0.6601613322924799,0.4963660756313847
0.3538942846469929,0.6601613322924799,0.49626812542853316
0.3538942846469929,0.6603348078757915,0.4962541566429991
0.3539876727680239,0.6603348078757915,0.4962256492913425
0.3539876727680239,0.6604215456674473,0.4962140501184522
0.3544546133731789,0.6604215456674473,0.4959200545780458
0.3544546133731789,0.6605082834591032,0.4958899050977522
0.3544779604034367,0.6605082834591032,0.4958843167595237
0.3544779604034367,0.6606817590424148,0.495874692222258
0.35454800149420995,0.6606817590424148,0.49585639111933677
0.35454800149420995,0.6608552346257265,0.4958503612984695
0.35478147179678743,0.6608552346257265,0.4957637016690486
0.35478147179678743,0.6609419724173823,0.4957540677894482
0.35496824803884947,0.6609419724173823,0.49567688793983833
0.35496824803884947,0.6610287102090381,0.4956711971172333
0.35501494209936496,0.6610287102090381,0.49566137165145163
0.35501494209936496,0.6611154480006939,0.4956591386531489
0.3554351886440045,0.6611154480006939,0.49551197301127914
0.3554351886440045,0.6612021857923497,0.49550972708751984
0.35548188270451997,0.6612021857923497,0.49548629053272786
0.35548188270451997,0.6612889235840056,0.49546608355083355
0.355668658946582,0.6612889235840056,0.49538283510511405
0.355668658946582,0.6613756613756614,0.4953819094350622
0.35578539409787074,0.6613756613756614,0.49532469696329606
0.35578539409787074,0.6614623991673172,0.4953241927166765
0.3558087411281285,0.6614623991673172,0.4953167191185366
0.3558087411281285,0.6616358747506288,0.4952906222444372
0.35599551737019053,0.6616358747506288,0.495192560544385
0.35599551737019053,0.6617226125422847,0.4951872477805649
0.35636906985431455,0.6617226125422847,0.49502732983902487
0.35636906985431455,0.6618960881255963,0.49502372002649997
0.3564391109450878,0.6618960881255963,0.49501202005290135
0.3564391109450878,0.6619828259172521,0.49499973004092634
0.3566725812476653,0.6619828259172521,0.49489892715454553
0.3566725812476653,0.6621563015005638,0.49487840463811683
0.35669592827792307,0.6621563015005638,0.49487077691941894
0.35669592827792307,0.6622430392922196,0.49485957101584044
0.3571862159133358,0.6622430392922196,0.4947126203259504
0.3571862159133358,0.6623297770838754,0.4947000821013131
0.3572095629435936,0.6623297770838754,0.49468297081866885
0.3572095629435936,0.6624165148755312,0.49467194601581543
0.3574897273066866,0.6624165148755312,0.4945681017823411
0.3574897273066866,0.6625032526671871,0.49456244470972566
0.3575831154277176,0.6625032526671871,0.49451139080279916
0.3575831154277176,0.6626767282504987,0.4944911509875669
0.35765315651849083,0.6626767282504987,0.4944639854431878
0.35765315651849083,0.6627634660421545,0.49446177681820636
0.3578165857302951,0.6627634660421545,0.4944138818060786
0.3578165857302951,0.6628502038338104,0.49440050580815664
0.3578632797908106,0.6628502038338104,0.4943932636299637
0.3578632797908106,0.6629369416254662,0.49438026860475137
0.3580500560328726,0.6629369416254662,0.49427738853110004
0.3580500560328726,0.663023679417122,0.4942763420169828
0.3581200971236459,0.663023679417122,0.49426353098699594
0.3581200971236459,0.6631104172087778,0.49426041403560717
0.3583068733657079,0.6631104172087778,0.494193125665632
0.3583068733657079,0.6631971550004336,0.4941811354288663
0.35844695554725436,0.6631971550004336,0.4940980340480162
0.35844695554725436,0.6632838927920895,0.4940930252110268
0.3584936496077699,0.6632838927920895,0.4940762663983812
0.3584936496077699,0.6633706305837453,0.4940562547888251
0.35856369069854316,0.6633706305837453,0.49399121568477156
0.35856369069854316,0.6634573683754011,0.4939523230538232
0.3585870377288009,0.6634573683754011,0.4939304072566961
0.3585870377288009,0.663544106167057,0.49392970911775147
0.35875046694060514,0.663544106167057,0.4938616763064313
0.35875046694060514,0.6636308439587129,0.49386094137485137
0.3588438550616362,0.6636308439587129,0.4938240331985012
0.3588438550616362,0.6637175817503687,0.4938205803047063
0.35891389615240943,0.6637175817503687,0.4938103378452271
0.35891389615240943,0.6638910573336803,0.4937898238365046
0.3589372431826672,0.6638910573336803,0.4937893362962257
0.3589372431826672,0.6639777951253361,0.4937830357972779
0.3590539783339559,0.6639777951253361,0.49372662196367356
0.3590539783339559,0.664064532916992,0.4937082968767248
0.35917071348524465,0.664064532916992,0.4936584457886517
0.35917071348524465,0.6642380085003036,0.49364074030493954
0.3594742248785954,0.6642380085003036,0.4935461901834465
0.3594742248785954,0.6643247462919594,0.4935456939965063
0.35961430706014197,0.6643247462919594,0.49346654338281004
0.35961430706014197,0.6644114840836153,0.4934644895789664
0.3596376540903997,0.6644114840836153,0.4934602984251729
0.3596376540903997,0.6644982218752711,0.4934576812580762
0.3597310422114307,0.6644982218752711,0.4934341965240161
0.3597310422114307,0.6645849596669269,0.49338154015355284
0.3597777362719462,0.6645849596669269,0.49333945266059587
0.3597777362719462,0.6646716974585827,0.49333467555901767
0.359987859544266,0.6646716974585827,0.4932239948570377
0.359987859544266,0.6647584352502385,0.49321590556420036
0.36005790063503923,0.6647584352502385,0.493189671331947
0.36005790063503923,0.6649319108335502,0.4931660709239557
0.3601045946955547,0.6649319108335502,0.4931361571672084
0.3601045946955547,0.665018648625206,0.4931284708949115
0.3601512887560702,0.665018648625206,0.4931186697491293
0.3601512887560702,0.6651053864168618,0.4931158812060471
0.36017463578632797,0.6651053864168618,0.4931100339847012
0.36017463578632797,0.6653655997918293,0.49309133791444404
0.36022132984684346,0.6653655997918293,0.4930806979125546
0.36022132984684346,0.6655390753751409,0.4930597497372494
0.36029137093761676,0.6655390753751409,0.493034322363599
0.36029137093761676,0.6656258131667968,0.49298753045688304
0.36033806499813226,0.6656258131667968,0.49297232848648065
0.36033806499813226,0.6657125509584526,0.4929671649174936
0.3604081060889055,0.6657125509584526,0.49296294895639947
0.3604081060889055,0.6658860265417642,0.4929247394440779
0.36061822936122523,0.6658860265417642,0.4928432448475465
0.36061822936122523,0.6659727643334201,0.49282961617313836
0.3606882704519985,0.6659727643334201,0.4927878977225989
0.3606882704519985,0.6660595021250759,0.4927700049195205
0.360828352633545,0.6660595021250759,0.4927010024788585
0.360828352633545,0.6661462399167317,0.4927006367579494
0.36101512887560705,0.6661462399167317,0.4926585173935536
0.36101512887560705,0.6662329777083875,0.49265832502414886
0.36120190511766903,0.6662329777083875,0.4925700297609762
0.36120190511766903,0.6664064532916992,0.49255383242043904
0.3612719462084423,0.6664064532916992,0.49252483150415616
0.3612719462084423,0.666493191083355,0.492514357689539
0.3612952932387,0.666493191083355,0.49251007755864595
0.3612952932387,0.6665799288750108,0.49250244010544575
0.36136533432947326,0.6665799288750108,0.49248993099449045
0.36136533432947326,0.6667534044583225,0.49247008595128794
0.3614120283899888,0.6667534044583225,0.49245835387865733
0.3614120283899888,0.6668401422499783,0.49243237150678754
0.36148206948076206,0.6668401422499783,0.4923883122803564
0.36148206948076206,0.6669268800416341,0.4923828562016189
0.36162215166230854,0.6669268800416341,0.49234284704600084
0.36162215166230854,0.6671003556249457,0.49234205904851025
0.3616921927530818,0.6671003556249457,0.49232451216005435
0.3616921927530818,0.6671870934166017,0.4923223492713362
0.3618789689951438,0.6671870934166017,0.4922549223043985
0.3618789689951438,0.667447306791569,0.49222467139852066
0.36194901008591707,0.667447306791569,0.4921831338163333
0.36194901008591707,0.667534044583225,0.4921770500692295
0.3620657452372058,0.667534044583225,0.49215347599010817
0.3620657452372058,0.6676207823748808,0.49214511113959647
0.3621357863279791,0.6676207823748808,0.4921032535981228
0.3621357863279791,0.6677075201665366,0.49209937542598614
0.3622291744490101,0.6677075201665366,0.4920627310650678
0.3622291744490101,0.6677942579581924,0.49206092804416535
0.3624159506910721,0.6677942579581924,0.49198323836162594
0.3624159506910721,0.6678809957498482,0.49198127370166833
0.3624392977213298,0.6678809957498482,0.4919789400365647
0.3624392977213298,0.6679677335415041,0.49196296140095974
0.36262607396339186,0.6679677335415041,0.4918944480531523
0.36262607396339186,0.6680544713331599,0.4918811065344154
0.36267276802390735,0.6680544713331599,0.49183774614837195
0.36267276802390735,0.6683146847081274,0.4917969018711549
0.3626961150541651,0.6683146847081274,0.4917893964544614
0.3626961150541651,0.6684014224997832,0.49176732901976616
0.36271946208442285,0.6684014224997832,0.49176695134741555
0.36271946208442285,0.668488160291439,0.4917653848930926
0.3627895031751961,0.668488160291439,0.4917198346403644
0.3627895031751961,0.6685748980830948,0.49170355233031315
0.3628595442659694,0.6685748980830948,0.49167497090171897
0.3628595442659694,0.6686616358747506,0.49164670044527037
0.3630229734777736,0.6686616358747506,0.4916031780547069
0.3630229734777736,0.6687483736664065,0.49159829936092947
0.36325644378035116,0.6687483736664065,0.4914374704461558
0.36325644378035116,0.6688351114580623,0.49143295011354504
0.36334983190138215,0.6688351114580623,0.49139989387305405
0.36334983190138215,0.6689218492497181,0.49138538571337786
0.36348991408292863,0.6689218492497181,0.4913304938655606
0.36348991408292863,0.6690953248330298,0.4913008451119185
0.3635132611131864,0.6690953248330298,0.49125563453731913
0.3635132611131864,0.6691820626246856,0.4912456312358733
0.36355995517370193,0.6691820626246856,0.491224053248958
0.36355995517370193,0.6692688004163414,0.491218329420102
0.3635833022039597,0.6692688004163414,0.4912129115217956
0.3635833022039597,0.6693555382079972,0.4911918562409503
0.3636299962644752,0.6693555382079972,0.49118357280370795
0.3636299962644752,0.669442275999653,0.49118024245486247
0.36393350765782595,0.669442275999653,0.4911132302808068
0.36393350765782595,0.6695290137913089,0.49108666248628774
0.36412028389988793,0.6695290137913089,0.4910128246522524
0.36412028389988793,0.6696157515829647,0.4909746251127707
0.3642136720209189,0.6696157515829647,0.4909166875476484
0.3642136720209189,0.6697024893746205,0.4909015238239548
0.3642603660814344,0.6697024893746205,0.4908834680101618
0.3642603660814344,0.6698759649579322,0.4908752006931443
0.36440044826298096,0.6698759649579322,0.4908337704968909
0.36440044826298096,0.669962702749588,0.49082877723047724
0.36444714232349645,0.669962702749588,0.4908098209954971
0.36444714232349645,0.6700494405412438,0.49079647533280024
0.3645638774747852,0.6700494405412438,0.4907606165295393
0.3645638774747852,0.6701361783328996,0.49075776442238905
0.36458722450504294,0.6701361783328996,0.4907524492947992
0.36458722450504294,0.6702229161245554,0.49071526893380946
0.3646105715353007,0.6702229161245554,0.49071285698167033
0.3646105715353007,0.6703096539162113,0.49071280654150184
0.3647273066865895,0.6703096539162113,0.49065884515808944
0.3647273066865895,0.6703963917078671,0.49064743529281984
0.36475065371684723,0.6703963917078671,0.4906444221127595
0.36475065371684723,0.6707433428744904,0.49059184894284724
0.364774000747105,0.6707433428744904,0.4905899665280876
0.364774000747105,0.6708300806661462,0.4905836419626096
0.3648440418378782,0.6708300806661462,0.4905612269663602
0.3648440418378782,0.670916818457802,0.4905413149754704
0.36486738886813597,0.670916818457802,0.49052754071880034
0.36486738886813597,0.6710035562494578,0.4905141054087765
0.36517090026148674,0.6710035562494578,0.49036835543661683
0.36517090026148674,0.6711770318327696,0.4902999492142699
0.36524094135226,0.6711770318327696,0.49027678578655987
0.36524094135226,0.6712637696244254,0.49025759344730147
0.3653576765035487,0.6712637696244254,0.49017448168982647
0.3653576765035487,0.6713505074160812,0.49015896444421514
0.3653810235338065,0.6713505074160812,0.49015619165859625
0.3653810235338065,0.6715239829993929,0.49014768710749346
0.365521105715353,0.6715239829993929,0.4900919315341632
0.365521105715353,0.6716974585827045,0.4900773344913423
0.365614493836384,0.6716974585827045,0.49005625092431004
0.365614493836384,0.6717841963743603,0.4900470853093093
0.365707881957415,0.6717841963743603,0.4899956593778676
0.365707881957415,0.671957671957672,0.48997944835008045
0.36580127007844604,0.671957671957672,0.48991155886250215
0.36580127007844604,0.6720444097493278,0.489907053101564
0.3658246171087038,0.6720444097493278,0.4899033438682896
0.3658246171087038,0.6721311475409836,0.4898994790173372
0.365988046320508,0.6721311475409836,0.4898478949185865
0.365988046320508,0.6722178853326395,0.48984360526314963
0.36636159880463204,0.6722178853326395,0.4896929945672931
0.36636159880463204,0.6723046231242953,0.48969204026981716
0.36640829286514753,0.6723046231242953,0.48967204346863935
0.36640829286514753,0.6723913609159511,0.4896411636792306
0.36685188644004485,0.6723913609159511,0.48946012506598413
0.36685188644004485,0.6725648364992627,0.4894334184928194
0.36689858050056035,0.6725648364992627,0.48940781087764995
0.36689858050056035,0.6726515742909186,0.48940181416877415
0.3670153156518491,0.6726515742909186,0.48934497313762626
0.3670153156518491,0.6727383120825744,0.48934265941583
0.3670853567426223,0.6727383120825744,0.4893099897811253
0.3670853567426223,0.672911787665886,0.489295759494662
0.3671320508031378,0.672911787665886,0.48928807730234025
0.3671320508031378,0.6729985254575418,0.4892836341150403
0.36757564437803514,0.6729985254575418,0.4891093234489935
0.36757564437803514,0.6732587388325093,0.48905996349749103
0.3675989914082929,0.6732587388325093,0.4890516832795102
0.3675989914082929,0.6733454766241651,0.48904907092198846
0.3676456854688084,0.6733454766241651,0.48904247531302814
0.3676456854688084,0.673432214415821,0.4890377094183034
0.36773907358983937,0.673432214415821,0.4890067369688884
0.36773907358983937,0.6735189522074768,0.48900567384848226
0.36787915577138586,0.6735189522074768,0.4889192543508718
0.36787915577138586,0.6736056899991326,0.4889187852143584
0.3679725438924169,0.6736056899991326,0.48889278385933943
0.3679725438924169,0.6736924277907884,0.48889150049115393
0.3680659320134479,0.6736924277907884,0.4888657556890281
0.3680659320134479,0.6737791655824442,0.48885633548055496
0.3682760552857676,0.6737791655824442,0.48878691092752324
0.3682760552857676,0.6738659033741001,0.48877698310722384
0.3684394844975719,0.6738659033741001,0.48873502592912255
0.3684394844975719,0.6739526411657559,0.4886987152677903
0.3685795666791184,0.6739526411657559,0.4886444207418449
0.3685795666791184,0.6741261167490675,0.48863870670586496
0.36867295480014944,0.6741261167490675,0.48861300799179996
0.36867295480014944,0.6742128545407234,0.48861264151082806
0.3686963018304072,0.6742128545407234,0.4886099625172473
0.3686963018304072,0.6742995923323792,0.48860811326849096
0.3687429958909227,0.6742995923323792,0.4885895167464165
0.3687429958909227,0.674386330124035,0.4885762940930992
0.36876634292118043,0.674386330124035,0.4885714374883743
0.36876634292118043,0.6744730679156908,0.4885671841505599
0.36892977213298467,0.6744730679156908,0.48845227741256303
0.36892977213298467,0.6747332812906583,0.4884282085659096
0.3689998132237579,0.6747332812906583,0.4883939590179811
0.3689998132237579,0.6748200190823141,0.48838397592351224
0.36918658946581995,0.6748200190823141,0.48831785700481145
0.36918658946581995,0.6749934946656259,0.48831538551358233
0.36923328352633544,0.6749934946656259,0.48827731989373047
0.36923328352633544,0.6750802324572817,0.48827411650053976
0.36927997758685094,0.6750802324572817,0.48825290022501844
0.36927997758685094,0.6751669702489375,0.48824645851992876
0.3694901008591707,0.6751669702489375,0.4882166962446429
0.3694901008591707,0.6752537080405933,0.48821508684901527
0.3696301830407172,0.6752537080405933,0.4881888654237794
0.3696301830407172,0.6753404458322491,0.4881858982180687
0.36970022413149045,0.6753404458322491,0.48817270160563586
0.36970022413149045,0.675427183623905,0.4881716810699166
0.36986365334329474,0.675427183623905,0.4881244076127814
0.36986365334329474,0.6755139214155608,0.48810473952165356
0.3700504295853567,0.6755139214155608,0.48804408176520564
0.3700504295853567,0.6756006592072166,0.4880196439921236
0.37007377661561447,0.6756006592072166,0.4880085710148142
0.37007377661561447,0.6756873969988724,0.4880068885746698
0.37012047067613,0.6756873969988724,0.4879991710074556
0.37012047067613,0.6757741347905283,0.48799790142520694
0.3701671647366455,0.6757741347905283,0.48799341834055165
0.3701671647366455,0.6758608725821841,0.4879874102915902
0.3705640642510273,0.6758608725821841,0.48782671658821486
0.3705640642510273,0.6759476103738399,0.48782585994468963
0.37070414643257377,0.6759476103738399,0.48778082700810266
0.37070414643257377,0.6760343481654957,0.4877545618319228
0.3707274934628315,0.6760343481654957,0.4877268249262755
0.3707274934628315,0.6761210859571515,0.4877266361659799
0.37110104594695553,0.6761210859571515,0.4875867210336915
0.37110104594695553,0.6762078237488074,0.48756801465690713
0.3713578632797908,0.6762078237488074,0.4874822622890985
0.3713578632797908,0.6762945615404632,0.487444152938311
0.3714045573403063,0.6762945615404632,0.48743353751845997
0.3714045573403063,0.676381299332119,0.48741418484448906
0.37142790437056405,0.676381299332119,0.4874140259866344
0.37142790437056405,0.6764680371237748,0.4874137557773395
0.3715679865521106,0.6764680371237748,0.48735409777762406
0.3715679865521106,0.6765547749154307,0.48730679351608186
0.3716613746731416,0.6765547749154307,0.48727797732821276
0.3716613746731416,0.6766415127070865,0.48726627038584347
0.3717080687336571,0.6766415127070865,0.48726277620412817
0.3717080687336571,0.6767282504987423,0.4872612708222731
0.3718248038849458,0.6767282504987423,0.4872137540181384
0.3718248038849458,0.6768149882903981,0.4872104973313698
0.37189484497571906,0.6768149882903981,0.48717670131694346
0.37189484497571906,0.6769017260820539,0.48717665018212897
0.37196488606649236,0.6769017260820539,0.4871623593222566
0.37196488606649236,0.6769884638737098,0.48714411270722113
0.37201158012700786,0.6769884638737098,0.4871001621591997
0.37201158012700786,0.6770752016653656,0.4870972875885763
0.37205827418752335,0.6770752016653656,0.48709052932482044
0.37205827418752335,0.6771619394570214,0.4870709957266893
0.37224505042958533,0.6771619394570214,0.48698645911779237
0.37224505042958533,0.6772486772486772,0.48695892951685305
0.3723384385506164,0.6772486772486772,0.4869233767363219
0.3723384385506164,0.6773354150403331,0.48690806856337376
0.3725485618229361,0.6773354150403331,0.4868191729863891
0.3725485618229361,0.6774221528319889,0.48681527868007823
0.37261860291370935,0.6774221528319889,0.4867914978200547
0.37261860291370935,0.6775088906236447,0.48678731521693586
0.3727119910347404,0.6775088906236447,0.4867411878406188
0.3727119910347404,0.6776823662069563,0.486705240923079
0.3727586850952559,0.6776823662069563,0.4866815001641144
0.3727586850952559,0.6777691039986122,0.4866782126601378
0.3728053791557714,0.6777691039986122,0.4866629389399325
0.3728053791557714,0.677855841790268,0.4866509090667318
0.3729221143070601,0.677855841790268,0.48658625417350476
0.3729221143070601,0.6779425795819238,0.4865777544837463
0.37306219648860667,0.6779425795819238,0.48646025275163174
0.37306219648860667,0.6780293173735796,0.48645947677230583
0.3730855435188644,0.6780293173735796,0.4864546855319122
0.3730855435188644,0.6781160551652355,0.48644638363837733
0.3732256257004109,0.6781160551652355,0.4863667603483427
0.3732256257004109,0.6782895307485471,0.4863600661503811
0.3733190138214419,0.6782895307485471,0.48632496981695383
0.3733190138214419,0.6783762685402029,0.4863235729109274
0.37334236085169964,0.6783762685402029,0.48631787322149356
0.37334236085169964,0.6784630063318587,0.4863170371600045
0.37345909600298843,0.6784630063318587,0.48625897276802066
0.37345909600298843,0.6785497441235147,0.4862559349391834
0.37371591333582366,0.6785497441235147,0.4861420559665498
0.37371591333582366,0.6786364819151705,0.48613686149671165
0.3738559955173702,0.6786364819151705,0.48606320976184225
0.3738559955173702,0.678809957498482,0.4860344265727534
0.37387934254762795,0.678809957498482,0.48602145982318323
0.37387934254762795,0.678896695290138,0.4860003921784325
0.37392603660814344,0.678896695290138,0.48599089441729504
0.37392603660814344,0.6789834330817938,0.4859888955103908
0.3739493836384012,0.6789834330817938,0.48598838178033466
0.3739493836384012,0.6791569086651054,0.4859734820651629
0.37401942472917443,0.6791569086651054,0.4859570394148215
0.37401942472917443,0.6792436464567612,0.4859554594642894
0.3740427717594322,0.6792436464567612,0.48593953802534284
0.3740427717594322,0.6794171220400729,0.485924763419199
0.3741361598804632,0.6794171220400729,0.48590387788788403
0.3741361598804632,0.6795038598317287,0.4858957662061656
0.3742762420620097,0.6795038598317287,0.4858640817717871
0.3742762420620097,0.6795905976233845,0.48586119326124544
0.3744863653343295,0.6795905976233845,0.48579076204602945
0.3744863653343295,0.6796773354150404,0.4857824863693997
0.374533059394845,0.6796773354150404,0.48577182816180375
0.374533059394845,0.6799375487900078,0.48574174178305496
0.3747431826671647,0.6799375487900078,0.48558398786347956
0.3747431826671647,0.6800242865816636,0.4855832943284992
0.37518677624206204,0.6800242865816636,0.4854096957817037
0.37518677624206204,0.6801110243733195,0.4853976888817757
0.37523347030257753,0.6801110243733195,0.4853947014506751
0.37523347030257753,0.6801977621649753,0.4853926383192999
0.375373552484124,0.6801977621649753,0.4853551919043577
0.375373552484124,0.6802844999566311,0.4853458640075061
0.375466940605155,0.6802844999566311,0.4853219467715354
0.375466940605155,0.6803712377482869,0.4853124164058831
0.37553698169592825,0.6803712377482869,0.48524777216649595
0.37553698169592825,0.6804579755399428,0.485245763845466
0.37556032872618605,0.6804579755399428,0.48524143580929957
0.37556032872618605,0.6805447133315986,0.4852302802640964
0.37570041090773254,0.6805447133315986,0.4851238054486058
0.37570041090773254,0.6806314511232544,0.48512319247945634
0.3757237579379903,0.6806314511232544,0.4851154784922893
0.3757237579379903,0.680804926706566,0.485087215830864
0.37574710496824804,0.680804926706566,0.4850671402277992
0.37574710496824804,0.6808916644982219,0.48505835012449594
0.3757704519985058,0.6808916644982219,0.4850473745965477
0.3757704519985058,0.6809784022898777,0.48504236943168144
0.3759105341800523,0.6809784022898777,0.48498819312305796
0.3759105341800523,0.6810651400815335,0.48498608296611856
0.3760506163615988,0.6810651400815335,0.48493882592069426
0.3760506163615988,0.6811518778731893,0.48492366722626346
0.3761440044826298,0.6811518778731893,0.4848641072930431
0.3761440044826298,0.6812386156648452,0.4848634229936689
0.3766109450877848,0.6812386156648452,0.48466288368472465
0.3766109450877848,0.681325353456501,0.4846628373364724
0.37670433320881586,0.681325353456501,0.48455574449087324
0.37670433320881586,0.6814120912481568,0.4845517237658268
0.3769144564811356,0.6814120912481568,0.4844544336503628
0.3769144564811356,0.6814988290398126,0.48445193278275445
0.37693780351139333,0.6814988290398126,0.48442622232603605
0.37693780351139333,0.6815855668314684,0.4844102569717593
0.37721796787448636,0.6815855668314684,0.48431235318155197
0.37721796787448636,0.6816723046231243,0.4842869985222351
0.37726466193500185,0.6816723046231243,0.4842787592049279
0.37726466193500185,0.6818457802064359,0.48425870906061497
0.3777082555098991,0.6818457802064359,0.4840823263612747
0.3777082555098991,0.6819325179980917,0.48407850261857643
0.37775494957041467,0.6819325179980917,0.4840524276812721
0.37775494957041467,0.6820192557897476,0.48405100361067777
0.3778249906611879,0.6820192557897476,0.4840430424530512
0.3778249906611879,0.6821927313730592,0.4840248851638872
0.3778716847217034,0.6821927313730592,0.48398122692033674
0.3778716847217034,0.682279469164715,0.4839650156257781
0.3779183787822189,0.682279469164715,0.4839515604555299
0.3779183787822189,0.6823662069563708,0.483938895875592
0.3780117669032499,0.6823662069563708,0.4839206543205513
0.3780117669032499,0.6824529447480268,0.4839143499953077
0.3780584609637654,0.6824529447480268,0.48389892177531246
0.3780584609637654,0.6827131581229942,0.48383577992856486
0.3781751961150542,0.6827131581229942,0.48375818493032463
0.3781751961150542,0.6827998959146501,0.4837499621680441
0.3782218901755697,0.6827998959146501,0.4837199739661935
0.3782218901755697,0.6828866337063059,0.48371075078377535
0.37840866641763166,0.6828866337063059,0.48362000078444434
0.37840866641763166,0.6829733714979617,0.48359994024216013
0.37861878968995144,0.6829733714979617,0.4835121493045983
0.37861878968995144,0.6830601092896175,0.48350448079504615
0.3787355248412402,0.6830601092896175,0.4834289706755399
0.3787355248412402,0.6832335848729292,0.4834221497362393
0.3787588718714979,0.6832335848729292,0.48340109730546843
0.3787588718714979,0.683320322664585,0.48338422208557585
0.37903903623459095,0.683320322664585,0.483290427988459
0.37903903623459095,0.6834070604562408,0.48328921057882057
0.3790623832648487,0.6834070604562408,0.4832721378468148
0.3790623832648487,0.6834937982478966,0.48326014539412077
0.37920246544639524,0.6834937982478966,0.4831779266353944
0.37920246544639524,0.6835805360395524,0.48317783733069886
0.37934254762794173,0.6835805360395524,0.4831352771525883
0.37934254762794173,0.6836672738312083,0.4831300760495518
0.3793892416884572,0.6836672738312083,0.48312191295044904
0.3793892416884572,0.6839274872061757,0.4830844554209972
0.37941258871871497,0.6839274872061757,0.48307865758935264
0.37941258871871497,0.6840142249978316,0.4830780272927091
0.37962271199103476,0.6840142249978316,0.48300321524180856
0.37962271199103476,0.6841009627894874,0.48296950277270845
0.3797394471423235,0.6841009627894874,0.4829195111514859
0.3797394471423235,0.6841877005811432,0.4829039612008821
0.37976279417258124,0.6841877005811432,0.4829030752014082
0.37976279417258124,0.684274438372799,0.48290282294968945
0.379786141202839,0.684274438372799,0.48289991031844337
0.379786141202839,0.6843611761644548,0.48288477671834207
0.37992622338438553,0.6843611761644548,0.4828358292644799
0.37992622338438553,0.6844479139561107,0.4828349668855417
0.3799962644751588,0.6844479139561107,0.48278610085933105
0.3799962644751588,0.6845346517477665,0.48278247268206054
0.38008965259618976,0.6845346517477665,0.48274738214907886
0.38008965259618976,0.6846213895394223,0.48271819899058455
0.380253081807994,0.6846213895394223,0.48267014074079984
0.380253081807994,0.684794865122734,0.4826296051287523
0.3802764288382518,0.684794865122734,0.4826213078741709
0.3802764288382518,0.6848816029143898,0.48261929099870227
0.38043985805005603,0.6848816029143898,0.48251715943245355
0.38043985805005603,0.6849683407060456,0.48250648399808604
0.3804632050803138,0.6849683407060456,0.4825032165605512
0.3804632050803138,0.6850550784977014,0.4825027832923343
0.380533246171087,0.6850550784977014,0.4824862606815119
0.380533246171087,0.6851418162893572,0.4824673580073655
0.38060328726186027,0.6851418162893572,0.48244046194962564
0.38060328726186027,0.6852285540810131,0.4824399633400225
0.3806966753828913,0.6852285540810131,0.48239340160459276
0.3806966753828913,0.6853152918726689,0.4823755141766858
0.3807433694434068,0.6853152918726689,0.4823546611632735
0.3807433694434068,0.6854020296643247,0.48235409061640433
0.3807900635039223,0.6854020296643247,0.48231252541396685
0.3807900635039223,0.6854887674559805,0.4823070386627132
0.3808834516249533,0.6854887674559805,0.48226332255772464
0.3808834516249533,0.6855755052476364,0.48225375898023837
0.38107022786701533,0.6855755052476364,0.4821677845199962
0.38107022786701533,0.6856622430392922,0.4821255397975427
0.3811636159880463,0.6856622430392922,0.4820166550606715
0.3811636159880463,0.685748980830948,0.4820108418549467
0.3812103100485618,0.685748980830948,0.48199347440876417
0.3812103100485618,0.6858357186226038,0.4819885735025783
0.38132704519985056,0.6858357186226038,0.4819391477745957
0.38132704519985056,0.6859224564142596,0.48193736170327806
0.3815605155024281,0.6859224564142596,0.48184069743007296
0.3815605155024281,0.6860091942059156,0.48183800086106987
0.3816772506537168,0.6860091942059156,0.4817865503263311
0.3816772506537168,0.6861826697892272,0.48172796735753043
0.3817472917444901,0.6861826697892272,0.4816702345592002
0.3817472917444901,0.686269407580883,0.4816651713326986
0.3817939858050056,0.686269407580883,0.48165635660289374
0.3817939858050056,0.6863561453725389,0.48165049427215745
0.38181733283526337,0.6863561453725389,0.4816432016505525
0.38181733283526337,0.6864428831641947,0.48163792281015405
0.3818873739260366,0.6864428831641947,0.4816270030942169
0.3818873739260366,0.6866163587475063,0.4815822835193837
0.3820741501680986,0.6866163587475063,0.48150844338073184
0.3820741501680986,0.6867030965391621,0.4814994548205713
0.3820974971983564,0.6867030965391621,0.481497855627699
0.3820974971983564,0.686789834330818,0.481486422176287
0.38216753828912964,0.686789834330818,0.48143997109402914
0.38216753828912964,0.6868765721224738,0.48141362791308684
0.3821908853193874,0.6868765721224738,0.48139053029999945
0.3821908853193874,0.6869633099141296,0.48137277806352285
0.3822375793799029,0.6869633099141296,0.4813468366237186
0.3822375793799029,0.6870500477057854,0.48133964897181747
0.3826578259245424,0.6870500477057854,0.4811343859252136
0.3826578259245424,0.6872235232890971,0.48109161559742186
0.38268117295480014,0.6872235232890971,0.4810881451724244
0.38268117295480014,0.6873102610807529,0.48108558941211754
0.38277456107583113,0.6873102610807529,0.48103723381731356
0.38277456107583113,0.6873969988724087,0.4810279492761662
0.3829146432573777,0.6873969988724087,0.48098418321753345
0.3829146432573777,0.6874837366640645,0.4809819510482245
0.38305472543892416,0.6874837366640645,0.4809522211585857
0.38305472543892416,0.6875704744557204,0.4809459829652214
0.38321815465072845,0.6875704744557204,0.48089590164803697
0.38321815465072845,0.6876572122473762,0.48088717658383295
0.3832881957415017,0.6876572122473762,0.4808754139917254
0.3832881957415017,0.687743950039032,0.480868878976637
0.3834516249533059,0.687743950039032,0.4807786774793191
0.3834516249533059,0.6878306878306878,0.4807778431783588
0.3835683601045947,0.6878306878306878,0.48075731822542245
0.3835683601045947,0.6879174256223437,0.4807572454477046
0.383918565558461,0.6879174256223437,0.4805788982183926
0.383918565558461,0.6880909012056553,0.480568041632336
0.38398860664923423,0.6880909012056553,0.4805291041357096
0.38398860664923423,0.6881776389973111,0.48052561516178394
0.3840353007097497,0.6881776389973111,0.4804781388673627
0.3840353007097497,0.6882643767889669,0.48046820957026015
0.3840819947702652,0.6882643767889669,0.4804408509760001
0.3840819947702652,0.6883511145806228,0.48043831090354905
0.38410534180052297,0.6883511145806228,0.48043615969561726
0.38410534180052297,0.6884378523722786,0.4804299789068396
0.38424542398206946,0.6884378523722786,0.4803702798854729
0.38424542398206946,0.6886113279555902,0.4803608959616412
0.38436215913335825,0.6886113279555902,0.48026086782622857
0.38436215913335825,0.6887848035389019,0.4802339367459747
0.38454893537542023,0.6887848035389019,0.48018179368808644
0.38454893537542023,0.6888715413305577,0.4801686257136213
0.384572282405678,0.6888715413305577,0.4801591937515707
0.384572282405678,0.6889582791222135,0.4801504061161641
0.38473571161748227,0.6889582791222135,0.4800942270751958
0.38473571161748227,0.6890450169138693,0.4800836048361641
0.38475905864774,0.6890450169138693,0.48008085804611955
0.38475905864774,0.6891317547055252,0.48007611637301195
0.384852446768771,0.6891317547055252,0.48003696572777776
0.384852446768771,0.689218492497181,0.4800320771463459
0.3848991408292865,0.689218492497181,0.48000970883383975
0.3848991408292865,0.6893052302888368,0.4800096271570684
0.3852026522226373,0.6893052302888368,0.47993043970923965
0.3852026522226373,0.6893919680804926,0.47991075685732276
0.3852726933134105,0.6893919680804926,0.479872098268332
0.3852726933134105,0.6894787058721485,0.4798644225945897
0.38536608143444157,0.6894787058721485,0.4798402813193008
0.38536608143444157,0.6895654436638043,0.4798343977301138
0.3854361225252148,0.6895654436638043,0.4798171456527057
0.3854361225252148,0.6896521814554601,0.4798127970032323
0.38545946955547256,0.6896521814554601,0.47980867635311675
0.38545946955547256,0.689738919247116,0.4797918424615357
0.3854828165857303,0.689738919247116,0.4797875960749429
0.3854828165857303,0.6898256570387717,0.4797825881996165
0.38555285767650355,0.6898256570387717,0.47976312876770466
0.38555285767650355,0.6899123948304277,0.47975292311457884
0.3856695928277923,0.6899123948304277,0.4797107660978088
0.3856695928277923,0.6899991326220835,0.47970796384588243
0.3857162868883078,0.6899991326220835,0.4796986474690985
0.3857162868883078,0.6900858704137393,0.47967104595396926
0.38601979828165855,0.6900858704137393,0.479522692645971
0.38601979828165855,0.690172608205395,0.47952159705630637
0.3861598804632051,0.690172608205395,0.47945748874880223
0.3861598804632051,0.690259345997051,0.47943621521265956
0.38618322749346284,0.690259345997051,0.47943284514781226
0.38618322749346284,0.6903460837887068,0.4794213125092246
0.38632330967500933,0.6903460837887068,0.47938828099138564
0.38632330967500933,0.6904328215803626,0.47938373316149097
0.3863700037355248,0.6904328215803626,0.47937506861497614
0.3863700037355248,0.6905195593720184,0.47936949606717527
0.3867669032499066,0.6905195593720184,0.47922329321236634
0.3867669032499066,0.6907797727469859,0.4792165214324928
0.38679025028016434,0.6907797727469859,0.4791942991176782
0.38679025028016434,0.6908665105386417,0.47918766851892325
0.3869770265222264,0.6908665105386417,0.4790981348580836
0.3869770265222264,0.6909532483302975,0.4790820515985137
0.3870003735524841,0.6909532483302975,0.4790817692047118
0.3870003735524841,0.6910399861219534,0.4790771106813235
0.3870470676129996,0.6910399861219534,0.4790709460388025
0.3870470676129996,0.6911267239136092,0.479056650724179
0.38718714979454616,0.6911267239136092,0.47902002843268654
0.38718714979454616,0.6913001994969208,0.4790159372210161
0.3872104968248039,0.6913001994969208,0.4790139734404997
0.3872104968248039,0.6913869372885766,0.4790043648036688
0.38728053791557715,0.6913869372885766,0.47897430751036485
0.38728053791557715,0.6914736750802325,0.4789735843677869
0.3875607022786702,0.6914736750802325,0.4788171926855188
0.3875607022786702,0.6915604128718883,0.4788097979933109
0.38770078446021666,0.6915604128718883,0.4787227387376669
0.38770078446021666,0.6916471506635441,0.4787162843030158
0.3878175196115054,0.6916471506635441,0.47868992769542473
0.3878175196115054,0.6917338884551999,0.4786815536502833
0.3879809488233097,0.6917338884551999,0.47860183966217673
0.3879809488233097,0.6918206262468558,0.478599397425015
0.3881210310048562,0.6918206262468558,0.4785490898340504
0.3881210310048562,0.6919073640385116,0.4785078197411631
0.3884011953679492,0.6919073640385116,0.4783419538577489
0.3884011953679492,0.6920808396218232,0.4783268982261768
0.3884945834889802,0.6920808396218232,0.4782897148813041
0.3884945834889802,0.692167577413479,0.47825543984195307
0.3885412775494957,0.692167577413479,0.47823437496746324
0.3885412775494957,0.6924277907884465,0.47820120384646314
0.38863466567052674,0.6924277907884465,0.4781571976549793
0.38863466567052674,0.6926012663717582,0.47814754132460524
0.38884478894284646,0.6926012663717582,0.4780702335835738
0.38884478894284646,0.692688004163414,0.4780597226426371
0.38889148300336196,0.692688004163414,0.47805230542194144
0.38889148300336196,0.6927747419550698,0.478041305409853
0.3891249533059395,0.6927747419550698,0.4779156198474033
0.3891249533059395,0.6928614797467256,0.4779150112648517
0.389171647366455,0.6928614797467256,0.47789688499529837
0.389171647366455,0.6929482175383814,0.4778921079471984
0.3892183414269705,0.6929482175383814,0.47788648891089347
0.3892183414269705,0.6930349553300373,0.4778793781617676
0.389358423608517,0.6930349553300373,0.47782040720512153
0.389358423608517,0.6931216931216931,0.47781693734806563
0.389545199850579,0.6931216931216931,0.4777308496068233
0.389545199850579,0.6932084309133489,0.4777161303241101
0.3896852820321255,0.6932084309133489,0.47767566293856745
0.3896852820321255,0.6932951687050047,0.47767338207819343
0.38994209936496077,0.6932951687050047,0.47759416337240646
0.38994209936496077,0.6933819064966606,0.4775753221837985
0.3900821815465073,0.6933819064966606,0.4774810068355584
0.3900821815465073,0.6934686442883164,0.4774393089093897
0.3902689577885693,0.6934686442883164,0.4773822929422583
0.3902689577885693,0.693642119871628,0.47737950045594135
0.3903156518490848,0.693642119871628,0.47735287653673353
0.3903156518490848,0.6937288576632838,0.47734433961788447
0.39033899887934254,0.6937288576632838,0.4773396387540968
0.39033899887934254,0.6939890710382514,0.47731850160106093
0.3903623459096003,0.6939890710382514,0.47730854926075816
0.3903623459096003,0.6940758088299072,0.47730231794445366
0.39038569293985803,0.6940758088299072,0.4772992394837563
0.39038569293985803,0.6941625466215631,0.4772956128607182
0.3904323870003735,0.6941625466215631,0.47727827820441704
0.3904323870003735,0.6942492844132189,0.4772720564316282
0.3906425102726933,0.6942492844132189,0.477186320309132
0.3906425102726933,0.6943360222048747,0.47715446766377323
0.39066585730295106,0.6943360222048747,0.4771527092159399
0.39066585730295106,0.6944227599965305,0.4771297301983397
0.3907358983937243,0.6944227599965305,0.47709292270507275
0.3907358983937243,0.6945094977881863,0.47707896382390613
0.3910627568173328,0.6945094977881863,0.47697961700906577
0.3910627568173328,0.6945962355798422,0.4769768212207536
0.3911094508778483,0.6945962355798422,0.47696551914877994
0.3911094508778483,0.6947697111631538,0.4769532709176131
0.3912261860291371,0.6947697111631538,0.47689077684296877
0.3912261860291371,0.6948564489548096,0.47686199178818833
0.3912728800896526,0.6948564489548096,0.4768423880276853
0.3912728800896526,0.6950299245381213,0.476807326514891
0.39129622711991036,0.6950299245381213,0.4768062057774526
0.39129622711991036,0.6951166623297771,0.47680388933591766
0.39134292118042585,0.6951166623297771,0.47676350448415794
0.39134292118042585,0.6953768757047446,0.47672717733566694
0.3913662682106836,0.6953768757047446,0.47671424612549873
0.3913662682106836,0.6954636134964004,0.4767141013205053
0.39138961524094135,0.6954636134964004,0.4767014590729626
0.39138961524094135,0.6955503512880562,0.4766915741273987
0.39152969742248783,0.6955503512880562,0.4766385920773094
0.39152969742248783,0.695637089079712,0.47663130124536635
0.3915763914830034,0.695637089079712,0.4766183253807612
0.3915763914830034,0.6957238268713678,0.476613669789976
0.3916697796040344,0.6957238268713678,0.4765769039425758
0.3916697796040344,0.6959840402463353,0.47656661711366366
0.3916931266342921,0.6959840402463353,0.47653654384285404
0.3916931266342921,0.6960707780379911,0.4765353621369418
0.3917865147553231,0.6960707780379911,0.4765159292535839
0.3917865147553231,0.696157515829647,0.47649113080508954
0.3918799028763541,0.696157515829647,0.4764685916240411
0.3918799028763541,0.6962442536213028,0.4764534570892601
0.3919499439671274,0.6962442536213028,0.47642695142967484
0.3919499439671274,0.6963309914129586,0.4764186279348269
0.39216006723944713,0.6963309914129586,0.47636656186120696
0.39216006723944713,0.6964177292046144,0.4763627131929966
0.3922067612999626,0.6964177292046144,0.47634502914754606
0.3922067612999626,0.6965912047879261,0.4763315299766423
0.3924168845722824,0.6965912047879261,0.4761759028563485
0.3924168845722824,0.6966779425795819,0.4761508130185321
0.39244023160254016,0.6966779425795819,0.47614470937589626
0.39244023160254016,0.6968514181628935,0.47612855102771257
0.3925102726933134,0.6968514181628935,0.47607301641310784
0.3925102726933134,0.6969381559545494,0.47605101185554943
0.39253361972357115,0.6969381559545494,0.4760457703826737
0.39253361972357115,0.6970248937462052,0.47604291505019025
0.3925569667538289,0.6970248937462052,0.47603447155544165
0.3925569667538289,0.697111631537861,0.47602871993245655
0.39258031378408664,0.697111631537861,0.4760217017687295
0.39258031378408664,0.6971983693295168,0.47601743618805437
0.39265035487485994,0.6971983693295168,0.4759961448576625
0.39265035487485994,0.6972851071211726,0.475992831729
0.39269704893537544,0.6972851071211726,0.475970586394334
0.39269704893537544,0.6974585827044844,0.475938807031248
0.3927203959656332,0.6974585827044844,0.4759264866452577
0.3927203959656332,0.6975453204961402,0.4759210253761247
0.3927670900261487,0.6975453204961402,0.47590135048758986
0.3927670900261487,0.697632058287796,0.47590026163730825
0.39286047814717967,0.697632058287796,0.47584035976987615
0.39286047814717967,0.6977187960794519,0.4758351338370024
0.3928838251774374,0.6977187960794519,0.4758169205555154
0.3928838251774374,0.6978055338711077,0.4758095637847888
0.3929305192379529,0.6978055338711077,0.4757640003983157
0.3929305192379529,0.6978922716627635,0.47575097731831373
0.39295386626821066,0.6978922716627635,0.47574777580856364
0.39295386626821066,0.6979790094544193,0.4757414316889642
0.3930472543892417,0.6979790094544193,0.4756776259421762
0.3930472543892417,0.6980657472460751,0.4756706993376594
0.39307060141949945,0.6980657472460751,0.47566255595906104
0.39307060141949945,0.698152485037731,0.4756577666899785
0.39374766529697425,0.698152485037731,0.4753133808254244
0.39374766529697425,0.6982392228293868,0.4753000286428233
0.3938177063877475,0.6982392228293868,0.475249357315352
0.3938177063877475,0.6983259606210426,0.47524850889018877
0.39416791184161376,0.6983259606210426,0.4750413613047487
0.39416791184161376,0.6984126984126984,0.4750396306920184
0.3941912588718715,0.6984126984126984,0.47502336054713024
0.3941912588718715,0.6984994362043543,0.47502118789813386
0.39426129996264475,0.6984994362043543,0.47493458430731916
0.39426129996264475,0.6985861739960101,0.47493206568108726
0.3943780351139335,0.6985861739960101,0.47490456930563063
0.3943780351139335,0.6986729117876659,0.47487952308566295
0.3944947702652223,0.6986729117876659,0.4748438109187668
0.3944947702652223,0.6987596495793217,0.47481137397912376
0.3945648113559955,0.6987596495793217,0.4747453228685232
0.3945648113559955,0.6988463873709775,0.47473240164709374
0.394611505416511,0.6988463873709775,0.4747278408735781
0.394611505416511,0.6989331251626334,0.47472705942260685
0.394704893537542,0.6989331251626334,0.47470847484265943
0.394704893537542,0.699106600745945,0.47463388937813666
0.3951251400821815,0.699106600745945,0.4744241570061347
0.3951251400821815,0.6991933385376008,0.47442195422829925
0.39540530444527455,0.6991933385376008,0.474288317512791
0.39540530444527455,0.6992800763292567,0.47428719932277874
0.39577885692939857,0.6992800763292567,0.4740768540514574
0.39577885692939857,0.6993668141209125,0.47407569595629206
0.39603567426223385,0.6993668141209125,0.4740141074477613
0.39603567426223385,0.6994535519125683,0.4739838944325574
0.39654930892790435,0.6994535519125683,0.4737337291605075
0.39654930892790435,0.6995402897042241,0.4737195639582381
0.3966893911094509,0.6995402897042241,0.4736689394784104
0.3966893911094509,0.6998005030791916,0.4736192071884793
0.39671273813970864,0.6998005030791916,0.47361754034309256
0.39671273813970864,0.7000607164541591,0.4736087608316525
0.3967827792304819,0.7000607164541591,0.4735940071165484
0.3967827792304819,0.7001474542458149,0.47359095431435316
0.39680612626073963,0.7001474542458149,0.47358646505570723
0.39680612626073963,0.7002341920374707,0.47356937007588085
0.3970162495330594,0.7002341920374707,0.4734857388028738
0.3970162495330594,0.7003209298291265,0.47347771027714725
0.39703959656331717,0.7003209298291265,0.47345239127870664
0.39703959656331717,0.7004076676207823,0.47344287647426453
0.3971096376540904,0.7004076676207823,0.47342440405856223
0.3971096376540904,0.7004944054124382,0.47342351019547746
0.39717967874486365,0.7004944054124382,0.47339534771974745
0.39717967874486365,0.700581143204094,0.47339286941203484
0.3973431079566679,0.700581143204094,0.4732942832195338
0.3973431079566679,0.7007546187874056,0.473277630275327
0.3973664549869257,0.7007546187874056,0.4732660463302688
0.3973664549869257,0.7008413565790615,0.4732620188186063
0.39738980201718344,0.7008413565790615,0.47324636141571363
0.39738980201718344,0.701101569954029,0.4732323832325481
0.3977400074710497,0.701101569954029,0.4730746288114399
0.3977400074710497,0.7011883077456847,0.47305667941493523
0.3977867015315652,0.7011883077456847,0.4730395661733313
0.3977867015315652,0.7012750455373407,0.4730311109895896
0.3982536421367202,0.7012750455373407,0.4728185552319685
0.3982536421367202,0.7013617833289965,0.4727995853845667
0.39832368322749345,0.7013617833289965,0.4727884620463939
0.39832368322749345,0.701621996703964,0.47272722982227644
0.3983937243182667,0.701621996703964,0.47267270219472723
0.3983937243182667,0.7017087344956198,0.47266335472806553
0.398650541651102,0.7017087344956198,0.4725427652596704
0.398650541651102,0.7018822100789314,0.47251422285231237
0.39874392977213297,0.7018822100789314,0.47249634089651105
0.39874392977213297,0.7021424234538989,0.4724783739507057
0.3987672768023907,0.7021424234538989,0.4724716715644791
0.3987672768023907,0.7022291612455547,0.47246791502238783
0.3992809114680613,0.7022291612455547,0.47223817600754314
0.3992809114680613,0.7023158990372105,0.4722311135579924
0.39932760552857677,0.7023158990372105,0.47221064440451965
0.39932760552857677,0.7024026368288664,0.47219826532556
0.39939764661935,0.7024026368288664,0.47217630388898657
0.39939764661935,0.702576112412178,0.4721394723764354
0.39946768771012325,0.702576112412178,0.4720699282421522
0.39946768771012325,0.7027495879954896,0.47202600658629645
0.39953772880089655,0.7027495879954896,0.47196331347150133
0.39953772880089655,0.7028363257871455,0.4719546896285005
0.39958442286141205,0.7028363257871455,0.47194124418157946
0.39958442286141205,0.7029230635788013,0.47193172254394544
0.39967781098244304,0.7029230635788013,0.4718996409454652
0.39967781098244304,0.7030098013704571,0.4718817807334209
0.3997011580127008,0.7030098013704571,0.4718784544762119
0.3997011580127008,0.7031832769537688,0.4718399018461942
0.39972450504295853,0.7031832769537688,0.4718383311575567
0.39972450504295853,0.7032700147454246,0.47183125445034335
0.3998178931639895,0.7032700147454246,0.4718025470104953
0.3998178931639895,0.7033567525370804,0.4717934351172659
0.39988793425476277,0.7033567525370804,0.47178149675644265
0.39988793425476277,0.7034434903287362,0.4717808206267732
0.3999346283152783,0.7034434903287362,0.47175219815207636
0.3999346283152783,0.703530228120392,0.47174790584835813
0.39995797534553607,0.703530228120392,0.4717464769948706
0.39995797534553607,0.7036169659120479,0.4717294033856311
0.40005136346656706,0.7036169659120479,0.47169386459606377
0.40005136346656706,0.7037037037037037,0.4716931710479628
0.40023813970862904,0.7037037037037037,0.4716301550530385
0.40023813970862904,0.7038771792870153,0.4716254676688175
0.4003782218901756,0.7038771792870153,0.4715694717519404
0.4003782218901756,0.7039639170786712,0.47155648433200337
0.4004249159506911,0.7039639170786712,0.47155103329101367
0.4004249159506911,0.7042241304536386,0.4715294022789517
0.4004949570414643,0.7042241304536386,0.47149975361405305
0.4004949570414643,0.7043108682452944,0.47149628714687974
0.40051830407172206,0.7043108682452944,0.47146199688576473
0.40051830407172206,0.7043976060369503,0.4714534875893749
0.4006583862532686,0.7043976060369503,0.4714032122065176
0.4006583862532686,0.7044843438286061,0.47139519113213635
0.4007050803137841,0.7044843438286061,0.47139112466285116
0.4007050803137841,0.7045710816202619,0.4713518576700949
0.4011720209189391,0.7045710816202619,0.4711447175637533
0.4011720209189391,0.7046578194119177,0.47114161105330143
0.4013821441912589,0.7046578194119177,0.471099589023004
0.4013821441912589,0.7047445572035737,0.47109892669377507
0.40145218528203214,0.7047445572035737,0.47104027693651973
0.40145218528203214,0.7048312949952295,0.4710399221804721
0.40149887934254763,0.7048312949952295,0.4710233451833522
0.40149887934254763,0.7049180327868853,0.47102089749208087
0.4015222263728054,0.7049180327868853,0.4710062386490115
0.4015222263728054,0.705004770578541,0.47100609631607415
0.40166230855435187,0.705004770578541,0.47087102176854145
0.40166230855435187,0.7050915083701969,0.47086603591072773
0.40182573776615615,0.7050915083701969,0.4708116467239798
0.40182573776615615,0.7051782461618528,0.4707984414622366
0.4018957788569294,0.7051782461618528,0.47077159639694033
0.4018957788569294,0.7052649839535086,0.47075928577848913
0.40201251400821814,0.7052649839535086,0.4707216455452281
0.40201251400821814,0.7055251973284761,0.47070080106098666
0.40205920806873363,0.7055251973284761,0.470688404882467
0.40205920806873363,0.7056119351201319,0.4706593322252749
0.4021759432200224,0.7056119351201319,0.4706231423081194
0.4021759432200224,0.7056986729117877,0.4706186098414564
0.4022693313410534,0.7056986729117877,0.47056486862234026
0.4022693313410534,0.7057854107034435,0.47056435211849845
0.40243276055285765,0.7057854107034435,0.47048982574418596
0.40243276055285765,0.7058721484950993,0.47046377631901426
0.40264288382517743,0.7058721484950993,0.47040739556839173
0.40264288382517743,0.7059588862867552,0.47039126879885296
0.40268957788569293,0.7059588862867552,0.4703850382052268
0.40268957788569293,0.706045624078411,0.47037125894730536
0.40282966006723947,0.706045624078411,0.4703195136490179
0.40282966006723947,0.7061323618700668,0.4703184811561112
0.40315651849084794,0.7061323618700668,0.470216246663709
0.40315651849084794,0.7062190996617226,0.47018882264542416
0.40327325364213673,0.7062190996617226,0.47012487399623293
0.40327325364213673,0.7063058374533784,0.4701224799783047
0.40338998879342547,0.7063058374533784,0.47008788945951485
0.40338998879342547,0.7064793130366901,0.47006788143687195
0.4034600298841987,0.7064793130366901,0.47003178124416367
0.4034600298841987,0.7065660508283459,0.4699877902941978
0.4035767650354875,0.7065660508283459,0.46985197864104744
0.4035767650354875,0.7066527886200017,0.46983737410797854
0.40374019424729174,0.7066527886200017,0.469827409209138
0.40374019424729174,0.7067395264116576,0.46980315694940544
0.403810235338065,0.7067395264116576,0.469772845647183
0.403810235338065,0.7069130019949692,0.4697697692209962
0.4038569293985805,0.7069130019949692,0.4697684231466994
0.4038569293985805,0.706999739786625,0.4697576737751754
0.4039269704893538,0.706999739786625,0.46972471282778916
0.4039269704893538,0.7070864775782808,0.46971177058625224
0.4041370937616735,0.7070864775782808,0.4696513993311179
0.4041370937616735,0.7071732153699367,0.4696388358973186
0.40437056406425104,0.7071732153699367,0.4695768922445387
0.40437056406425104,0.7072599531615925,0.4695737355438536
0.40458068733657077,0.7072599531615925,0.4695342453096848
0.40458068733657077,0.7073466909532483,0.4695312994085661
0.40488419872992154,0.7073466909532483,0.46931472625119197
0.40488419872992154,0.7074334287449041,0.46929788052001953
0.4051877101232723,0.7074334287449041,0.46915346269510283
0.4051877101232723,0.70752016653656,0.4691533638546187
0.4054912215166231,0.70752016653656,0.469058686821859
0.4054912215166231,0.7076069043282158,0.46905011224128235
0.4056546507284273,0.7076069043282158,0.46900694271601273
0.4056546507284273,0.7078671177031832,0.4689957597938027
0.4057713858797161,0.7078671177031832,0.46897334746481656
0.4057713858797161,0.7080405932864949,0.46896488732406616
0.4060048561822936,0.7080405932864949,0.46886783413209554
0.4060048561822936,0.7081273310781507,0.4688612765185931
0.40609824430332464,0.7081273310781507,0.4688108068557726
0.40609824430332464,0.7082140688698065,0.4688010803207633
0.40630836757564437,0.7082140688698065,0.4687218350147214
0.40630836757564437,0.7083008066614624,0.46871890775269154
0.40635506163615986,0.7083008066614624,0.46870327499841835
0.40635506163615986,0.7083875444531182,0.4687031343867911
0.4063784086664176,0.7083875444531182,0.4687026528319972
0.4063784086664176,0.708474282244774,0.46869123707718685
0.40640175569667536,0.708474282244774,0.46868289173844324
0.40640175569667536,0.7085610200364298,0.4686675449996103
0.4064484497571909,0.7085610200364298,0.46864583854225583
0.4064484497571909,0.7086477578280856,0.46863742041175627
0.4064951438177064,0.7086477578280856,0.46860607123964226
0.4064951438177064,0.7087344956197416,0.4686046138380193
0.4065418378782219,0.7087344956197416,0.468580133738302
0.4065418378782219,0.7089079712030532,0.46856128368038974
0.40665857302951064,0.7089079712030532,0.4685304880817325
0.40665857302951064,0.708994708994709,0.46852972505001256
0.4068453492715727,0.708994708994709,0.46850814145426434
0.4068453492715727,0.7090814467863649,0.4685074417171431
0.40689204333208817,0.7090814467863649,0.468474391041786
0.40689204333208817,0.7091681845780207,0.4684682657776811
0.40707881957415015,0.7091681845780207,0.4683640549272152
0.40707881957415015,0.7092549223696765,0.46836232538423783
0.4072189017556967,0.7092549223696765,0.4683393858327779
0.4072189017556967,0.7093416601613323,0.4683391391066597
0.40733563690698543,0.7093416601613323,0.46828972050857287
0.40733563690698543,0.7094283979529881,0.4682882568566885
0.4073823309675009,0.7094283979529881,0.4682806535305962
0.4073823309675009,0.7096018735362998,0.4682685239053873
0.4074290250280164,0.7096018735362998,0.4682588680811973
0.4074290250280164,0.7096886113279556,0.46825471706044364
0.40752241314904747,0.7096886113279556,0.4682363377185881
0.40752241314904747,0.7097753491196114,0.4682147086173064
0.40766249533059395,0.7097753491196114,0.4681630444992908
0.40766249533059395,0.7098620869112673,0.4681595155034405
0.407942659693687,0.7098620869112673,0.468033357735236
0.407942659693687,0.7099488247029231,0.46802905634661696
0.408036047814718,0.7099488247029231,0.4679570765147839
0.408036047814718,0.7100355624945789,0.467956402540986
0.4081527829660067,0.7100355624945789,0.46791344976743265
0.4081527829660067,0.7101223002862347,0.4679110333584593
0.4081994770265222,0.7101223002862347,0.4678690376707805
0.4081994770265222,0.7102090380778905,0.46786775822639715
0.408316212177811,0.7102090380778905,0.4678500036294292
0.408316212177811,0.7102957758695464,0.4678485295297362
0.408409600298842,0.7102957758695464,0.467795357633103
0.408409600298842,0.7103825136612022,0.46779518664633446
0.40843294732909974,0.7103825136612022,0.4677739055125102
0.40843294732909974,0.710469251452858,0.46776940528673816
0.408502988419873,0.710469251452858,0.4677198255250674
0.408502988419873,0.7105559892445138,0.467695129219315
0.40859637654090397,0.7105559892445138,0.4676357099623193
0.40859637654090397,0.7106427270361697,0.46763048773568994
0.408689764661935,0.7106427270361697,0.46756205202925105
0.408689764661935,0.7107294648278255,0.46755986468626687
0.4087364587224505,0.7107294648278255,0.4675429673382784
0.4087364587224505,0.7108162026194813,0.4675363762328887
0.40889988793425475,0.7108162026194813,0.46749653967206684
0.40889988793425475,0.7109029404111371,0.4674941651989313
0.40894658199477024,0.7109029404111371,0.467472993615079
0.40894658199477024,0.7109896782027929,0.467472292432748
0.4090866641763168,0.7109896782027929,0.46744857944987084
0.4090866641763168,0.7110764159944488,0.4674426896746745
0.40932013447889426,0.7110764159944488,0.46735304688645907
0.40932013447889426,0.7112498915777604,0.46732348638865984
0.4096002988419873,0.7112498915777604,0.46721241069473496
0.4096002988419873,0.7113366293694162,0.46720475297787756
0.40985711617482257,0.7113366293694162,0.46711809635578516
0.40985711617482257,0.7115101049527279,0.46710390786131417
0.4100905864774001,0.7115101049527279,0.46701526014809047
0.4100905864774001,0.7115968427443837,0.46700052153975824
0.41016062756817334,0.7115968427443837,0.46696656265773495
0.41016062756817334,0.7116835805360395,0.46696115327128696
0.4102773627194621,0.7116835805360395,0.4669207439901576
0.4102773627194621,0.7117703183276953,0.466876509310045
0.4103940978707508,0.7117703183276953,0.4668356683934709
0.4103940978707508,0.711943793911007,0.4668246923848276
0.4106042211430706,0.711943793911007,0.46677488899028463
0.4106042211430706,0.7120305317026628,0.46677138463032364
0.4106509152035861,0.7120305317026628,0.4667605446886317
0.4106509152035861,0.7122907450776303,0.4667428171859329
0.41072095629435934,0.7122907450776303,0.4667244768714224
0.41072095629435934,0.7123774828692861,0.46669133235299787
0.4107443033246171,0.7123774828692861,0.4666912774702582
0.4107443033246171,0.712464220660942,0.4666792542230397
0.41076765035487484,0.712464220660942,0.46667842153771444
0.41076765035487484,0.7125509584525977,0.4666729366268546
0.4107909973851326,0.7125509584525977,0.46666622144402325
0.4107909973851326,0.7126376962442537,0.46665788994379487
0.4108610384759059,0.7126376962442537,0.4666244801688407
0.4108610384759059,0.7127244340359095,0.4666197690350279
0.4109544265969369,0.7127244340359095,0.46657541887596954
0.4109544265969369,0.7128979096192211,0.4665330127600711
0.4109777736271946,0.7128979096192211,0.4665223775251688
0.4109777736271946,0.712984647410877,0.46650686017312804
0.4110244676877101,0.712984647410877,0.46649059543968074
0.4110244676877101,0.7130713852025328,0.46648691834290124
0.4110711617482256,0.7130713852025328,0.46645464158656724
0.4110711617482256,0.7131581229941886,0.4664454218830416
0.4114213672020919,0.7131581229941886,0.4663180978613206
0.4114213672020919,0.7132448607858444,0.466286958569641
0.41158479641389617,0.7132448607858444,0.4662148524256686
0.41158479641389617,0.7134183363691561,0.466188931497883
0.4117482256257004,0.7134183363691561,0.46612142895897046
0.4117482256257004,0.7135050741608119,0.4661091201349806
0.41177157265595815,0.7135050741608119,0.4660861683740063
0.41177157265595815,0.7135918119524677,0.4660776781812548
0.41181826671647365,0.7135918119524677,0.46606124056349363
0.41181826671647365,0.7138520253274352,0.46601695028909385
0.41188830780724695,0.7138520253274352,0.46597401860652554
0.41188830780724695,0.7140255009107468,0.46593707331219103
0.4119583488980202,0.7140255009107468,0.4659247119106814
0.4119583488980202,0.7142857142857143,0.46591244945326704
0.41198169592827794,0.7142857142857143,0.4658908956323279
0.41198169592827794,0.7144591898690259,0.4658849716694343
0.4120517370190512,0.7144591898690259,0.46583446670607787
0.4120517370190512,0.7146326654523376,0.4658145387095184
0.41214512514008217,0.7146326654523376,0.46575279772168987
0.41214512514008217,0.7147194032439934,0.4657406432037309
0.4121684721703399,0.7147194032439934,0.46572632177050144
0.4121684721703399,0.7148061410356492,0.46572010848180223
0.41219181920059766,0.7148061410356492,0.4657064438911316
0.41219181920059766,0.7149796166189609,0.4656700588639562
0.41226186029137096,0.7149796166189609,0.465652327063374
0.41226186029137096,0.7150663544106167,0.46564576362369225
0.4122852073216287,0.7150663544106167,0.4656391511890584
0.4122852073216287,0.7151530922022725,0.465623515028012
0.412635412775495,0.7151530922022725,0.465511593099906
0.412635412775495,0.7152398299939283,0.4655075923276515
0.4126821068360105,0.7152398299939283,0.46548206724173524
0.4126821068360105,0.7153265677855842,0.4654708681140943
0.41272880089652597,0.7153265677855842,0.46544797027134666
0.41272880089652597,0.7155000433688958,0.4654304575669782
0.41282218901755696,0.7155000433688958,0.46540049954648444
0.41282218901755696,0.7155867811605516,0.46540024322586615
0.41291557713858795,0.7155867811605516,0.46537941045041864
0.41291557713858795,0.7156735189522074,0.4653664252724231
0.41296227119910345,0.7156735189522074,0.4653443698623684
0.41296227119910345,0.7157602567438633,0.4653413289692657
0.4130556593201345,0.7157602567438633,0.465262411306099
0.4130556593201345,0.7158469945355191,0.4652593807199066
0.41317239447142323,0.7158469945355191,0.46522899114340976
0.41317239447142323,0.7159337323271749,0.4652288526732009
0.4132424355621965,0.7159337323271749,0.4652056185933162
0.4132424355621965,0.7160204701188307,0.4652015741743445
0.4132657825924542,0.7160204701188307,0.46519432507057434
0.4132657825924542,0.7162806834937983,0.4651708386086564
0.41335917071348527,0.7162806834937983,0.4651489350446507
0.41335917071348527,0.716367421285454,0.4651361480014481
0.413382517743743,0.716367421285454,0.46513588729765076
0.413382517743743,0.7164541590771099,0.46513007297408904
0.41345255883451626,0.7164541590771099,0.4650975301756196
0.41345255883451626,0.7165408968687658,0.46509447190333975
0.4135225999252895,0.7165408968687658,0.465083207942381
0.4135225999252895,0.7166276346604216,0.46508239378441807
0.41359264101606275,0.7166276346604216,0.465013747042454
0.41359264101606275,0.7167143724520774,0.4650039359684016
0.4138261113186403,0.7167143724520774,0.4649528575782854
0.4138261113186403,0.7168011102437332,0.4649311610252338
0.413849458348898,0.7168011102437332,0.46492781421910223
0.413849458348898,0.7169745858270449,0.4649089484696467
0.41391949943967127,0.7169745858270449,0.4649015349800122
0.41391949943967127,0.7170613236187007,0.4648971907691223
0.41403623459096,0.7170613236187007,0.464875897737943
0.41403623459096,0.7172347992020123,0.46484008837182955
0.41405958162121775,0.7172347992020123,0.46481840612114134
0.41405958162121775,0.7173215369936682,0.46480689608764547
0.4142930519237953,0.7173215369936682,0.4647025452804453
0.4142930519237953,0.717408274785324,0.4647009760835612
0.4143864400448263,0.717408274785324,0.46466139452588084
0.4143864400448263,0.7174950125769798,0.4646605354561937
0.4144331341053418,0.7174950125769798,0.4646448634983187
0.4144331341053418,0.7175817503686356,0.4646384222467983
0.41454986925663057,0.7175817503686356,0.46461991062279717
0.41454986925663057,0.7176684881602914,0.46461119220368685
0.41459656331714606,0.7176684881602914,0.4645995357143441
0.41459656331714606,0.7177552259519473,0.46459123433362426
0.4146199103474038,0.7177552259519473,0.46458854093532886
0.4146199103474038,0.7178419637436031,0.4645733459146437
0.41541370937616734,0.7178419637436031,0.46416241885849163
0.41541370937616734,0.7179287015352589,0.4641593998422592
0.4154370564064251,0.7179287015352589,0.4641512916811238
0.4154370564064251,0.7180154393269147,0.4641333998709263
0.4156705267090026,0.7180154393269147,0.4640314084209387
0.4156705267090026,0.7181021771185706,0.46402087833386807
0.41574056779977586,0.7181021771185706,0.46399258910390906
0.41574056779977586,0.7181889149102264,0.46398521294768247
0.41583395592080685,0.7181889149102264,0.4639514747397703
0.41583395592080685,0.7182756527018822,0.46392411533523914
0.41595069107209565,0.7182756527018822,0.4638950906250062
0.41595069107209565,0.718362390493538,0.4638873179714428
0.41599738513261114,0.718362390493538,0.4638798486867397
0.41599738513261114,0.7184491282851938,0.4638758801449162
0.41604407919312664,0.7184491282851938,0.4638613772793134
0.41604407919312664,0.7185358660768497,0.46386085128705135
0.41620750840493087,0.7185358660768497,0.4638065112203309
0.41620750840493087,0.7186226038685055,0.46380491742857
0.41627754949570417,0.7186226038685055,0.4637331234177604
0.41627754949570417,0.7187093416601613,0.46373202650251555
0.41632424355621966,0.7187093416601613,0.46372819744202
0.41632424355621966,0.7187960794518171,0.4637183262266338
0.4164876727680239,0.7187960794518171,0.46365353383441243
0.4164876727680239,0.718882817243473,0.4636317717929097
0.41651101979828165,0.718882817243473,0.4636297988729312
0.41651101979828165,0.7190562928267846,0.46358573851788687
0.41672114307060143,0.7190562928267846,0.4634787393017088
0.41672114307060143,0.7191430306184404,0.4634708244362019
0.41693126634292116,0.7191430306184404,0.46337844268463013
0.41693126634292116,0.7192297684100962,0.4633642888345364
0.4169779604034367,0.7192297684100962,0.46336170978614244
0.4169779604034367,0.7193165062017521,0.46335758671036065
0.41704800149420995,0.7193165062017521,0.4633169395968557
0.41704800149420995,0.7194032439934079,0.4633055894806315
0.4171647366454987,0.7194032439934079,0.46325403359188955
0.4171647366454987,0.7195767195767195,0.4632530339792854
0.4173281658573029,0.7195767195767195,0.46317117174392275
0.4173281658573029,0.7197501951600312,0.46313563560704163
0.41760833022039595,0.7197501951600312,0.4630641821298639
0.41760833022039595,0.719836932951687,0.4630597217972572
0.4176783713111692,0.719836932951687,0.4630222281083841
0.4176783713111692,0.7200104085349986,0.4629962094901191
0.41777175943220024,0.7200104085349986,0.4629344993784864
0.41777175943220024,0.7200971463266546,0.46291851384535465
0.41786514755323123,0.7200971463266546,0.4628870796155198
0.41786514755323123,0.7201838841183104,0.46288601374445293
0.418075270825551,0.7201838841183104,0.46280326803195515
0.418075270825551,0.7202706219099662,0.4627956443389525
0.41819200597683975,0.7202706219099662,0.46276543379266166
0.41819200597683975,0.7204440974932779,0.46275286169508745
0.41823870003735525,0.7204440974932779,0.4627473030006981
0.41823870003735525,0.7205308352849337,0.46274590285280304
0.41828539409787074,0.7205308352849337,0.4627392203214291
0.41828539409787074,0.7206175730765895,0.4627353633342727
0.4184021292491595,0.7206175730765895,0.4626977858979552
0.4184021292491595,0.7207043108682453,0.46267398578213437
0.4184721703399328,0.7207043108682453,0.4626553756589481
0.4184721703399328,0.720877786451557,0.46264463824670954
0.4187990287635413,0.720877786451557,0.46250816406120665
0.4187990287635413,0.7209645242432128,0.4625081493252824
0.41882237579379905,0.7209645242432128,0.4624978281889729
0.41882237579379905,0.7210512620348686,0.4624896813333492
0.4188457228240568,0.7210512620348686,0.46247920577343826
0.4188457228240568,0.7212247376181803,0.46245981033858585
0.41891576391483004,0.7212247376181803,0.462419622769636
0.41891576391483004,0.7213114754098361,0.46239637881800066
0.4189858050056033,0.7213114754098361,0.46238437505134444
0.4189858050056033,0.7213982132014919,0.4623730910875552
0.4192192753081808,0.7213982132014919,0.46227214472306766
0.4192192753081808,0.7214849509931477,0.4622682617255227
0.4195227867015316,0.7214849509931477,0.4620912832338495
0.4195227867015316,0.7215716887848035,0.4620868646555115
0.41954613373178934,0.7215716887848035,0.46208249070141394
0.41954613373178934,0.7216584265764594,0.46208161772181966
0.4195694807620471,0.7216584265764594,0.462059527500723
0.4195694807620471,0.7217451643681152,0.4620580197451808
0.41963952185282033,0.7217451643681152,0.46205257946786493
0.41963952185282033,0.721831902159771,0.46205246692433544
0.4197095629435936,0.721831902159771,0.4620204828790955
0.4197095629435936,0.7219186399514268,0.46202040312575154
0.4199897273066866,0.7219186399514268,0.4619207468296167
0.4199897273066866,0.7220921155347385,0.4618962756554691
0.4200364213672021,0.7220921155347385,0.46188180350888186
0.4200364213672021,0.7221788533263943,0.4618803966000822
0.42015315651849083,0.7221788533263943,0.4618338626548736
0.42015315651849083,0.7222655911180501,0.46182834423028185
0.4202231976092641,0.7222655911180501,0.46181582181758063
0.4202231976092641,0.7223523289097059,0.4617961968803811
0.4202698916697796,0.7223523289097059,0.4617846629796285
0.4202698916697796,0.7224390667013618,0.4617811833049691
0.42069013821441914,0.7224390667013618,0.46158357467527633
0.42069013821441914,0.7225258044930176,0.46156344077629785
0.4208302203959656,0.7225258044930176,0.46150904889643585
0.4208302203959656,0.7226125422846734,0.4614822808782675
0.42090026148673887,0.7226125422846734,0.46146951497630817
0.42090026148673887,0.7226992800763292,0.4614676842256107
0.4209236085169966,0.7226992800763292,0.4614633166413097
0.4209236085169966,0.7227860178679851,0.46145541817308877
0.42097030257751217,0.7227860178679851,0.46143949071085366
0.42097030257751217,0.7228727556596409,0.46143741392544524
0.42111038475905865,0.7228727556596409,0.4613849548555231
0.42111038475905865,0.7229594934512967,0.46138256768400465
0.4211337317893164,0.7229594934512967,0.4613612561702811
0.4211337317893164,0.7230462312429525,0.46136069369630006
0.4211804258498319,0.7230462312429525,0.4613298716337393
0.4211804258498319,0.7231329690346083,0.46132275540564815
0.4212271199103474,0.7231329690346083,0.4612682488123222
0.4212271199103474,0.72330644461792,0.46124375606914403
0.4213438550616362,0.72330644461792,0.46123178233766793
0.4213438550616362,0.7233931824095758,0.4612283296983378
0.42136720209189393,0.7233931824095758,0.4612154972294604
0.42136720209189393,0.7234799202012316,0.46121255928108784
0.42167071348524465,0.7234799202012316,0.4610871827633636
0.42167071348524465,0.7235666579928876,0.46107063484350075
0.42183414269704894,0.7235666579928876,0.4609732966091775
0.42183414269704894,0.7236533957845434,0.4609685938527551
0.4220209189391109,0.7236533957845434,0.46087259982648565
0.4220209189391109,0.7237401335761992,0.4608634798726664
0.42204426596936867,0.7237401335761992,0.46086106937686233
0.42204426596936867,0.723826871367855,0.46081972122487247
0.4220909600298842,0.723826871367855,0.4608176689456409
0.4220909600298842,0.7239136091595108,0.4608125861398089
0.4221376540903997,0.7239136091595108,0.4607478041230547
0.4221376540903997,0.7240003469511667,0.46074398023775076
0.4221843481509152,0.7240003469511667,0.4606839373883689
0.4221843481509152,0.7240870847428225,0.4606828626869177
0.42225438924168845,0.7240870847428225,0.4606600052487767
0.42225438924168845,0.7241738225344783,0.46063239874134343
0.42230108330220395,0.7241738225344783,0.46058936426870656
0.42230108330220395,0.7242605603261341,0.46058316464443216
0.4224178184534927,0.7242605603261341,0.4605549340433339
0.4224178184534927,0.7244340359094458,0.4605463107958242
0.4225345536047815,0.7244340359094458,0.4605102602267259
0.4225345536047815,0.7246075114927574,0.46048903616084946
0.42272132984684346,0.7246075114927574,0.4604120639630933
0.42272132984684346,0.7246942492844132,0.46040157284680416
0.42279137093761676,0.7246942492844132,0.46036763153201277
0.42279137093761676,0.7248677248677249,0.4603259485423171
0.42286141202839,0.7248677248677249,0.46028903474804306
0.42286141202839,0.7249544626593807,0.46027964790118425
0.4229081060889055,0.7249544626593807,0.46026701336726816
0.4229081060889055,0.7250412004510365,0.46025861873698526
0.422954800149421,0.7250412004510365,0.46020438210955394
0.422954800149421,0.7251279382426924,0.46020202678766775
0.42297814717967874,0.7251279382426924,0.46019479075785064
0.42297814717967874,0.7252146760343482,0.46019386077217694
0.423048188270452,0.7252146760343482,0.4601760064269035
0.423048188270452,0.725301413826004,0.4601745874121843
0.42311822936122523,0.725301413826004,0.4601254786889196
0.42311822936122523,0.7253881516176598,0.4601237395804947
0.42330500560328727,0.7253881516176598,0.4600580963270384
0.42330500560328727,0.7254748894093156,0.4600517195197168
0.4236318640268958,0.7254748894093156,0.45989257960191343
0.4236318640268958,0.7255616272009715,0.45988968106917794
0.42388868135973107,0.7255616272009715,0.45972007880399357
0.42388868135973107,0.7257351027842831,0.45971470219296096
0.42393537542024656,0.7257351027842831,0.45968916650835756
0.42393537542024656,0.7258218405759389,0.45967962904285686
0.42402876354127755,0.7258218405759389,0.4596631912428947
0.42402876354127755,0.7259953161592506,0.4596313928572128
0.4243556219648861,0.7259953161592506,0.4595116799479029
0.4243556219648861,0.7260820539509064,0.45949842609351965
0.4244723571161748,0.7260820539509064,0.45945296624996346
0.4244723571161748,0.7261687917425622,0.4594367027442604
0.4245190511766903,0.7261687917425622,0.45941773832912525
0.4245190511766903,0.7264290051175297,0.45939358061665225
0.42461243929772136,0.7264290051175297,0.45934876708961825
0.42461243929772136,0.7265157429091855,0.4593395956551448
0.4248692566305566,0.7265157429091855,0.4592523029835264
0.4248692566305566,0.7266024807008413,0.4592368824117191
0.4249392977213298,0.7266024807008413,0.45920262449223237
0.4249392977213298,0.7266892184924972,0.4591950064559863
0.42521946208442285,0.7266892184924972,0.4590941007310455
0.42521946208442285,0.726775956284153,0.4590892128735722
0.4252895031751961,0.726775956284153,0.45907311398107
0.4252895031751961,0.7268626940758088,0.4590683585135986
0.42531285020545384,0.7268626940758088,0.4590666495046858
0.42531285020545384,0.7269494318674646,0.4590645073563304
0.42568640268957786,0.7269494318674646,0.45891963169912975
0.42568640268957786,0.7270361696591204,0.45890431546088806
0.4257330967500934,0.7270361696591204,0.45888651829112515
0.4257330967500934,0.7271229074507763,0.45888597134895037
0.42580313784086665,0.7271229074507763,0.4588570911586317
0.42580313784086665,0.7272096452424321,0.45884261633402
0.4258731789316399,0.7272096452424321,0.4588313613951598
0.4258731789316399,0.727296383034088,0.4588197734659143
0.4259198729921554,0.727296383034088,0.458796129905522
0.4259198729921554,0.7273831208257437,0.45879364726452443
0.42594322002241314,0.7273831208257437,0.45879065680915865
0.42594322002241314,0.7274698586173997,0.45878804394340955
0.4261066492342174,0.7274698586173997,0.4587276072128448
0.4261066492342174,0.7276433342007113,0.45869467570947886
0.4261533432947329,0.7276433342007113,0.4586526687851985
0.4261533432947329,0.7277300719923671,0.45864829131403784
0.42631677250653716,0.7277300719923671,0.45861128392358264
0.42631677250653716,0.7278168097840229,0.45860848451336933
0.4266903249906612,0.7278168097840229,0.4584950226881632
0.4266903249906612,0.7279035475756788,0.45849249853978913
0.4267136720209189,0.7279035475756788,0.45848796033979633
0.4267136720209189,0.7279902853673346,0.4584842325720627
0.4267603660814344,0.7279902853673346,0.4584533833948712
0.4267603660814344,0.7280770231589904,0.4584355242960243
0.4267837131116922,0.7280770231589904,0.45843385318320495
0.4267837131116922,0.7281637609506462,0.45842381830054113
0.42694714232349645,0.7281637609506462,0.458370210294584
0.42694714232349645,0.728250498742302,0.4583701509386433
0.4270638774747852,0.728250498742302,0.45827295463681395
0.4270638774747852,0.7283372365339579,0.45824557107331043
0.4271105715353007,0.7283372365339579,0.4582163077504501
0.4271105715353007,0.7284239743256137,0.4582113849893116
0.42725065371684723,0.7284239743256137,0.4581799116791795
0.42725065371684723,0.7285107121172695,0.45817241948363363
0.427274000747105,0.7285107121172695,0.4581690366519442
0.427274000747105,0.7285974499089253,0.45816191598752665
0.4273440418378782,0.7285974499089253,0.4581446650678477
0.4273440418378782,0.7286841877005812,0.45813277919038553
0.42757751214045575,0.7286841877005812,0.4580053928736524
0.42757751214045575,0.728770925492237,0.4579984766134988
0.4276008591707135,0.728770925492237,0.4579929574291586
0.4276008591707135,0.7288576632838928,0.4579927408891782
0.4280677997758685,0.7288576632838928,0.45777174509465157
0.4280677997758685,0.7289444010755486,0.45776719316053616
0.42851139335076577,0.7289444010755486,0.4575551012421163
0.42851139335076577,0.7290311388672044,0.457544984724083
0.4285347403810235,0.7290311388672044,0.45753955660557943
0.4285347403810235,0.7291178766588603,0.45752559022956685
0.42867482256257006,0.7291178766588603,0.4574897302176014
0.42867482256257006,0.7292046144505161,0.45747957484940627
0.4286981695928278,0.7292046144505161,0.4574643886412171
0.4286981695928278,0.7293780900338277,0.4574478532351708
0.4289316398954053,0.7293780900338277,0.4574068301190781
0.4289316398954053,0.7294648278254836,0.4574062781774111
0.42923515128875606,0.7294648278254836,0.457201775848597
0.42923515128875606,0.7296383034087952,0.45718162068568424
0.42939858050056035,0.7296383034087952,0.4570257216652114
0.42939858050056035,0.729725041200451,0.4570252860394636
0.42944527456107584,0.729725041200451,0.45696974791924816
0.42944527456107584,0.7298117789921068,0.45696675657349606
0.4295153156518491,0.7298117789921068,0.4569516456369841
0.4295153156518491,0.7298985167837627,0.4569395042869626
0.4295620097123646,0.7298985167837627,0.4569321538450849
0.4295620097123646,0.7299852545754185,0.456928339521789
0.4296787448636533,0.7299852545754185,0.45691205293216197
0.4296787448636533,0.7300719923670743,0.4569069306497525
0.4298421740754576,0.7300719923670743,0.45686021067366345
0.4298421740754576,0.7301587301587301,0.4568581101477265
0.4301456854688084,0.7301587301587301,0.4567707759226699
0.4301456854688084,0.730245467950386,0.4567658874181002
0.43023907358983937,0.730245467950386,0.4567133826986125
0.43023907358983937,0.7303322057420418,0.4566995535673358
0.4303558087411281,0.7303322057420418,0.4566653864601339
0.4303558087411281,0.7305056813253534,0.4566297560855035
0.43054258498319015,0.7305056813253534,0.4565292604454553
0.43054258498319015,0.7305924191170092,0.4565190586020712
0.43058927904370564,0.7305924191170092,0.4565100606303625
0.43058927904370564,0.7308526324919767,0.4564848914937828
0.4308227493462832,0.7308526324919767,0.4564223466232996
0.4308227493462832,0.7311128458669442,0.4563659471902417
0.43091613746731416,0.7311128458669442,0.45632856184414927
0.43091613746731416,0.7312863214502558,0.4563109610679372
0.43096283152782966,0.7312863214502558,0.45630271196307903
0.43096283152782966,0.7313730592419116,0.4562983752794719
0.4310795666791184,0.7313730592419116,0.4562431148765501
0.4310795666791184,0.7314597970335676,0.45623975359886426
0.43110291370937615,0.7314597970335676,0.4562361882125642
0.43110291370937615,0.7315465348252234,0.4562323263450462
0.4311262607396339,0.7315465348252234,0.45622446489588453
0.4311262607396339,0.7316332726168792,0.4562149496377934
0.4311963018304072,0.7316332726168792,0.4561626750555843
0.4311963018304072,0.731720010408535,0.4561549568136438
0.4312896899514382,0.731720010408535,0.4560827198725034
0.4312896899514382,0.7318067482001909,0.4560782515478121
0.43147646619350016,0.7318067482001909,0.45599659528796943
0.43147646619350016,0.7318934859918467,0.4559910052782775
0.4316165483750467,0.7318934859918467,0.45592734609641383
0.4316165483750467,0.7319802237835025,0.4559254917120551
0.43177997758685094,0.7319802237835025,0.45586587199320217
0.43177997758685094,0.7320669615751583,0.45586100316102474
0.4321768771012327,0.7320669615751583,0.4556512430598172
0.4321768771012327,0.73224043715847,0.4556385713731932
0.43227026522226375,0.73224043715847,0.45559643805724614
0.43227026522226375,0.7323271749501258,0.4555838882611185
0.432433694434068,0.7323271749501258,0.45548059105391747
0.432433694434068,0.7324139127417816,0.4554788330086047
0.43245704146432573,0.7324139127417816,0.45547753804121993
0.43245704146432573,0.7325006505334374,0.4554718988829416
0.4324803884945835,0.7325006505334374,0.4554695705014
0.4324803884945835,0.7325873883250933,0.4554683396818837
0.43264381770638777,0.7325873883250933,0.4553300582725692
0.43264381770638777,0.7328476017000607,0.4553035967952611
0.4330640642510273,0.7328476017000607,0.45513464958426353
0.4330640642510273,0.7330210772833724,0.45512030064415854
0.4331341053418005,0.7330210772833724,0.4551109219216223
0.4331341053418005,0.7331078150750282,0.4550975347889261
0.43315745237205827,0.7331078150750282,0.45509106553720724
0.43315745237205827,0.733194552866684,0.45504054945912864
0.433180799402316,0.733194552866684,0.455025351251234
0.433180799402316,0.7332812906583398,0.4550212618491888
0.4333442286141203,0.7332812906583398,0.4549891881004309
0.4333442286141203,0.7333680284499957,0.4549817133422348
0.43336757564437806,0.7333680284499957,0.45497854916351765
0.43336757564437806,0.7334547662416515,0.4549762893957545
0.43346096376540905,0.7334547662416515,0.45492478094093114
0.43346096376540905,0.7337149796166189,0.45487993842764685
0.43350765782592454,0.7337149796166189,0.4548725120490752
0.43350765782592454,0.7338884551999306,0.45485732987894023
0.4336243929772133,0.7338884551999306,0.4548043995478148
0.4336243929772133,0.7341486685748981,0.4547832330768189
0.4336710870377288,0.7341486685748981,0.4547740585899591
0.4336710870377288,0.7344088819498655,0.45474164900463765
0.4338111692192753,0.7344088819498655,0.4547105907431702
0.4338111692192753,0.7344956197415213,0.45467537482652665
0.4342781098244303,0.7344956197415213,0.45444724293428307
0.4342781098244303,0.7345823575331772,0.45443848457028635
0.43451158012700786,0.7345823575331772,0.45433816031857166
0.43451158012700786,0.734669095324833,0.4543328322251151
0.43465166230855434,0.734669095324833,0.45427513865691516
0.43465166230855434,0.7348425709081446,0.4542183962294575
0.4349084796413896,0.7348425709081446,0.4540913713858674
0.4349084796413896,0.7349293086998006,0.45407805504582066
0.4349551737019051,0.7349293086998006,0.4540674050308542
0.4349551737019051,0.7350160464914564,0.45405934591777264
0.43507190885319386,0.7350160464914564,0.4539943515952912
0.43507190885319386,0.7351027842831122,0.4539864354247273
0.43511860291370935,0.7351027842831122,0.4539571823848061
0.43511860291370935,0.735189522074768,0.4539349020029333
0.4351652969742249,0.735189522074768,0.45393076027311785
0.4351652969742249,0.7352762598664238,0.453924433243608
0.43523533806499815,0.7352762598664238,0.45391247190416895
0.43523533806499815,0.7353629976580797,0.45389802203098983
0.4353053791557714,0.7353629976580797,0.45387867688438344
0.4353053791557714,0.7354497354497355,0.4538629794420639
0.4353520732162869,0.7354497354497355,0.45385542908195664
0.4353520732162869,0.7355364732413913,0.4538340083421437
0.43537542024654463,0.7355364732413913,0.45381399712074455
0.43537542024654463,0.7356232110330471,0.4537908534977394
0.4357256257004109,0.7356232110330471,0.45361225022451057
0.4357256257004109,0.7357966866163588,0.45359051660224226
0.43584236085169964,0.7357966866163588,0.4535161634674989
0.43584236085169964,0.7358834244080146,0.4535106085934817
0.4359824430332462,0.7358834244080146,0.45345927689124654
0.4359824430332462,0.7359701621996704,0.4534563941776203
0.4360524841240194,0.7359701621996704,0.45341537273629795
0.4360524841240194,0.7360568999913262,0.4534089398048339
0.4361458722450504,0.7360568999913262,0.4533735523551583
0.4361458722450504,0.7361436377829821,0.4533601386538312
0.4363093014568547,0.7361436377829821,0.4532930874189528
0.4363093014568547,0.7362303755746379,0.453289009537057
0.4364026895778857,0.7362303755746379,0.4532330480263894
0.4364026895778857,0.7363171133662937,0.45321721728379627
0.43642603660814344,0.7363171133662937,0.4532122134290436
0.43642603660814344,0.7364038511579495,0.4532050229327885
0.43647273066865894,0.7364038511579495,0.4532034318423098
0.43647273066865894,0.7364905889496054,0.4531994075080422
0.436659506910721,0.7364905889496054,0.4531285603397647
0.436659506910721,0.7365773267412612,0.453082334269198
0.4369163242435562,0.7365773267412612,0.4529720874516504
0.4369163242435562,0.736664064532917,0.45296133534032623
0.43693967127381395,0.736664064532917,0.4529386355334032
0.43693967127381395,0.7368375401162286,0.4529152605261886
0.4370797534553605,0.7368375401162286,0.452869018664951
0.4370797534553605,0.7369242779078845,0.45286247634295307
0.437406611878969,0.7369242779078845,0.4527219472730485
0.437406611878969,0.7370110156995403,0.45271195473191583
0.4375,0.7370110156995403,0.4526821048294949
0.4375,0.7370977534911961,0.45267165594470293
0.4375466940605155,0.7370977534911961,0.45262673171340917
0.4375466940605155,0.7373579668661636,0.4526140201444713
0.43766342921180423,0.7373579668661636,0.4526019317924731
0.43766342921180423,0.7374447046578194,0.4525645545236129
0.4378268584236085,0.7374447046578194,0.452484372477309
0.4378268584236085,0.7375314424494752,0.452472227612264
0.4381770638774748,0.7375314424494752,0.45236878959547766
0.4381770638774748,0.737618180241131,0.4523674287785274
0.4382237579379903,0.737618180241131,0.4523599028007883
0.4382237579379903,0.7377049180327869,0.4523419329987528
0.4384572282405678,0.7377049180327869,0.4522788341702553
0.4384572282405678,0.7377916558244427,0.45226069232620647
0.43852726933134106,0.7377916558244427,0.45221048135717623
0.43852726933134106,0.7378783936160985,0.45220689938655956
0.43857396339185656,0.7378783936160985,0.45218857336535556
0.43857396339185656,0.7380518691994102,0.4521784261441346
0.4386906985431453,0.7380518691994102,0.45212106907620875
0.4386906985431453,0.738138606991066,0.45211875109898414
0.4387373926036608,0.738138606991066,0.45211285763107967
0.4387373926036608,0.7382253447827218,0.4521033734145615
0.4388074336944341,0.7382253447827218,0.45208450225613983
0.4388074336944341,0.7383120825743776,0.4520610030755695
0.43899420993649607,0.7383120825743776,0.45196728823168564
0.43899420993649607,0.7383988203660334,0.4519605031385491
0.4390642510272693,0.7383988203660334,0.451949428150929
0.4390642510272693,0.7384855581576893,0.4519404729771488
0.4391109450877848,0.7384855581576893,0.45189681143548277
0.4391109450877848,0.738659033741001,0.4518846117514197
0.43915763914830036,0.738659033741001,0.4518569276073252
0.43915763914830036,0.7387457715326567,0.4518377981231252
0.4395778856929399,0.7387457715326567,0.4516245616496858
0.4395778856929399,0.7388325093243127,0.45162451062533526
0.4396012327231976,0.7388325093243127,0.4516179825897092
0.4396012327231976,0.7390059849076243,0.4516164950250726
0.4396479267837131,0.7390059849076243,0.4516101275987625
0.4396479267837131,0.7391794604909359,0.45159178699998104
0.43967127381397086,0.7391794604909359,0.4515742109268778
0.43967127381397086,0.7392661982825918,0.4515638021782511
0.4397413149047441,0.7392661982825918,0.45153857742961967
0.4397413149047441,0.7393529360742476,0.45152170806412195
0.43976466193500185,0.7393529360742476,0.45151085602843377
0.43976466193500185,0.7394396738659034,0.4514959285436726
0.4398347030257751,0.7394396738659034,0.4514139024997591
0.4398347030257751,0.7395264116575592,0.4514073327145829
0.43985805005603285,0.7395264116575592,0.4514029345371996
0.43985805005603285,0.739613149449215,0.4513979814397513
0.4399981322375794,0.739613149449215,0.45135946433024987
0.4399981322375794,0.7396998872408709,0.45135724072217775
0.4400448262980949,0.7396998872408709,0.4513470058740865
0.4400448262980949,0.7397866250325267,0.45134227554304507
0.44006817332835263,0.7397866250325267,0.45133777302164
0.44006817332835263,0.7398733628241825,0.45133148083914987
0.4401382144191259,0.7398733628241825,0.45130254332465847
0.4401382144191259,0.7399601006158383,0.4512965739747028
0.44034833769144566,0.7399601006158383,0.4511870918692201
0.44034833769144566,0.7402203139908058,0.4511493336778767
0.4405117669032499,0.7402203139908058,0.4510616577524639
0.4405117669032499,0.7403070517824616,0.4510516421734343
0.44065184908479643,0.7403070517824616,0.4509816117153257
0.44065184908479643,0.7404805273657733,0.4509482732004637
0.4409553604781472,0.7404805273657733,0.4508458957933832
0.4409553604781472,0.7407407407407407,0.4508387548629226
0.4412822189017557,0.7407407407407407,0.45065469642070455
0.4412822189017557,0.7408274785323966,0.45064800505076597
0.4413055659320134,0.7408274785323966,0.4506436099793286
0.4413055659320134,0.7409142163240524,0.4506217559735729
0.4414689951438177,0.7409142163240524,0.4505518577263403
0.4414689951438177,0.7410009541157082,0.4505429227821308
0.44149234217407546,0.7410009541157082,0.4505241021188564
0.44149234217407546,0.741087691907364,0.4505237122260142
0.44174915950691074,0.741087691907364,0.45044797231163247
0.44174915950691074,0.7411744296990198,0.4504402191500698
0.44179585356742623,0.7411744296990198,0.45043735347986735
0.44179585356742623,0.7412611674906757,0.4504276071319898
0.441819200597684,0.7412611674906757,0.45042575944559915
0.441819200597684,0.7413479052823315,0.45040091749142963
0.4418892416884572,0.7413479052823315,0.4503744870458376
0.4418892416884572,0.7414346430739873,0.4503689414660693
0.4419359357489727,0.7414346430739873,0.45035516332623726
0.4419359357489727,0.7415213808656431,0.4503308439348155
0.4421460590212925,0.7415213808656431,0.4502318147573058
0.4421460590212925,0.741608118657299,0.4502146950375202
0.442192753081808,0.741608118657299,0.45019945735938216
0.442192753081808,0.7416948564489548,0.45018389445074936
0.442286141202839,0.7416948564489548,0.4501537287696944
0.442286141202839,0.7417815942406106,0.4501413826595373
0.44235618229361223,0.7417815942406106,0.4500866362100796
0.44235618229361223,0.7418683320322664,0.450082927279683
0.442566305565932,0.7418683320322664,0.4500178408657156
0.442566305565932,0.7419550698239222,0.45001700520497045
0.4427764288382518,0.7419550698239222,0.44992979608993644
0.4427764288382518,0.7420418076155781,0.44990867590301187
0.4430799402316025,0.7420418076155781,0.44980618328816435
0.4430799402316025,0.7423020209905455,0.44980361553668324
0.44317332835263357,0.7423020209905455,0.44973982803681123
0.44317332835263357,0.7423887587822015,0.4497385711913334
0.44340679865521104,0.7423887587822015,0.44967203156983815
0.44340679865521104,0.742562234365513,0.4496032175807849
0.44352353380649984,0.742562234365513,0.44957764695436053
0.44352353380649984,0.7426489721571689,0.44956714145201193
0.4435935748972731,0.7426489721571689,0.44954130853656527
0.4435935748972731,0.7427357099488247,0.4495272576892255
0.4436402689577886,0.7427357099488247,0.4495155019976448
0.4436402689577886,0.7428224477404806,0.44951110612791545
0.44368696301830407,0.7428224477404806,0.44947107561457855
0.44368696301830407,0.7429091855321364,0.4494705496751491
0.4437103100485618,0.7429091855321364,0.4494598020079681
0.4437103100485618,0.7429959233237922,0.44945274543186453
0.44389708629062385,0.7429959233237922,0.44935941251203415
0.44389708629062385,0.743082661115448,0.4493425224415706
0.4439671273813971,0.743082661115448,0.4493210452780313
0.4439671273813971,0.7431693989071039,0.44928650304109363
0.4441772506537168,0.7431693989071039,0.44913263538826065
0.4441772506537168,0.7432561366987597,0.4491256918871058
0.4442472917444901,0.7432561366987597,0.4491213723566423
0.4442472917444901,0.7433428744904155,0.4490909481951455
0.4443873739260366,0.7433428744904155,0.4490568576581184
0.4443873739260366,0.7435163500737271,0.44902013310231803
0.44450410907732535,0.7435163500737271,0.4489508325080057
0.44450410907732535,0.7436898256570388,0.4489418421837206
0.4445274561075831,0.7436898256570388,0.4489393652263757
0.4445274561075831,0.7437765634486946,0.4489334063557351
0.4446441912588719,0.7437765634486946,0.4488843638443154
0.4446441912588719,0.7438633012403504,0.4488720109982606
0.4448076204706761,0.7438633012403504,0.44883946444058087
0.4448076204706761,0.7439500390320063,0.4488170933938316
0.4454846843481509,0.7439500390320063,0.4485966990888083
0.4454846843481509,0.7440367768236621,0.44859610154459895
0.4455780724691819,0.7440367768236621,0.4485510363989941
0.4455780724691819,0.7441235146153179,0.4485464816833479
0.44576484871124394,0.7441235146153179,0.4484820630052978
0.44576484871124394,0.7442102524069737,0.44847207222713803
0.4457881957415017,0.7442102524069737,0.4484239071586692
0.4457881957415017,0.7442969901986295,0.4484191006905186
0.4459983190138214,0.7442969901986295,0.4483532873471354
0.4459983190138214,0.7443837279902854,0.4483504516175154
0.4461150541651102,0.7443837279902854,0.448314130833969
0.4461150541651102,0.744557203573597,0.44828382483585993
0.4462084422861412,0.744557203573597,0.4482443274160608
0.4462084422861412,0.7446439413652528,0.4482424442419063
0.44623178931639895,0.7446439413652528,0.44823109741519707
0.44623178931639895,0.7447306791569087,0.44822070881625764
0.4463018304071722,0.7447306791569087,0.4481699927969587
0.4463018304071722,0.7448174169485645,0.4481656078139139
0.4466753828912962,0.7448174169485645,0.4480195685878079
0.4466753828912962,0.7449041547402203,0.4480132771344544
0.44676877101232726,0.7449041547402203,0.4479745613627095
0.44676877101232726,0.7449908925318761,0.44797025231128407
0.446792118042585,0.7449908925318761,0.4479688392437141
0.446792118042585,0.7450776303235319,0.44795736546255094
0.44686215913335825,0.7450776303235319,0.44793726527596633
0.44686215913335825,0.7452511059068436,0.44792420161468516
0.44725905864774,0.7452511059068436,0.44775010515539004
0.44725905864774,0.7454245814901552,0.44773833269761776
0.44737579379902875,0.7454245814901552,0.4476972210400233
0.44737579379902875,0.7455113192818111,0.4476868749271271
0.4475158759805753,0.7455113192818111,0.44760405633399103
0.4475158759805753,0.7455980570734669,0.4475986993960682
0.4475625700410908,0.7455980570734669,0.44759493852150567
0.4475625700410908,0.7456847948651227,0.4475756865153936
0.44763261113186403,0.7456847948651227,0.4475380970244691
0.44763261113186403,0.7457715326567785,0.4475258925028337
0.44767930519237953,0.7457715326567785,0.4475209408922266
0.44767930519237953,0.7458582704484343,0.44751382007076534
0.44774934628315277,0.7458582704484343,0.44744836337271887
0.44774934628315277,0.7459450082400902,0.44744633601601413
0.4478894284646993,0.7459450082400902,0.4473868778833583
0.4478894284646993,0.746031746031746,0.4473683251371996
0.44809955173701904,0.746031746031746,0.4472684176409515
0.44809955173701904,0.7461184838234018,0.4472622520906411
0.44814624579753454,0.7461184838234018,0.4472543282123874
0.44814624579753454,0.7462052216150576,0.4472502187279306
0.4482396339185656,0.7462052216150576,0.44722819533828717
0.4482396339185656,0.7462919594067136,0.44722756246361384
0.44842641016062756,0.7462919594067136,0.4471723034819458
0.44842641016062756,0.7463786971983694,0.4471694864456377
0.4485431453119163,0.7463786971983694,0.4471464899648129
0.4485431453119163,0.7464654349900252,0.4471384261519148
0.44858983937243185,0.7464654349900252,0.4471270525484766
0.44858983937243185,0.7466389105733368,0.4470899637594058
0.44872992155397834,0.7466389105733368,0.4470589286600647
0.44872992155397834,0.7468123861566485,0.44705115649688987
0.4487999626447516,0.7468123861566485,0.4470053522604871
0.4487999626447516,0.7468991239483043,0.4470033175949383
0.44882330967500933,0.7468991239483043,0.4469986443477365
0.44882330967500933,0.7471593373232718,0.4469877374801686
0.44896339185655587,0.7471593373232718,0.4469282790647766
0.44896339185655587,0.7472460751149276,0.4469226959190101
0.4490801270078446,0.7472460751149276,0.4468938564107424
0.4490801270078446,0.7473328129065834,0.4468841341657088
0.44915016809861785,0.7473328129065834,0.44687163899477866
0.44915016809861785,0.7475062884898951,0.44685026974507447
0.44931359731042214,0.7475062884898951,0.4467746308292939
0.44931359731042214,0.7475930262815509,0.44675813279953314
0.4494536794919686,0.7475930262815509,0.44669340469107155
0.4494536794919686,0.7476797640732067,0.4466778566263184
0.4496404557340306,0.7476797640732067,0.4465950967528378
0.4496404557340306,0.7477665018648625,0.4465875525027908
0.44966380276428836,0.7477665018648625,0.4465510689511073
0.44966380276428836,0.7478532396565184,0.44654001880616445
0.4498505790063504,0.7478532396565184,0.44646589676387427
0.4498505790063504,0.7479399774481742,0.44645583886188445
0.4498972730668659,0.7479399774481742,0.44644422333189326
0.4498972730668659,0.7481134530314858,0.4464320041048828
0.4502241314904744,0.7481134530314858,0.4462711817752747
0.4502241314904744,0.7482001908231416,0.44625045112401773
0.4502708255509899,0.7482001908231416,0.44624229528462755
0.4502708255509899,0.7483736664064533,0.44622700877520116
0.45071441912588717,0.7483736664064533,0.44600603994764243
0.45071441912588717,0.7484604041981091,0.44597513333912353
0.45076111318640266,0.7484604041981091,0.44593219260363715
0.45076111318640266,0.7485471419897649,0.44592153387331623
0.4508078072469182,0.7485471419897649,0.4459042409261911
0.4508078072469182,0.7486338797814208,0.4458821306043629
0.4509011953679492,0.7486338797814208,0.44583130044399755
0.4509011953679492,0.7487206175730766,0.44577667850145675
0.45113466567052674,0.7487206175730766,0.44568315002194836
0.45113466567052674,0.7488073553647324,0.44566743954752086
0.4512280537915577,0.7488073553647324,0.4456299501363302
0.4512280537915577,0.7488940931563882,0.44562347060700247
0.4516249533059395,0.7488940931563882,0.44546964570245273
0.4516249533059395,0.748980830948044,0.4454640701264656
0.4517883825177437,0.748980830948044,0.44542598713546666
0.4517883825177437,0.7490675687396999,0.445421986645551
0.45188177063877477,0.7490675687396999,0.44537482029816144
0.45188177063877477,0.7491543065313557,0.4453731255156108
0.45192846469929027,0.7491543065313557,0.445360845951005
0.45192846469929027,0.7492410443230115,0.4453537640967691
0.4522553231228988,0.7492410443230115,0.44518413204359797
0.4522553231228988,0.7493277821146673,0.44516057023002
0.4524654463952185,0.7493277821146673,0.4450725851351539
0.4524654463952185,0.7494145199063232,0.4450637848656789
0.4525821815465073,0.7494145199063232,0.44496698689503544
0.4525821815465073,0.749501257697979,0.44495669398799664
0.4526288756070228,0.749501257697979,0.4449371228260186
0.4526288756070228,0.7495879954896348,0.444933011370218
0.4527222637280538,0.7495879954896348,0.4449015467594337
0.4527222637280538,0.7496747332812906,0.4448981447747343
0.45288569293985803,0.7496747332812906,0.4448238951122869
0.45288569293985803,0.7497614710729464,0.44482064662643106
0.4533526335450131,0.7497614710729464,0.44464602307555356
0.4533526335450131,0.7498482088646024,0.44464422662154524
0.4534460216660441,0.7498482088646024,0.4445305083789266
0.4534460216660441,0.7499349466562582,0.4445278699335532
0.45346936869630183,0.7499349466562582,0.44452371927948453
0.45346936869630183,0.7503686356145373,0.44445142214412126
0.4534927157265596,0.7503686356145373,0.44444739403362477
0.4534927157265596,0.7505421111978489,0.44444324426910264
0.45351606275681733,0.7505421111978489,0.4444178513731236
0.45351606275681733,0.7506288489895048,0.44441712277870427
0.4536561449383638,0.7506288489895048,0.44435388703194023
0.4536561449383638,0.7507155867811606,0.44434065691267266
0.4537261860291371,0.7507155867811606,0.4442878206328995
0.4537261860291371,0.7508023245728164,0.44428344504535455
0.4537728800896526,0.7508023245728164,0.44424825038505944
0.4537728800896526,0.7508890623644722,0.4442463431738878
0.45384292118042585,0.7508890623644722,0.4442270189025952
0.45384292118042585,0.750975800156128,0.444225969502976
0.4541464325737766,0.750975800156128,0.44412648110343367
0.4541464325737766,0.7510625379477839,0.4441255642007296
0.45421647366454987,0.7510625379477839,0.4440670913664958
0.45421647366454987,0.7511492757394397,0.44406583457898796
0.4545433320881584,0.7511492757394397,0.44396344722367775
0.4545433320881584,0.7512360135310955,0.4439631168313283
0.4545900261486739,0.7512360135310955,0.4439262476077226
0.4545900261486739,0.7513227513227513,0.44390333234530155
0.45461337317893163,0.7513227513227513,0.44389969515380945
0.45461337317893163,0.751496226906063,0.4438694826800491
0.4547067612999626,0.751496226906063,0.4438125912605194
0.4547067612999626,0.7515829646977188,0.4438090645963846
0.4547534553604781,0.7515829646977188,0.44380333700156305
0.4547534553604781,0.7516697024893746,0.44380151850053595
0.45484684348150917,0.7516697024893746,0.44377196867945357
0.45484684348150917,0.7517564402810304,0.4437486211982956
0.4548701905117669,0.7517564402810304,0.4437304712043746
0.4548701905117669,0.7518431780726863,0.4437166793710591
0.4551737019051177,0.7518431780726863,0.4436019323208561
0.4551737019051177,0.7519299158643421,0.44360005295818816
0.45519704893537544,0.7519299158643421,0.4435921390634744
0.45519704893537544,0.7520166536559979,0.44358707368017813
0.4552904370564064,0.7520166536559979,0.44356492908523837
0.4552904370564064,0.7521033914476537,0.4435376766532554
0.45571068360104594,0.7521033914476537,0.44337178685792156
0.45571068360104594,0.7522768670309654,0.44334302479229326
0.4557340306313037,0.7522768670309654,0.443324365521387
0.4557340306313037,0.7523636048226212,0.44331186380944565
0.45575737766156144,0.7523636048226212,0.44330204715712873
0.45575737766156144,0.752450342614277,0.4433005562323371
0.45580407172207693,0.752450342614277,0.4432892711367725
0.45580407172207693,0.7525370804059328,0.4432599217346914
0.4558274187523347,0.7525370804059328,0.4432526282329914
0.4558274187523347,0.7526238181975887,0.4432434475919982
0.4559441539036235,0.7526238181975887,0.4431970406955523
0.4559441539036235,0.7527105559892445,0.4431850470966523
0.45603754202465446,0.7527105559892445,0.4431316283427644
0.45603754202465446,0.7527972937809003,0.44311848619139316
0.45608423608516996,0.7527972937809003,0.443109181884889
0.45608423608516996,0.752970769364212,0.4431066042493065
0.4561075831154277,0.752970769364212,0.44310527075114214
0.4561075831154277,0.7530575071558678,0.44309171545741777
0.45617762420620095,0.7530575071558678,0.44303110838123394
0.45617762420620095,0.7531442449475236,0.4430143405108188
0.4562009712364587,0.7531442449475236,0.4430067365984006
0.4562009712364587,0.7532309827391794,0.44299511591183516
0.45634105341800524,0.7532309827391794,0.4429112353177542
0.45634105341800524,0.7533177205308352,0.44290345150141264
0.45643444153903623,0.7533177205308352,0.4428811953736943
0.45643444153903623,0.7534044583224911,0.44288110049119667
0.45734497571908855,0.7534044583224911,0.4424131210100417
0.45734497571908855,0.7534911961141469,0.442406352838401
0.45739166977960405,0.7534911961141469,0.44237380554870864
0.45739166977960405,0.7535779339058027,0.4423716516911952
0.45748505790063504,0.7535779339058027,0.44231042361229955
0.45748505790063504,0.7537514094891145,0.44229047804291044
0.4575084049308928,0.7537514094891145,0.44227953001471265
0.4575084049308928,0.7538381472807703,0.4422785164220787
0.45757844602166603,0.7538381472807703,0.44223326008159525
0.45757844602166603,0.753924885072426,0.4422147392212239
0.4578352633545013,0.753924885072426,0.44207053768806936
0.4578352633545013,0.7540116228640819,0.44206554690169675
0.4578819574150168,0.7540116228640819,0.4420162876365813
0.4578819574150168,0.7540983606557377,0.44200539487234813
0.4579286514755323,0.7540983606557377,0.4419818415794431
0.4579286514755323,0.7541850984473936,0.44196893521843916
0.4580453866268211,0.7541850984473936,0.44191146548035665
0.4580453866268211,0.7543585740307052,0.4418951486111691
0.45806873365707884,0.7543585740307052,0.4418882715340706
0.45806873365707884,0.754445311822361,0.4418607899393594
0.4583022039596563,0.754445311822361,0.44178535824460285
0.4583022039596563,0.7545320496140169,0.4417787162049557
0.4583488980201718,0.7545320496140169,0.44175119878903724
0.4583488980201718,0.7546187874056727,0.4417368005294162
0.45844228614120286,0.7546187874056727,0.4416998278371732
0.45844228614120286,0.7547055251973285,0.44169631354817007
0.45853567426223385,0.7547055251973285,0.44166622774920605
0.45853567426223385,0.7547922629889843,0.44165571520643876
0.45858236832274935,0.7547922629889843,0.44164543892332075
0.45858236832274935,0.7548790007806401,0.44164521005206814
0.4586057153530071,0.7548790007806401,0.4416428075805019
0.4586057153530071,0.754965738572296,0.44163886398843033
0.45862906238326484,0.754965738572296,0.4416380284558684
0.45862906238326484,0.7551392141556076,0.44162631406870756
0.4588625326858424,0.7551392141556076,0.4415696515273251
0.4588625326858424,0.7552259519472634,0.44156585912450075
0.4592827792304819,0.7552259519472634,0.4414309970204152
0.4592827792304819,0.7553994275305751,0.44139898087502993
0.45930612626073963,0.7553994275305751,0.4413982244713629
0.45930612626073963,0.7555729031138867,0.4413883248652315
0.4595162495330594,0.7555729031138867,0.4413432982622877
0.4595162495330594,0.7556596409055425,0.4413383692927614
0.4595629435935749,0.7556596409055425,0.4413281417985704
0.4595629435935749,0.7557463786971984,0.44131134955137796
0.45958629062383266,0.7557463786971984,0.4413047226196132
0.45958629062383266,0.7558331164888542,0.44130349247493117
0.4596096376540904,0.7558331164888542,0.4412339631047826
0.4596096376540904,0.75591985428051,0.4412315551501973
0.4596563317146059,0.75591985428051,0.44116597838596405
0.4596563317146059,0.7561800676554775,0.441146659111082
0.4599131490474412,0.7561800676554775,0.4410307834411923
0.4599131490474412,0.7562668054471333,0.4410303380251134
0.4601699663802764,0.7562668054471333,0.44092067725115125
0.4601699663802764,0.7563535432387891,0.44090435042090126
0.46026335450130745,0.7563535432387891,0.4408730408204051
0.46026335450130745,0.7564402810304449,0.44085097658000505
0.4602867015315652,0.7564402810304449,0.44081886876988086
0.4602867015315652,0.7565270188221008,0.4408166175772511
0.4604267837131117,0.7565270188221008,0.44076594955631476
0.4604267837131117,0.7566137566137566,0.4407607377493842
0.4605668658946582,0.7566137566137566,0.44070402414162113
0.4605668658946582,0.7567004944054124,0.4406903964596758
0.4606602540156892,0.7567004944054124,0.44067432918625815
0.4606602540156892,0.7567872321970682,0.4406622248299209
0.46073029510646246,0.7567872321970682,0.4406484450411431
0.46073029510646246,0.7568739699887241,0.4406386367035553
0.4607536421367202,0.7568739699887241,0.44060000170836655
0.4607536421367202,0.7569607077803799,0.44058217438958647
0.461150541651102,0.7569607077803799,0.4404103305265563
0.461150541651102,0.7570474455720357,0.4404095631776328
0.46145405304445275,0.7570474455720357,0.44029275219780317
0.46145405304445275,0.7571341833636915,0.44026747196853055
0.46159413522599924,0.7571341833636915,0.440241341119307
0.46159413522599924,0.7572209211553473,0.4402246667306101
0.4617575644378035,0.7572209211553473,0.4401635315587341
0.4617575644378035,0.7573076589470032,0.4401485229396116
0.4619443406798655,0.7573076589470032,0.44007719949470137
0.4619443406798655,0.757394396738659,0.4400609831006155
0.46203772880089655,0.757394396738659,0.4400383236172074
0.46203772880089655,0.7575678723219706,0.44001642359503845
0.46217781098244304,0.7575678723219706,0.43998977659770255
0.46217781098244304,0.7576546101136266,0.4399829059408421
0.4623178931639895,0.7576546101136266,0.4399504482379816
0.4623178931639895,0.7577413479052824,0.43993924852448707
0.462364587224505,0.7577413479052824,0.4399354137969351
0.462364587224505,0.7578280856969382,0.43991875004206504
0.46250466940605156,0.7578280856969382,0.43987381918412827
0.46250466940605156,0.757914823488594,0.43986639638836955
0.46255136346656706,0.757914823488594,0.43985978513586443
0.46255136346656706,0.7580015612802498,0.4398448938846168
0.4629249159506911,0.7580015612802498,0.43973063383647504
0.4629249159506911,0.7580882990719057,0.43971205556109016
0.4629482629809488,0.7580882990719057,0.4397042756698536
0.4629482629809488,0.7582617746552173,0.4396887749791605
0.46322842734404185,0.7582617746552173,0.4395008203767585
0.46322842734404185,0.7583485124468731,0.4394987376059528
0.4632517743742996,0.7583485124468731,0.43949398701753273
0.4632517743742996,0.7585219880301848,0.43949292681078567
0.4633918565558461,0.7585219880301848,0.4394530488372964
0.4633918565558461,0.7586954636134964,0.4394461040683074
0.4634618976466193,0.7586954636134964,0.43943261402403244
0.4634618976466193,0.7587822014051522,0.4394259509295604
0.4635319387373926,0.7587822014051522,0.4394141998584795
0.4635319387373926,0.7589556769884639,0.43938890631913186
0.4636720209189391,0.7589556769884639,0.4393148433651054
0.4636720209189391,0.7590424147801197,0.4393091489352313
0.4637654090399701,0.7590424147801197,0.4392471567500785
0.4637654090399701,0.7591291525717755,0.4392290506369777
0.46383545013074334,0.7591291525717755,0.43921197917631993
0.46383545013074334,0.7592158903634314,0.43920096482476845
0.46385879716100115,0.7592158903634314,0.439184853119274
0.46385879716100115,0.7593026281550872,0.4391844990491225
0.4639755323122899,0.7593026281550872,0.4391426226009342
0.4639755323122899,0.7594761037383988,0.4391238574108308
0.46399887934254763,0.7594761037383988,0.4391202913926101
0.46399887934254763,0.7595628415300546,0.4391108325606522
0.4640922674635786,0.7595628415300546,0.43905433692972284
0.4640922674635786,0.7596495793217105,0.43903401536089826
0.46437243182667165,0.7596495793217105,0.43895427317047886
0.46437243182667165,0.7597363171133663,0.43895118985540493
0.46483937243182666,0.7597363171133663,0.43877346197412725
0.46483937243182666,0.7598230549050221,0.4387693750345514
0.4652362719462084,0.7598230549050221,0.43859419334300986
0.4652362719462084,0.7599097926966779,0.4385853952041886
0.4655864774000747,0.7599097926966779,0.43844750715673797
0.4655864774000747,0.7599965304883338,0.438442207088226
0.46565651849084794,0.7599965304883338,0.43842002778143296
0.46565651849084794,0.7600832682799896,0.4384050227006949
0.46567986552110574,0.7600832682799896,0.4383849814018158
0.46567986552110574,0.7601700060716454,0.4383849465761115
0.4657032125513635,0.7601700060716454,0.43837787741580836
0.4657032125513635,0.7602567438633012,0.4383695906836942
0.4658666417631677,0.7602567438633012,0.43832144802443396
0.4658666417631677,0.7604302194466129,0.43831422795321795
0.46598337691445646,0.7604302194466129,0.4382768545633756
0.46598337691445646,0.7605169572382687,0.4382604613307288
0.46605341800522976,0.7605169572382687,0.4382531161438453
0.46605341800522976,0.7606036950299245,0.43825097414966674
0.46610011206574525,0.7606036950299245,0.43824280336241717
0.46610011206574525,0.7606904328215803,0.43823758247055455
0.46619350018677624,0.7606904328215803,0.4381904861042206
0.46619350018677624,0.760863908404892,0.4381803552211039
0.466216847217034,0.760863908404892,0.43817650806827146
0.466216847217034,0.7609506461965478,0.4381696044219545
0.46624019424729174,0.7609506461965478,0.43815972216758503
0.46624019424729174,0.7610373839882036,0.4381439001537474
0.46628688830780723,0.7610373839882036,0.4381336175429795
0.46628688830780723,0.7612108595715154,0.43812103546826653
0.466683787822189,0.7612108595715154,0.43795571227521823
0.466683787822189,0.7612975973631712,0.43793704661558097
0.46682387000373554,0.7612975973631712,0.4378931320796384
0.46682387000373554,0.761384335154827,0.43786299291170716
0.4668939110945088,0.761384335154827,0.43778532156706296
0.4668939110945088,0.7614710729464828,0.43778282927015855
0.46703399327605527,0.7614710729464828,0.4377432334025608
0.46703399327605527,0.7615578107381386,0.4377316204036218
0.46708068733657077,0.7615578107381386,0.4377068738509543
0.46708068733657077,0.7617312863214503,0.4376959728950549
0.4671273813970863,0.7617312863214503,0.43764797721876236
0.4671273813970863,0.7618180241131061,0.43763414948435453
0.46715072842734406,0.7618180241131061,0.4375987843719896
0.46715072842734406,0.7619914996964178,0.43758904647384655
0.4675943220022413,0.7619914996964178,0.4373774418014139
0.4675943220022413,0.7620782374880736,0.4373672198232934
0.46792118042584985,0.7620782374880736,0.4372286021892483
0.46792118042584985,0.7621649752797294,0.4372172768676582
0.4681313036981696,0.7621649752797294,0.4371659746484994
0.4681313036981696,0.7622517130713852,0.43716145108343807
0.46817799775868507,0.7622517130713852,0.43715075545220927
0.46817799775868507,0.762338450863041,0.4371373209763131
0.4686215913335824,0.762338450863041,0.43692904577019687
0.4686215913335824,0.7624251886546969,0.4369273140121337
0.46880836757564437,0.7624251886546969,0.4368588004729065
0.46880836757564437,0.7625119264463527,0.4368561233410574
0.4689251027269331,0.7625119264463527,0.4368301940311564
0.4689251027269331,0.7625986642380085,0.4368151179346491
0.4689951438177064,0.7625986642380085,0.436751573462714
0.4689951438177064,0.7627721398213202,0.4367456007586141
0.46901849084796415,0.7627721398213202,0.43674064619991637
0.46901849084796415,0.762858877612976,0.43672632989225724
0.4690885319387374,0.762858877612976,0.4367049065352907
0.4690885319387374,0.7629456154046318,0.4366988985347071
0.4694620844228614,0.7629456154046318,0.43654091932419326
0.4694620844228614,0.7631190909879434,0.4365297711905951
0.46953212551363466,0.7631190909879434,0.43650048866535673
0.46953212551363466,0.7632058287795993,0.43648581305105927
0.4699056779977587,0.7632058287795993,0.43628770516802295
0.4699056779977587,0.7632925665712551,0.43627646975739
0.47006910720956296,0.7632925665712551,0.4361984421661317
0.47006910720956296,0.7633793043629109,0.4361973894038579
0.47011580127007846,0.7633793043629109,0.4361783128502711
0.47011580127007846,0.7635527799462226,0.4361540305100152
0.4701391483003362,0.7635527799462226,0.4361529228940888
0.4701391483003362,0.7636395177378784,0.4361483231314244
0.4702325364213672,0.7636395177378784,0.4360961097342001
0.4702325364213672,0.7637262555295342,0.4360914125257136
0.4702792304818827,0.7637262555295342,0.4360893192844786
0.4702792304818827,0.76381299332119,0.43608459948418743
0.4703959656331715,0.76381299332119,0.4360230958599125
0.4703959656331715,0.7638997311128458,0.43601771384590826
0.470442659693687,0.7638997311128458,0.43599313794256833
0.470442659693687,0.7639864689045017,0.4359607598360834
0.470816212177811,0.7639864689045017,0.4357598731872394
0.470816212177811,0.7640732066961575,0.43573414974651703
0.47083955920806875,0.7640732066961575,0.43573280479986587
0.47083955920806875,0.7641599444878133,0.435719995216986
0.47097964138961523,0.7641599444878133,0.43563044797848605
0.47097964138961523,0.7642466822794691,0.4356226533321652
0.47109637654090397,0.7642466822794691,0.43560316210496086
0.47109637654090397,0.764333420071125,0.43560243585820846
0.47135319387373925,0.764333420071125,0.4355300003858674
0.47135319387373925,0.7644201578627808,0.43552849547991535
0.4714232349645125,0.7644201578627808,0.4355165459493626
0.4714232349645125,0.7645068956544366,0.4355119658383513
0.47144658199477024,0.7645068956544366,0.4355032204425827
0.47144658199477024,0.7645936334460924,0.43548735852705556
0.4714932760552858,0.7645936334460924,0.4354593070615165
0.4714932760552858,0.7646803712377482,0.4354576996003958
0.47172674635786327,0.7646803712377482,0.4354002966823076
0.47172674635786327,0.7647671090294041,0.435391449808712
0.4718668285394098,0.7647671090294041,0.4353668289285354
0.4718668285394098,0.76485384682106,0.4353628547580197
0.47193686963018305,0.76485384682106,0.435271502361682
0.47193686963018305,0.7649405846127157,0.43527035222671084
0.47203025775121404,0.7649405846127157,0.4352574231478993
0.47203025775121404,0.7650273224043715,0.4352431948710269
0.4721002988419873,0.7650273224043715,0.4352064388251874
0.4721002988419873,0.7653742735709949,0.4351890906956477
0.47212364587224503,0.7653742735709949,0.43518380857486305
0.47212364587224503,0.7654610113626507,0.43516677566097484
0.4721936869630183,0.7654610113626507,0.43512750808453726
0.4721936869630183,0.7655477491543066,0.4351216281434228
0.47235711617482257,0.7655477491543066,0.43501490183993596
0.47235711617482257,0.7657212247376182,0.43501178539392704
0.4723804632050803,0.7657212247376182,0.4350067649168371
0.4723804632050803,0.765807962529274,0.4350056519673635
0.47240381023533806,0.765807962529274,0.43500426125078084
0.47240381023533806,0.7658947003209299,0.43500247569887807
0.47245050429585356,0.7658947003209299,0.434982771351328
0.47245050429585356,0.7659814381125857,0.434966167762007
0.47249719835636905,0.7659814381125857,0.4349387149342109
0.47249719835636905,0.7661549136958973,0.4349186541422182
0.4725905864774001,0.7661549136958973,0.4349023320877662
0.4725905864774001,0.7662416514875531,0.4348880610962462
0.4728240567799776,0.7662416514875531,0.43482399790798365
0.4728240567799776,0.766328389279209,0.4348170912355178
0.4728474038102353,0.766328389279209,0.4348150655598412
0.4728474038102353,0.7664151270708648,0.4347434181510649
0.4728940978707508,0.7664151270708648,0.43471365298555575
0.4728940978707508,0.7665018648625206,0.4347120138637023
0.47308087411281285,0.7665018648625206,0.43467051401955836
0.47308087411281285,0.7666753404458323,0.43465901011167796
0.4731042211430706,0.7666753404458323,0.43465144221620855
0.4731042211430706,0.7668488160291439,0.43460021090027423
0.4731509152035861,0.7668488160291439,0.43455006498896176
0.4731509152035861,0.7669355538207997,0.43453126294687416
0.4731976092641016,0.7669355538207997,0.43448916221127476
0.4731976092641016,0.7670222916124555,0.43448430346340594
0.4732909973851326,0.7670222916124555,0.43446597529594666
0.4732909973851326,0.7671090294041114,0.43446132992177533
0.47350112065745237,0.7671090294041114,0.4344036495057366
0.47350112065745237,0.7671957671957672,0.43438978341051215
0.47359450877848336,0.7671957671957672,0.4343441927802516
0.47359450877848336,0.767282504987423,0.4343371624175745
0.47375793799028765,0.767282504987423,0.43425035238238885
0.47375793799028765,0.7673692427790788,0.43422804514811286
0.4739680612626074,0.7673692427790788,0.43416633350576583
0.4739680612626074,0.7674559805707347,0.4341639089337497
0.4739914082928651,0.7674559805707347,0.4341608951702579
0.4739914082928651,0.7675427183623905,0.4341555140039788
0.4740381023533807,0.7675427183623905,0.43410504751174717
0.4740381023533807,0.7676294561540463,0.4340962952519717
0.47413149047441167,0.7676294561540463,0.4340800775450395
0.47413149047441167,0.7677161939457021,0.43407236472625155
0.47417818453492716,0.7677161939457021,0.4340358367575614
0.47417818453492716,0.7678029317373579,0.43403554310600256
0.47431826671647365,0.7678029317373579,0.43396472869768443
0.47431826671647365,0.7678896695290138,0.43394902475354546
0.47443500186776244,0.7678896695290138,0.4339200998959166
0.47443500186776244,0.7679764073206696,0.43390154418939764
0.47452838998879343,0.7679764073206696,0.43387657906757837
0.47452838998879343,0.7680631451123254,0.43386652403077053
0.4745750840493089,0.7680631451123254,0.43384335918950856
0.4745750840493089,0.7682366206956371,0.43384111273034864
0.4746684721703399,0.7682366206956371,0.43382448808268304
0.4746684721703399,0.7683233584872929,0.4338174527375822
0.47473851326111316,0.7683233584872929,0.4337880335860135
0.47473851326111316,0.7684100962789487,0.43378246789723796
0.4750186776242062,0.7684100962789487,0.433650099995761
0.4750186776242062,0.7684968340706045,0.4336421290643535
0.47522880089652597,0.7684968340706045,0.4335819706058458
0.47522880089652597,0.7685835718622603,0.43356706232436204
0.4752988419872992,0.7685835718622603,0.43354189387860675
0.4752988419872992,0.7686703096539163,0.433534885231164
0.4754389241688457,0.7686703096539163,0.43347498573391297
0.4754389241688457,0.768757047445572,0.4334675077145368
0.4755556593201345,0.768757047445572,0.4334190558066161
0.4755556593201345,0.7688437852372279,0.43341408478741494
0.4757190885319387,0.7688437852372279,0.43333266873024867
0.4757190885319387,0.7690172608205396,0.433321751697463
0.47578912962271197,0.7690172608205396,0.43331243797135244
0.47578912962271197,0.7691039986121954,0.43329534322021723
0.4758358236832275,0.7691039986121954,0.43327022146747285
0.4758358236832275,0.769277474195507,0.4332575597137649
0.475882517743743,0.769277474195507,0.43324197053318725
0.475882517743743,0.7693642119871628,0.4332398491652192
0.47590586477400076,0.7693642119871628,0.43323726555863773
0.47590586477400076,0.7694509497788187,0.4332337974801028
0.47609264101606275,0.7694509497788187,0.43315868201535923
0.47609264101606275,0.7695376875704745,0.43314708181856554
0.4763728053791558,0.7695376875704745,0.43300612751630074
0.4763728053791558,0.7696244253621303,0.4329978238510366
0.47658292865147556,0.7696244253621303,0.43294589955076845
0.47658292865147556,0.769797900945442,0.43291193002417394
0.47672301083302204,0.769797900945442,0.43286612272764513
0.47672301083302204,0.7698846387370978,0.43285798313595325
0.4767463578632798,0.7698846387370978,0.4328361593067541
0.4767463578632798,0.7699713765287536,0.4328253089479728
0.47700317519611507,0.7699713765287536,0.4326526956594213
0.47700317519611507,0.7700581143204094,0.43262828874335835
0.4771199103474038,0.7700581143204094,0.43260686351712374
0.4771199103474038,0.7701448521120652,0.4325790718857997
0.47728333955920804,0.7701448521120652,0.4325364509233316
0.47728333955920804,0.7703183276953769,0.43250738758898977
0.4774234217407546,0.7703183276953769,0.4324352930296147
0.4774234217407546,0.7704050654870327,0.4324352467972721
0.4774701158012701,0.7704050654870327,0.4324100189176693
0.4774701158012701,0.7705785410703444,0.4323719681861524
0.4778436682853941,0.7705785410703444,0.4322434267734093
0.4778436682853941,0.7706652788620002,0.4322383484910578
0.47786701531565184,0.7706652788620002,0.4322369921577277
0.47786701531565184,0.770752016653656,0.43223268130108616
0.4779837504669406,0.770752016653656,0.4322014475884808
0.4779837504669406,0.7708387544453118,0.4321829124287234
0.4781004856182294,0.7708387544453118,0.43213378374982625
0.4781004856182294,0.7709254922369676,0.43209233606850517
0.47814717967874487,0.7709254922369676,0.43204579770078044
0.47814717967874487,0.7710989678202793,0.43200533082494974
0.4781705267090026,0.7710989678202793,0.4319925979127276
0.4781705267090026,0.7711857056119351,0.4319917378368514
0.47828726186029136,0.7711857056119351,0.4319261511480228
0.47828726186029136,0.7712724434035909,0.4318793854532934
0.47849738513261114,0.7712724434035909,0.43177515879465955
0.47849738513261114,0.7713591811952468,0.43177326883562317
0.4785674262233844,0.7713591811952468,0.43175781245491063
0.4785674262233844,0.7715326567785584,0.4317519037305806
0.4791977960403437,0.7715326567785584,0.43146546441961053
0.4791977960403437,0.7716193945702142,0.4314473822146685
0.47922114307060143,0.7716193945702142,0.4314437018693267
0.47922114307060143,0.77170613236187,0.43143491417012647
0.4794079193126634,0.77170613236187,0.4313155712112503
0.4794079193126634,0.7717928701535259,0.4312761275314486
0.4795246544639522,0.7717928701535259,0.43122231667233024
0.4795246544639522,0.7718796079451817,0.431219360586092
0.4795713485244677,0.7718796079451817,0.4311979316676048
0.4795713485244677,0.7719663457368375,0.4311862329639876
0.4798048188270452,0.7719663457368375,0.4310363577300602
0.4798048188270452,0.7720530835284933,0.4310278762919092
0.4798982069480762,0.7720530835284933,0.4310080970078607
0.4798982069480762,0.772226559111805,0.4309974466269353
0.47992155397833397,0.772226559111805,0.4309945356920528
0.47992155397833397,0.7723132969034608,0.4309874161277034
0.4801783713111692,0.7723132969034608,0.43083183774930645
0.4801783713111692,0.7724000346951166,0.43082385958989544
0.480201718341427,0.7724000346951166,0.430808223013309
0.480201718341427,0.7724867724867724,0.43079766199128955
0.4804351886440045,0.7724867724867724,0.43072029051922167
0.4804351886440045,0.7726602480700842,0.4307147421456139
0.48052857676503546,0.7726602480700842,0.4306947075603551
0.48052857676503546,0.77274698586174,0.4306883664821236
0.480668658946582,0.77274698586174,0.43062577784860834
0.480668658946582,0.7728337236533958,0.4306237480242181
0.48073870003735525,0.7728337236533958,0.4305904049007222
0.48073870003735525,0.7729204614450516,0.43058799672560233
0.480762047067613,0.7729204614450516,0.43057758688815406
0.480762047067613,0.7730071992367075,0.43057417109533713
0.48106555846096377,0.7730071992367075,0.43041164330360004
0.48106555846096377,0.7730939370283633,0.43039850252777123
0.48120564064251026,0.7730939370283633,0.43033379094107393
0.48120564064251026,0.7731806748200191,0.43033053626595175
0.48125233470302575,0.7731806748200191,0.4303220136458743
0.48125233470302575,0.7732674126116749,0.4303121418318864
0.4812756817332835,0.7732674126116749,0.4303088889539499
0.4812756817332835,0.7733541504033308,0.4303073451517224
0.48132237579379905,0.7733541504033308,0.4302805182191276
0.48132237579379905,0.7734408881949866,0.43025915100880396
0.4813457228240568,0.7734408881949866,0.4302507789793596
0.4813457228240568,0.7736143637782982,0.4302284261744749
0.4815558460963765,0.7736143637782982,0.43015186289117324
0.4815558460963765,0.773701101569954,0.4301514935859977
0.4817192753081808,0.773701101569954,0.43010156180874903
0.4817192753081808,0.7737878393616099,0.4300995642526809
0.4818593574897273,0.7737878393616099,0.4300094277994595
0.4818593574897273,0.7738745771532657,0.4300003191281824
0.4819527456107583,0.7738745771532657,0.42995821704304904
0.4819527456107583,0.7739613149449215,0.42995196129765034
0.48197609264101604,0.7739613149449215,0.42993744398172107
0.48197609264101604,0.7740480527365773,0.4299243600240683
0.4820227867015316,0.7740480527365773,0.42989690737960407
0.4820227867015316,0.7741347905282332,0.42989219487051533
0.4823262980948823,0.7741347905282332,0.4297865791847527
0.4823262980948823,0.774221528319889,0.42978584021624877
0.48241968621591336,0.774221528319889,0.42975632030408595
0.48241968621591336,0.7743082661115448,0.42975185849902675
0.48269985057900633,0.7743082661115448,0.4296365968958147
0.48269985057900633,0.7743950039032006,0.4296336554820258
0.4827465446395219,0.7743950039032006,0.4296271344856364
0.4827465446395219,0.7745684794865123,0.42961141877956466
0.4833068733657079,0.7745684794865123,0.4293382879610951
0.4833068733657079,0.7746552172781681,0.42931603562990384
0.4833302203959656,0.7746552172781681,0.4293094916880914
0.4833302203959656,0.7748286928614797,0.42930010099591986
0.48344695554725436,0.7748286928614797,0.42922875855062714
0.48344695554725436,0.7749154306531356,0.4291985543644108
0.48351699663802766,0.7749154306531356,0.42917948733936584
0.48351699663802766,0.7750021684447914,0.429173433488625
0.48370377288008964,0.7750021684447914,0.4291153953979062
0.48370377288008964,0.775175644028103,0.4291013345115965
0.4837738139708629,0.775175644028103,0.42905223092892875
0.4837738139708629,0.7752623818197588,0.4290463361278962
0.48398393724318267,0.7752623818197588,0.42894933022913373
0.48398393724318267,0.7753491196114147,0.4289485437309737
0.4841006723944714,0.7753491196114147,0.4289090684672383
0.4841006723944714,0.7754358574030705,0.42890441840300786
0.4841473664549869,0.7754358574030705,0.42888862907394365
0.4841473664549869,0.7755225951947263,0.42887178066938825
0.48428744863653345,0.7755225951947263,0.428808274646736
0.48428744863653345,0.7756093329863821,0.4288016810941766
0.4843107956667912,0.7756093329863821,0.42879051726950335
0.4843107956667912,0.775696070778038,0.42877824919622365
0.4844975719088532,0.775696070778038,0.42872259927734047
0.4844975719088532,0.7757828085696938,0.4287159306863635
0.4845909600298842,0.7757828085696938,0.42868415475571564
0.4845909600298842,0.7759562841530054,0.4286750813886233
0.48466100112065746,0.7759562841530054,0.42860179427921363
0.48466100112065746,0.7760430219446612,0.4286011716002974
0.48470769518117296,0.7760430219446612,0.42856515424282304
0.48470769518117296,0.7761297597363171,0.42856045176299673
0.48484777736271945,0.7761297597363171,0.4284715146569884
0.48484777736271945,0.776216497527973,0.4284616988178198
0.4848711243929772,0.776216497527973,0.4284471733368632
0.4848711243929772,0.7763032353196287,0.4284405488902755
0.48489447142323494,0.7763032353196287,0.4284375031016533
0.48489447142323494,0.7768236620695637,0.4283840013779805
0.485081247665297,0.7768236620695637,0.4283281092602723
0.485081247665297,0.7769971376528754,0.4283131075411696
0.4851045946955547,0.7769971376528754,0.42830376074989784
0.4851045946955547,0.7770838754445312,0.4283007139718241
0.48543145311916325,0.7770838754445312,0.4281375173534895
0.48543145311916325,0.7772573510278429,0.4281247293904593
0.485548188270452,0.7772573510278429,0.42805327428355155
0.485548188270452,0.7773440888194987,0.42805012033382295
0.48557153530070973,0.7773440888194987,0.4280419891332444
0.48557153530070973,0.7774308266111545,0.42804059986582144
0.4856649234217408,0.7774308266111545,0.4280107197058154
0.4856649234217408,0.7775175644028103,0.42800168531178473
0.4857816585730295,0.7775175644028103,0.4279548729921717
0.4857816585730295,0.7776043021944661,0.42795318602775434
0.48580500560328727,0.7776043021944661,0.4279479306136026
0.48580500560328727,0.777691039986122,0.4279440775005976
0.485828352633545,0.777691039986122,0.4279431902065175
0.485828352633545,0.7778645155694336,0.4279397252056809
0.4862719462084423,0.7778645155694336,0.4277660293535679
0.4862719462084423,0.7779512533610894,0.4277504033675438
0.4865988046320508,0.7779512533610894,0.4276297045162709
0.4865988046320508,0.7780379911527453,0.4276094012050822
0.4868089279043706,0.7780379911527453,0.4275802325145075
0.4868089279043706,0.7781247289444011,0.4275772023725295
0.48690231602540157,0.7781247289444011,0.4275395132395726
0.48690231602540157,0.7782114667360569,0.427513212049187
0.48694901008591707,0.7782114667360569,0.4274128303906969
0.48694901008591707,0.7782982045277127,0.42739612649263625
0.48757937990287636,0.7782982045277127,0.4271477636781298
0.48757937990287636,0.7783849423193685,0.42714548106616435
0.4879996264475159,0.7783849423193685,0.42696043485424773
0.4879996264475159,0.7784716801110244,0.4269575391695406
0.4880463205080314,0.7784716801110244,0.4269442368901023
0.4880463205080314,0.7785584179026802,0.4269339698432534
0.4882797908106089,0.7785584179026802,0.42678204355020966
0.4882797908106089,0.778645155694336,0.4267809175812959
0.4885833022039597,0.778645155694336,0.42660742702707055
0.4885833022039597,0.7787318934859918,0.42659718253544743
0.4886299962644752,0.7787318934859918,0.4265598003197847
0.4886299962644752,0.7788186312776477,0.4265580480415
0.4886533432947329,0.7788186312776477,0.4265552358574958
0.4886533432947329,0.7789053690693035,0.426525395221806
0.4887000373552484,0.7789053690693035,0.4265188038087039
0.4887000373552484,0.7791655824442709,0.4265030990156006
0.48877007844602166,0.7791655824442709,0.42645794615024535
0.48877007844602166,0.7792523202359268,0.4264319671611937
0.48893350765782595,0.7792523202359268,0.4263847506494941
0.48893350765782595,0.7793390580275826,0.4263599820402608
0.48907358983937244,0.7793390580275826,0.4262962811941854
0.48907358983937244,0.7795125336108942,0.42627650297825437
0.48912028389988793,0.7795125336108942,0.42625513991636343
0.48912028389988793,0.7795992714025501,0.42624539465256905
0.4891436309301457,0.7795992714025501,0.4262432793571226
0.4891436309301457,0.7796860091942059,0.4262430556912249
0.4895638774747852,0.7796860091942059,0.4260527023434484
0.4895638774747852,0.7797727469858617,0.42603628753706513
0.48970395965633173,0.7797727469858617,0.426006208982023
0.48970395965633173,0.7798594847775175,0.42599439733718025
0.489774000747105,0.7798594847775175,0.42598726435607903
0.489774000747105,0.7799462225691733,0.42597899081471213
0.48982069480762047,0.7799462225691733,0.4259688383897844
0.48982069480762047,0.7800329603608293,0.4259680188542806
0.490147553231229,0.7800329603608293,0.4257908667118171
0.490147553231229,0.780119698152485,0.4257876581545593
0.4901942472917445,0.780119698152485,0.4257513935691394
0.4901942472917445,0.7802064359441409,0.42574613496978986
0.4904043705640643,0.7802064359441409,0.4256275251499039
0.4904043705640643,0.7802931737357967,0.4256185811388634
0.490427717594322,0.7802931737357967,0.4256185113483759
0.490427717594322,0.7803799115274526,0.4256182463046949
0.4904744116548375,0.7803799115274526,0.4256138974093777
0.4904744116548375,0.7804666493191084,0.4256112296139676
0.490521105715353,0.7804666493191084,0.42559177185285246
0.490521105715353,0.7805533871107642,0.4255886853026455
0.49054445274561076,0.7805533871107642,0.42558318426275865
0.49054445274561076,0.78064012490242,0.42557502185588303
0.4905677997758685,0.78064012490242,0.42555944064535567
0.4905677997758685,0.7807268626940758,0.4255553536203347
0.490614493836384,0.7807268626940758,0.42553401947844716
0.490614493836384,0.7808136004857317,0.42553197658249364
0.49075457601793054,0.7808136004857317,0.42547629788824326
0.49075457601793054,0.7809003382773875,0.4254653793965274
0.49084796413896153,0.7809003382773875,0.42545010533843186
0.49084796413896153,0.7809870760690433,0.42544916183736414
0.4908713111692193,0.7809870760690433,0.4254439414039255
0.4908713111692193,0.7810738138606991,0.42544380969792683
0.4909646992902503,0.7810738138606991,0.42537794834677745
0.4909646992902503,0.781160551652355,0.42535987889747606
0.4910347403810235,0.781160551652355,0.4253453821565386
0.4910347403810235,0.7812472894440108,0.4253318960769412
0.49105808741128126,0.7812472894440108,0.42532649020501334
0.49105808741128126,0.7813340272356666,0.4253079491591131
0.4911047814717968,0.7813340272356666,0.4252783749174027
0.4911047814717968,0.7814207650273224,0.4252682244350924
0.49122151662308555,0.7814207650273224,0.4251945518632638
0.49122151662308555,0.7815075028189782,0.4251934784362156
0.49159506910720957,0.7815075028189782,0.4250185167789393
0.49159506910720957,0.7815942406106341,0.42498192251745415
0.49185188644004485,0.7815942406106341,0.4248852962717712
0.49185188644004485,0.7816809784022899,0.42485611850346605
0.4920153156518491,0.7816809784022899,0.4247544610181071
0.4920153156518491,0.7817677161939457,0.42475005822378586
0.4922020918939111,0.7817677161939457,0.4246525798794396
0.4922020918939111,0.7818544539856015,0.42464426822865975
0.49236552110571535,0.7818544539856015,0.42457178747580593
0.49236552110571535,0.7819411917772574,0.4245714427943914
0.49266903249906613,0.7819411917772574,0.42449015035292814
0.49266903249906613,0.7820279295689132,0.4244847774130236
0.4926923795293239,0.7820279295689132,0.42447683546738957
0.4926923795293239,0.782114667360569,0.42447221986003125
0.4927157265595816,0.782114667360569,0.4244703213879002
0.4927157265595816,0.7822014051522248,0.4244664273477132
0.4929025028016436,0.7822014051522248,0.42441138191295524
0.4929025028016436,0.7822881429438806,0.4243929719774321
0.49294919686215916,0.7822881429438806,0.4243609619872476
0.49294919686215916,0.7824616185271923,0.4243380901376548
0.49304258498319015,0.7824616185271923,0.42427926764116075
0.49304258498319015,0.7825483563188481,0.4242694575642465
0.49308927904370564,0.7825483563188481,0.4242501182613976
0.49308927904370564,0.7828953074854714,0.4241957508787113
0.4931593201344789,0.7828953074854714,0.4241755274722664
0.4931593201344789,0.7829820452771272,0.42416089991618977
0.4932527082555099,0.7829820452771272,0.42413872039804945
0.4932527082555099,0.783068783068783,0.42413523907736206
0.4933227493462832,0.783068783068783,0.42411689854567924
0.4933227493462832,0.7831555208604389,0.42408130691717827
0.4933460963765409,0.7831555208604389,0.42407159035062136
0.4933460963765409,0.7832422586520947,0.42406591773884705
0.49409320134478896,0.7832422586520947,0.4237776270177135
0.49409320134478896,0.7833289964437505,0.4237640850602896
0.49418658946581995,0.7833289964437505,0.42368571074122086
0.49418658946581995,0.7834157342354063,0.4236791616898997
0.4942099364960777,0.7834157342354063,0.4236339183612844
0.4942099364960777,0.7835024720270621,0.42360504121555265
0.4942566305565932,0.7835024720270621,0.42359405581730614
0.4942566305565932,0.783589209818718,0.423572941343215
0.4943500186776242,0.783589209818718,0.4234884487093876
0.4943500186776242,0.7836759476103738,0.42347999183922536
0.494466753828913,0.7836759476103738,0.42347422620702924
0.494466753828913,0.7837626854020296,0.4234682997433309
0.49456014194994397,0.7837626854020296,0.4234490994339728
0.49456014194994397,0.7839361609853414,0.42341698592460286
0.4946768771012327,0.7839361609853414,0.42337682046271286
0.4946768771012327,0.7840228987769972,0.42336950615365443
0.49477026522226375,0.7840228987769972,0.42333477602010416
0.49477026522226375,0.784109636568653,0.4233062559729963
0.494933694434068,0.784109636568653,0.4232026851595935
0.494933694434068,0.7841963743603088,0.4232002873959416
0.49495704146432573,0.7841963743603088,0.4231980405125777
0.49495704146432573,0.7842831121519646,0.42319623807653006
0.4950037355248412,0.7842831121519646,0.42317816628824856
0.4950037355248412,0.7843698499436205,0.4231595570589939
0.49514381770638777,0.7843698499436205,0.4230759498666522
0.49514381770638777,0.7844565877352763,0.42307234975183383
0.495400635039223,0.7844565877352763,0.4229325902543556
0.495400635039223,0.7846300633185879,0.42292586136932087
0.49542398206948074,0.7846300633185879,0.4229167784630232
0.49542398206948074,0.7847168011102438,0.42291103415705633
0.4954473290997385,0.7847168011102438,0.4229027386290257
0.4954473290997385,0.7848035389018996,0.4228998016761585
0.4955640642510273,0.7848035389018996,0.4228540967758587
0.4955640642510273,0.7848902766935554,0.42284871316743744
0.49558741128128503,0.7848902766935554,0.42284318478278193
0.49558741128128503,0.7849770144852112,0.4228375494199942
0.4956107583115428,0.7849770144852112,0.42283674059074927
0.4956107583115428,0.785063752276867,0.4228261607666687
0.4956341053418005,0.785063752276867,0.42282606475922446
0.4956341053418005,0.7851504900685229,0.42282410667313586
0.49605435188644004,0.7851504900685229,0.42262117801091725
0.49605435188644004,0.7853239656518345,0.42260086547816145
0.496147740007471,0.7853239656518345,0.4225480522610111
0.496147740007471,0.7854107034434903,0.422542743244922
0.4961710870377288,0.7854107034434903,0.42252706948389507
0.4961710870377288,0.7854974412351462,0.4225213656392043
0.49628782218901757,0.7854974412351462,0.42250128357118744
0.49628782218901757,0.785584179026802,0.4224903747413047
0.49633451624953306,0.785584179026802,0.42248281000911747
0.49633451624953306,0.7856709168184578,0.42248222112876554
0.4963578632797908,0.7856709168184578,0.42246736662492856
0.4963578632797908,0.7857576546101136,0.4224647264897605
0.49659133358236834,0.7857576546101136,0.4223989332530653
0.49659133358236834,0.7858443924017694,0.42237510915776677
0.4968014568546881,0.7858443924017694,0.4222646195762093
0.4968014568546881,0.7859311301934253,0.42226314155898736
0.4968248038849458,0.7859311301934253,0.42225129646159787
0.4968248038849458,0.7860178679850811,0.4222483797639839
0.4972917444901009,0.7860178679850811,0.42209074575824646
0.4972917444901009,0.7861913435683927,0.42205186621631374
0.4974551737019051,0.7861913435683927,0.42199937584913394
0.4974551737019051,0.7862780813600486,0.4219951417477259
0.49764194994396715,0.7862780813600486,0.421879370254047
0.49764194994396715,0.7864515569433602,0.4218655125217714
0.49773533806499815,0.7864515569433602,0.42181159163224435
0.49773533806499815,0.7866250325266718,0.4217998434268021
0.4978987672768024,0.7866250325266718,0.42175046626161217
0.4978987672768024,0.7867117703183277,0.42173629391077994
0.4979688083675756,0.7867117703183277,0.42171327706675954
0.4979688083675756,0.7867985081099835,0.4217077807736417
0.4980388494583489,0.7867985081099835,0.4216969424596452
0.4980388494583489,0.7868852459016393,0.4216767231879577
0.49806219648860667,0.7868852459016393,0.42166077633113275
0.49806219648860667,0.7869719836932951,0.42164894149337684
0.4980855435188644,0.7869719836932951,0.4216433758698238
0.4980855435188644,0.787058721484951,0.4216252999215485
0.4982256257004109,0.787058721484951,0.42158911543372857
0.4982256257004109,0.7871454592766068,0.42158342109952507
0.4983190138214419,0.7871454592766068,0.4215582638664104
0.4983190138214419,0.7872321970682626,0.42155656106752193
0.49866921927530816,0.7872321970682626,0.42135757852064093
0.49866921927530816,0.7873189348599184,0.4213572262599862
0.4989960776989167,0.7873189348599184,0.4212616529836283
0.4989960776989167,0.7874056726515742,0.4212512432108738
0.499159506910721,0.7874056726515742,0.42120655256620154
0.499159506910721,0.7874924104432302,0.42120566396456405
0.49939297721329845,0.7874924104432302,0.4211673799205351
0.49939297721329845,0.787579148234886,0.42116579479732186
0.49946301830407175,0.787579148234886,0.42114532639609725
0.49946301830407175,0.7876658860265418,0.4211259967337646
0.4994863653343295,0.7876658860265418,0.421118163309276
0.4994863653343295,0.7877526238181976,0.4211120613401297
0.49955640642510274,0.7877526238181976,0.4210845083441549
0.49955640642510274,0.7878393616098535,0.4210709132835373
0.49964979454613373,0.7878393616098535,0.4210310371365382
0.49964979454613373,0.7879260994015093,0.4210058623382771
0.4996964886066492,0.7879260994015093,0.42097177710396283
0.4996964886066492,0.7880995749848209,0.4209515511077242
0.49981322375793796,0.7880995749848209,0.42093255301794896
0.49981322375793796,0.7881863127764767,0.42092512300062834
0.49997665296974225,0.7881863127764767,0.4208763544021803
0.49997665296974225,0.7882730505681326,0.4208754766096482
0.500186776242062,0.7882730505681326,0.4207822986296966
0.500186776242062,0.7883597883597884,0.42077376478590134
0.5002101232723197,0.7883597883597884,0.42076999442180074
0.5002101232723197,0.7884465261514442,0.42076781532978025
0.5003268584236085,0.7884465261514442,0.42072264789195346
0.5003268584236085,0.7885332639431,0.42067013000950926
0.5003735524841241,0.7885332639431,0.42063972255180604
0.5003735524841241,0.7886200017347559,0.42063390257296507
0.5004202465446396,0.7886200017347559,0.4206070910060249
0.5004202465446396,0.7887934773180675,0.4205688704594026
0.5009805752708255,0.7887934773180675,0.4203885607313448
0.5009805752708255,0.7888802151097233,0.42037279320775867
0.5011673515128876,0.7888802151097233,0.42025990934434343
0.5011673515128876,0.789053690693035,0.42024265625230217
0.5014241688457228,0.789053690693035,0.42013034795838133
0.5014241688457228,0.7892271662763466,0.4201196607195019
0.5015175569667538,0.7892271662763466,0.4200855783949258
0.5015175569667538,0.7893139040680024,0.4200852260092095
0.501680986178558,0.7893139040680024,0.4200078786765743
0.501680986178558,0.7894006418596583,0.42000624672963627
0.5017276802390735,0.7894006418596583,0.4199751259883058
0.5017276802390735,0.7894873796513141,0.4199541836238112
0.5018677624206201,0.7894873796513141,0.4198952432473311
0.5018677624206201,0.7895741174429699,0.4198703682853464
0.5019144564811356,0.7895741174429699,0.41983573443255384
0.5019144564811356,0.7896608552346257,0.41982390905712974
0.5020078446021666,0.7896608552346257,0.41974966414378867
0.5020078446021666,0.7898343308179374,0.41972659568319004
0.5020311916324244,0.7898343308179374,0.4197159451670286
0.5020311916324244,0.7899210686095932,0.41970676794490736
0.5020778856929399,0.7899210686095932,0.4196824214750715
0.5020778856929399,0.790007806401249,0.419676627560189
0.5023347030257751,0.790007806401249,0.4195849878180963
0.5023347030257751,0.7900945441929048,0.41958449727589586
0.5025448262980949,0.7900945441929048,0.4194951569513299
0.5025448262980949,0.7902680197762165,0.4194547848901288
0.5025681733283527,0.7902680197762165,0.4194524263212357
0.5025681733283527,0.7903547575678723,0.41945180524809356
0.5026849084796414,0.7903547575678723,0.4193905899471163
0.5026849084796414,0.7904414953595281,0.4193847529589858
0.5028016436309302,0.7904414953595281,0.41933959916810115
0.5028016436309302,0.7905282331511839,0.41933758686761125
0.5029884198729921,0.7905282331511839,0.4192620103709035
0.5029884198729921,0.7906149709428398,0.41925835386062105
0.5030117669032499,0.7906149709428398,0.4192542248083575
0.5030117669032499,0.7907017087344956,0.4192437550124206
0.5031518490847964,0.7907017087344956,0.4192103778167673
0.5031518490847964,0.7907884465261514,0.4192074915189429
0.5033152782966007,0.7907884465261514,0.41909571733006334
0.5033152782966007,0.7908751843178072,0.4190803545835333
0.503478707508405,0.7908751843178072,0.41901977194046347
0.503478707508405,0.791048659901119,0.4189798060414833
0.5035020545386627,0.791048659901119,0.4189335527546103
0.5035020545386627,0.7911353976927747,0.4189236744455197
0.5037121778109824,0.7911353976927747,0.41876816959701146
0.5037121778109824,0.7912221354844305,0.41876799516868835
0.5037588718714979,0.7912221354844305,0.4187507243776972
0.5037588718714979,0.7913088732760863,0.4187295703342915
0.5038055659320134,0.7913088732760863,0.418711051118405
0.5038055659320134,0.7913956110677423,0.4187104295824837
0.5038756070227867,0.7913956110677423,0.41866334856480114
0.5038756070227867,0.791482348859398,0.418659923082927
0.504039036234591,0.791482348859398,0.4186271542364849
0.504039036234591,0.7915690866510539,0.41862048570211197
0.5042958535674262,0.7915690866510539,0.41848762551758534
0.5042958535674262,0.7916558244427097,0.41848038052743264
0.5043425476279417,0.7916558244427097,0.41847170160752434
0.5043425476279417,0.7918293000260214,0.41842287874803497
0.5044592827792305,0.7918293000260214,0.4183933648330236
0.5044592827792305,0.7919160378176772,0.4183436573958569
0.5044826298094882,0.7919160378176772,0.4183178833231409
0.5044826298094882,0.7920895134009888,0.4182907604306705
0.5046927530818079,0.7920895134009888,0.4182004412962794
0.5046927530818079,0.7921762511926447,0.4181454892708807
0.5047161001120657,0.7921762511926447,0.41811570442326507
0.5047161001120657,0.7922629889843005,0.41811290423308856
0.5048561822936123,0.7922629889843005,0.4180336405336218
0.5048561822936123,0.7923497267759563,0.41803350130586214
0.5049028763541278,0.7923497267759563,0.4180282138904511
0.5049028763541278,0.792523202359268,0.41801614331166137
0.5049495704146433,0.792523202359268,0.41799113145493794
0.5049495704146433,0.7926966779425796,0.4179675565743316
0.504972917444901,0.7926966779425796,0.4179583624837354
0.504972917444901,0.7927834157342354,0.41794110698989195
0.5055565932013448,0.7927834157342354,0.4176319900244355
0.5055565932013448,0.7928701535258912,0.41759824210131913
0.5056499813223758,0.7928701535258912,0.4175354436549509
0.5056499813223758,0.7929568913175471,0.41752642689087394
0.5056966753828913,0.7929568913175471,0.4175252898379972
0.5056966753828913,0.7930436291092029,0.41752498100995894
0.5057200224131491,0.7930436291092029,0.4175092480461121
0.5057200224131491,0.7931303669008587,0.41749860787545234
0.50581341053418,0.7931303669008587,0.4174579570529743
0.50581341053418,0.7932171046925145,0.4174540661629623
0.5058367575644378,0.7932171046925145,0.417448876301013
0.5058367575644378,0.7933038424841704,0.41744263434881224
0.5058834516249533,0.7933038424841704,0.4174253475274813
0.5058834516249533,0.7933905802758262,0.4174115758529626
0.5059301456854688,0.7933905802758262,0.4174069156775868
0.5059301456854688,0.793477318067482,0.4173872653782208
0.5060702278670153,0.793477318067482,0.41728845722737684
0.5060702278670153,0.7935640558591378,0.4172845076642627
0.506093574897273,0.7935640558591378,0.4172672354356898
0.506093574897273,0.7936507936507936,0.4172625607546705
0.5063036981695929,0.7936507936507936,0.4171563311505264
0.5063036981695929,0.7937375314424495,0.4171413939390033
0.5065605155024281,0.7937375314424495,0.4170283570797003
0.5065605155024281,0.7938242692341053,0.41702761818035394
0.5066539036234591,0.7938242692341053,0.4170153483621316
0.5066539036234591,0.7939110070257611,0.4170065431285791
0.5067005976839746,0.7939110070257611,0.4169910706034129
0.5067005976839746,0.7939977448174169,0.4169654600248536
0.5068640268957788,0.7939977448174169,0.41687977204253723
0.5068640268957788,0.7940844826090728,0.41687073977230227
0.5070974971983564,0.7940844826090728,0.41678399971214086
0.5070974971983564,0.7941712204007286,0.41677468741733836
0.5073543145311916,0.7941712204007286,0.4166727494640483
0.5073543145311916,0.7942579581923844,0.41665670196035887
0.5077979081060889,0.7942579581923844,0.4164589414455251
0.5077979081060889,0.7943446959840402,0.4164423827856215
0.5078446021666044,0.7943446959840402,0.4164319954366139
0.5078446021666044,0.794431433775696,0.4164318434392018
0.5082181546507284,0.794431433775696,0.416333240103258
0.5082181546507284,0.7945181715673519,0.41632268965998165
0.508545013074337,0.7945181715673519,0.4161506274363326
0.508545013074337,0.7946049093590077,0.41614981529768746
0.5086150541651102,0.7946049093590077,0.4161294947520533
0.5086150541651102,0.7946916471506635,0.4161242395951441
0.508638401195368,0.7946916471506635,0.4161171567958525
0.508638401195368,0.7947783849423193,0.41611305892683526
0.5088018304071722,0.7947783849423193,0.41606127770276824
0.5088018304071722,0.7948651227339751,0.4160527319488785
0.5089652596189764,0.7948651227339751,0.41597185380241153
0.5089652596189764,0.7950385983172868,0.41595051395492655
0.5093154650728428,0.7950385983172868,0.415823787850237
0.5093154650728428,0.7951253361089426,0.4158019670059757
0.5096189764661935,0.7951253361089426,0.4156935465039886
0.5096189764661935,0.7952120739005984,0.41569079677379484
0.509665670526709,0.7952120739005984,0.41567981340459703
0.509665670526709,0.7952988116922544,0.41567317349042476
0.5097123645872245,0.7952988116922544,0.4156591782781919
0.5097123645872245,0.7953855494839102,0.41564083108767336
0.5097357116174822,0.7953855494839102,0.4156240399493015
0.5097357116174822,0.795472287275566,0.41561252586504993
0.5098524467687711,0.795472287275566,0.41555966824342194
0.5098524467687711,0.7955590250672218,0.41555482505417973
0.5098757937990288,0.7955590250672218,0.4155414969798217
0.5098757937990288,0.7956457628588776,0.4155229806545171
0.5099925289503175,0.7956457628588776,0.4154593709836766
0.5099925289503175,0.7957325006505335,0.41545528490439654
0.510132611131864,0.7957325006505335,0.41540263269367483
0.510132611131864,0.7959927140255009,0.41537674872994945
0.5101559581621218,0.7959927140255009,0.4153694644230208
0.5101559581621218,0.7961661896088126,0.41535989051169
0.5102726933134105,0.7961661896088126,0.41532861993241954
0.5102726933134105,0.7962529274004684,0.41531809454594526
0.5103894284646993,0.7962529274004684,0.4152736709625673
0.5103894284646993,0.7963396651921242,0.4152618275394203
0.5104361225252148,0.7963396651921242,0.4152399334342607
0.5104361225252148,0.7965131407754359,0.4152323198417135
0.5110431453119163,0.7965131407754359,0.41495919215539123
0.5110431453119163,0.7965998785670917,0.41494916671158766
0.5111365334329473,0.7965998785670917,0.41491848312364654
0.5111365334329473,0.7966866163587475,0.4149170991524639
0.5113466567052671,0.7966866163587475,0.4147993561512582
0.5113466567052671,0.7967733541504033,0.41478803903306294
0.5117669032499066,0.7967733541504033,0.4146183428011637
0.5117669032499066,0.7968600919420592,0.41459703053619135
0.5117902502801643,0.7968600919420592,0.41459052470031965
0.5117902502801643,0.796946829733715,0.4145821166275634
0.5118602913709376,0.796946829733715,0.4145776046924019
0.5118602913709376,0.7970335675253708,0.4145731021916388
0.5118836384011953,0.7970335675253708,0.4145729905096087
0.5118836384011953,0.7971203053170266,0.41456076551097965
0.5119770265222263,0.7971203053170266,0.41453804492479107
0.5119770265222263,0.7972070431086824,0.41453484298152454
0.5121871497945462,0.7972070431086824,0.41442117017982305
0.5121871497945462,0.7972937809003383,0.414415895454899
0.5122338438550617,0.7972937809003383,0.4143853482967722
0.5122338438550617,0.7973805186919941,0.41438223434780075
0.5125140082181546,0.7973805186919941,0.4143014725655433
0.5125140082181546,0.7974672564836499,0.41430020538012735
0.5127941725812477,0.7974672564836499,0.41417650982785226
0.5127941725812477,0.7977274698586174,0.4141565305545767
0.5128408666417632,0.7977274698586174,0.4141319463025279
0.5128408666417632,0.7978142076502732,0.4141108157808987
0.5132611131864027,0.7978142076502732,0.41391143839498934
0.5132611131864027,0.797900945441929,0.4139089013770254
0.5135412775494957,0.797900945441929,0.41374732341967535
0.5135412775494957,0.7979876832335848,0.41373776158229114
0.5135646245797535,0.7979876832335848,0.4137328040475109
0.5135646245797535,0.7980744210252407,0.41372430308751873
0.5135879716100112,0.7980744210252407,0.41372383784730804
0.5135879716100112,0.7981611588168965,0.413716135662635
0.5137047067613,0.7981611588168965,0.4136809371010036
0.5137047067613,0.7982478966085523,0.41366875472185816
0.5137280537915577,0.7982478966085523,0.41365547320039486
0.5137280537915577,0.7983346344002081,0.41365376167699974
0.5138214419125887,0.7983346344002081,0.4136280418820676
0.5138214419125887,0.798421372191864,0.41361064436665984
0.5138447889428465,0.798421372191864,0.41360790907565304
0.5138447889428465,0.7985081099835198,0.413605281228856
0.513891483003362,0.7985081099835198,0.41360251611401844
0.513891483003362,0.7985948477751756,0.41360016994354776
0.5141483003361972,0.7985948477751756,0.4135180764122305
0.5141483003361972,0.7986815855668314,0.41351708686371713
0.514358423608517,0.7986815855668314,0.413392861951535
0.514358423608517,0.7987683233584872,0.41338108211679225
0.5147086290623832,0.7987683233584872,0.4132536405564492
0.5147086290623832,0.7991152745251106,0.4132301038131173
0.514731976092641,0.7991152745251106,0.413180982288775
0.514731976092641,0.7992020123167665,0.413151988351839
0.514825364213672,0.7992020123167665,0.4130793331960142
0.514825364213672,0.7993754879000781,0.4130473380746279
0.5148720582741875,0.7993754879000781,0.413042737663592
0.5148720582741875,0.7996357012750456,0.41300717573999923
0.5148954053044452,0.7996357012750456,0.41300535911836034
0.5148954053044452,0.799895914650013,0.41299102085127815
0.5150121404557341,0.799895914650013,0.4129161448335449
0.5150121404557341,0.8000693902333247,0.41290613853330493
0.515292304818827,0.8000693902333247,0.4127437510216976
0.515292304818827,0.8001561280249805,0.4127259959630517
0.5153156518490848,0.8001561280249805,0.41272426016098973
0.5153156518490848,0.8002428658166363,0.4127185007578168
0.5154557340306313,0.8002428658166363,0.4126556658064936
0.5154557340306313,0.8003296036082921,0.41263746955042735
0.5155491221516623,0.8003296036082921,0.4126202064710661
0.5155491221516623,0.800416341399948,0.4126079504042123
0.5161094508778483,0.800416341399948,0.412358986211085
0.5161094508778483,0.8005898169832596,0.4123422897155844
0.5162261860291371,0.8005898169832596,0.4122909161807874
0.5162261860291371,0.8006765547749154,0.412279479047562
0.5162728800896526,0.8006765547749154,0.4122770721544473
0.5162728800896526,0.8007632925665713,0.4122365967346825
0.5166464325737766,0.8007632925665713,0.41211102369831976
0.5166464325737766,0.8008500303582271,0.4121066426159592
0.5166931266342921,0.8008500303582271,0.4120767018844407
0.5166931266342921,0.8009367681498829,0.412059580110105
0.5168565558460964,0.8009367681498829,0.4120251398629602
0.5168565558460964,0.8010235059415387,0.4120229813299173
0.5169265969368696,0.8010235059415387,0.41200680089440833
0.5169265969368696,0.8011102437331945,0.4120045161254514
0.5171834142697049,0.8011102437331945,0.41195213749364057
0.5171834142697049,0.8011969815248504,0.41193043145774966
0.5172067612999627,0.8011969815248504,0.41192383019210266
0.5172067612999627,0.8012837193165062,0.41191583560404466
0.5173001494209937,0.8012837193165062,0.4118651119103084
0.5173001494209937,0.8014571948998178,0.41185024318891295
0.5173468434815092,0.8014571948998178,0.4117884406526875
0.5173468434815092,0.8015439326914737,0.41175787568971756
0.5173935375420247,0.8015439326914737,0.41175553812973387
0.5173935375420247,0.8016306704831295,0.4117545227246905
0.5174168845722824,0.8016306704831295,0.4117509973636324
0.5174168845722824,0.8018041460664411,0.4117350961019489
0.5174869256630557,0.8018041460664411,0.4117194210299533
0.5174869256630557,0.8018908838580969,0.4116784435597075
0.5175102726933134,0.8018908838580969,0.41165532818425377
0.5175102726933134,0.8019776216497528,0.41165449712693636
0.5175569667538289,0.8019776216497528,0.4116482065161138
0.5175569667538289,0.8020643594414086,0.41164315460141687
0.5175803137840866,0.8020643594414086,0.41163093696039954
0.5175803137840866,0.8021510972330644,0.4116262397168353
0.5177203959656331,0.8021510972330644,0.4115828159703637
0.5177203959656331,0.8022378350247202,0.41158187517560174
0.5177904370564064,0.8022378350247202,0.4115720318031747
0.5177904370564064,0.8023245728163761,0.41157096266594007
0.517837131116922,0.8023245728163761,0.4115569522724919
0.517837131116922,0.802411310608032,0.41154431074608155
0.517930519237953,0.802411310608032,0.41150567903677115
0.517930519237953,0.8024980483996877,0.41149724574605917
0.5180005603287262,0.8024980483996877,0.41148593690983337
0.5180005603287262,0.8025847861913435,0.4114598806690283
0.5180939484497572,0.8025847861913435,0.4114359783851177
0.5180939484497572,0.8027582617746553,0.4114288353838197
0.518117295480015,0.8027582617746553,0.4114163412602966
0.518117295480015,0.8028449995663111,0.4114160388548317
0.5182573776615614,0.8028449995663111,0.41132518307748855
0.5182573776615614,0.8029317373579669,0.4112694883431537
0.5183974598431079,0.8029317373579669,0.4112252485665948
0.5183974598431079,0.8030184751496227,0.41122093456145037
0.5184208068733657,0.8030184751496227,0.41120454092773007
0.5184208068733657,0.8031052129412786,0.4111601970558715
0.518677624206201,0.8031052129412786,0.4110673725963463
0.518677624206201,0.8031919507329344,0.41106496425231354
0.518864400448263,0.8031919507329344,0.41096410286547
0.518864400448263,0.8032786885245902,0.41094531311033733
0.5190978707508405,0.8032786885245902,0.4108312900898663
0.5190978707508405,0.8034521641079018,0.4107798553705553
0.5192146059021292,0.8034521641079018,0.41075460108628425
0.5192146059021292,0.8035389018995577,0.4107489516791222
0.5194480762047068,0.8035389018995577,0.4106117960488024
0.5194480762047068,0.8037123774828693,0.41059983590506777
0.5194714232349645,0.8037123774828693,0.4105984205990352
0.5194714232349645,0.8037991152745251,0.4105980319115192
0.5195648113559955,0.8037991152745251,0.4105846762020463
0.5195648113559955,0.803885853066181,0.4105831549717124
0.5201251400821816,0.803885853066181,0.4102447641544792
0.5201251400821816,0.8039725908578368,0.41024388536152445
0.5203352633545013,0.8039725908578368,0.41017744142263024
0.5203352633545013,0.8040593286494926,0.41015412649045235
0.5203586103847591,0.8040593286494926,0.410130659145687
0.5203586103847591,0.8041460664411484,0.4101077896942563
0.5205220395965633,0.8041460664411484,0.4100306013014271
0.5205220395965633,0.8042328042328042,0.4100191877269548
0.5213391856555846,0.8042328042328042,0.40963994428610917
0.5213391856555846,0.8043195420244601,0.40962192024596167
0.5214092267463578,0.8043195420244601,0.40960249750690036
0.5214092267463578,0.8044062798161159,0.4095896984613989
0.5223197609264102,0.8044062798161159,0.4091607627580972
0.5223197609264102,0.8044930176077717,0.4091569637753447
0.5224831901382144,0.8044930176077717,0.4090978403072554
0.5224831901382144,0.8046664931910834,0.409090601794713
0.5226466193500187,0.8046664931910834,0.409012693421389
0.5226466193500187,0.804839968774395,0.40898619892662536
0.5227400074710497,0.804839968774395,0.4089656872817592
0.5227400074710497,0.8050134443577066,0.4089599188039905
0.5227633545013074,0.8050134443577066,0.40895009456798015
0.5227633545013074,0.8051001821493625,0.4089363056521107
0.5229734777736272,0.8051001821493625,0.4087958467452525
0.5229734777736272,0.8051869199410183,0.4087855112195753
0.522996824803885,0.8051869199410183,0.4087717065366373
0.522996824803885,0.8052736577326741,0.4087642253725817
0.5231369069854315,0.8052736577326741,0.40866560792841133
0.5231369069854315,0.8053603955243299,0.4086593166613127
0.5232069480762047,0.8053603955243299,0.40861076998355805
0.5232069480762047,0.8054471333159858,0.40859036782822933
0.5232536421367202,0.8054471333159858,0.4085689414806585
0.5232536421367202,0.8055338711076416,0.4085637690783356
0.5233003361972357,0.8055338711076416,0.40854205429364787
0.5233003361972357,0.8056206088992974,0.40853713221871
0.523743929772133,0.8056206088992974,0.4082250283522889
0.523743929772133,0.8057073466909532,0.40822158641365003
0.5237672768023908,0.8057073466909532,0.40821557399852537
0.5237672768023908,0.805794084482609,0.40820329531190447
0.5237906238326485,0.805794084482609,0.40818541380018825
0.5237906238326485,0.8058808222742649,0.4081832078272526
0.5238606649234218,0.8058808222742649,0.4081687873775218
0.5238606649234218,0.8060542978575765,0.40814251347395447
0.5239774000747105,0.8060542978575765,0.4080557555458295
0.5239774000747105,0.8061410356492323,0.4080536047027946
0.5240474411654837,0.8061410356492323,0.40803022559976576
0.5240474411654837,0.8062277734408881,0.4080153411883247
0.5241875233470302,0.8062277734408881,0.4079815830785041
0.5241875233470302,0.806314511232544,0.407977558589389
0.5242809114680612,0.806314511232544,0.4079603861874955
0.5242809114680612,0.8064012490241999,0.40795335670183897
0.5243509525588346,0.8064012490241999,0.40791927105741477
0.5243509525588346,0.8064879868158557,0.40791027636281596
0.5244676877101233,0.8064879868158557,0.40785273992609283
0.5244676877101233,0.8065747246075115,0.40785258070280517
0.5247245050429585,0.8065747246075115,0.40773606799105677
0.5247245050429585,0.8066614623991674,0.40773443768442885
0.5248178931639895,0.8066614623991674,0.4076261519798199
0.5248178931639895,0.8069216757741348,0.40759629092661076
0.5250747104968249,0.8069216757741348,0.4074636946700606
0.5250747104968249,0.8070084135657906,0.40746075460165254
0.5251214045573404,0.8070084135657906,0.4074482882047802
0.5251214045573404,0.8070951513574465,0.40744310198891165
0.5251914456481136,0.8070951513574465,0.40739594256926825
0.5251914456481136,0.8071818891491023,0.4073702050289659
0.5253548748599178,0.8071818891491023,0.407287252722497
0.5253548748599178,0.8072686269407581,0.407277980258286
0.5254716100112066,0.8072686269407581,0.4072413376935988
0.5254716100112066,0.8073553647324139,0.40720842912021626
0.525705080313784,0.8073553647324139,0.4071531787702748
0.525705080313784,0.8074421025240698,0.40714110523488467
0.525798468434815,0.8074421025240698,0.4071151466629078
0.525798468434815,0.8075288403157256,0.40710769946985514
0.5258918565558461,0.8075288403157256,0.4070822178064898
0.5258918565558461,0.8076155781073814,0.40705988861060816
0.5260786327979081,0.8076155781073814,0.4069551580724632
0.5260786327979081,0.8077023158990372,0.4069504541425766
0.5261253268584236,0.8077023158990372,0.4069447324526275
0.5261253268584236,0.807789053690693,0.40694393769755655
0.5262420620097124,0.807789053690693,0.40691816921583956
0.5262420620097124,0.8078757914823489,0.4069130136210083
0.5262887560702278,0.8078757914823489,0.4069044010730062
0.5262887560702278,0.8079625292740047,0.40689113562682167
0.5263587971610011,0.8079625292740047,0.4068676195062644
0.5263587971610011,0.8081360048573163,0.40685164733658297
0.5267556966753829,0.8081360048573163,0.40665922681378186
0.5267556966753829,0.8082227426489722,0.4066546673022734
0.5268957788569294,0.8082227426489722,0.4066123064855891
0.5268957788569294,0.808309480440628,0.4066050144677895
0.5270125140082181,0.808309480440628,0.4065808952340395
0.5270125140082181,0.8083962182322838,0.40657160073146326
0.5272693313410535,0.8083962182322838,0.4064960181366717
0.5272693313410535,0.8084829560239396,0.40649413648877797
0.527316025401569,0.8084829560239396,0.40647469171701467
0.527316025401569,0.8085696938155954,0.4064453951972319
0.5273627194620845,0.8085696938155954,0.4064218886608436
0.5273627194620845,0.8087431693989071,0.40641539126705495
0.5275494957041464,0.8087431693989071,0.406359567878097
0.5275494957041464,0.8088299071905629,0.40635091798990963
0.5275961897646619,0.8088299071905629,0.4063414626652747
0.5275961897646619,0.8089166449822187,0.4063323972722367
0.5276428838251774,0.8089166449822187,0.40632439327988845
0.5276428838251774,0.8090033827738746,0.4063178172530323
0.5278063130369817,0.8090033827738746,0.4062349717928855
0.5278063130369817,0.8090901205655304,0.406229625336763
0.5278997011580127,0.8090901205655304,0.4062075849134751
0.5278997011580127,0.809263596148842,0.4061863753424041
0.5280164363093015,0.809263596148842,0.40611605975966947
0.5280164363093015,0.8093503339404978,0.4060909214322349
0.5282265595816212,0.8093503339404978,0.40603495390068656
0.5282265595816212,0.8094370717321537,0.4060314051565804
0.5283199477026522,0.8094370717321537,0.40601160771942946
0.5283199477026522,0.8095238095238095,0.4060071606598107
0.5286001120657452,0.8095238095238095,0.4058946866881653
0.5286001120657452,0.8096105473154653,0.4058929908020953
0.5286701531565184,0.8096105473154653,0.4058583338564655
0.5286701531565184,0.8098707606904328,0.40584333194181554
0.5287868883078073,0.8098707606904328,0.40580161778111856
0.5287868883078073,0.8099574984820886,0.4057921408791151
0.528810235338065,0.8099574984820886,0.40578729296510385
0.528810235338065,0.8100442362737444,0.4057843662933941
0.5289736645498693,0.8100442362737444,0.40573606057464884
0.5289736645498693,0.8101309740654002,0.4057286104308777
0.529183787822189,0.8101309740654002,0.4056285931758935
0.529183787822189,0.810304449648712,0.4055892113717985
0.5293005229734777,0.810304449648712,0.4055327240356019
0.5293005229734777,0.8104779252320236,0.4055237300263863
0.5294172581247665,0.8104779252320236,0.40540124183409487
0.5294172581247665,0.8105646630236795,0.40537779480768876
0.5294406051550243,0.8105646630236795,0.40535302859591127
0.5294406051550243,0.8107381386069911,0.4053499441371091
0.5296740754576018,0.8107381386069911,0.405235396198534
0.5296740754576018,0.8108248763986469,0.40523336268954646
0.529744116548375,0.8108248763986469,0.40520875846959914
0.529744116548375,0.8109116141903027,0.4051987057940255
0.5299775868509525,0.8109116141903027,0.40513419129565453
0.5299775868509525,0.8109983519819586,0.4051317543252191
0.5301877101232724,0.8109983519819586,0.40505907650925743
0.5301877101232724,0.8111718275652702,0.4050538551045175
0.5305612626073963,0.8111718275652702,0.404829865635537
0.5305612626073963,0.811258565356926,0.40480162910606676
0.5306079566679118,0.811258565356926,0.40478661532703286
0.5306079566679118,0.8113453031485819,0.4047717869690787
0.530864774000747,0.8113453031485819,0.4046719014032457
0.530864774000747,0.8115187787318935,0.40465791545791785
0.5309581621217782,0.8115187787318935,0.40462309601182345
0.5309581621217782,0.811778992106861,0.40458210669304506
0.5310048561822936,0.811778992106861,0.40456743081120095
0.5310048561822936,0.8119524676901726,0.40449761822544683
0.5310282032125514,0.8119524676901726,0.40449151631323943
0.5310282032125514,0.8120392054818284,0.40448933128871534
0.5311215913335824,0.8120392054818284,0.40446131477547986
0.5311215913335824,0.8121259432734843,0.4044481159149719
0.5311682853940979,0.8121259432734843,0.4044303932770519
0.5311682853940979,0.8122126810651401,0.40441927363987296
0.5313317146059021,0.8122126810651401,0.4043056227241566
0.5313317146059021,0.8123861566484517,0.40429794443521117
0.5316819200597684,0.8123861566484517,0.4040622154994169
0.5316819200597684,0.8126463700234192,0.40402615661729246
0.5317519611505417,0.8126463700234192,0.40396755566469067
0.5317519611505417,0.8128198456067308,0.403958448485326
0.5320087784833769,0.8128198456067308,0.4038610357210696
0.5320087784833769,0.8129933211900425,0.4038456048386384
0.5320321255136347,0.8129933211900425,0.4038455022615637
0.5320321255136347,0.8131667967733541,0.40382321408879474
0.5320554725438924,0.8131667967733541,0.40380911302594835
0.5320554725438924,0.8132535345650099,0.403804671304292
0.5323356369069854,0.8132535345650099,0.40371084942259317
0.5323356369069854,0.8133402723566658,0.40369211624062984
0.533129435935749,0.8133402723566658,0.4032613192561978
0.533129435935749,0.8134270101483216,0.40325184337681597
0.5331527829660068,0.8134270101483216,0.4032199455168941
0.5331527829660068,0.8136004857316332,0.40321686198186046
0.5331994770265223,0.8136004857316332,0.4032155014980334
0.5331994770265223,0.8136872235232891,0.4032021571032153
0.53322282405678,0.8136872235232891,0.4031869111038996
0.53322282405678,0.813773961314945,0.403186205697157
0.5332695181172955,0.813773961314945,0.4031605147413636
0.5332695181172955,0.8138606991066007,0.40314915140500174
0.5332928651475533,0.8138606991066007,0.40314354334719604
0.5332928651475533,0.8139474368982565,0.40313783756215227
0.5334562943593575,0.8139474368982565,0.4030351687987438
0.5334562943593575,0.8140341746899123,0.40301886968096945
0.5336197235711617,0.8140341746899123,0.40294541325504385
0.5336197235711617,0.8141209124815683,0.4029357532727631
0.5336664176316772,0.8141209124815683,0.40286691470090397
0.5336664176316772,0.8142076502732241,0.40286300407956344
0.5337364587224505,0.8142076502732241,0.4028145996741409
0.5337364587224505,0.8142943880648799,0.402810650685443
0.5340166230855435,0.8142943880648799,0.4026580776206067
0.5340166230855435,0.8143811258565357,0.4026562865638439
0.5342033993276055,0.8143811258565357,0.4025614629220158
0.5342033993276055,0.8145546014398474,0.4025048424028045
0.534250093388121,0.8145546014398474,0.4024862721004472
0.534250093388121,0.8146413392315032,0.4024762188879707
0.5345536047814718,0.8146413392315032,0.40235923227459003
0.5345536047814718,0.814728077023159,0.4023328031641197
0.5346703399327606,0.814728077023159,0.4022965138688822
0.5346703399327606,0.8148148148148148,0.4022955765692705
0.5347403810235338,0.8148148148148148,0.4022552591554692
0.5347403810235338,0.8149015526064707,0.4022437820532815
0.5349738513261113,0.8149015526064707,0.40210719124381944
0.5349738513261113,0.8149882903981265,0.40210474316506883
0.5350205453866268,0.8149882903981265,0.4020845325198439
0.5350205453866268,0.8150750281897823,0.4020798687687419
0.5350438924168845,0.8150750281897823,0.4020560465458508
0.5350438924168845,0.8151617659814381,0.402025556475752
0.5351139335076578,0.8151617659814381,0.4019979331564387
0.5351139335076578,0.815248503773094,0.40199034032658765
0.5353240567799776,0.815248503773094,0.4018828763613125
0.5353240567799776,0.8153352415647498,0.4018799054636084
0.5357443033246171,0.8153352415647498,0.4017243172882978
0.5357443033246171,0.8154219793564056,0.4017237162256443
0.5360011206574524,0.8154219793564056,0.40163595241932337
0.5360011206574524,0.8155087171480614,0.40163551302805567
0.5360711617482257,0.8155087171480614,0.4015912345734991
0.5360711617482257,0.8155954549397172,0.40159039746484415
0.5361645498692567,0.8155954549397172,0.4015388012185953
0.5361645498692567,0.8156821927313731,0.40153854539195766
0.5361878968995144,0.8156821927313731,0.401516647821647
0.5361878968995144,0.8157689305230289,0.40151166311714204
0.5362345909600299,0.8157689305230289,0.40150597392045106
0.5362345909600299,0.8158556683146847,0.4014982075755299
0.5363513261113186,0.8158556683146847,0.4014552043469295
0.5363513261113186,0.8161158816896522,0.4014090303949065
0.5363746731415764,0.8161158816896522,0.4013828033548692
0.5363746731415764,0.816202619481308,0.4013718315301581
0.5364213672020919,0.816202619481308,0.4013624283876085
0.5364213672020919,0.8162893572729638,0.40135149668965575
0.5366081434441539,0.8162893572729638,0.40118568905049434
0.5366081434441539,0.8163760950646196,0.40117409757968703
0.5367248785954427,0.8163760950646196,0.4010969051511982
0.5367248785954427,0.8164628328562755,0.40108627309405365
0.5368416137467314,0.8164628328562755,0.4010422495031779
0.5368416137467314,0.8165495706479313,0.4010334560969182
0.5371217781098244,0.8165495706479313,0.4008805183581635
0.5371217781098244,0.8166363084395871,0.40087848075820276
0.5371684721703399,0.8166363084395871,0.40084337639200596
0.5371684721703399,0.8167230462312429,0.4008272127025998
0.5374019424729174,0.8167230462312429,0.400709690594132
0.5374019424729174,0.8168097840228987,0.40068868433097593
0.5374719835636907,0.8168097840228987,0.40067873296485523
0.5374719835636907,0.8168965218145546,0.4006659184374608
0.5375887187149795,0.8168965218145546,0.40059339853930664
0.5375887187149795,0.8169832596062104,0.400570549343799
0.5376821068360105,0.8169832596062104,0.40053507030597213
0.5376821068360105,0.817156735189522,0.40049961053313454
0.5380089652596189,0.817156735189522,0.40032832102961835
0.5380089652596189,0.8175036863561453,0.4003047421638217
0.5382424355621965,0.8175036863561453,0.40019654182776
0.5382424355621965,0.8175904241478011,0.4001882182199228
0.5382657825924543,0.8175904241478011,0.4001799774717538
0.5382657825924543,0.817677161939457,0.40017815785068
0.5383358236832275,0.817677161939457,0.4001663238399471
0.5383358236832275,0.8177638997311129,0.4001659145613763
0.538475905864774,0.8177638997311129,0.4001419051490137
0.538475905864774,0.8178506375227687,0.40012043381293527
0.538662682106836,0.8178506375227687,0.40005409710207396
0.538662682106836,0.8179373753144245,0.4000483264595398
0.5387093761673515,0.8179373753144245,0.40004192899892876
0.5387093761673515,0.8180241131060804,0.4000312041564925
0.538849458348898,0.8180241131060804,0.39997413090376255
0.538849458348898,0.8182843264810478,0.3999499734913141
0.5388961524094136,0.8182843264810478,0.39991794889530685
0.5388961524094136,0.8183710642727036,0.3999133572193695
0.5390362345909601,0.8183710642727036,0.39983045920089477
0.5390362345909601,0.8185445398560153,0.399798725278408
0.5391529697422488,0.8185445398560153,0.3997622708112879
0.5391529697422488,0.8186312776476711,0.39976181633639596
0.5394564811355995,0.8186312776476711,0.3996805616879434
0.5394564811355995,0.8188047532309828,0.3996748356528025
0.5399701158012701,0.8188047532309828,0.3994601034080757
0.5399701158012701,0.8188914910226386,0.3994582955247713
0.5400635039223011,0.8188914910226386,0.39934991435941414
0.5400635039223011,0.8189782288142944,0.3993212054412615
0.5402736271946208,0.8189782288142944,0.3992281232518776
0.5402736271946208,0.8190649666059502,0.3992245456329093
0.5403436682853942,0.8190649666059502,0.39921785830879775
0.5403436682853942,0.8192384421892619,0.3992047810349566
0.5403670153156519,0.8192384421892619,0.3992047466647046
0.5403670153156519,0.8193251799809177,0.3992032633907039
0.5404837504669406,0.8193251799809177,0.39913170130266074
0.5404837504669406,0.8194119177725735,0.3991198956566001
0.5405304445274561,0.8194119177725735,0.3990970157727822
0.5405304445274561,0.8194986555642293,0.3990722333771787
0.5408339559208069,0.8194986555642293,0.3989487931365173
0.5408339559208069,0.819672131147541,0.3989355035600344
0.5409039970115801,0.819672131147541,0.39891625760210414
0.5409039970115801,0.8197588689391968,0.3988737111255618
0.5410907732536422,0.8197588689391968,0.39878428165875635
0.5410907732536422,0.8198456067308526,0.3987555655144863
0.5411374673141577,0.8198456067308526,0.3987198695304678
0.5411374673141577,0.8199323445225084,0.39871945355759664
0.5411608143444154,0.8199323445225084,0.39869762594349123
0.5411608143444154,0.8201058201058201,0.39869224343616483
0.5413709376167352,0.8201058201058201,0.398625063625318
0.5413709376167352,0.8201925578974759,0.3986230981731309
0.5413942846469929,0.8201925578974759,0.3986149781479563
0.5413942846469929,0.8202792956891317,0.39861461412942545
0.5414409787075084,0.8202792956891317,0.3986010089407249
0.5414409787075084,0.8203660334807876,0.3986005238593119
0.5415577138587971,0.8203660334807876,0.3985528232628709
0.5415577138587971,0.8204527712724434,0.39854827880102073
0.5422347777362719,0.8204527712724434,0.39815856265557314
0.5422347777362719,0.8205395090640992,0.398126259292785
0.5424215539783339,0.8205395090640992,0.39805698423828195
0.5424215539783339,0.820626246855755,0.39805116994461065
0.5427250653716847,0.820626246855755,0.3979730961155141
0.5427250653716847,0.8207129846474108,0.39797149861045855
0.5427484124019425,0.8207129846474108,0.39796685460464987
0.5427484124019425,0.8207997224390667,0.39796341776841404
0.5430052297347777,0.8207997224390667,0.39784188819521216
0.5430052297347777,0.8208864602307225,0.39780319066707215
0.543168658946582,0.8208864602307225,0.39771458577689656
0.543168658946582,0.8209731980223783,0.39770896493936336
0.5432387000373552,0.8209731980223783,0.39767470918846604
0.5432387000373552,0.82114667360569,0.3976656935496564
0.5435188644004483,0.82114667360569,0.3975511692414121
0.5435188644004483,0.8212334113973458,0.39755067712729586
0.54391576391483,0.8212334113973458,0.3973618203603224
0.54391576391483,0.8213201491890016,0.3973479520673665
0.5442426223384386,0.8213201491890016,0.39724980667262244
0.5442426223384386,0.8214068869806574,0.3972383919518676
0.5443360104594696,0.8214068869806574,0.3971810237216149
0.5443360104594696,0.8214936247723132,0.3971584422482486
0.5443593574897273,0.8214936247723132,0.3971520978162857
0.5443593574897273,0.8215803625639692,0.3971498890545051
0.5447095629435936,0.8215803625639692,0.39704057207969845
0.5447095629435936,0.821667100355625,0.39702621989208464
0.5447796040343669,0.821667100355625,0.39699450325950936
0.5447796040343669,0.8217538381472808,0.39698847954046723
0.5448262980948824,0.8217538381472808,0.3969813091232002
0.5448262980948824,0.8218405759389366,0.396975844896982
0.5451531565184908,0.8218405759389366,0.39686253044737174
0.5451531565184908,0.8219273137305925,0.39685008978918634
0.5452231976092641,0.8219273137305925,0.3968376312466654
0.5452231976092641,0.8220140515222483,0.396820016884913
0.5453399327605528,0.8220140515222483,0.3967792967722833
0.5453399327605528,0.8221007893139041,0.39677852647212486
0.5454099738513261,0.8221007893139041,0.39675859375262146
0.5454099738513261,0.8221875271055599,0.3967338425512965
0.5457368322749346,0.8221875271055599,0.3966118733635625
0.5457368322749346,0.8222742648972157,0.39659672185145267
0.5457835263354501,0.8222742648972157,0.39659480376262213
0.5457835263354501,0.8223610026888716,0.39659476081955325
0.5461337317893163,0.8223610026888716,0.3964557359789117
0.5461337317893163,0.8224477404805274,0.39645234381466443
0.5462037728800897,0.8224477404805274,0.3964392197434857
0.5462037728800897,0.8225344782721832,0.3964080416360902
0.5462971610011207,0.8225344782721832,0.39635376324613025
0.5462971610011207,0.822621216063839,0.3963428085100601
0.5465306313036982,0.822621216063839,0.3961930196205756
0.5465306313036982,0.8227079538554949,0.39614529398727716
0.5468107956667911,0.8227079538554949,0.3959664251166787
0.5468107956667911,0.8227946916471507,0.3959489834250417
0.5471610011206575,0.8227946916471507,0.3958254661811108
0.5471610011206575,0.8228814294388065,0.3958173984120562
0.5473477773627194,0.8228814294388065,0.3957433984678138
0.5473477773627194,0.8230549050221181,0.3957343436230911
0.5474178184534927,0.8230549050221181,0.3956886783265472
0.5474178184534927,0.823141642813774,0.39568689775079924
0.5474878595442659,0.823141642813774,0.3956580132188724
0.5474878595442659,0.8232283806054298,0.39565677282557254
0.5475579006350392,0.8232283806054298,0.39563728050931746
0.5475579006350392,0.8233151183970856,0.39561465619853675
0.5475812476652969,0.8233151183970856,0.39561176376160156
0.5475812476652969,0.8234018561887414,0.39560678831331
0.5477446768771013,0.8234018561887414,0.39555493443678513
0.5477446768771013,0.8234885939803973,0.39554873729174145
0.5478847590586478,0.8234885939803973,0.39548570411480655
0.5478847590586478,0.8235753317720531,0.3954756882404481
0.5480248412401942,0.8235753317720531,0.3954349822120977
0.5480248412401942,0.8236620695637089,0.39541994528159163
0.5481882704519985,0.8236620695637089,0.39531834612361894
0.5481882704519985,0.8239222829386764,0.39530262176894615
0.548234964512514,0.8239222829386764,0.39529237458824273
0.548234964512514,0.8240090207303322,0.395276113052335
0.5483050056032872,0.8240090207303322,0.3952511475394397
0.5483050056032872,0.824095758521988,0.39524213674349773
0.5486785580874113,0.824095758521988,0.3950272803187086
0.5486785580874113,0.8241824963136438,0.3950110756623527
0.5488419872992155,0.8241824963136438,0.3948918141938629
0.5488419872992155,0.8242692341052997,0.3948886581928872
0.5489587224505043,0.8242692341052997,0.3947222363032945
0.5489587224505043,0.8244427096886113,0.39466341306076236
0.5490287635412775,0.8244427096886113,0.39464757100655634
0.5490287635412775,0.8245294474802671,0.39460688917267106
0.5491454986925663,0.8245294474802671,0.39453228923416306
0.5491454986925663,0.8246161852719229,0.3945295491988471
0.5492388868135973,0.8246161852719229,0.39449399968399934
0.5492388868135973,0.8247029230635788,0.3944728168725632
0.5494023160254016,0.8247029230635788,0.39439904295353956
0.5494023160254016,0.8247896608552346,0.3943930692791302
0.5494957041464326,0.8247896608552346,0.3943471984953528
0.5494957041464326,0.8248763986468904,0.3943431914720664
0.5495423982069481,0.8248763986468904,0.3943383883067707
0.5495423982069481,0.8249631364385462,0.39432960372190407
0.549635786327979,0.8249631364385462,0.3943053596057152
0.549635786327979,0.8250498742302022,0.3942903509188491
0.5496591333582368,0.8250498742302022,0.3942494277625592
0.5496591333582368,0.825136612021858,0.3942460253251502
0.5497058274187523,0.825136612021858,0.3942338521858004
0.5497058274187523,0.8252233498135138,0.3942328924765939
0.5497992155397834,0.8252233498135138,0.3941201582187688
0.5497992155397834,0.8254835631884813,0.3940942864996869
0.5498692566305566,0.8254835631884813,0.39407960811047427
0.5498692566305566,0.8255703009801371,0.3940753806374623
0.5499392977213299,0.8255703009801371,0.39401935583135217
0.5499392977213299,0.8256570387717929,0.393983375139242
0.5501260739633919,0.8256570387717929,0.3939003682941763
0.5501260739633919,0.8257437765634487,0.393899836460295
0.5501727680239074,0.8257437765634487,0.39387808364868937
0.5501727680239074,0.8258305143551046,0.39385296444288687
0.5506397086290624,0.8258305143551046,0.3935805811823325
0.5506397086290624,0.8259172521467604,0.3935787009933277
0.5507330967500934,0.8259172521467604,0.3935651144995149
0.5507330967500934,0.8260039899384162,0.39354515120394784
0.5509198729921554,0.8260039899384162,0.3934296497955869
0.5509198729921554,0.826090727730072,0.39339756440021745
0.5509432200224131,0.826090727730072,0.3933756628464924
0.5509432200224131,0.8262642033133837,0.3933552838523634
0.5511766903249906,0.8262642033133837,0.39322228434491613
0.5511766903249906,0.8263509411050395,0.39320718369001584
0.5515969368696302,0.8263509411050395,0.3929886738208602
0.5515969368696302,0.8264376788966953,0.39298722459611635
0.5516436309301457,0.8264376788966953,0.39294055442112197
0.5516436309301457,0.8265244166883511,0.3929377693958165
0.5517370190511767,0.8265244166883511,0.3928884908100898
0.5517370190511767,0.826611154480007,0.39286125468155053
0.5517837131116922,0.826611154480007,0.3928489371580455
0.5517837131116922,0.8266978922716628,0.39284528458704704
0.551993836384012,0.8266978922716628,0.39268218521018305
0.551993836384012,0.8268713678549744,0.39266842911023325
0.5520405304445275,0.8268713678549744,0.3926599040661036
0.5520405304445275,0.8269581056466302,0.3926360442517589
0.552087224505043,0.8269581056466302,0.3926189024800123
0.552087224505043,0.8270448434382861,0.39259511165542216
0.5521339185655585,0.8270448434382861,0.39257432525263125
0.5521339185655585,0.8271315812299419,0.3925699943220057
0.5522273066865895,0.8271315812299419,0.3925127999270356
0.5522273066865895,0.8272183190215977,0.3925050116276838
0.5524374299589092,0.8272183190215977,0.3924538808514215
0.5524374299589092,0.8273050568132535,0.39245084051087553
0.552460776989167,0.8273050568132535,0.39244844697281733
0.552460776989167,0.8274785323965652,0.3924311573638044
0.5526475532312289,0.8274785323965652,0.3923692013599782
0.5526475532312289,0.827565270188221,0.39236507766378814
0.5527175943220023,0.827565270188221,0.39233869299271773
0.5527175943220023,0.8276520079798768,0.3923358336613906
0.553114493836384,0.8276520079798768,0.3922339874134959
0.553114493836384,0.8277387457715326,0.3922204078217847
0.5531611878968995,0.8277387457715326,0.39221347338844303
0.5531611878968995,0.8278254835631885,0.3922018058335802
0.5534180052297348,0.8278254835631885,0.39195449842669705
0.5534180052297348,0.8279122213548443,0.3919358324327401
0.5534646992902503,0.8279122213548443,0.3919115128499765
0.5534646992902503,0.8279989591465001,0.3919065489761726
0.5536281285020546,0.8279989591465001,0.3918195503830556
0.5536281285020546,0.8280856969381559,0.3917958970577581
0.5536514755323123,0.8280856969381559,0.3917812787131083
0.5536514755323123,0.8282591725214676,0.39177766788875124
0.553768210683601,0.8282591725214676,0.3917330614004746
0.553768210683601,0.8283459103131234,0.3917203022534954
0.5540250280164363,0.8283459103131234,0.3916082106244738
0.5540250280164363,0.8284326481047792,0.39159484158399793
0.5541184161374673,0.8284326481047792,0.3915818722831381
0.5541184161374673,0.828519385896435,0.3915777244028088
0.5541651101979829,0.828519385896435,0.3915649981241325
0.5541651101979829,0.828606123688091,0.39156133881162647
0.5541884572282406,0.828606123688091,0.3915532006250253
0.5541884572282406,0.8287795992714025,0.39154373963516087
0.5542118042584984,0.8287795992714025,0.3915321912145494
0.5542118042584984,0.8288663370630583,0.39151853356088795
0.5543051923795294,0.8288663370630583,0.3914738272330377
0.5543051923795294,0.8289530748547141,0.39146304177263835
0.5544452745610758,0.8289530748547141,0.3914022046657669
0.5544452745610758,0.8290398126463701,0.3913853111177704
0.5547721329846843,0.8290398126463701,0.3912574641606912
0.5547721329846843,0.8291265504380259,0.3912572462979633
0.5548655211057153,0.8291265504380259,0.39123177564796496
0.5548655211057153,0.8292132882296817,0.3912124724356929
0.5550289503175196,0.8292132882296817,0.39112061818903154
0.5550289503175196,0.8293000260213375,0.39111600207601405
0.5551923795293239,0.8293000260213375,0.3910250511489064
0.5551923795293239,0.8294735016046492,0.39100495961694737
0.5554258498319014,0.8294735016046492,0.3909203421457742
0.5554258498319014,0.829560239396305,0.3908932353621908
0.5554958909226746,0.829560239396305,0.39084542796727206
0.5554958909226746,0.8297337149796166,0.39083076391873084
0.5555425849831901,0.8297337149796166,0.3908236328398932
0.5555425849831901,0.8298204527712725,0.39081648628500865
0.5555659320134478,0.8298204527712725,0.3907930452525906
0.5555659320134478,0.8299071905629283,0.3907876153139547
0.5558694434067987,0.8299071905629283,0.39063755489285557
0.5558694434067987,0.8299939283545841,0.3906239312599581
0.5559394844975719,0.8299939283545841,0.3905956409073411
0.5559394844975719,0.8300806661462399,0.39058802742172505
0.5560095255883452,0.8300806661462399,0.39057260093698
0.5560095255883452,0.8302541417295516,0.3905628426842952
0.5561262607396339,0.8302541417295516,0.3905317713723564
0.5561262607396339,0.8303408795212074,0.39051738486825427
0.5561496077698916,0.8303408795212074,0.3904868264864648
0.5561496077698916,0.8304276173128632,0.3904839344634221
0.5567799775868509,0.8304276173128632,0.3902045211704266
0.5567799775868509,0.830514355104519,0.390197767890364
0.5569200597683974,0.830514355104519,0.3901047136643988
0.5569200597683974,0.8306010928961749,0.39009919060431486
0.5569434067986552,0.8306010928961749,0.3900893802106824
0.5569434067986552,0.8307745684794865,0.39004674546157825
0.5569901008591707,0.8307745684794865,0.39004078299856004
0.5569901008591707,0.8308613062711423,0.39002865601451997
0.557060141949944,0.8308613062711423,0.390007031013181
0.557060141949944,0.8309480440627982,0.3900015652431863
0.5570834889802018,0.8309480440627982,0.3899939142386142
0.5570834889802018,0.831034781854454,0.3899820428126396
0.5571768771012328,0.831034781854454,0.3899756518491808
0.5571768771012328,0.8312082574377656,0.38993661637972143
0.5572936122525215,0.8312082574377656,0.38988840124116564
0.5572936122525215,0.8312949952294214,0.3898640742906939
0.5574803884945835,0.8312949952294214,0.38981258722219203
0.5574803884945835,0.8313817330210773,0.389812543001249
0.5575504295853567,0.8313817330210773,0.38978473029034844
0.5575504295853567,0.8314684708127331,0.38978066554872415
0.5577605528576765,0.8314684708127331,0.389711238042165
0.5577605528576765,0.8315552086043889,0.3896894108886165
0.5578072469181921,0.8315552086043889,0.3896778755774024
0.5578072469181921,0.8316419463960447,0.38965922699431566
0.5579473290997385,0.8316419463960447,0.38955861456445495
0.5579473290997385,0.8318154219793564,0.38953372328239777
0.558087411281285,0.8318154219793564,0.3894725304503436
0.558087411281285,0.8319021597710122,0.389464337948505
0.5585310048561823,0.8319021597710122,0.38926387185474254
0.5585310048561823,0.831988897562668,0.3892576462026788
0.5586477400074711,0.831988897562668,0.38920213723366004
0.5586477400074711,0.8320756353543238,0.3891973982628355
0.5587644751587598,0.8320756353543238,0.3891158363232061
0.5587644751587598,0.8321623731459797,0.38910394940006776
0.5588111692192753,0.8321623731459797,0.3890829127977362
0.5588111692192753,0.8322491109376355,0.38907818477919653
0.5590913335823683,0.8322491109376355,0.3889849285704937
0.5590913335823683,0.8323358487292913,0.3889810211112549
0.5593014568546881,0.8323358487292913,0.3889533439681018
0.5593014568546881,0.832509324312603,0.38894722695204265
0.5595349271572656,0.832509324312603,0.38887797481514286
0.5595349271572656,0.8325960621042588,0.3888483489631477
0.5595582741875234,0.8325960621042588,0.38883924899757194
0.5595582741875234,0.8326827998959146,0.38883425440690245
0.5598384385506163,0.8326827998959146,0.38872205842637486
0.5598384385506163,0.833029751062538,0.38866615993028175
0.5600018677624207,0.833029751062538,0.38857273521940106
0.5600018677624207,0.8331164888541938,0.3885551586315803
0.5605388494583489,0.8331164888541938,0.3882421414516868
0.5605388494583489,0.8332032266458496,0.3882252818171137
0.5605621964886066,0.8332032266458496,0.38822028523162644
0.5605621964886066,0.8332899644375055,0.3882139435211729
0.5609357489727307,0.8332899644375055,0.38802168753312294
0.5609357489727307,0.8333767022291613,0.38801977798479825
0.5613093014568546,0.8333767022291613,0.3877854580033028
0.5613093014568546,0.8334634400208171,0.38778024284835677
0.5615427717594322,0.8334634400208171,0.3877241337294105
0.5615427717594322,0.8335501778124729,0.3877169503550181
0.5616361598804632,0.8335501778124729,0.3876384739038128
0.5616361598804632,0.8336369156041287,0.3876262174236106
0.5618929772132985,0.8336369156041287,0.3874770797939142
0.5618929772132985,0.8337236533957846,0.38745768386763224
0.5620564064251027,0.8337236533957846,0.3873521045447301
0.5620564064251027,0.8338103911874404,0.38732560223485957
0.5621964886066493,0.8338103911874404,0.38727858720950625
0.5621964886066493,0.8338971289790962,0.3872612480430705
0.5622431826671648,0.8338971289790962,0.3872527699384042
0.5622431826671648,0.833983866770752,0.3872511039285147
0.5623599178184535,0.833983866770752,0.3872079370916045
0.5623599178184535,0.8340706045624079,0.38720694984444726
0.5623832648487113,0.8340706045624079,0.38720164432740867
0.5623832648487113,0.8341573423540637,0.3871518654914914
0.562686776242062,0.8341573423540637,0.38709108517166724
0.562686776242062,0.8342440801457195,0.3870881596110062
0.5627334703025775,0.8342440801457195,0.387050243414786
0.5627334703025775,0.8343308179373753,0.38704978852544536
0.5627568173328352,0.8343308179373753,0.3870335710690068
0.5627568173328352,0.8344175557290311,0.3870327426332115
0.562780164363093,0.8344175557290311,0.38699764882300136
0.562780164363093,0.834504293520687,0.3869781320435812
0.5628968995143818,0.834504293520687,0.3868869198320345
0.5628968995143818,0.8345910313123428,0.38688362849050517
0.5632937990287635,0.8345910313123428,0.38667287610867784
0.5632937990287635,0.8346777691039986,0.38667267254844595
0.56343388121031,0.8346777691039986,0.3866235646623224
0.56343388121031,0.8348512446873103,0.38661451475274144
0.5634805752708255,0.8348512446873103,0.38658479283143343
0.5634805752708255,0.8349379824789661,0.38657425955110924
0.5635739633918565,0.8349379824789661,0.38652602242939094
0.5635739633918565,0.8350247202706219,0.38651964765206503
0.5636906985431454,0.8350247202706219,0.3864539982649582
0.5636906985431454,0.8351981958539335,0.3864422810900987
0.5640875980575271,0.8351981958539335,0.38629586082991063
0.5640875980575271,0.8352849336455894,0.3862916854353238
0.5645311916324244,0.8352849336455894,0.3861056268209545
0.5645311916324244,0.8353716714372452,0.38610402659307497
0.5646479267837131,0.8353716714372452,0.38607767513189484
0.5646479267837131,0.835458409228901,0.3860479778200083
0.5647413149047441,0.835458409228901,0.38600603703503544
0.5647413149047441,0.8355451470205568,0.3859879681042073
0.5648347030257751,0.8355451470205568,0.3858764848782932
0.5648347030257751,0.8358053603955243,0.38586296019158806
0.5649280911468061,0.8358053603955243,0.38581744784902516
0.5649280911468061,0.8359788359788359,0.38581089860734374
0.5651382144191259,0.8359788359788359,0.385777202442835
0.5651382144191259,0.8360655737704918,0.3857739888791236
0.5653016436309302,0.8360655737704918,0.3857120634189266
0.5653016436309302,0.8361523115621476,0.3857039355640749
0.5655584609637654,0.8361523115621476,0.3855665357401432
0.5655584609637654,0.8362390493538034,0.385557928675755
0.5656285020545386,0.8362390493538034,0.3855383338254338
0.5656285020545386,0.8363257871454592,0.3855309774255872
0.5656985431453119,0.8363257871454592,0.38552154111011216
0.5656985431453119,0.8364125249371152,0.3854930941446102
0.5658152782966007,0.8364125249371152,0.3854120521328064
0.5658152782966007,0.836499262728771,0.38540299049882176
0.5658619723571162,0.836499262728771,0.3853928775814083
0.5658619723571162,0.8365860005204268,0.38538615369314133
0.5660254015689204,0.8365860005204268,0.3852932746060598
0.5660254015689204,0.8366727383120826,0.38526658128257274
0.5660954426596937,0.8366727383120826,0.3852431774027777
0.5660954426596937,0.8368462138953943,0.38521679229000305
0.5661888307807247,0.8368462138953943,0.3851816195678561
0.5661888307807247,0.8369329516870501,0.385179057960201
0.5662121778109824,0.8369329516870501,0.3851677256943248
0.5662121778109824,0.8370196894787059,0.3851563083811592
0.5663522599925289,0.8370196894787059,0.38504093888577196
0.5663522599925289,0.8371064272703617,0.3850088481883237
0.566819200597684,0.8371064272703617,0.384831446622687
0.566819200597684,0.8371931650620176,0.3848235268296364
0.5673094882330968,0.8371931650620176,0.38458343938784756
0.5673094882330968,0.8372799028536734,0.384574981838422
0.5673561822936123,0.8372799028536734,0.3845686709880618
0.5673561822936123,0.837453378436985,0.3844909960796
0.56737952932387,0.837453378436985,0.38449020193476036
0.56737952932387,0.8375401162286408,0.38448992142515426
0.5675429585356743,0.8375401162286408,0.38440099803038796
0.5675429585356743,0.8376268540202967,0.3843977895858579
0.5677764288382517,0.8376268540202967,0.384297843951275
0.5677764288382517,0.8377135918119525,0.384294273385571
0.5678698169592827,0.8377135918119525,0.384175275469244
0.5678698169592827,0.8378870673952641,0.3841567894705923
0.5681266342921181,0.8378870673952641,0.38400419214207937
0.5681266342921181,0.83797380518692,0.38399498630392426
0.5681499813223758,0.83797380518692,0.3839774199799644
0.5681499813223758,0.8380605429785758,0.3839742424351157
0.5683601045946955,0.8380605429785758,0.383891790519014
0.5683601045946955,0.8381472807702316,0.38388669800880015
0.5683834516249533,0.8381472807702316,0.38388223179636405
0.5683834516249533,0.8382340185618874,0.383863206405761
0.5686636159880463,0.8382340185618874,0.38364419096468505
0.5686636159880463,0.8384074941451991,0.38363215089779856
0.5688270451998506,0.8384074941451991,0.3835239149492973
0.5688270451998506,0.8384942319368549,0.3835225050236901
0.5688737392603661,0.8384942319368549,0.3834866205017865
0.5688737392603661,0.8386677075201665,0.38347423986504414
0.5689671273813971,0.8386677075201665,0.38344620782153127
0.5689671273813971,0.8387544453118224,0.38343337625256446
0.5691072095629436,0.8387544453118224,0.3833849887116807
0.5691072095629436,0.8388411831034782,0.3833687318123693
0.5691305565932013,0.8388411831034782,0.383353960880787
0.5691305565932013,0.838927920895134,0.38331943045461314
0.5697609264101606,0.838927920895134,0.38303133837585013
0.5697609264101606,0.8390146586867898,0.38302869342989876
0.5699943967127381,0.8390146586867898,0.38294905744810326
0.5699943967127381,0.8391013964784456,0.3829487279480842
0.5701111318640268,0.8391013964784456,0.3828787321902274
0.5701111318640268,0.8391881342701015,0.38285475156320814
0.5701578259245424,0.8391881342701015,0.3828337330810264
0.5701578259245424,0.8392748720617573,0.38280759801722464
0.5702745610758312,0.8392748720617573,0.38277409635703064
0.5702745610758312,0.8393616098534131,0.38271329717134983
0.5705313784086664,0.8393616098534131,0.3826287950883642
0.5705313784086664,0.8395350854367247,0.38256083742160096
0.5705547254389242,0.8395350854367247,0.382552616094196
0.5705547254389242,0.8396218232283806,0.38253900535086627
0.570858236832275,0.8396218232283806,0.38240063621902975
0.570858236832275,0.8397085610200364,0.3823975154722741
0.5710917071348525,0.8397085610200364,0.3822829122616096
0.5710917071348525,0.839882036603348,0.382274608590747
0.5712551363466567,0.839882036603348,0.3822344839567259
0.5712551363466567,0.839968774395004,0.3822298719157037
0.5717687710123273,0.839968774395004,0.38200112274929554
0.5717687710123273,0.8400555121866597,0.381991769429298
0.571792118042585,0.8400555121866597,0.38196150046810573
0.571792118042585,0.8401422499783155,0.3819335122808868
0.5719555472543892,0.8401422499783155,0.3818685576940437
0.5719555472543892,0.8402289877699713,0.3818518582836916
0.5722357116174822,0.8402289877699713,0.3817230210864814
0.5722357116174822,0.8403157255616271,0.3817089838984695
0.5723991408292866,0.8403157255616271,0.38163823327242397
0.5723991408292866,0.8404024633532831,0.38163440554061323
0.5724224878595443,0.8404024633532831,0.3816289307045264
0.5724224878595443,0.8404892011449389,0.3816126763550597
0.572539223010833,0.8404892011449389,0.3815720798866218
0.572539223010833,0.8405759389365947,0.3815456029629136
0.5727493462831528,0.8405759389365947,0.3814126698759749
0.5727493462831528,0.8407494145199064,0.3813727429718128
0.5732162868883078,0.8407494145199064,0.3811218958554583
0.5732162868883078,0.840922890103218,0.38111492179870565
0.5734264101606276,0.840922890103218,0.3810308691715806
0.5734264101606276,0.8410963656865296,0.38098545547829943
0.5738233096750094,0.8410963656865296,0.3808266293966037
0.5738233096750094,0.8411831034781855,0.3808247135396028
0.5738466567052671,0.8411831034781855,0.380817499284852
0.5738466567052671,0.8412698412698413,0.3808080082112151
0.5739166977960404,0.8412698412698413,0.38075202084793003
0.5739166977960404,0.8413565790614971,0.3807515469136368
0.5739633918565559,0.8413565790614971,0.38072845215417983
0.5739633918565559,0.8414433168531529,0.38071720234061635
0.5742202091893911,0.8414433168531529,0.3806344694404634
0.5742202091893911,0.8415300546448088,0.3806310173902946
0.5742669032499066,0.8415300546448088,0.38062357740856423
0.5742669032499066,0.8416167924364646,0.3806120599964439
0.5743135973104221,0.8416167924364646,0.38058953807721385
0.5743135973104221,0.8417902680197762,0.38057961122643824
0.5743369443406798,0.8417902680197762,0.38056516063271917
0.5743369443406798,0.841877005811432,0.3805460608101705
0.5744069854314531,0.841877005811432,0.38053486483951915
0.5744069854314531,0.8419637436030879,0.3805307268757242
0.5744770265222263,0.8419637436030879,0.3805159110831964
0.5744770265222263,0.8420504813947437,0.3804866996764822
0.5745003735524842,0.8420504813947437,0.38048145896983077
0.5745003735524842,0.8421372191863995,0.38047680568653985
0.5748972730668659,0.8421372191863995,0.3803246015556495
0.5748972730668659,0.8422239569780553,0.3803212104081962
0.5751774374299589,0.8422239569780553,0.3801828251620776
0.5751774374299589,0.8423106947697112,0.38016846945600224
0.5754576017930519,0.8423106947697112,0.38008855128223973
0.5754576017930519,0.842397432561367,0.38008745176863645
0.5755509899140829,0.842397432561367,0.3800671971537335
0.5755509899140829,0.8425709081446786,0.38004431785324577
0.5756910720956294,0.8425709081446786,0.3799845124620558
0.5756910720956294,0.8426576459363344,0.37998424828852106
0.5761813597310422,0.8426576459363344,0.3797855249610902
0.5761813597310422,0.8427443837279903,0.3797831043108273
0.5763214419125887,0.8427443837279903,0.3797029325271044
0.5763214419125887,0.8428311215196461,0.37969088874040946
0.5764381770638775,0.8428311215196461,0.379635976606561
0.5764381770638775,0.8429178593113019,0.3796110031808787
0.5764615240941352,0.8429178593113019,0.3796066850584373
0.5764615240941352,0.8431780726862694,0.3795784498052762
0.5766016062756817,0.8431780726862694,0.37952642021123484
0.5766016062756817,0.8432648104779252,0.3795110250228466
0.576671647366455,0.8432648104779252,0.3794818445057976
0.576671647366455,0.843351548269581,0.3794809324432271
0.5767883825177438,0.843351548269581,0.37943748146695233
0.5767883825177438,0.8434382860612368,0.3794196956290895
0.5769051176690325,0.8434382860612368,0.37939598234423
0.5769051176690325,0.8435250238528927,0.3793936488880587
0.5770918939110945,0.8435250238528927,0.37926245235432965
0.5770918939110945,0.8436117616445485,0.3792594037083683
0.5771152409413522,0.8436117616445485,0.37925521810649665
0.5771152409413522,0.8436984994362043,0.3792531377419771
0.57713858797161,0.8436984994362043,0.3791798938897889
0.57713858797161,0.8437852372278601,0.37917584096614554
0.577231976092641,0.8437852372278601,0.37912443012827257
0.577231976092641,0.843871975019516,0.37910770851736475
0.5773720582741875,0.843871975019516,0.3790614446287204
0.5773720582741875,0.8442189261861393,0.3790263582103932
0.5774887934254763,0.8442189261861393,0.37891804167164267
0.5774887934254763,0.8443056639777952,0.37891142885507023
0.5776288756070228,0.8443056639777952,0.37887297048717483
0.5776288756070228,0.844392401769451,0.37886490041922527
0.5778156518490848,0.844392401769451,0.37877450014586267
0.5778156518490848,0.8444791395611068,0.37874964345383133
0.5778389988793425,0.8444791395611068,0.3787446585633587
0.5778389988793425,0.8445658773527626,0.37874090465945665
0.5779090399701158,0.8445658773527626,0.3786519387009739
0.5779090399701158,0.8447393529360743,0.37863463088440463
0.5779323870003735,0.8447393529360743,0.37859318053394997
0.5779323870003735,0.8448260907277301,0.3785890930457374
0.5780958162121778,0.8448260907277301,0.3784950200163648
0.5780958162121778,0.8449128285193859,0.3784948252322199
0.5782825924542399,0.8449128285193859,0.3784180917978751
0.5782825924542399,0.8449995663110417,0.3784125152987493
0.5784460216660441,0.8449995663110417,0.37832190659931875
0.5784460216660441,0.8450863041026976,0.3783205996736374
0.5786094508778483,0.8450863041026976,0.3782521562285269
0.5786094508778483,0.8451730418943534,0.37823952946104755
0.5787962271199103,0.8451730418943534,0.3781499833379689
0.5787962271199103,0.8452597796860092,0.3781383275660213
0.5788662682106837,0.8452597796860092,0.37811631296986714
0.5788662682106837,0.845346517477665,0.3780973023398325
0.5790997385132611,0.845346517477665,0.3779966956948868
0.5790997385132611,0.8454332552693209,0.3779819801961338
0.5801503548748599,0.8454332552693209,0.37743801030374324
0.5801503548748599,0.8455199930609767,0.3774123266519973
0.5808741128128502,0.8455199930609767,0.3769938902891967
0.5808741128128502,0.8456934686442883,0.3769864322659957
0.5809675009338812,0.8456934686442883,0.3769414763607276
0.5809675009338812,0.8457802064359441,0.3769413665262169
0.5809908479641389,0.8457802064359441,0.37689237169091017
0.5809908479641389,0.8458669442276,0.37687699419698717
0.5810375420246545,0.8458669442276,0.37687397553762003
0.5810375420246545,0.8459536820192558,0.376857662548841
0.5810608890549123,0.8459536820192558,0.37685561798788536
0.5810608890549123,0.8460404198109116,0.37683651797933715
0.58108423608517,0.8460404198109116,0.37683576272838526
0.58108423608517,0.8461271576025674,0.3768352645861608
0.581177624206201,0.8461271576025674,0.37680473658542757
0.581177624206201,0.8463006331858791,0.37677203166680406
0.5814344415390362,0.8463006331858791,0.3766854901312181
0.5814344415390362,0.8463873709775349,0.3766770828012448
0.5818079940231603,0.8463873709775349,0.3765014666594323
0.5818079940231603,0.8464741087691907,0.37649562938123216
0.5818780351139335,0.8464741087691907,0.3764870995474906
0.5818780351139335,0.8465608465608465,0.3764778620133864
0.581924729174449,0.8465608465608465,0.3764591148795935
0.581924729174449,0.8467343221441582,0.37641319457927536
0.5820881583862533,0.8467343221441582,0.3763513120442704
0.5820881583862533,0.846821059935814,0.3763362014288931
0.5821581994770265,0.846821059935814,0.3763201574027848
0.5821581994770265,0.8470812733107815,0.3762639218533842
0.5822282405677998,0.8470812733107815,0.37622666798265614
0.5822282405677998,0.8471680111024373,0.3762061394194557
0.582298281658573,0.8471680111024373,0.37616923586743944
0.582298281658573,0.8472547488940931,0.3761673306895358
0.5826484871124393,0.8472547488940931,0.3759971967032968
0.5826484871124393,0.8473414866857489,0.37596568699861466
0.5828352633545013,0.8473414866857489,0.37576459724116174
0.5828352633545013,0.8474282244774048,0.37575316438097006
0.5830687336570788,0.8474282244774048,0.3756499133730088
0.5830687336570788,0.8475149622690606,0.37563143217273476
0.5831154277175943,0.8475149622690606,0.375599630988694
0.5831154277175943,0.8476017000607164,0.3755988202855628
0.5832321628688831,0.8476017000607164,0.3755327109394284
0.5832321628688831,0.8476884378523722,0.37552943482834145
0.5834656331714606,0.8476884378523722,0.3753338144596915
0.5834656331714606,0.8477751756440282,0.3753246809957247
0.5834889802017184,0.8477751756440282,0.3753079607041484
0.5834889802017184,0.847861913435684,0.37530692791286724
0.5838625326858423,0.847861913435684,0.3751177501490415
0.5838625326858423,0.8479486512273398,0.37511648356381644
0.5839325737766156,0.8479486512273398,0.3750652275791846
0.5839325737766156,0.8480353890189956,0.3750478571269591
0.5841660440791931,0.8480353890189956,0.3749676205398532
0.5841660440791931,0.8481221268106514,0.3749649823704041
0.5842360851699664,0.8481221268106514,0.37494803253414954
0.5842360851699664,0.8482088646023073,0.3749471908008788
0.5843528203212551,0.8482088646023073,0.37491422247984485
0.5843528203212551,0.8482956023939631,0.37491383249893484
0.5843995143817706,0.8482956023939631,0.3749099892224712
0.5843995143817706,0.8484690779772747,0.37489541754800226
0.5844929025028016,0.8484690779772747,0.37486307489842985
0.5844929025028016,0.8485558157689306,0.3748434673843599
0.5845862906238326,0.8485558157689306,0.374790013457454
0.5845862906238326,0.8486425535605864,0.3747717380609755
0.5846563317146058,0.8486425535605864,0.37476078390083745
0.5846563317146058,0.8487292913522422,0.37475974456847494
0.5848431079566679,0.8487292913522422,0.3747003387710499
0.5848431079566679,0.848816029143898,0.37468480850143737
0.5848898020171834,0.848816029143898,0.3746824009692359
0.5848898020171834,0.8489027669355538,0.3746760556451727
0.5849831901382144,0.8489027669355538,0.37461160264911175
0.5849831901382144,0.8490762425188655,0.3746063224329873
0.5850532312289877,0.8490762425188655,0.3745860906553621
0.5850532312289877,0.8491629803105213,0.3745846986974115
0.5851699663802764,0.8491629803105213,0.3745100106272088
0.5851699663802764,0.849336455893833,0.3744830806108115
0.5853333955920806,0.849336455893833,0.37442293920728087
0.5853333955920806,0.8494231936854888,0.3744178976143614
0.5853800896525961,0.8494231936854888,0.37439015614358084
0.5853800896525961,0.8495099314771446,0.3743577470693915
0.5855201718341427,0.8495099314771446,0.37429659477287436
0.5855201718341427,0.8495966692688004,0.3742860883752762
0.5855435188644005,0.8495966692688004,0.374244018842917
0.5855435188644005,0.8497701448521121,0.3742324704023664
0.5855668658946582,0.8497701448521121,0.3742116070596935
0.5855668658946582,0.8498568826437679,0.3741865299928092
0.5856369069854315,0.8498568826437679,0.3741642988144184
0.5856369069854315,0.8499436204354237,0.3741548111873131
0.5856602540156892,0.8499436204354237,0.3741413953020799
0.5856602540156892,0.8501170960187353,0.37413394169322933
0.5858003361972357,0.8501170960187353,0.3740879809039763
0.5858003361972357,0.8502038338103912,0.3740688855566566
0.5859170713485244,0.8502038338103912,0.374001257076229
0.5859170713485244,0.8503773093937028,0.3739522023477838
0.5863139708629063,0.8503773093937028,0.3737380367322518
0.5863139708629063,0.8504640471853586,0.3737344232227914
0.586524094135226,0.8504640471853586,0.3736761275855458
0.586524094135226,0.8505507849770145,0.37366406449723666
0.5866875233470302,0.8505507849770145,0.3736183931797429
0.5866875233470302,0.8506375227686703,0.3736072108107308
0.5867342174075457,0.8506375227686703,0.3735743886904851
0.5867342174075457,0.8508109983519819,0.3735660102033588
0.5868276055285767,0.8508109983519819,0.37352197338672877
0.5868276055285767,0.8508977361436377,0.3735096612046618
0.5871311169219275,0.8508977361436377,0.37335460194703984
0.5871311169219275,0.8509844739352936,0.3733193119347
0.5872478520732163,0.8509844739352936,0.37326297941357733
0.5872478520732163,0.8510712117269494,0.3732448985517217
0.5872945461337318,0.8510712117269494,0.3732238206470665
0.5872945461337318,0.8511579495186052,0.37322079438734723
0.587457975345536,0.8511579495186052,0.3731854062208385
0.587457975345536,0.851331425101917,0.3731597266213399
0.5878315278296601,0.851331425101917,0.3730227055955896
0.5878315278296601,0.8514181628935727,0.3730152676968437
0.5880183040717221,0.8514181628935727,0.3729834927428448
0.5880183040717221,0.8515049006852285,0.3729698772559126
0.5880883451624953,0.8515049006852285,0.372915805232932
0.5880883451624953,0.8515916384768843,0.37289695801750966
0.5882284273440418,0.8515916384768843,0.3728522979619091
0.5882284273440418,0.8516783762685401,0.3728392349533016
0.5884152035861039,0.8516783762685401,0.37276918841493867
0.5884152035861039,0.8517651140601961,0.37273433144740487
0.5889288382517743,0.8517651140601961,0.372501247433058
0.5889288382517743,0.8519385896435077,0.3724963426266592
0.5890222263728053,0.8519385896435077,0.3724799713536501
0.5890222263728053,0.8520253274351635,0.3724755643229576
0.5893490847964139,0.8520253274351635,0.37225389124878894
0.5893490847964139,0.8521120652268194,0.3722052811951517
0.5893957788569294,0.8521120652268194,0.37217705592600436
0.5893957788569294,0.8521988030184752,0.37216389118726023
0.5896525961897646,0.8521988030184752,0.3720415683042074
0.5896525961897646,0.852285540810131,0.3720400574872713
0.5897226372805379,0.852285540810131,0.37201169980212445
0.5897226372805379,0.8523722786017868,0.3720069712639501
0.5897459843107956,0.8523722786017868,0.37200577220992614
0.5897459843107956,0.8524590163934426,0.37200445738930144
0.5901195367949197,0.8524590163934426,0.37185201763227427
0.5901195367949197,0.8525457541850985,0.37183835603507265
0.5902362719462084,0.8525457541850985,0.3717899747016562
0.5902362719462084,0.8527192297684101,0.37173166129402746
0.5903063130369817,0.8527192297684101,0.3717048490927469
0.5903063130369817,0.8528059675600659,0.37170261944749217
0.5903296600672394,0.8528059675600659,0.3716966130427579
0.5903296600672394,0.8528927053517218,0.3716610325711721
0.5903763541277549,0.8528927053517218,0.3716377918970951
0.5903763541277549,0.8529794431433776,0.3716057820245381
0.5904230481882704,0.8529794431433776,0.3716005211200647
0.5904230481882704,0.8530661809350334,0.37159731894184544
0.5904463952185282,0.8530661809350334,0.37159060040056235
0.5904463952185282,0.8531529187266892,0.3715746263906111
0.5904697422487859,0.8531529187266892,0.37155165299404225
0.5904697422487859,0.853239656518345,0.37152823605980134
0.5905397833395593,0.853239656518345,0.3715178210545914
0.5905397833395593,0.8533263943100009,0.3715096611727955
0.5906798655211057,0.8533263943100009,0.3714491143289721
0.5906798655211057,0.8534998698933125,0.371424562046649
0.5909833769144565,0.8534998698933125,0.3712775484835621
0.5909833769144565,0.8535866076849683,0.37126342824534575
0.5910534180052297,0.8535866076849683,0.37122846328101156
0.5910534180052297,0.8539335588515916,0.3711997235381158
0.5911935001867762,0.8539335588515916,0.3711551094007247
0.5911935001867762,0.8540202966432474,0.3711506824126901
0.5913569293985805,0.8540202966432474,0.371108570598937
0.5913569293985805,0.8541070344349033,0.3710899443352367
0.5914503175196115,0.8541070344349033,0.37105922686353343
0.5914503175196115,0.8541937722265591,0.37105072971975595
0.5915203586103848,0.8541937722265591,0.3710358701977229
0.5915203586103848,0.8542805100182149,0.37100639873974617
0.5915670526709003,0.8542805100182149,0.3710012318456887
0.5915670526709003,0.8543672478098707,0.37099528923937597
0.591683787822189,0.8543672478098707,0.37093883565016095
0.591683787822189,0.8544539856015266,0.37092892410958456
0.5917071348524467,0.8544539856015266,0.37092429839030083
0.5917071348524467,0.8546274611848382,0.3709216625452967
0.5917538289129622,0.8546274611848382,0.3709098123267729
0.5917538289129622,0.8548009367681498,0.3708791538561069
0.5919639521852821,0.8548009367681498,0.3707642701622549
0.5919639521852821,0.8548876745598057,0.3707499916220237
0.5921740754576018,0.8548876745598057,0.37063503907143647
0.5921740754576018,0.8549744123514615,0.3706240420408249
0.5921974224878596,0.8549744123514615,0.3705941738821039
0.5921974224878596,0.8550611501431173,0.37059361465140106
0.5922207695181173,0.8550611501431173,0.3705795640768763
0.5922207695181173,0.8551478879347731,0.37057718830363173
0.5923141576391483,0.8551478879347731,0.37051876450966637
0.5923141576391483,0.855234625726429,0.3704929313989247
0.5923841987299215,0.855234625726429,0.37048591595124225
0.5923841987299215,0.8553213635180849,0.3704827123873332
0.5926410160627568,0.8553213635180849,0.3704234741035083
0.5926410160627568,0.8554081013097407,0.37042144845590486
0.5926877101232724,0.8554081013097407,0.37037455971041044
0.5926877101232724,0.8554948391013965,0.370371921882791
0.5927810982443034,0.8554948391013965,0.37036507988060663
0.5927810982443034,0.8555815768930523,0.3703632399159976
0.5929678744863653,0.8555815768930523,0.3703007932860132
0.5929678744863653,0.8556683146847082,0.3702964440819191
0.5931079566679118,0.8556683146847082,0.37018818745436677
0.5931079566679118,0.855755052476364,0.37018689362847734
0.5932246918192006,0.855755052476364,0.3701428252464647
0.5932246918192006,0.8558417902680198,0.3701421123127543
0.5934114680612627,0.8558417902680198,0.37009910993256656
0.5934114680612627,0.8559285280596756,0.3700828327693553
0.5935748972730669,0.8559285280596756,0.3699938717242285
0.5935748972730669,0.8560152658513315,0.3699889786457048
0.5937850205453866,0.8560152658513315,0.3698893289068983
0.5937850205453866,0.8561887414346431,0.36985550448566984
0.5938317146059021,0.8561887414346431,0.3698461469554124
0.5938317146059021,0.8562754792262989,0.36984275808801415
0.5939951438177064,0.8562754792262989,0.3697882981541619
0.5939951438177064,0.8563622170179547,0.3697878482834538
0.5941118789689951,0.8563622170179547,0.36973610569393056
0.5941118789689951,0.8566224303929222,0.36971225781077344
0.5941585730295107,0.8566224303929222,0.3696907319587418
0.5941585730295107,0.856709168184578,0.36968900736903854
0.5941819200597684,0.856709168184578,0.3696751680281901
0.5941819200597684,0.8567959059762339,0.36966744316617106
0.5942052670900262,0.8567959059762339,0.3696568295886924
0.5942052670900262,0.8569693815595455,0.369637038559515
0.5945554725438924,0.8569693815595455,0.36944270006650026
0.5945554725438924,0.8570561193512013,0.3694334721215903
0.594975719088532,0.8570561193512013,0.36913641798271246
0.594975719088532,0.8571428571428571,0.36913484581000466
0.5951158012700785,0.8571428571428571,0.3690945317823109
0.5951158012700785,0.857229594934513,0.3690836834560949
0.5952792304818827,0.857229594934513,0.3689645281904034
0.5952792304818827,0.8573163327261688,0.3689516727058303
0.5953025775121404,0.8573163327261688,0.3689502037512322
0.5953025775121404,0.8574030705178246,0.3689313826969802
0.5955360478147179,0.8574030705178246,0.36882972775579237
0.5955360478147179,0.8574898083094804,0.3688222423110775
0.5956994770265223,0.8574898083094804,0.3687353478865252
0.5956994770265223,0.8575765461011363,0.368731688162675
0.59572282405678,0.8575765461011363,0.36868653840294097
0.59572282405678,0.8576632838927921,0.36867221611224754
0.5958395592080687,0.8576632838927921,0.3686517608724693
0.5958395592080687,0.8577500216844479,0.3686467002200168
0.5958862532685842,0.8577500216844479,0.36862470138054915
0.5958862532685842,0.8578367594761037,0.36862186081771975
0.596002988419873,0.8578367594761037,0.3685945360394872
0.596002988419873,0.8579234972677595,0.36859169183907126
0.5960730295106462,0.8579234972677595,0.3685790599192772
0.5960730295106462,0.8580102350594154,0.36857455525511074
0.5962131116921927,0.8580102350594154,0.3684914405395917
0.5962131116921927,0.8580969728510712,0.3684907811067045
0.5964232349645125,0.8580969728510712,0.3684018082927476
0.5964232349645125,0.858183710642727,0.3683958384504691
0.59665670526709,0.858183710642727,0.3682978711870415
0.59665670526709,0.8583571862260387,0.3682953921576413
0.596750093388121,0.8583571862260387,0.36826202227453275
0.596750093388121,0.8584439240176945,0.36826011092206345
0.596843481509152,0.8584439240176945,0.36820847888756314
0.596843481509152,0.8586173996010061,0.368186433006372
0.5970069107209562,0.8586173996010061,0.3680766514198526
0.5970069107209562,0.8587041373926619,0.3680586667781547
0.5970302577512141,0.8587041373926619,0.3680231089175061
0.5970302577512141,0.8587908751843178,0.36802052990924317
0.5971002988419873,0.8587908751843178,0.36799453203069776
0.5971002988419873,0.8588776129759736,0.36798643722848945
0.5973571161748226,0.8588776129759736,0.36792682803920806
0.5973571161748226,0.8589643507676294,0.36791806963813733
0.5974038102353381,0.8589643507676294,0.36791044823013275
0.5974038102353381,0.8590510885592852,0.36786689485768265
0.5975438924168845,0.8590510885592852,0.3678059632816725
0.5975438924168845,0.8591378263509412,0.3677936944580207
0.5975672394471423,0.8591378263509412,0.36779286845470227
0.5975672394471423,0.859224564142597,0.3677839912348164
0.5976606275681733,0.859224564142597,0.3677681739572324
0.5976606275681733,0.8593113019342528,0.3677634121660738
0.5977540156892044,0.8593113019342528,0.3677174855102433
0.5977540156892044,0.8593980397259086,0.3676930413873756
0.5978007097497199,0.8593980397259086,0.3676465627039205
0.5978007097497199,0.8594847775175644,0.36764355682797434
0.5978240567799776,0.8594847775175644,0.3676366857680442
0.5978240567799776,0.8595715153092203,0.3676191934761398
0.5978940978707509,0.8595715153092203,0.36756605465327574
0.5978940978707509,0.8596582531008761,0.36755028442026305
0.5981742622338438,0.8596582531008761,0.36745490581969753
0.5981742622338438,0.8597449908925319,0.36745241254001826
0.5981976092641016,0.8597449908925319,0.36744953638770705
0.5981976092641016,0.8598317286841877,0.3674428308336293
0.5982676503548748,0.8598317286841877,0.3673449491890095
0.5982676503548748,0.8599184664758436,0.36730778280438325
0.5983143444153903,0.8599184664758436,0.3672786998009099
0.5983143444153903,0.8600052042674994,0.3672502558741644
0.5983843855061636,0.8600052042674994,0.3672286727681029
0.5983843855061636,0.8600919420591552,0.3672275259789718
0.5984077325364213,0.8600919420591552,0.36722286027441964
0.5984077325364213,0.860178679850811,0.3672018921605237
0.5987812850205454,0.860178679850811,0.3669424356191592
0.5987812850205454,0.8602654176424668,0.3669167462786552
0.5988046320508031,0.8602654176424668,0.36691641532758346
0.5988046320508031,0.8604388932257785,0.36690986844905527
0.5989213672020919,0.8604388932257785,0.3668848726798891
0.5989213672020919,0.8605256310174343,0.36688209276533656
0.5991081434441539,0.8605256310174343,0.36676039233440905
0.5991081434441539,0.8606123688090901,0.36675578630589745
0.5994350018677624,0.8606123688090901,0.36662523018941573
0.5994350018677624,0.860699106600746,0.36659774353016583
0.5995050429585357,0.860699106600746,0.36659187425122663
0.5995050429585357,0.8609593199757134,0.3665573059709275
0.5995517370190512,0.8609593199757134,0.36652425729550087
0.5995517370190512,0.8610460577673692,0.36651957482491804
0.5996217781098244,0.8610460577673692,0.36647467183643956
0.5996217781098244,0.8612195333506809,0.3664608830286563
0.5998785954426596,0.8612195333506809,0.36637704189006826
0.5998785954426596,0.8613062711423367,0.36636985852229054
0.600228800896526,0.8613062711423367,0.3661116194846682
0.600228800896526,0.8614797467256483,0.36607448542718546
0.6003455360478147,0.8614797467256483,0.366050053445507
0.6003455360478147,0.8615664845173042,0.366044370759517
0.6004856182293612,0.8615664845173042,0.365952755664249
0.6004856182293612,0.86165322230896,0.3659457058831107
0.6009058647740008,0.86165322230896,0.3656761476599034
0.6009058647740008,0.8617399601006158,0.3656539181320788
0.601256070227867,0.8617399601006158,0.36545952993852426
0.601256070227867,0.8618266978922716,0.3654559386801466
0.601629622711991,0.8618266978922716,0.3652403822573066
0.601629622711991,0.8619134356839275,0.365239871314158
0.6016996638027643,0.8619134356839275,0.3652197976771554
0.6016996638027643,0.8620001734755833,0.36521657667966934
0.6017697048935375,0.8620001734755833,0.36519243726185435
0.6017697048935375,0.8621736490588949,0.36516584661417695
0.601816398954053,0.8621736490588949,0.365156197294215
0.601816398954053,0.8622603868505507,0.36513985584306496
0.6018630930145685,0.8622603868505507,0.3651111314367944
0.6018630930145685,0.8623471246422066,0.3650912806919572
0.601909787075084,0.8623471246422066,0.3650098139538769
0.601909787075084,0.8624338624338624,0.36500589233274716
0.6019798281658573,0.8624338624338624,0.3649891769547938
0.6019798281658573,0.8625206002255182,0.3649869654578579
0.6020732162868883,0.8625206002255182,0.364931706963758
0.6020732162868883,0.86269407580883,0.36492779966340305
0.6022366454986926,0.86269407580883,0.3648776968795767
0.6022366454986926,0.8627808136004858,0.3648755281244461
0.6022833395592081,0.8627808136004858,0.36486352538701416
0.6022833395592081,0.8628675513921416,0.3648598702011303
0.6023300336197236,0.8628675513921416,0.36483080033070614
0.6023300336197236,0.8629542891837974,0.36482936687169165
0.6025635039223011,0.8629542891837974,0.3647089747961676
0.6025635039223011,0.8630410269754532,0.36470540136956087
0.6029370564064251,0.8630410269754532,0.36451575024457084
0.6029370564064251,0.8631277647671091,0.36451206044666895
0.6029837504669406,0.8631277647671091,0.36448067686032337
0.6029837504669406,0.8632145025587649,0.3644753468445461
0.6031938737392604,0.8632145025587649,0.36438201746800225
0.6031938737392604,0.8633012403504207,0.364365468908856
0.6032639148300336,0.8633012403504207,0.36436383935254446
0.6032639148300336,0.8633879781420765,0.36436325508861866
0.6033339559208069,0.8633879781420765,0.36435627767409684
0.6033339559208069,0.8634747159337324,0.36435548256636663
0.6034973851326111,0.8634747159337324,0.36427097629767846
0.6034973851326111,0.8635614537253882,0.3642502960217223
0.6036141202838999,0.8635614537253882,0.36418821950157243
0.6036141202838999,0.863648191517044,0.36418718199944
0.6036374673141577,0.863648191517044,0.36417214287041655
0.6036374673141577,0.8637349293086998,0.36415735772767677
0.6040343668285394,0.8637349293086998,0.36391035544628225
0.6040343668285394,0.8638216671003556,0.36389140379742524
0.6040810608890549,0.8638216671003556,0.3638649781736363
0.6040810608890549,0.8639951426836673,0.36383641113141285
0.6041511019798281,0.8639951426836673,0.3637966050595607
0.6041511019798281,0.8640818804753231,0.36379324179033423
0.6041744490100859,0.8640818804753231,0.3637905558865555
0.6041744490100859,0.8641686182669789,0.3637843178913267
0.6045713485244677,0.8641686182669789,0.3636113205023219
0.6045713485244677,0.8642553560586348,0.36361024497148675
0.6047114307060142,0.8642553560586348,0.3635381641953763
0.6047114307060142,0.8643420938502906,0.36352279837910884
0.6047347777362719,0.8643420938502906,0.36347374100874097
0.6047347777362719,0.8644288316419464,0.3634590352791809
0.6050849831901383,0.8644288316419464,0.36322636741931913
0.6050849831901383,0.8645155694336022,0.3631959155772233
0.6053418005229735,0.8645155694336022,0.36308920968121017
0.6053418005229735,0.864602307225258,0.36306408622061526
0.605575270825551,0.864602307225258,0.36298024003014184
0.605575270825551,0.8647757828085697,0.36296694524700834
0.605668658946582,0.8647757828085697,0.36292275306156085
0.605668658946582,0.8648625206002255,0.3629133520284099
0.605762047067613,0.8648625206002255,0.3628188023876715
0.605762047067613,0.8649492583918813,0.3627909926844528
0.6057853940978708,0.8649492583918813,0.36278638012159226
0.6057853940978708,0.8650359961835372,0.36278508040035873
0.6060188644004483,0.8650359961835372,0.36269034170740755
0.6060188644004483,0.865122733975193,0.36267267747706233
0.6061122525214793,0.865122733975193,0.3626284605393647
0.6061122525214793,0.8652094717668488,0.36262774987324853
0.6061589465819948,0.8652094717668488,0.3625967921416423
0.6061589465819948,0.8652962095585046,0.36259128442895716
0.606228987672768,0.8652962095585046,0.362548634766674
0.606228987672768,0.8656431607251279,0.36253806994226645
0.606322375793799,0.8656431607251279,0.36246679864943177
0.606322375793799,0.8657298985167837,0.36244826665340424
0.6064858050056033,0.8657298985167837,0.36240463524717004
0.6064858050056033,0.8658166363084396,0.3624008729680658
0.6066258871871498,0.8658166363084396,0.3623443489314305
0.6066258871871498,0.8659033741000954,0.362339967204366
0.6067192753081808,0.8659033741000954,0.36229960065450606
0.6067192753081808,0.8659901118917512,0.3622979037972147
0.6075130743369443,0.8659901118917512,0.3618808933045897
0.6075130743369443,0.866076849683407,0.361842717139944
0.6080267090026149,0.866076849683407,0.3615358446071433
0.6080267090026149,0.8661635874750628,0.36152373742446364
0.6081200971236459,0.8661635874750628,0.3615005143922533
0.6081200971236459,0.8663370630583745,0.36141171024656493
0.6082134852446769,0.8663370630583745,0.3613793243764012
0.6082134852446769,0.8664238008500303,0.3613681253185107
0.6083535674262234,0.8664238008500303,0.3613323252781243
0.6083535674262234,0.8665105386416861,0.3613308648200749
0.6085169966380276,0.8665105386416861,0.36123956550840053
0.6085169966380276,0.8665972764333421,0.3612215976520563
0.6086337317893163,0.8665972764333421,0.36116671320810045
0.6086337317893163,0.8666840142249979,0.36115637777097553
0.608680425849832,0.8666840142249979,0.3611524048689131
0.608680425849832,0.8667707520166537,0.3611513117479688
0.6087971610011207,0.8667707520166537,0.361111982049405
0.6087971610011207,0.8668574898083095,0.3610984702520098
0.6090072842734404,0.8668574898083095,0.3610141720489114
0.6090072842734404,0.8669442275999653,0.36100907317117736
0.6091473664549869,0.8669442275999653,0.36095345425723246
0.6091473664549869,0.867117703183277,0.3609242768056852
0.6091707134852447,0.867117703183277,0.3609101503201212
0.6091707134852447,0.8672044409749328,0.3609093901495213
0.6092641016062756,0.8672044409749328,0.360834080913471
0.6092641016062756,0.8673779165582445,0.3608037855383478
0.6097310422114307,0.8673779165582445,0.36048154814198974
0.6097310422114307,0.8674646543499003,0.36047813840854537
0.6097777362719462,0.8674646543499003,0.3604651849763221
0.6097777362719462,0.8676381299332119,0.36045364782248424
0.6099411654837504,0.8676381299332119,0.3604015897358237
0.6099411654837504,0.8677248677248677,0.3603895655788818
0.6099645125140082,0.8677248677248677,0.36036067981093467
0.6099645125140082,0.8678116055165236,0.3603542942700553
0.6101279417258125,0.8678116055165236,0.3602604050308358
0.6101279417258125,0.8678983433081794,0.36023134589648653
0.6103147179678745,0.8678983433081794,0.3601216006654161
0.6103147179678745,0.8679850810998352,0.36011185752633446
0.6104081060889055,0.8679850810998352,0.3600829102299
0.6104081060889055,0.8683320322664585,0.36003762766205505
0.610828352633545,0.8683320322664585,0.35980459364795225
0.610828352633545,0.8684187700581143,0.35979984901109596
0.6118089279043706,0.8684187700581143,0.3593935861323222
0.6118089279043706,0.8685055078497701,0.35939228733031525
0.6119723571161748,0.8685055078497701,0.3593012032666534
0.6119723571161748,0.868592245641426,0.35928847745005077
0.6120190511766903,0.868592245641426,0.3592762159283218
0.6120190511766903,0.8686789834330818,0.35927048866251
0.6121824803884945,0.8686789834330818,0.35921996237886045
0.6121824803884945,0.8687657212247376,0.3591643390628839
0.6123225625700411,0.8687657212247376,0.35906280845039173
0.6123225625700411,0.8688524590163934,0.35906030129578426
0.6123692566305566,0.8688524590163934,0.3590353962550371
0.6123692566305566,0.8689391968080493,0.35902808005521036
0.6128361972357116,0.8689391968080493,0.35873377442918986
0.6128361972357116,0.8690259345997051,0.35872328603411063
0.6130229734777737,0.8690259345997051,0.3586455547787639
0.6130229734777737,0.8691126723913609,0.3586390616294113
0.6130463205080314,0.8691126723913609,0.3586287829726329
0.6130463205080314,0.8693728857663284,0.35857692649403183
0.6130696675382892,0.8693728857663284,0.3585532166887093
0.6130696675382892,0.8694596235579842,0.35855294774644164
0.6133498319013821,0.8694596235579842,0.3584286062080715
0.6133498319013821,0.86954636134964,0.35842484874749425
0.6133965259618976,0.86954636134964,0.3583887008046148
0.6133965259618976,0.8696330991412958,0.3583572169039607
0.6139101606275682,0.8696330991412958,0.3580336225245476
0.6139101606275682,0.8697198369329517,0.35801791756547074
0.6142136720209189,0.8697198369329517,0.35782327149518944
0.6142136720209189,0.8698933125162633,0.35778138345782595
0.6142837131116922,0.8698933125162633,0.35777071937519
0.6142837131116922,0.8699800503079191,0.3577425037272368
0.6144237952932387,0.8699800503079191,0.35767038511807747
0.6144237952932387,0.8700667880995749,0.3576620043045553
0.614493836384012,0.8700667880995749,0.3576417926055683
0.614493836384012,0.8701535258912309,0.35763929897619295
0.6145171834142698,0.8701535258912309,0.35763498442012454
0.6145171834142698,0.8702402636828867,0.35762161465584075
0.614587224505043,0.8702402636828867,0.3575678770077625
0.614587224505043,0.8703270014745424,0.3575576907990482
0.614680612626074,0.8703270014745424,0.3575170174256205
0.614680612626074,0.8704137392661982,0.35751581090676354
0.6150074710496825,0.8704137392661982,0.3573950230393603
0.6150074710496825,0.8705004770578542,0.35738794168548504
0.6151008591707134,0.8705004770578542,0.35733719777539386
0.6151008591707134,0.8706739526411658,0.3573180830090912
0.6151709002614867,0.8706739526411658,0.35728604155312194
0.6151709002614867,0.8707606904328216,0.35728003463754365
0.6155677997758685,0.8707606904328216,0.3570788534751783
0.6155677997758685,0.8708474282244774,0.3570779016153197
0.6156611878968995,0.8708474282244774,0.35695768992150045
0.6156611878968995,0.8709341660161333,0.3569306781477306
0.6159180052297348,0.8709341660161333,0.3568156311139229
0.6159180052297348,0.8710209038077891,0.35679996743522624
0.6159646992902503,0.8710209038077891,0.3567562390666629
0.6159646992902503,0.8711943793911007,0.3567215354754045
0.6163149047441165,0.8711943793911007,0.3565279084534345
0.6163149047441165,0.8712811171827566,0.35651233005762095
0.6163849458348898,0.8712811171827566,0.35645909427793854
0.6163849458348898,0.8713678549744124,0.35645422946666017
0.6165717220769518,0.8713678549744124,0.35633553390844086
0.6165717220769518,0.8714545927660682,0.3563336195747051
0.616641763167725,0.8714545927660682,0.35632142314038806
0.616641763167725,0.871541330557724,0.35630712683098653
0.6168285394097871,0.871541330557724,0.3562314321466191
0.6168285394097871,0.8716280683493798,0.35621418285780526
0.6168752334703026,0.8716280683493798,0.3562055187421166
0.6168752334703026,0.8717148061410357,0.3562007099553579
0.6171087037728801,0.8717148061410357,0.35613539365664615
0.6171087037728801,0.8718015439326915,0.356128537852735
0.6173655211057153,0.8718015439326915,0.3560324475229385
0.6173655211057153,0.8718882817243473,0.35602063533281403
0.6174355621964887,0.8718882817243473,0.3559920198562915
0.6174355621964887,0.8719750195160031,0.35598689353067325
0.6177857676503549,0.8719750195160031,0.35582114541977217
0.6177857676503549,0.872061757307659,0.35581148265010765
0.6178324617108704,0.872061757307659,0.35580877763998353
0.6178324617108704,0.8721484950993148,0.3558032291566222
0.6182060141949944,0.8721484950993148,0.355617556682839
0.6182060141949944,0.8722352328909706,0.35561649953922103
0.6182293612252522,0.8722352328909706,0.3556114857690572
0.6182293612252522,0.8724087084742822,0.35560674979995077
0.6186029137093761,0.8724087084742822,0.3554554389753243
0.6186029137093761,0.8725821840575939,0.35545231986452896
0.6187429958909226,0.8725821840575939,0.3554223818975575
0.6187429958909226,0.8726689218492497,0.3554183068826944
0.6189297721329847,0.8726689218492497,0.35528984013564413
0.6189297721329847,0.8727556596409055,0.3552794309707591
0.6190231602540157,0.8727556596409055,0.35522766686682206
0.6190231602540157,0.8728423974325613,0.3551851423310053
0.6191632424355622,0.8728423974325613,0.35512986796313084
0.6191632424355622,0.8729291352242172,0.3551191873323136
0.6192332835263354,0.8729291352242172,0.3550799180440799
0.6192332835263354,0.873015873015873,0.3550753090208686
0.6193266716473664,0.873015873015873,0.3550454250396352
0.6193266716473664,0.8731026108075288,0.3550298249651668
0.6195834889802018,0.8731026108075288,0.35490007040915916
0.6195834889802018,0.8731893485991846,0.35488572454482603
0.6200504295853567,0.8731893485991846,0.35468741977128293
0.6200504295853567,0.8733628241824963,0.35467861172183124
0.62012047067613,0.8733628241824963,0.3546507904919506
0.62012047067613,0.8734495619741521,0.3546316699854837
0.620494023160254,0.8734495619741521,0.35447952080236944
0.620494023160254,0.8736230375574637,0.35446925452025213
0.6205173701905118,0.8736230375574637,0.3544458638708766
0.6205173701905118,0.8737097753491196,0.35444465037677886
0.6205640642510273,0.8737097753491196,0.3544182728426437
0.6205640642510273,0.873969988724087,0.35437358963368815
0.6207041464325738,0.873969988724087,0.3542811713416226
0.6207041464325738,0.874056726515743,0.3542737926238698
0.6207274934628315,0.874056726515743,0.35425951921621845
0.6207274934628315,0.8741434643073988,0.3542366131156184
0.6207508404930893,0.8741434643073988,0.3542326342307386
0.6207508404930893,0.8742302020990546,0.3542114225749339
0.6208909226746357,0.8742302020990546,0.35415615680913914
0.6208909226746357,0.8743169398907104,0.3541373155618155
0.6211477400074711,0.8743169398907104,0.35405192007058883
0.6211477400074711,0.8744036776823662,0.3540394425089435
0.6212411281285021,0.8744036776823662,0.35400804793929486
0.6212411281285021,0.8744904154740221,0.3540045124513037
0.6213812103100486,0.8744904154740221,0.35396005177795264
0.6213812103100486,0.8745771532656779,0.3539499973981145
0.6214045573403063,0.8745771532656779,0.3539491581050689
0.6214045573403063,0.8746638910573337,0.35394561805397695
0.6215679865521105,0.8746638910573337,0.35384467851359935
0.6215679865521105,0.8747506288489895,0.353835752717352
0.6218014568546881,0.8747506288489895,0.3537346002328854
0.6218014568546881,0.8748373666406454,0.35372974769492915
0.6218714979454614,0.8748373666406454,0.35371842040191837
0.6218714979454614,0.875010842223957,0.3536821905703531
0.6219882330967501,0.875010842223957,0.3536338965005015
0.6219882330967501,0.8750975800156128,0.35362631042175185
0.6220582741875234,0.8750975800156128,0.35357222744115824
0.6220582741875234,0.8751843178072686,0.353571718084287
0.6222917444901008,0.8751843178072686,0.35344944852078597
0.6222917444901008,0.8753577933905803,0.3534282805708271
0.6223384385506163,0.8753577933905803,0.35340404619227517
0.6223384385506163,0.8754445311822361,0.3534018071609638
0.6224785207321629,0.8754445311822361,0.35336103960795984
0.6224785207321629,0.8756180067655478,0.35332338007344244
0.6226186029137094,0.8756180067655478,0.35324022567535807
0.6226186029137094,0.8757047445572036,0.35322839069520173
0.6226419499439672,0.8757047445572036,0.3532144681285687
0.6226419499439672,0.8757914823488594,0.3532123468303824
0.6234590960029884,0.8757914823488594,0.3528230774989294
0.6234590960029884,0.8758782201405152,0.35280205471854986
0.6237626073963392,0.8758782201405152,0.3526997608653064
0.6237626073963392,0.875964957932171,0.35269900955422073
0.6238559955173701,0.875964957932171,0.3526727498578186
0.6238559955173701,0.8760516957238269,0.35267068604900254
0.624159506910721,0.8760516957238269,0.35255318259329405
0.624159506910721,0.8761384335154827,0.3525465239277239
0.6244863653343294,0.8761384335154827,0.35241717407279427
0.6244863653343294,0.8762251713071385,0.3523950416455368
0.6245564064251027,0.8762251713071385,0.35238347488035304
0.6245564064251027,0.8763986468904502,0.35236730841492603
0.6245797534553604,0.8763986468904502,0.35236115890863673
0.6245797534553604,0.876485384682106,0.352351488112543
0.6246497945461338,0.876485384682106,0.3522995257669371
0.6246497945461338,0.8765721224737618,0.3522989252991545
0.6248599178184535,0.8765721224737618,0.3521373490753853
0.6248599178184535,0.8767455980570734,0.35210409435210865
0.6251400821815465,0.8767455980570734,0.35201768666538613
0.6251400821815465,0.8768323358487293,0.3520134059118162
0.625186776242062,0.8768323358487293,0.35200313816835294
0.625186776242062,0.8769190736403851,0.3519917008666914
0.6252334703025775,0.8769190736403851,0.3519793165347167
0.6252334703025775,0.8770925492236967,0.3519704103326279
0.6253735524841241,0.8770925492236967,0.35187636220551555
0.6253735524841241,0.8771792870153526,0.3518740924366194
0.6257704519985058,0.8771792870153526,0.35169499528102965
0.6257704519985058,0.8772660248070084,0.35168280812745734
0.6259105341800523,0.8772660248070084,0.35159330953596146
0.6259105341800523,0.8773527625986642,0.3515639534091043
0.6266342921180426,0.8773527625986642,0.3510734694989077
0.6266342921180426,0.87743950039032,0.35106306744296123
0.6267510272693313,0.87743950039032,0.3510323082373885
0.6267510272693313,0.8775262381819758,0.3510067543528411
0.626774374299589,0.8775262381819758,0.35100549856984176
0.626774374299589,0.8776129759736317,0.3510045731281003
0.6268911094508779,0.8776129759736317,0.350969211641202
0.6268911094508779,0.8776997137652875,0.35096204856436297
0.6269611505416511,0.8776997137652875,0.3509494368850886
0.6269611505416511,0.8777864515569433,0.3509277680985473
0.6270778856929399,0.8777864515569433,0.35085828730954116
0.6270778856929399,0.8778731893485991,0.35085301379136125
0.6271479267837131,0.8778731893485991,0.35082706017870546
0.6271479267837131,0.8779599271402551,0.3508228646440521
0.6272179678744864,0.8779599271402551,0.35077144633428403
0.6272179678744864,0.8780466649319109,0.3507532108166129
0.6273113559955174,0.8780466649319109,0.3506889545370081
0.6273113559955174,0.8781334027235667,0.3506611462073834
0.6273347030257751,0.8781334027235667,0.35064955719654745
0.6273347030257751,0.8782201405152225,0.35063947541830176
0.6273580500560328,0.8782201405152225,0.3506352446350147
0.6273580500560328,0.8783936160985342,0.35059058741627
0.6277082555098992,0.8783936160985342,0.35037671404959836
0.6277082555098992,0.87848035389019,0.35036562313632047
0.6282218901755696,0.87848035389019,0.3501906426418623
0.6282218901755696,0.8785670916818458,0.3501878136782436
0.6282452372058274,0.8785670916818458,0.35015361638835196
0.6282452372058274,0.8787405672651575,0.3501242063146711
0.628291931266343,0.8787405672651575,0.3500779958452238
0.628291931266343,0.8788273050568133,0.35007667916717466
0.6284320134478895,0.8788273050568133,0.34997405071999366
0.6284320134478895,0.8789140428484691,0.3499688005166526
0.6285254015689204,0.8789140428484691,0.34993498400674716
0.6285254015689204,0.8790007806401249,0.34990699895462063
0.6285487485991782,0.8790007806401249,0.34986686032508785
0.6285487485991782,0.8790875184317807,0.3498297704243263
0.628572095629436,0.8790875184317807,0.3498290304031175
0.628572095629436,0.8791742562234366,0.3498242545571807
0.6289689951438177,0.8791742562234366,0.3496474944686129
0.6289689951438177,0.8792609940150924,0.34964609368894706
0.6290156892043333,0.8792609940150924,0.34963610309304183
0.6290156892043333,0.8793477318067482,0.34963589979800436
0.6290857302951065,0.8793477318067482,0.3496101002059704
0.6290857302951065,0.879434469598404,0.3496048082130516
0.629319200597684,0.879434469598404,0.34949690425058066
0.629319200597684,0.8795212073900599,0.3494910026422797
0.6295293238700037,0.8795212073900599,0.34942069643839957
0.6295293238700037,0.8796079451817157,0.3494165118521
0.6297161001120657,0.8796079451817157,0.3493395232425939
0.6297161001120657,0.8796946829733715,0.3493247570067306
0.6297627941725813,0.8796946829733715,0.3493019507729742
0.6297627941725813,0.8798681585566831,0.34928331867972295
0.6298094882330968,0.8798681585566831,0.34926807354776657
0.6298094882330968,0.879954896348339,0.34922428960626795
0.62987952932387,0.879954896348339,0.34915462457952773
0.62987952932387,0.8800416341399948,0.34914412486352076
0.6299262233843855,0.8800416341399948,0.34913149479947514
0.6299262233843855,0.8801283719316506,0.34910015129388805
0.6299962644751588,0.8801283719316506,0.34905772979955485
0.6299962644751588,0.8802151097233064,0.34904940361363834
0.6300896525961898,0.8802151097233064,0.348985330281821
0.6300896525961898,0.8803018475149623,0.3489745535645048
0.6302997758685095,0.8803018475149623,0.34888339860711615
0.6302997758685095,0.8803885853066181,0.34888011285272635
0.6303698169592827,0.8803885853066181,0.34882381306268373
0.6303698169592827,0.8804753230982739,0.3488110753535497
0.6305799402316026,0.8804753230982739,0.3486131717516264
0.6305799402316026,0.8805620608899297,0.34861307813872167
0.6306266342921181,0.8805620608899297,0.3486014041976818
0.6306266342921181,0.8806487986815855,0.34859890934852467
0.6307667164736646,0.8806487986815855,0.34847282399867374
0.6307667164736646,0.8807355364732414,0.3484674256660528
0.6309301456854688,0.8807355364732414,0.3483777525696238
0.6309301456854688,0.8808222742648972,0.34834976048167454
0.6310468808367575,0.8808222742648972,0.3483000609750755
0.6310468808367575,0.880909012056553,0.34829379502310864
0.6311869630183041,0.880909012056553,0.3482385234241323
0.6311869630183041,0.8809957498482088,0.34823779203381866
0.6312336570788196,0.8809957498482088,0.3482189964241795
0.6312336570788196,0.8810824876398647,0.3481927726235806
0.6313270451998506,0.8810824876398647,0.3481436612674499
0.6313270451998506,0.8811692254315205,0.34812374642823474
0.6313737392603661,0.8811692254315205,0.3481048046630303
0.6313737392603661,0.8812559632231763,0.34807465004484694
0.6314204333208816,0.8812559632231763,0.3480157058071621
0.6314204333208816,0.8813427010148321,0.34800767803005306
0.6314904744116548,0.8813427010148321,0.3479753507619996
0.6314904744116548,0.8814294388064879,0.3479396569054617
0.6315371684721703,0.8814294388064879,0.3478401615310558
0.6315371684721703,0.8815161765981439,0.3478364921278915
0.6316072095629436,0.8815161765981439,0.34781329438487274
0.6316072095629436,0.8816896521814555,0.34780767477621255
0.6316539036234591,0.8816896521814555,0.3477723570187472
0.6316539036234591,0.8817763899731113,0.3477523075568202
0.6319807620470677,0.8817763899731113,0.34752242396666866
0.6319807620470677,0.8818631277647672,0.3475184062858512
0.6322142323496451,0.8818631277647672,0.3474059792854475
0.6322142323496451,0.881949865556423,0.3473899349713123
0.6322842734404184,0.881949865556423,0.34736530004615296
0.6322842734404184,0.8821233411397346,0.3473196568258202
0.6323776615614494,0.8821233411397346,0.347289676805863
0.6323776615614494,0.8822100789313904,0.34728466221422893
0.6324477026522226,0.8822100789313904,0.3472630009346568
0.6324477026522226,0.8822968167230463,0.34725755379741197
0.6327278670153157,0.8822968167230463,0.3470648826653684
0.6327278670153157,0.8823835545147021,0.34704367065519715
0.6330080313784087,0.8823835545147021,0.34688936090651123
0.6330080313784087,0.8825570300980137,0.3468098053426264
0.6330780724691819,0.8825570300980137,0.34676015856625053
0.6330780724691819,0.8826437678896696,0.3467523336731907
0.6335683601045947,0.8826437678896696,0.34644450185668374
0.6335683601045947,0.8827305056813254,0.3464424027518447
0.6337784833769144,0.8827305056813254,0.34629602189220854
0.6337784833769144,0.8828172434729812,0.34628908310454753
0.6338251774374299,0.8828172434729812,0.3462844993975185
0.6338251774374299,0.882903981264637,0.34626768958716203
0.6340119536794919,0.882903981264637,0.3461582216449153
0.6340119536794919,0.8829907190562928,0.34615023567890746
0.6344088531938737,0.8829907190562928,0.3459515142520315
0.6344088531938737,0.8830774568479487,0.34594375766313246
0.6353894284646993,0.8830774568479487,0.34555912523047827
0.6353894284646993,0.8831641946396045,0.34555908324637985
0.6357629809488233,0.8831641946396045,0.3453500646684524
0.6357629809488233,0.8832509324312603,0.34533741915124294
0.6357863279790811,0.8832509324312603,0.34533533517363235
0.6357863279790811,0.8833376702229161,0.34533515592376474
0.6358797161001121,0.8833376702229161,0.3452880766336883
0.6358797161001121,0.8834244080145719,0.3452482897358009
0.6360197982816586,0.8834244080145719,0.3451764987436704
0.6360197982816586,0.8835111458062278,0.34516797399095533
0.636159880463205,0.8835111458062278,0.3450611740141668
0.636159880463205,0.8835978835978836,0.3449879294593766
0.636253268584236,0.8835978835978836,0.3449626461223988
0.636253268584236,0.8836846213895394,0.3449190562655672
0.6364166977960404,0.8836846213895394,0.3448791926747431
0.6364166977960404,0.8837713591811952,0.34486936208142316
0.6366268210683601,0.8837713591811952,0.3448032855681503
0.6366268210683601,0.8838580969728511,0.344777434747207
0.6367435562196488,0.8838580969728511,0.3447367896060177
0.6367435562196488,0.8839448347645069,0.34473009866918225
0.6373739260366081,0.8839448347645069,0.34428171149934095
0.6373739260366081,0.8840315725561627,0.34427552258616667
0.6374906611878969,0.8840315725561627,0.3441892372158172
0.6374906611878969,0.8841183103478185,0.3441862390120686
0.6375373552484124,0.8841183103478185,0.34418005732192625
0.6375373552484124,0.8842050481394743,0.3441398201434799
0.6376073963391856,0.8842050481394743,0.34411022365303234
0.6376073963391856,0.8842917859311302,0.34409351985552594
0.6377941725812477,0.8842917859311302,0.34398672822629406
0.6377941725812477,0.884378523722786,0.3439703038643226
0.6382144191258872,0.884378523722786,0.3436555942450653
0.6382144191258872,0.8844652615144418,0.34362565339211937
0.6383778483376914,0.8844652615144418,0.34353070659265517
0.6383778483376914,0.8845519993060976,0.34352026879330677
0.6384478894284648,0.8845519993060976,0.343473978577833
0.6384478894284648,0.8846387370977535,0.3434562198043446
0.6385412775494957,0.8846387370977535,0.34342401628576225
0.6385412775494957,0.8847254748894093,0.34342215233936624
0.6386580127007845,0.8847254748894093,0.3433811756833335
0.6386580127007845,0.8848122126810651,0.3433168935635268
0.6388681359731042,0.8848122126810651,0.3432188153472804
0.6388681359731042,0.8849856882643767,0.3431330330208531
0.638891483003362,0.8849856882643767,0.3431137284776957
0.638891483003362,0.8850724260560326,0.34310261514593987
0.6390082181546507,0.8850724260560326,0.34304866064489103
0.6390082181546507,0.8851591638476884,0.343036379309667
0.6393117295480015,0.8851591638476884,0.34291339639647245
0.6393117295480015,0.8852459016393442,0.3428795179583767
0.6398487112439297,0.8852459016393442,0.34253933433673867
0.6398487112439297,0.885332639431,0.3425390690126596
0.6398720582741875,0.885332639431,0.34253503739492397
0.6398720582741875,0.885419377222656,0.3425300210023442
0.6399420993649608,0.885419377222656,0.342485612852646
0.6399420993649608,0.8855061150143118,0.3424813059738213
0.6401055285767651,0.8855061150143118,0.34239958282461425
0.6401055285767651,0.8855928528059676,0.34239309230467896
0.6402222637280538,0.8855928528059676,0.34237124394966756
0.6402222637280538,0.8856795905976234,0.34235465611344373
0.6404557340306313,0.8856795905976234,0.3422394139531755
0.6404557340306313,0.8858530661809351,0.3422376239204489
0.6407592454239821,0.8858530661809351,0.3420859404927509
0.6407592454239821,0.8859398039725909,0.34206563952817826
0.6408292865147553,0.8859398039725909,0.3420546695722585
0.6408292865147553,0.8860265417642467,0.3420462639297678
0.6410861038475906,0.8860265417642467,0.3419605316849085
0.6410861038475906,0.8861132795559025,0.3419551926170191
0.6411094508778483,0.8861132795559025,0.34194669997557336
0.6411094508778483,0.8862000173475584,0.341891732399201
0.6411794919686216,0.8862000173475584,0.3418573208330089
0.6411794919686216,0.88637349293087,0.34183344775147484
0.6415296974224879,0.88637349293087,0.3416308963190461
0.6415296974224879,0.8864602307225258,0.34162615028932186
0.6415530444527456,0.8864602307225258,0.34162216266079815
0.6415530444527456,0.8865469685141816,0.3416077968152641
0.6415997385132611,0.8865469685141816,0.34160423630425785
0.6415997385132611,0.8866337063058375,0.3415994538533673
0.6420666791184161,0.8866337063058375,0.34138229265044584
0.6420666791184161,0.8867204440974933,0.3413631711611441
0.6423468434815092,0.8867204440974933,0.34128774460064815
0.6423468434815092,0.8868071818891491,0.3412876569668323
0.6424869256630557,0.8868071818891491,0.3412036765357773
0.6424869256630557,0.8868939196808049,0.3412032102336868
0.6426270078446021,0.8868939196808049,0.3411602445284496
0.6426270078446021,0.8870673952641166,0.34114735310511346
0.6427203959656331,0.8870673952641166,0.3411162181205373
0.6427203959656331,0.8871541330557724,0.3411130279736362
0.6429538662682107,0.8871541330557724,0.34104046511570796
0.6429538662682107,0.887327608639084,0.3410275555750797
0.643023907358984,0.887327608639084,0.34098054855189874
0.643023907358984,0.8874143464307399,0.3409632448186445
0.6430706014194995,0.8874143464307399,0.3409352065768717
0.6430706014194995,0.8875010842223957,0.3409296633591149
0.6431873365707882,0.8875010842223957,0.3408797415960312
0.6431873365707882,0.8875878220140515,0.3408763081035061
0.64358423608517,0.8875878220140515,0.34068844377316776
0.64358423608517,0.8876745598057073,0.3406824475083663
0.6436075831154278,0.8876745598057073,0.34066769808924247
0.6436075831154278,0.8877612975973632,0.34065756906975897
0.644144564811356,0.8877612975973632,0.34039552271341433
0.644144564811356,0.8879347731806748,0.34036003300990114
0.6442612999626448,0.8879347731806748,0.34031456627837775
0.6442612999626448,0.8880215109723306,0.3402851373751332
0.6443546880836758,0.8880215109723306,0.34024884845895276
0.6443546880836758,0.8881082487639864,0.3402268251536834
0.6444013821441913,0.8881082487639864,0.34019524126538014
0.6444013821441913,0.8881949865556423,0.3401832973072909
0.64451811729548,0.8881949865556423,0.3401448558590964
0.64451811729548,0.8882817243472981,0.34014143253092644
0.6445648113559955,0.8882817243472981,0.34011077344335083
0.6445648113559955,0.8883684621389539,0.34008849331685265
0.644611505416511,0.8883684621389539,0.34006557556435113
0.644611505416511,0.8884551999306097,0.34004479619159345
0.6448683227493462,0.8884551999306097,0.33988517572820265
0.6448683227493462,0.8885419377222656,0.33987525694593657
0.6449383638401195,0.8885419377222656,0.3398535885281101
0.6449383638401195,0.8886286755139214,0.3398487172730317
0.644985057900635,0.8886286755139214,0.33984008334097615
0.644985057900635,0.8887154133055772,0.3398395634456537
0.645545386626821,0.8887154133055772,0.33964122043405887
0.645545386626821,0.888802151097233,0.3396389405530542
0.6461290623832648,0.888802151097233,0.33933618794248677
0.6461290623832648,0.8888888888888888,0.3392878854174296
0.6463858797161001,0.8888888888888888,0.339127589993922
0.6463858797161001,0.8889756266805448,0.3391256521989363
0.6466193500186777,0.8889756266805448,0.33901773089013365
0.6466193500186777,0.8890623644722006,0.339000822590633
0.6467360851699664,0.8890623644722006,0.3389410670873788
0.6467360851699664,0.8891491022638564,0.33892097968706836
0.6469462084422861,0.8891491022638564,0.33886511054485513
0.6469462084422861,0.8892358400555122,0.33886434956328204
0.6474131490474412,0.8892358400555122,0.3385946445911009
0.6474131490474412,0.8893225778471681,0.33858980285541185
0.6474598431079567,0.8893225778471681,0.3385671330830631
0.6474598431079567,0.8894093156388239,0.33855262202081093
0.6476466193500187,0.8894093156388239,0.3384702721053715
0.6476466193500187,0.8894960534304797,0.33846573365602717
0.6476699663802764,0.8894960534304797,0.3384510929661083
0.6476699663802764,0.8895827912221355,0.33844561448378974
0.6482536421367202,0.8895827912221355,0.3381941840842163
0.6482536421367202,0.8896695290137913,0.33817640085260814
0.6485104594695554,0.8896695290137913,0.33804578694889154
0.6485104594695554,0.8897562668054472,0.3380435475213236
0.6485338064998132,0.8897562668054472,0.3380289331044969
0.6485338064998132,0.889843004597103,0.33802477044641677
0.6487672768023908,0.889843004597103,0.3378682569135629
0.6487672768023908,0.8899297423887588,0.3378657188318044
0.6489073589839373,0.8899297423887588,0.3378044893109261
0.6489073589839373,0.8900164801804146,0.33779813646709866
0.6490474411654837,0.8900164801804146,0.33769559197410814
0.6490474411654837,0.8901032179720705,0.3376948148653559
0.6494676877101233,0.8901032179720705,0.3374836448071594
0.6494676877101233,0.8901899557637263,0.33745237800574535
0.6500280164363093,0.8901899557637263,0.3371838672857058
0.6500280164363093,0.8902766935553821,0.33717028869790866
0.6502147926783713,0.8902766935553821,0.3370006900833348
0.6502147926783713,0.8903634313470379,0.3369732617053325
0.6502614867388868,0.8903634313470379,0.3369342736025769
0.6502614867388868,0.8904501691386937,0.3369149256030187
0.6507751214045573,0.8904501691386937,0.3365095732286164
0.6507751214045573,0.8905369069303496,0.33649101292938166
0.6508218154650729,0.8905369069303496,0.3364791463345881
0.6508218154650729,0.8906236447220054,0.33646968987723325
0.6508685095255884,0.8906236447220054,0.3364356685191625
0.6508685095255884,0.8907103825136612,0.33643088093425333
0.6508918565558461,0.8907103825136612,0.3364201929338625
0.6508918565558461,0.890797120305317,0.33641803416177896
0.6509385506163616,0.890797120305317,0.33639588988141667
0.6509385506163616,0.8908838580969729,0.3363932470920381
0.6511253268584236,0.8908838580969729,0.3363093609715644
0.6511253268584236,0.8909705958886287,0.3363055776898576
0.6512420620097124,0.8909705958886287,0.33628152039563275
0.6512420620097124,0.8910573336802845,0.336279524671115
0.6514054912215166,0.8910573336802845,0.3361321714765012
0.6514054912215166,0.8911440714719403,0.33613092928835653
0.6515222263728053,0.8911440714719403,0.33608345623903946
0.6515222263728053,0.8912308092635961,0.3360717867557538
0.6517090026148674,0.8912308092635961,0.3359983971815208
0.6517090026148674,0.8914042848469078,0.33597717992885767
0.6518257377661562,0.8914042848469078,0.33590442767838324
0.6518257377661562,0.8914910226385636,0.3358814716179377
0.6520358610384759,0.8914910226385636,0.3358102528317072
0.6520358610384759,0.8915777604302194,0.3357845954493953
0.652502801643631,0.8915777604302194,0.33555505600334024
0.652502801643631,0.8916644982218753,0.33554241097619997
0.6525261486738887,0.8916644982218753,0.3355389169487236
0.6525261486738887,0.8917512360135311,0.33552633580480906
0.6525728427344042,0.8917512360135311,0.3355137920878912
0.6525728427344042,0.8918379738051869,0.3354839533178875
0.6526895778856929,0.8918379738051869,0.33543078099045653
0.6526895778856929,0.8920114493884985,0.33539963377493054
0.6527362719462084,0.8920114493884985,0.3353826827624037
0.6527362719462084,0.892271662763466,0.3353436531998488
0.6527596189764662,0.892271662763466,0.33533324653832197
0.6527596189764662,0.8924451383467777,0.33531222767001745
0.6530164363093015,0.8924451383467777,0.33520801819698154
0.6530164363093015,0.8926186139300893,0.3351676256106848
0.6532032125513635,0.8926186139300893,0.3350821477124427
0.6532032125513635,0.8927053517217451,0.33503562256032815
0.653623459096003,0.8927053517217451,0.3349112271192195
0.653623459096003,0.8927920895134009,0.3349002939661627
0.653716847217034,0.8927920895134009,0.3348666488861698
0.653716847217034,0.8928788273050569,0.3348663386403725
0.6539736645498693,0.8928788273050569,0.3347497344574113
0.6539736645498693,0.8929655650967127,0.334744012366754
0.653997011580127,0.8929655650967127,0.3347330781222746
0.653997011580127,0.8930523028883685,0.3347326720961835
0.6540670526709003,0.8930523028883685,0.3347154972636328
0.6540670526709003,0.8931390406800243,0.3346953087115607
0.6541137467314158,0.8931390406800243,0.334653524317586
0.6541137467314158,0.8932257784716802,0.3346433212687784
0.654183787822189,0.8932257784716802,0.33460376630399613
0.654183787822189,0.893312516263336,0.33458634916178687
0.6542071348524467,0.893312516263336,0.334583376716849
0.6542071348524467,0.8933992540549918,0.3345813769086563
0.6544172581247665,0.8933992540549918,0.3344646756492192
0.6544172581247665,0.8934859918466476,0.3344646504842591
0.6544872992155398,0.8934859918466476,0.33445357622520755
0.6544872992155398,0.8935727296383034,0.3344456112574068
0.6547674635786328,0.8935727296383034,0.33434948361260175
0.6547674635786328,0.8937462052216151,0.3343170610433136
0.654930892790437,0.8937462052216151,0.3342389292131842
0.654930892790437,0.8938329430132709,0.3342199294085314
0.6550009338812103,0.8938329430132709,0.33419392908982415
0.6550009338812103,0.8939196808049267,0.33418237872321854
0.655117669032499,0.8939196808049267,0.33409816340257537
0.655117669032499,0.8940064185965826,0.3340893881225453
0.6551410160627568,0.8940064185965826,0.33408604381819573
0.6551410160627568,0.8940931563882384,0.33408119009259984
0.6552110571535301,0.8940931563882384,0.33402839188634625
0.6552110571535301,0.8941798941798942,0.33402184527672685
0.6557713858797161,0.8941798941798942,0.3337330527922996
0.6557713858797161,0.89426663197155,0.3337248590500408
0.655864774000747,0.89426663197155,0.3336795483459527
0.655864774000747,0.8943533697632058,0.3336701438944848
0.6559114680612627,0.8943533697632058,0.3336201496289166
0.6559114680612627,0.8945268453465175,0.33355882178033525
0.6559348150915204,0.8945268453465175,0.3335504650631601
0.6559348150915204,0.8946135831381733,0.33351764953927077
0.6559815091520359,0.8946135831381733,0.3335087755926156
0.6559815091520359,0.8947003209298291,0.33350053957876913
0.6564017556966754,0.8947003209298291,0.33322638790395964
0.6564017556966754,0.8947870587214849,0.3332239068906935
0.6567753081807994,0.8947870587214849,0.33301734429370977
0.6567753081807994,0.8948737965131408,0.33301577198892873
0.6567986552110572,0.8948737965131408,0.33300929283572855
0.6567986552110572,0.8949605343047966,0.3329959262541268
0.6568453492715727,0.8949605343047966,0.33299475228608955
0.6568453492715727,0.8950472720964524,0.33297255222819666
0.6568920433320882,0.8950472720964524,0.3329521150659541
0.6568920433320882,0.8951340098881082,0.3329320550901784
0.6574523720582742,0.8951340098881082,0.3325322128713134
0.6574523720582742,0.8953074854714199,0.33250653333944213
0.657569107209563,0.8953074854714199,0.3324267600743961
0.657569107209563,0.8953942232630757,0.33241873868964267
0.6581994770265223,0.8953942232630757,0.3320988031098491
0.6581994770265223,0.8954809610547315,0.3320884295907156
0.6583629062383265,0.8954809610547315,0.3320173658892066
0.6583629062383265,0.8955676988463873,0.33201074555578847
0.6583862532685842,0.8955676988463873,0.33199915438761074
0.6583862532685842,0.8956544366380432,0.33198477979823116
0.658409600298842,0.8956544366380432,0.3319758650036062
0.658409600298842,0.895741174429699,0.33196659390375227
0.658596376540904,0.895741174429699,0.3318317027067097
0.658596376540904,0.8958279122213548,0.33182353607503623
0.6586664176316772,0.8958279122213548,0.3317930849094084
0.6586664176316772,0.8959146500130106,0.3317894647249654
0.6588064998132238,0.8959146500130106,0.33171046636973556
0.6588064998132238,0.8960013878046665,0.3317014042504308
0.658876540903997,0.8960013878046665,0.33167302118836406
0.658876540903997,0.8960881255963223,0.3316713275253106
0.6588998879342548,0.8960881255963223,0.33163226223246445
0.6588998879342548,0.8961748633879781,0.3316084258208838
0.6589465819947703,0.8961748633879781,0.33158479118021633
0.6589465819947703,0.8962616011796339,0.3315832928092485
0.6591333582368323,0.8962616011796339,0.331473718132995
0.6591333582368323,0.8963483389712897,0.33146293809909966
0.6592734404183788,0.8963483389712897,0.3313737094678676
0.6592734404183788,0.8965218145546014,0.3313689046137791
0.6593668285394098,0.8965218145546014,0.3313379762483014
0.6593668285394098,0.8966085523462572,0.3313263863411474
0.6595769518117296,0.8966085523462572,0.33120927836638026
0.6595769518117296,0.896695290137913,0.33117755010909866
0.6604874859917819,0.896695290137913,0.33083624077315543
0.6604874859917819,0.8968687657212248,0.3308267062719146
0.6605341800522974,0.8968687657212248,0.3307945137406588
0.6605341800522974,0.8969555035128806,0.3307877451054658
0.6610945087784834,0.8969555035128806,0.3305823447260152
0.6610945087784834,0.8970422413045364,0.3305796910449116
0.6613980201718341,0.8970422413045364,0.33045581651995426
0.6613980201718341,0.8972157168878481,0.33044790626979437
0.6614914082928651,0.8972157168878481,0.33038889147203554
0.6614914082928651,0.8973024546795039,0.33034328691451753
0.6615847964138961,0.8973024546795039,0.33030494723470916
0.6615847964138961,0.8973891924711597,0.33029238239793024
0.6616081434441539,0.8973891924711597,0.330289628633162
0.6616081434441539,0.8974759302628155,0.33028159045484584
0.661888307807247,0.8974759302628155,0.33012743433852976
0.661888307807247,0.8975626680544714,0.3301269361680568
0.6619116548375047,0.8975626680544714,0.330111468818886
0.6619116548375047,0.8976494058461272,0.3300862099091344
0.6619583488980202,0.8976494058461272,0.33007543756783086
0.6619583488980202,0.897736143637783,0.3300656815709705
0.6619816959282779,0.897736143637783,0.33006231726286683
0.6619816959282779,0.8978228814294388,0.3300620180752275
0.6620750840493089,0.8978228814294388,0.3300175035395767
0.6620750840493089,0.8979096192210946,0.3299802709240075
0.6623319013821442,0.8979096192210946,0.3298631549161394
0.6623319013821442,0.8979963570127505,0.32986194565759164
0.6625653716847217,0.8979963570127505,0.3297228470188721
0.6625653716847217,0.8980830948044063,0.3297224853735572
0.6627754949570415,0.8980830948044063,0.3296027580105054
0.6627754949570415,0.8982565703877179,0.3295878807142717
0.6635225999252895,0.8982565703877179,0.32918367405946536
0.6635225999252895,0.8983433081793738,0.32916552663996235
0.6640595816212178,0.8983433081793738,0.3288769653721241
0.6640595816212178,0.8984300459710296,0.32886619018948515
0.6642463578632798,0.8984300459710296,0.3288259952923158
0.6642463578632798,0.8985167837626854,0.3288107761502639
0.6648533806499813,0.8985167837626854,0.32852137878245824
0.6648533806499813,0.8986035215543412,0.3285192906638439
0.6648767276802391,0.8986035215543412,0.3285134437802071
0.6648767276802391,0.898690259345997,0.3284948120791481
0.6649234217407546,0.898690259345997,0.3284910973139168
0.6649234217407546,0.8987769971376529,0.32846567318981557
0.6650401568920433,0.8987769971376529,0.3284142599301054
0.6650401568920433,0.8988637349293087,0.3283692928769677
0.6650635039223011,0.8988637349293087,0.3283619995571112
0.6650635039223011,0.8989504727209645,0.32835932894718256
0.6651568920433321,0.8989504727209645,0.328280336524303
0.6651568920433321,0.8990372105126203,0.3282748080848715
0.6652269331341053,0.8990372105126203,0.32822072120932344
0.6652269331341053,0.899210686095932,0.32821504497153875
0.6656238326484871,0.899210686095932,0.32807776240721775
0.6656238326484871,0.8992974238875878,0.32807690261199685
0.6656471796787449,0.8992974238875878,0.32807421995880703
0.6656471796787449,0.8993841616792436,0.32807307898552296
0.6658106088905491,0.8993841616792436,0.32802916374546154
0.6658106088905491,0.8995576372625553,0.3280210464978438
0.6658573029510646,0.8995576372625553,0.32799344732278923
0.6658573029510646,0.8996443750542111,0.32798427380152206
0.6662075084049309,0.8996443750542111,0.327823520098559
0.6662075084049309,0.8997311128458669,0.32781850191646145
0.6663242435562197,0.8997311128458669,0.3277781836235574
0.6663242435562197,0.8998178506375227,0.32773926487910854
0.6667211430706014,0.8998178506375227,0.32743814043140274
0.6667211430706014,0.8999045884291786,0.3274184730957903
0.6668845722824057,0.8999045884291786,0.32733694586761364
0.6668845722824057,0.8999913262208344,0.3273357263642883
0.666954613373179,0.8999913262208344,0.3272979761999967
0.666954613373179,0.9000780640124902,0.3272895241587753
0.6670246544639522,0.9000780640124902,0.3272756274502141
0.6670246544639522,0.900164801804146,0.3272738174112122
0.6671413896152409,0.900164801804146,0.32722790019841863
0.6671413896152409,0.9002515395958018,0.32722228615947013
0.6672581247665297,0.9002515395958018,0.3271869601673456
0.6672581247665297,0.9003382773874578,0.3271734496139377
0.6674215539783339,0.9003382773874578,0.32708680556547454
0.6674215539783339,0.9005984907624252,0.3270859338326356
0.667608330220396,0.9005984907624252,0.3269797322111817
0.667608330220396,0.9006852285540811,0.32697066276234765
0.6677250653716847,0.9006852285540811,0.3268822756052978
0.6677250653716847,0.9007719663457369,0.32685876405743797
0.6679585356742622,0.9007719663457369,0.32672199195936835
0.6679585356742622,0.9009454419290485,0.32671245286563677
0.6687523347030258,0.9009454419290485,0.326173149225813
0.6687523347030258,0.9011189175123602,0.32616305702323956
0.6691025401568921,0.9011189175123602,0.3259084538619904
0.6691025401568921,0.901205655304016,0.32588566719276846
0.6691492342174076,0.901205655304016,0.3258679047265318
0.6691492342174076,0.9012923930956718,0.3258618339759578
0.6696395218528203,0.9012923930956718,0.3256145909033462
0.6696395218528203,0.9013791308873276,0.32559572572080386
0.6701298094882331,0.9013791308873276,0.32526829538592306
0.6701298094882331,0.9014658686789835,0.3252655489475058
0.6703165857302951,0.9014658686789835,0.3252213469755888
0.6703165857302951,0.9015526064706393,0.32521598705371824
0.6704566679118417,0.9015526064706393,0.3251506478832773
0.6704566679118417,0.9018128198456067,0.3250953698660156
0.6705033619723572,0.9018128198456067,0.3250864585867891
0.6705033619723572,0.9020730332205742,0.3250707593659735
0.6707134852446769,0.9020730332205742,0.324952492087335
0.6707134852446769,0.90215977101223,0.3249351215218631
0.6708302203959656,0.90215977101223,0.32490297153917036
0.6708302203959656,0.9024199843871975,0.32486304099974395
0.6708535674262234,0.9024199843871975,0.3248449648664964
0.6708535674262234,0.9025067221788533,0.32484404937472655
0.6711570788195742,0.9025067221788533,0.32472059775042794
0.6711570788195742,0.9025934599705091,0.3247004622637001
0.6713438550616362,0.9025934599705091,0.324514939797117
0.6713438550616362,0.902680197762165,0.32451302026490547
0.6714372431826672,0.902680197762165,0.3244649293345149
0.6714372431826672,0.9027669355538208,0.32444341002006993
0.6716707134852447,0.9027669355538208,0.3242937400095498
0.6716707134852447,0.9029404111371324,0.3242306839253688
0.6720909600298842,0.9029404111371324,0.32406423315530275
0.6720909600298842,0.9030271489287883,0.32405653477898
0.6725112065745237,0.9030271489287883,0.3238009137168951
0.6725112065745237,0.9031138867204441,0.3238004271368974
0.6727213298468435,0.9031138867204441,0.323634058623564
0.6727213298468435,0.9032006245120999,0.3236268160377229
0.673141576391483,0.9032006245120999,0.3234711755024182
0.673141576391483,0.9032873623037557,0.3234599320949151
0.6732816585730295,0.9032873623037557,0.3233977845598448
0.6732816585730295,0.9033741000954115,0.32339510887957446
0.6738186402689578,0.9033741000954115,0.3230411018409326
0.6738186402689578,0.9034608378870674,0.32302199121141706
0.6741221516623086,0.9034608378870674,0.32288732393622244
0.6741221516623086,0.9035475756787232,0.3228833803454866
0.6742388868135973,0.9035475756787232,0.3228243861365415
0.6742388868135973,0.903634313470379,0.3227933259521585
0.6745190511766903,0.903634313470379,0.3225861067143019
0.6745190511766903,0.9037210512620348,0.3225777592913228
0.6745890922674636,0.9037210512620348,0.32255365116453316
0.6745890922674636,0.9038077890536907,0.32254537563916064
0.6749392977213299,0.9038077890536907,0.32239221656122097
0.6749392977213299,0.9038945268453465,0.32237763183645296
0.6749626447515876,0.9038945268453465,0.32236710362062826
0.6749626447515876,0.9039812646370023,0.3223535249001034
0.6750560328726186,0.9039812646370023,0.32230696390458313
0.6750560328726186,0.9040680024286581,0.3222616889669372
0.6752428091146806,0.9040680024286581,0.32214133868051353
0.6752428091146806,0.904154740220314,0.32212942187288707
0.6754295853567426,0.904154740220314,0.3220080833909821
0.6754295853567426,0.9043282158036257,0.3219982372418171
0.6759899140829286,0.9043282158036257,0.32173906299095634
0.6759899140829286,0.9044149535952815,0.32169959468103526
0.6762700784460217,0.9044149535952815,0.3215137704895623
0.6762700784460217,0.9045016913869373,0.3215127202436334
0.6763167725065372,0.9045016913869373,0.32150282740626523
0.6763167725065372,0.9045884291785932,0.32150257796054305
0.676340119536795,0.9045884291785932,0.32149318161885676
0.676340119536795,0.9047619047619048,0.32146711387537164
0.6763634665670527,0.9047619047619048,0.32144868878072475
0.6763634665670527,0.9048486425535606,0.32144356021385156
0.6763868135973105,0.9048486425535606,0.32143315782458826
0.6763868135973105,0.9049353803452164,0.3214216334031187
0.6765969368696302,0.9049353803452164,0.32132717756289875
0.6765969368696302,0.9050221181368723,0.3213112964922761
0.6768537542024654,0.9050221181368723,0.32119501538797224
0.6768537542024654,0.9051088559285281,0.3211797432389092
0.6773440418378782,0.9051088559285281,0.32091119799858936
0.6773440418378782,0.9051955937201839,0.3209089786578203
0.6774841240194247,0.9051955937201839,0.32085648427974267
0.6774841240194247,0.9052823315118397,0.3208502742014028
0.678021105715353,0.9052823315118397,0.3206467267565266
0.678021105715353,0.9053690693034956,0.3206446719264674
0.6781611878968995,0.9053690693034956,0.32059388201091077
0.6781611878968995,0.9054558070951514,0.32058283065236914
0.6785113933507658,0.9054558070951514,0.32041641421882183
0.6785113933507658,0.9055425448868072,0.3204089927930538
0.6786981695928278,0.9055425448868072,0.32023424811762613
0.6786981695928278,0.905629282678463,0.32021906862304794
0.6787215166230856,0.905629282678463,0.32021349019731504
0.6787215166230856,0.9057160204701188,0.3202124107700738
0.6788149047441165,0.9057160204701188,0.3201216077899304
0.6788149047441165,0.9058027582617747,0.3201201743779192
0.6792118042584984,0.9058027582617747,0.3199253491160452
0.6792118042584984,0.9058894960534305,0.3199061033805607
0.6793285394097871,0.9058894960534305,0.31985065668183066
0.6793285394097871,0.9059762338450863,0.3198268521356199
0.6794219275308181,0.9059762338450863,0.31981563512377564
0.6794219275308181,0.9060629716367421,0.3197807037276241
0.6794452745610758,0.9060629716367421,0.31977210305928816
0.6794452745610758,0.9061497094283979,0.319755787621548
0.6795153156518491,0.9061497094283979,0.3197354626939908
0.6795153156518491,0.9062364472200538,0.3197184120771276
0.6796553978333956,0.9062364472200538,0.3196676800745213
0.6796553978333956,0.9063231850117096,0.31965738464852644
0.6797487859544266,0.9063231850117096,0.31961076980721237
0.6797487859544266,0.9064099228033654,0.3196012635133836
0.6798421740754576,0.9064099228033654,0.31954564473476077
0.6798421740754576,0.9064966605950212,0.3195295186735154
0.6799355621964887,0.9064966605950212,0.3194963200174731
0.6799355621964887,0.9065833983866771,0.31944590259298844
0.6801690324990661,0.9065833983866771,0.319331069399043
0.6801690324990661,0.9067568739699887,0.3193072329387706
0.6802157265595816,0.9067568739699887,0.31929664829630444
0.6802157265595816,0.9068436117616445,0.31926439856176037
0.6802390735898394,0.9068436117616445,0.3192530728693799
0.6802390735898394,0.9069303495533003,0.3192301265305112
0.6807060141949944,0.9069303495533003,0.31888385762160465
0.6807060141949944,0.9070170873449562,0.3188819892390462
0.6813597310422115,0.9070170873449562,0.31834814574359993
0.6813597310422115,0.907103825136612,0.31831225526334284
0.681406425102727,0.907103825136612,0.3183042199613503
0.681406425102727,0.9071905629282678,0.3183003854179056
0.6814531191632425,0.9071905629282678,0.31826718080246574
0.6814531191632425,0.9072773007199236,0.31826229389471683
0.68168658946582,0.9072773007199236,0.3180527055587996
0.68168658946582,0.9073640385115795,0.3180473508561167
0.6817566305565932,0.9073640385115795,0.3179735846075272
0.6817566305565932,0.9074507763032353,0.3179700312142585
0.6817799775868509,0.9074507763032353,0.3179474692248896
0.6817799775868509,0.9075375140948911,0.3179469464048982
0.6822002241314905,0.9075375140948911,0.31776611850735736
0.6822002241314905,0.9076242518865469,0.31776202322703107
0.6824803884945835,0.9076242518865469,0.31759659380199423
0.6824803884945835,0.9077109896782027,0.31758854738543585
0.6827372058274187,0.9077109896782027,0.317427534487168
0.6827372058274187,0.9078844652615145,0.3174048669265186
0.6830640642510273,0.9078844652615145,0.31724947958788297
0.6830640642510273,0.9079712030531703,0.31724120842778447
0.6831341053418005,0.9079712030531703,0.31721155777359455
0.6831341053418005,0.908057940844826,0.31715549393419307
0.6831574523720583,0.908057940844826,0.31714472848500397
0.6831574523720583,0.908144678636482,0.31710899194529873
0.6834843107956667,0.908144678636482,0.31692465626999
0.6834843107956667,0.9082314164281378,0.3169235050605499
0.6835310048561823,0.9082314164281378,0.31688033988059094
0.6835310048561823,0.9083181542197936,0.31687990786991826
0.6835776989166978,0.9083181542197936,0.31685794499294007
0.6835776989166978,0.9084048920114494,0.3168563192358589
0.6836010459469556,0.9084048920114494,0.31683960454178084
0.6836010459469556,0.9084916298031052,0.3168180233983866
0.6838111692192753,0.9084916298031052,0.3167211985814615
0.6838111692192753,0.9085783675947611,0.31668362323035093
0.6840913335823683,0.9085783675947611,0.3165588977662531
0.6840913335823683,0.9086651053864169,0.31655555095539323
0.6847450504295853,0.9086651053864169,0.3162146830127096
0.6847450504295853,0.9087518431780727,0.316210531667673
0.6852820321255136,0.9087518431780727,0.31598406421790237
0.6852820321255136,0.9088385809697285,0.3159770772205708
0.6854221143070601,0.9088385809697285,0.3159511025424129
0.6854221143070601,0.9089253187613844,0.315928491735303
0.6854454613373179,0.9089253187613844,0.3158970045786512
0.6854454613373179,0.9090120565530402,0.31587825279924364
0.6855621964886066,0.9090120565530402,0.31584033966980174
0.6855621964886066,0.909098794344696,0.3158395622235106
0.6859824430332462,0.909098794344696,0.31559745743916423
0.6859824430332462,0.9091855321363518,0.31559696397064385
0.6866128128502055,0.9091855321363518,0.3152551891570189
0.6866128128502055,0.9092722699280076,0.31525315904499607
0.6870564064251027,0.9092722699280076,0.3150476892166033
0.6870564064251027,0.9093590077196635,0.31504194290226395
0.6874766529697423,0.9093590077196635,0.31484706902607607
0.6874766529697423,0.9094457455113193,0.314846469714659
0.687686776242062,0.9094457455113193,0.3147018776014652
0.687686776242062,0.9095324833029751,0.31469344056466764
0.688247104968248,0.9095324833029751,0.314461283925217
0.688247104968248,0.9096192210946309,0.3144509850868379
0.6884105341800523,0.9096192210946309,0.31427152600986363
0.6884105341800523,0.9097059588862868,0.3142410006986319
0.6886206574523721,0.9097059588862868,0.3141548575548252
0.6886206574523721,0.9097926966779426,0.31415023588743196
0.6893911094508779,0.9097926966779426,0.3138040092059068
0.6893911094508779,0.9098794344695984,0.3137995536521684
0.6896479267837131,0.9098794344695984,0.3137553865577344
0.6896479267837131,0.9099661722612542,0.3137544937338209
0.6896946208442286,0.9099661722612542,0.31373253891916864
0.6896946208442286,0.91005291005291,0.3137259164528454
0.6900681733283527,0.91005291005291,0.31354245468092934
0.6900681733283527,0.9102263856362217,0.31352104533256586
0.6902782966006724,0.9102263856362217,0.3134137546260294
0.6902782966006724,0.9103131234278775,0.3134132234591316
0.6903016436309302,0.9103131234278775,0.3134081977846186
0.6903016436309302,0.9103998612195333,0.3133972450909226
0.6903249906611879,0.9103998612195333,0.31339350724388215
0.6903249906611879,0.9104865990111892,0.3133790573426558
0.6905117669032499,0.9104865990111892,0.3132602829772424
0.6905117669032499,0.9106600745945008,0.3132052272860485
0.6906985431453119,0.9106600745945008,0.3130293298372515
0.6906985431453119,0.9107468123861566,0.31302777716242824
0.6908152782966007,0.9107468123861566,0.31299185994990086
0.6908152782966007,0.9108335501778124,0.31297989607559307
0.6908619723571162,0.9108335501778124,0.3129756242462929
0.6908619723571162,0.9109202879694683,0.3129732495155396
0.690978707508405,0.9109202879694683,0.3128874717025828
0.690978707508405,0.9110070257611241,0.3128316602810389
0.6912121778109824,0.9110070257611241,0.3126886848691366
0.6912121778109824,0.9110937635527799,0.3126882950322678
0.6913055659320134,0.9110937635527799,0.3126482716486315
0.6913055659320134,0.9111805013444357,0.31263886581668154
0.6915156892043333,0.9111805013444357,0.31256928226567093
0.6915156892043333,0.9112672391360916,0.3125635244565905
0.692099364960777,0.9112672391360916,0.31211735193605483
0.692099364960777,0.9113539769277474,0.3121146523721917
0.6927997758685095,0.9113539769277474,0.31173466003170325
0.6927997758685095,0.9114407147194032,0.3117303034275076
0.6928231228987672,0.9114407147194032,0.3117221616806486
0.6928231228987672,0.9116141903027148,0.3116939752503908
0.6928698169592827,0.9116141903027148,0.31168678767711555
0.6928698169592827,0.9117009280943708,0.3116823629664067
0.6929865521105716,0.9117009280943708,0.31165888087972826
0.6929865521105716,0.9117876658860266,0.31163329049253174
0.693406798655211,0.9117876658860266,0.31134650533041364
0.693406798655211,0.9118744036776824,0.31134033445520015
0.6944107209562944,0.9118744036776824,0.3107399979951394
0.6944107209562944,0.9119611414693382,0.3107331994734829
0.6944340679865522,0.9119611414693382,0.31073054991130233
0.6944340679865522,0.9120478792609941,0.3107276974174161
0.6945974971983564,0.9120478792609941,0.3106185728163119
0.6945974971983564,0.9121346170526499,0.31060169325365194
0.6948076204706761,0.9121346170526499,0.310514514832972
0.6948076204706761,0.9122213548443057,0.3105074110720244
0.6953679491968622,0.9122213548443057,0.31020729664980196
0.6953679491968622,0.9123080926359615,0.31020504877884447
0.6956014194994397,0.9123080926359615,0.310105311265532
0.6956014194994397,0.9123948304276173,0.3100955410229308
0.6956481135599552,0.9123948304276173,0.3100825635628567
0.6956481135599552,0.912568306010929,0.3100675305815871
0.6956714605902129,0.912568306010929,0.3100608854091519
0.6956714605902129,0.9126550438025848,0.31005974337923403
0.6956948076204706,0.9126550438025848,0.3100417009857903
0.6956948076204706,0.9127417815942406,0.310037145693542
0.6957648487112439,0.9127417815942406,0.30997091388794396
0.6957648487112439,0.9128285193858965,0.30994304678891316
0.6957881957415016,0.9128285193858965,0.3099341555264794
0.6957881957415016,0.9129152571775523,0.3099281261823983
0.6958348898020171,0.9129152571775523,0.30989666780254665
0.6958348898020171,0.9130019949692081,0.3098911931041498
0.6961617482256257,0.9130019949692081,0.3097378840429784
0.6961617482256257,0.9130887327608639,0.3097298211275633
0.6967687710123273,0.9130887327608639,0.3094787633245819
0.6967687710123273,0.9131754705525197,0.30947459003697886
0.6972824056779977,0.9131754705525197,0.3091945849729545
0.6972824056779977,0.9132622083441756,0.3091906994547652
0.6979828165857302,0.9132622083441756,0.30875924112236575
0.6979828165857302,0.9133489461358314,0.3087487951921506
0.6981462457975346,0.9133489461358314,0.3086382300397309
0.6981462457975346,0.9134356839274872,0.3085957697835836
0.6981929398580501,0.9134356839274872,0.3085906850076102
0.6981929398580501,0.913522421719143,0.30858852048882046
0.6982629809488233,0.913522421719143,0.3085644336060599
0.6982629809488233,0.9136091595107989,0.308540195546242
0.6984497571908853,0.9136091595107989,0.30848019226270806
0.6984497571908853,0.9136958973024547,0.3084516233588839
0.6984964512514008,0.9136958973024547,0.30840972217862883
0.6984964512514008,0.9137826350941105,0.30835113755096355
0.6990100859170714,0.9137826350941105,0.308127776314301
0.6990100859170714,0.9138693728857663,0.30812339241696496
0.6992202091893911,0.9138693728857663,0.3080506832375497
0.6992202091893911,0.9139561106774221,0.3080386515044852
0.6999673141576391,0.9139561106774221,0.307664290100072
0.6999673141576391,0.914042848469078,0.30764335197103887
0.7001307433694434,0.914042848469078,0.3075070102932038
0.7001307433694434,0.9141295862607338,0.3075037206212371
0.7002474785207322,0.9141295862607338,0.30744472070684736
0.7002474785207322,0.9142163240523896,0.30740190459719596
0.7003408666417632,0.9142163240523896,0.30733887547847083
0.7003408666417632,0.9143030618440454,0.30731005244642573
0.7011813597310422,0.9143030618440454,0.3069488777388204
0.7011813597310422,0.9143897996357013,0.30692194533521455
0.7014381770638775,0.9143897996357013,0.30680109158992674
0.7014381770638775,0.9144765374273571,0.30679968610082275
0.7015782592454239,0.9144765374273571,0.3067548116491716
0.7015782592454239,0.9146500130106687,0.3067178858227917
0.701951811729548,0.9146500130106687,0.3065951440439978
0.701951811729548,0.9147367508023245,0.3065922566915895
0.7023954053044452,0.9147367508023245,0.30638224776793965
0.7023954053044452,0.9148234885939804,0.306364794377858
0.7025121404557341,0.9148234885939804,0.30630566952590677
0.7025121404557341,0.914996964177292,0.30622219690426644
0.7026755696675383,0.914996964177292,0.3061754607431678
0.7026755696675383,0.9150837019689478,0.30616398103700315
0.7031191632424355,0.9150837019689478,0.3059561449839482
0.7031191632424355,0.9151704397606037,0.3059494842240128
0.7032825924542399,0.9151704397606037,0.30586104427636396
0.7032825924542399,0.9152571775522595,0.30583909569234313
0.7033526335450131,0.9152571775522595,0.3058242296365782
0.7033526335450131,0.9153439153439153,0.30582160335865094
0.7036327979081061,0.9153439153439153,0.3057162207122096
0.7036327979081061,0.9154306531355711,0.305701917861701
0.7037028389988793,0.9154306531355711,0.3056916649430367
0.7037028389988793,0.915517390927227,0.30569126368843336
0.7037962271199103,0.915517390927227,0.30566262902046504
0.7037962271199103,0.9156041287188829,0.3056593989740598
0.7044499439671273,0.9156041287188829,0.3052380302362545
0.7044499439671273,0.9156908665105387,0.305231731861905
0.7045199850579006,0.9156908665105387,0.30514037948354156
0.7045199850579006,0.9157776043021945,0.30511957719365235
0.7047067612999627,0.9157776043021945,0.305071629559029
0.7047067612999627,0.9158643420938503,0.3050694851160973
0.7047534553604782,0.9158643420938503,0.30505467753000304
0.7047534553604782,0.9159510798855062,0.3050523676762218
0.7050336197235711,0.9159510798855062,0.30495587555855896
0.7050336197235711,0.916037817677162,0.30494958401623895
0.7056873365707882,0.916037817677162,0.3046058151217671
0.7056873365707882,0.9161245554688178,0.3045646690661813
0.706271012327232,0.9161245554688178,0.3042408031920454
0.706271012327232,0.9162112932604736,0.3042018563994474
0.7064344415390362,0.9162112932604736,0.30410584481828395
0.7064344415390362,0.9162980310521294,0.3040974555873872
0.7065745237205827,0.9162980310521294,0.30398755750751294
0.7065745237205827,0.9164715066354411,0.3039291694183065
0.7065978707508405,0.9164715066354411,0.3039242415559784
0.7065978707508405,0.9165582444270969,0.30391690503994306
0.7069480762047068,0.9165582444270969,0.3037238066550745
0.7069480762047068,0.9166449822187527,0.3037105556890606
0.707111505416511,0.9166449822187527,0.3036337500999269
0.707111505416511,0.9167317200104085,0.303620903011816
0.7075317519611506,0.9167317200104085,0.30332750724878166
0.7075317519611506,0.9168184578020644,0.30331281526516485
0.7081154277175943,0.9168184578020644,0.3028614440551616
0.7081154277175943,0.9169051955937202,0.30286084218707476
0.7081621217781098,0.9169051955937202,0.30285319163688806
0.7081621217781098,0.916991933385376,0.30283833374051583
0.7081854688083675,0.916991933385376,0.30283735523411437
0.7081854688083675,0.9170786711770318,0.3028132243278874
0.7083022039596564,0.9170786711770318,0.3027294180995014
0.7083022039596564,0.9171654089686877,0.30271792046383184
0.7086057153530071,0.9171654089686877,0.30260303741315386
0.7086057153530071,0.9172521467603435,0.3025648706472537
0.7088391856555846,0.9172521467603435,0.30240470662220686
0.7088391856555846,0.9173388845519993,0.3024010391264599
0.7089092267463578,0.9173388845519993,0.3023643932740524
0.7089092267463578,0.9174256223436551,0.3023595500078984
0.7094228614120284,0.9174256223436551,0.302175870528854
0.7094228614120284,0.9175123601353109,0.3021640998918914
0.7094695554725439,0.9175123601353109,0.30212422363951563
0.7094695554725439,0.9175990979269668,0.3021203932577634
0.7099598431079567,0.9175990979269668,0.301760527924831
0.7099598431079567,0.9176858357186226,0.30176024999172246
0.7100298841987299,0.9176858357186226,0.3017082929684939
0.7100298841987299,0.9178593113019342,0.30166905622093676
0.7103100485618229,0.9178593113019342,0.3014273665541949
0.7103100485618229,0.9179460490935901,0.3014078035081733
0.7104501307433695,0.9179460490935901,0.3013570073784575
0.7104501307433695,0.9181195246769017,0.3013180504905316
0.7104734777736272,0.9181195246769017,0.3013171753555085
0.7104734777736272,0.9182062624685575,0.3013016227794839
0.7106135599551737,0.9182062624685575,0.3011941083134899
0.7106135599551737,0.9182930002602133,0.3011902876798612
0.7106369069854315,0.9182930002602133,0.3011710906524161
0.7106369069854315,0.9183797380518692,0.30114895570941436
0.710776989166978,0.9183797380518692,0.30107014087069484
0.710776989166978,0.918466475843525,0.3010662169032019
0.7108236832274935,0.918466475843525,0.3010580383976095
0.7108236832274935,0.9185532136351808,0.30104081385692116
0.7109170713485244,0.9185532136351808,0.3010082071058525
0.7109170713485244,0.9186399514268366,0.3010003268569592
0.7111738886813598,0.9186399514268366,0.3008280475080677
0.7111738886813598,0.9187266892184925,0.30079281507317046
0.7116408292865147,0.9187266892184925,0.3005098749963194
0.7116408292865147,0.9188134270101483,0.3004903022034723
0.7119209936496078,0.9188134270101483,0.3003283313544187
0.7119209936496078,0.9189869025934599,0.3002945016318056
0.7119910347403811,0.9189869025934599,0.30027131967860055
0.7119910347403811,0.9190736403851157,0.30024411490631175
0.7121544639521853,0.9190736403851157,0.30007899989734743
0.7121544639521853,0.9191603781767717,0.3000703803701621
0.712271199103474,0.9191603781767717,0.30003489142851003
0.712271199103474,0.9192471159684275,0.30002978670594715
0.7128315278296601,0.9192471159684275,0.29975009480517323
0.7128315278296601,0.9193338537600833,0.2997363352955419
0.7130183040717221,0.9193338537600833,0.2996368043366503
0.7130183040717221,0.919420591551739,0.2996313475558908
0.7131583862532686,0.919420591551739,0.2995765157714334
0.7131583862532686,0.919507329343395,0.299520076790465
0.7133918565558461,0.919507329343395,0.2993959215113432
0.7133918565558461,0.9195940671350508,0.2993665000141196
0.7134152035861039,0.9195940671350508,0.29936472047990415
0.7134152035861039,0.9196808049267066,0.29935386326307734
0.7134618976466194,0.9196808049267066,0.2993317510147441
0.7134618976466194,0.9197675427183624,0.2993283847329229
0.7135786327979081,0.9197675427183624,0.29928423033469376
0.7135786327979081,0.9199410183016741,0.2992412161141742
0.7139288382517743,0.9199410183016741,0.29906123563072895
0.7139288382517743,0.9200277560933299,0.2990495647739265
0.7146992902502801,0.9200277560933299,0.2986458413654084
0.7146992902502801,0.9201144938849857,0.29862478265750925
0.7148393724318267,0.9201144938849857,0.29858491056336867
0.7148393724318267,0.9202879694682974,0.29857994185414305
0.7149794546133732,0.9202879694682974,0.29850634452812275
0.7149794546133732,0.9203747072599532,0.2984882871721053
0.7152129249159507,0.9203747072599532,0.2983766113796248
0.7152129249159507,0.920461445051609,0.29833441568382113
0.7152596189764662,0.920461445051609,0.298294956869981
0.7152596189764662,0.9205481828432648,0.29824535908846006
0.7154697422487859,0.9205481828432648,0.298159623070117
0.7154697422487859,0.9206349206349206,0.29814503298805817
0.7157032125513635,0.9206349206349206,0.2980456652580854
0.7157032125513635,0.9207216584265765,0.2980241754632965
0.7157732536421367,0.9207216584265765,0.2979960207236291
0.7157732536421367,0.9208083962182323,0.29799077527184037
0.7159600298841987,0.9208083962182323,0.29794381483319354
0.7159600298841987,0.9208951340098881,0.2979323111307586
0.716403623459096,0.9208951340098881,0.2976677597399221
0.716403623459096,0.9209818718015439,0.2976449998211942
0.7164503175196115,0.9209818718015439,0.2975928225055935
0.7164503175196115,0.9210686095931998,0.2975825836395042
0.716497011580127,0.9210686095931998,0.29758147259562995
0.716497011580127,0.9211553473848556,0.2975531442617927
0.716683787822189,0.9211553473848556,0.2974279929169735
0.716683787822189,0.9212420851765114,0.2974057167332639
0.7167538289129622,0.9212420851765114,0.29738133155183266
0.7167538289129622,0.9213288229681672,0.297379465424522
0.7168005229734777,0.9213288229681672,0.2973564917361876
0.7168005229734777,0.921415560759823,0.2973472309003664
0.717244116548375,0.921415560759823,0.2970034735859334
0.717244116548375,0.9215022985514789,0.29700138322830505
0.7172908106088905,0.9215022985514789,0.2969807663644395
0.7172908106088905,0.9215890363431347,0.2969564715524765
0.7173841987299215,0.9215890363431347,0.2968957657074175
0.7173841987299215,0.9216757741347905,0.2968835605337463
0.7182013447889428,0.9216757741347905,0.2965079793606341
0.7182013447889428,0.9217625119264463,0.2964809919028304
0.7191819200597684,0.9217625119264463,0.29580800802476637
0.7191819200597684,0.9218492497181022,0.29577119635585125
0.7193686963018304,0.9218492497181022,0.29567892567809617
0.7193686963018304,0.921935987509758,0.2956574305844979
0.7194153903623459,0.921935987509758,0.2956242888495394
0.7194153903623459,0.9220227253014138,0.29562055825769284
0.7195554725438924,0.9220227253014138,0.29551411932754323
0.7195554725438924,0.9221094630930696,0.2954960189309025
0.7196255136346656,0.9221094630930696,0.29545632014889656
0.7196255136346656,0.9221962008847254,0.2954550878966816
0.7196488606649234,0.9221962008847254,0.29542015375118014
0.7196488606649234,0.9222829386763813,0.29541330917755093
0.7200224131490475,0.9222829386763813,0.29509259987755765
0.7200224131490475,0.9223696764680371,0.2950751695065078
0.7202091893911095,0.9223696764680371,0.29500092169049186
0.7202091893911095,0.9224564142596929,0.2949868052673569
0.7204660067239447,0.9224564142596929,0.29485821054868544
0.7204660067239447,0.9225431520513487,0.294849394463201
0.7205827418752335,0.9225431520513487,0.2947667996341401
0.7205827418752335,0.9226298898430046,0.2947648655858116
0.7206060889054913,0.9226298898430046,0.29476267754996366
0.7206060889054913,0.9227166276346604,0.2947450493641085
0.7216800522973478,0.9227166276346604,0.29411042147597966
0.7216800522973478,0.9228033654263162,0.2941078812502883
0.7217967874486365,0.9228033654263162,0.29407882164015076
0.7217967874486365,0.922890103217972,0.2940759948228884
0.7220536047814718,0.922890103217972,0.29388654434415096
0.7220536047814718,0.9229768410096278,0.2938769020030475
0.7220769518117296,0.9229768410096278,0.2938593709882541
0.7220769518117296,0.9230635788012838,0.29384561278081345
0.7222870750840493,0.9230635788012838,0.29371082839288454
0.7222870750840493,0.9231503165929396,0.2937083267469569
0.7226139335076578,0.9231503165929396,0.2935120380810552
0.7226139335076578,0.9232370543845954,0.29349719426370213
0.722683974598431,0.9232370543845954,0.2934736896338934
0.722683974598431,0.9234105299679071,0.2934359614185804
0.7233376914456481,0.9234105299679071,0.2931624657920361
0.7233376914456481,0.9234972677595629,0.2931525722175067
0.7233843855061636,0.9234972677595629,0.29310697977361566
0.7233843855061636,0.9235840055512187,0.2931007378622026
0.7237345909600299,0.9235840055512187,0.2928797775919165
0.7237345909600299,0.9236707433428745,0.2928774560062035
0.7238279790810609,0.9236707433428745,0.29281129741137946
0.7238279790810609,0.9237574811345303,0.29280167777221466
0.7238513261113186,0.9237574811345303,0.2927898111993851
0.7238513261113186,0.9238442189261862,0.2927867398087567
0.7239213672020919,0.9238442189261862,0.2927579419496694
0.7239213672020919,0.923930956717842,0.2927548614192681
0.7242715726559582,0.923930956717842,0.29256109209391723
0.7242715726559582,0.9240176945094978,0.29255842359629214
0.7246684721703399,0.9240176945094978,0.29226570329433177
0.7246684721703399,0.9241044323011536,0.2922494931751234
0.7252054538662682,0.9241044323011536,0.2918214924522733
0.7252054538662682,0.9241911700928095,0.2918055222182221
0.7253688830780725,0.9241911700928095,0.2916992532553294
0.7253688830780725,0.9242779078844653,0.29169391861447536
0.725415577138588,0.9242779078844653,0.2916707344931537
0.725415577138588,0.9243646456761211,0.29166513779814907
0.7254389241688457,0.9243646456761211,0.2916545980605204
0.7254389241688457,0.9244513834677769,0.2916542210556523
0.7255556593201344,0.9244513834677769,0.2916063629314616
0.7255556593201344,0.9245381212594327,0.291570963605964
0.7258358236832275,0.9245381212594327,0.29140649185034473
0.7258358236832275,0.9246248590510886,0.29139772688523
0.7261393350765782,0.9246248590510886,0.2911902513306349
0.7261393350765782,0.9247115968427444,0.2911872954266099
0.7261860291370937,0.9247115968427444,0.2911701397562857
0.7261860291370937,0.9247983346344002,0.29115950119774103
0.7262093761673515,0.9247983346344002,0.29110138289317533
0.7262093761673515,0.924885072426056,0.29105908468458486
0.7263961524094136,0.924885072426056,0.2909435222753818
0.7263961524094136,0.9249718102177119,0.29093204726604405
0.7271199103474039,0.9249718102177119,0.2904491514378589
0.7271199103474039,0.9251452858010235,0.2904121468185584
0.7272132984684349,0.9251452858010235,0.2903722743765076
0.7272132984684349,0.9252320235926793,0.29036305619150327
0.7274934628315278,0.9252320235926793,0.2901966598082931
0.7274934628315278,0.9253187613843351,0.29018938336090094
0.7277269331341053,0.9253187613843351,0.28999748482371646
0.7277269331341053,0.9255789747593026,0.2899512427566554
0.7281004856182294,0.9255789747593026,0.28973232278747996
0.7281004856182294,0.9256657125509584,0.28970835748869894
0.7282172207695181,0.9256657125509584,0.28966929498908944
0.7282172207695181,0.9257524503426143,0.28966414767381066
0.7284973851326111,0.9257524503426143,0.2895261077334075
0.7284973851326111,0.9258391881342701,0.2895227005361929
0.7285907732536422,0.9258391881342701,0.28949798625943957
0.7285907732536422,0.9259259259259259,0.28949098720936006
0.7287542024654464,0.9259259259259259,0.2894473265049239
0.7287542024654464,0.9260126637175817,0.2894465140667133
0.7288942846469929,0.9260126637175817,0.28939065523505125
0.7288942846469929,0.9260994015092375,0.2893801451006547
0.7298982069480762,0.9260994015092375,0.28894068269864315
0.7298982069480762,0.9261861393008934,0.2888602642888619
0.730108330220396,0.9261861393008934,0.2888062834307925
0.730108330220396,0.9262728770925492,0.288796806653014
0.7302250653716847,0.9262728770925492,0.2887166400513035
0.7302250653716847,0.926359614884205,0.2887040793932064
0.7305285767650355,0.926359614884205,0.28849002971786153
0.7305285767650355,0.9264463526758608,0.28847037776556606
0.7307387000373552,0.9264463526758608,0.28834248380853633
0.7307387000373552,0.9265330904675168,0.2883337058667773
0.731135599551737,0.9265330904675168,0.2881644391482905
0.731135599551737,0.9266198282591726,0.2881638000135516
0.731228987672768,0.9266198282591726,0.2881314065728572
0.731228987672768,0.9267065660508284,0.28809703891767025
0.7316725812476653,0.9267065660508284,0.2879241637985862
0.7316725812476653,0.9267933038424842,0.2879042172452423
0.731882704519985,0.9267933038424842,0.2878061272464092
0.731882704519985,0.92688004163414,0.2877976616938902
0.7321395218528203,0.92688004163414,0.28760691403868177
0.7321395218528203,0.9269667794257959,0.28760522944552847
0.7325831154277176,0.9269667794257959,0.2873366628389744
0.7325831154277176,0.9270535172174517,0.28733005696869507
0.7328165857302951,0.9270535172174517,0.2871537703268394
0.7328165857302951,0.9271402550091075,0.28714791727471123
0.7330267090026149,0.9271402550091075,0.28698441182991263
0.7330267090026149,0.9272269928007633,0.2869779974635165
0.7332601793051924,0.9272269928007633,0.2868420997168013
0.7332601793051924,0.9273137305924192,0.2867968373417138
0.7335169966380276,0.9273137305924192,0.28665001770270593
0.7335169966380276,0.927400468384075,0.286644033926057
0.7336103847590586,0.927400468384075,0.2865743440009151
0.7336103847590586,0.9274872061757308,0.2865690165119471
0.7337738139708629,0.9274872061757308,0.28643225425290464
0.7337738139708629,0.9275739439673866,0.2864308414234894
0.7339372431826672,0.9275739439673866,0.2863796045110797
0.7339372431826672,0.9276606817590424,0.2863469839932353
0.7342174075457601,0.9276606817590424,0.2861505823741125
0.7342174075457601,0.9277474195506983,0.2861490690326607
0.7348477773627194,0.9277474195506983,0.2856452222902409
0.7348477773627194,0.9278341573423541,0.2856415476680382
0.7354081060889055,0.9278341573423541,0.2853367985537636
0.7354081060889055,0.9279208951340099,0.2853162845248891
0.735454800149421,0.9279208951340099,0.28529548944990657
0.735454800149421,0.9280943707173215,0.28529092160140257
0.7354781471796787,0.9280943707173215,0.2852891337634339
0.7354781471796787,0.9281811085089774,0.2852848631041236
0.7357816585730295,0.9281811085089774,0.2851840089197363
0.7357816585730295,0.9282678463006332,0.2851739713462551
0.735828352633545,0.9282678463006332,0.28511989719468256
0.735828352633545,0.928354584092289,0.2851084550804306
0.7358983937243183,0.928354584092289,0.2850594080669133
0.7358983937243183,0.9284413218839448,0.2850493725338642
0.7359684348150916,0.9284413218839448,0.2850049203454078
0.7359684348150916,0.9285280596756007,0.28499580068441344
0.736388681359731,0.9285280596756007,0.2846776133811242
0.736388681359731,0.9286147974672565,0.28467198342801037
0.7364120283899888,0.9286147974672565,0.28466913829796414
0.7364120283899888,0.9287015352589123,0.28466072245254126
0.7365521105715352,0.9287015352589123,0.2846026264542483
0.7365521105715352,0.9287882730505681,0.28459619748000664
0.7367155397833396,0.9287882730505681,0.2845107500155798
0.7367155397833396,0.9288750108422239,0.2845079317487055
0.7369723571161748,0.9288750108422239,0.28432241937090375
0.7369723571161748,0.9289617486338798,0.2843171272962708
0.7372525214792678,0.9289617486338798,0.28418037263797413
0.7372525214792678,0.9290484864255356,0.28416989824756256
0.7372758685095255,0.9290484864255356,0.284169646872093
0.7372758685095255,0.9291352242171914,0.2841551233816012
0.7372992155397834,0.9291352242171914,0.28412293926358745
0.7372992155397834,0.9292219620088472,0.2840941673478826
0.7376727680239074,0.9292219620088472,0.2839041375770228
0.7376727680239074,0.9293086998005031,0.283874754692495
0.7379295853567426,0.9293086998005031,0.2837055523967047
0.7379295853567426,0.9293954375921589,0.28369343855478935
0.7379996264475158,0.9293954375921589,0.28363409694367603
0.7379996264475158,0.9294821753838147,0.28361173738907963
0.7385132611131864,0.9294821753838147,0.28331243853372123
0.7385132611131864,0.9295689131754705,0.28328278686132835
0.7394704893537543,0.9295689131754705,0.2825751710334614
0.7394704893537543,0.9296556509671263,0.28254741471247324
0.7397973477773627,0.9296556509671263,0.282297850921048
0.7397973477773627,0.9297423887587822,0.28227237540008887
0.7400775121404557,0.9297423887587822,0.2820793575329781
0.7400775121404557,0.929829126550438,0.2820715004725918
0.7402642883825178,0.929829126550438,0.2819592748680998
0.7402642883825178,0.9299158643420938,0.2819396690931104
0.7407545760179305,0.9299158643420938,0.28164925955936104
0.7407545760179305,0.9300026021337496,0.2816268485734099
0.7409413522599926,0.9300026021337496,0.2814941571522729
0.7409413522599926,0.9300893399254055,0.28149200865496893
0.7410580874112813,0.9300893399254055,0.28142457555809997
0.7410580874112813,0.9301760777170613,0.28141624556843836
0.7415250280164363,0.9301760777170613,0.2811719733080503
0.7415250280164363,0.9302628155087171,0.28113585474769087
0.741548375046694,0.9302628155087171,0.2811258627787565
0.741548375046694,0.930349553300373,0.281119776054349
0.7418051923795294,0.930349553300373,0.2809935318086719
0.7418051923795294,0.9304362910920287,0.28098641646123523
0.7418752334703026,0.9304362910920287,0.2809408919235846
0.7418752334703026,0.9305230288836847,0.28092184926569586
0.7421320508031378,0.9305230288836847,0.2807807264115557
0.7421320508031378,0.9306965044669963,0.28075254752516554
0.7425522973477774,0.9306965044669963,0.2804518240146803
0.7425522973477774,0.930783242258652,0.2804419518270663
0.7428091146806126,0.930783242258652,0.2803438598262108
0.7428091146806126,0.930869980050308,0.28033748702145367
0.7430659320134478,0.930869980050308,0.2802297036483089
0.7430659320134478,0.9309567178419638,0.2802245624312796
0.7431593201344789,0.9309567178419638,0.2801828210514211
0.7431593201344789,0.9311301934252754,0.2801368707362052
0.7432527082555099,0.9311301934252754,0.28010694463567865
0.7432527082555099,0.9312169312169312,0.28010634157080483
0.7432994023160254,0.9312169312169312,0.2800709510882863
0.7432994023160254,0.9313036690085871,0.2800632216323018
0.7434628315278297,0.9313036690085871,0.2799938977855564
0.7434628315278297,0.9313904068002429,0.27997633667168964
0.7436262607396339,0.9313904068002429,0.27989662938534077
0.7436262607396339,0.9314771445918987,0.2798966052875913
0.7437896899514381,0.9314771445918987,0.27983057985461757
0.7437896899514381,0.9315638823835545,0.27982136029869276
0.7438363840119537,0.9315638823835545,0.2797736311770683
0.7438363840119537,0.9316506201752104,0.279772521164831
0.7441632424355622,0.9316506201752104,0.2796329675166167
0.7441632424355622,0.9317373579668662,0.27962814956277526
0.744653530070975,0.9317373579668662,0.2792493662480856
0.744653530070975,0.931824095758522,0.2792253708780331
0.7448870003735525,0.931824095758522,0.2791090992921841
0.7448870003735525,0.9319108335501778,0.2791083537039226
0.745213858797161,0.9319108335501778,0.27886173631189615
0.745213858797161,0.9319975713418336,0.2788512928655843
0.7462411281285021,0.9319975713418336,0.2782211897888146
0.7462411281285021,0.9320843091334895,0.2782194394693652
0.7463345162495331,0.9320843091334895,0.2781350265374445
0.7463345162495331,0.9321710469251453,0.27813491800206713
0.746614680612626,0.9321710469251453,0.2780247810252374
0.746614680612626,0.9322577847168011,0.2780073142281656
0.7467547627941726,0.9322577847168011,0.27794021238515687
0.7467547627941726,0.9323445225084569,0.2779213417968681
0.7468714979454614,0.9323445225084569,0.2778930499674993
0.7468714979454614,0.9325179980917686,0.2778278881749956
0.7469181920059769,0.9325179980917686,0.2777461331889015
0.7469181920059769,0.9326047358834244,0.2777320057499909
0.7469882330967501,0.9326047358834244,0.27769727454281135
0.7469882330967501,0.9326914736750802,0.2776904902672117
0.7472217033993276,0.9326914736750802,0.27758156952617696
0.7472217033993276,0.932778211466736,0.2775545573642165
0.7475952558834517,0.932778211466736,0.2773240863275276
0.7475952558834517,0.9328649492583919,0.27731200674066714
0.7476652969742249,0.9328649492583919,0.27728619005255517
0.7476652969742249,0.9329516870500477,0.2772848091826813
0.7478053791557714,0.9329516870500477,0.2772199198889487
0.7478053791557714,0.9330384248417035,0.2772099344040191
0.7479921553978334,0.9330384248417035,0.2770914941145619
0.7479921553978334,0.9331251626333593,0.27709064437948194
0.748225625700411,0.9331251626333593,0.2770102446221505
0.748225625700411,0.9332119004250152,0.27697609588494543
0.7484824430332462,0.9332119004250152,0.2767892719904962
0.7484824430332462,0.933298638216671,0.2767851513054629
0.7485991781845349,0.933298638216671,0.2767386444379819
0.7485991781845349,0.9333853760083268,0.2767323958525364
0.748972730668659,0.9333853760083268,0.2765133455626363
0.748972730668659,0.9334721137999826,0.27647728017286544
0.7492062009712365,0.9334721137999826,0.2764040159754382
0.7492062009712365,0.9335588515916384,0.27638761498896913
0.7495330593948449,0.9335588515916384,0.2760337832475358
0.7495330593948449,0.9337323271749501,0.2759991439442774
0.749719835636907,0.9337323271749501,0.27589116080959064
0.749719835636907,0.9338190649666059,0.2758675554408765
0.75,0.9338190649666059,0.27566626799249494
0.75,0.9339058027582617,0.2756522053986823
0.7501167351512887,0.9339058027582617,0.2755729017207814
0.7501167351512887,0.9339925405499176,0.27556422545744563
0.750186776242062,0.9339925405499176,0.2755289606885317
0.750186776242062,0.9340792783415734,0.27552675055196485
0.750280164363093,0.9340792783415734,0.2754666292156309
0.750280164363093,0.9341660161332292,0.275464461352505
0.7503735524841241,0.9341660161332292,0.27540408270396544
0.7503735524841241,0.934252753924885,0.2753852629280895
0.7507237579379903,0.934252753924885,0.2751379177548725
0.7507237579379903,0.9343394917165408,0.2750987890026789
0.7508171460590213,0.9343394917165408,0.2750265288421512
0.7508171460590213,0.9344262295081968,0.2750214067801834
0.7509572282405678,0.9344262295081968,0.2749191842814339
0.7509572282405678,0.9345129672998526,0.27490822644093305
0.7509805752708255,0.9345129672998526,0.2748967804398056
0.7509805752708255,0.9345997050915084,0.27487844318280574
0.7510506163615988,0.9345997050915084,0.2748325680714575
0.7510506163615988,0.9346864428831642,0.274817642142547
0.7511206574523721,0.9346864428831642,0.2747814463749402
0.7511206574523721,0.9347731806748201,0.2747700245277339
0.7511906985431454,0.9347731806748201,0.2747098659686612
0.7511906985431454,0.9348599184664759,0.27470212467499666
0.7515409039970116,0.9348599184664759,0.274430542103147
0.7515409039970116,0.9349466562581317,0.27442926922681876
0.7517276802390735,0.9349466562581317,0.2743224966024481
0.7517276802390735,0.9350333940497875,0.27431063668415867
0.7519844975719089,0.9350333940497875,0.2741388420687402
0.7519844975719089,0.9351201318414433,0.27413320635577487
0.7525448262980949,0.9351201318414433,0.273813379180908
0.7525448262980949,0.9352068696330992,0.2737756503410631
0.7527316025401569,0.9352068696330992,0.27366107813608653
0.7527316025401569,0.935293607424755,0.2736549966032499
0.7528249906611879,0.935293607424755,0.2736072295989055
0.7528249906611879,0.9353803452164108,0.27360646239261266
0.7529884198729921,0.9353803452164108,0.27352548858913617
0.7529884198729921,0.9355538207997225,0.27343408467236185
0.7535487485991782,0.9355538207997225,0.27309206037166767
0.7535487485991782,0.9356405585913783,0.27306241403208575
0.7536187896899514,0.9356405585913783,0.2730359936541079
0.7536187896899514,0.9357272963830341,0.2730340876372609
0.7536421367202092,0.9357272963830341,0.2730304280868422
0.7536421367202092,0.9358140341746899,0.2730219738135965
0.7539923421740754,0.9358140341746899,0.272806524331225
0.7539923421740754,0.9359007719663457,0.2728007780505485
0.7540623832648488,0.9359007719663457,0.2727288004311368
0.7540623832648488,0.9359875097580016,0.27271301068073384
0.754225812476653,0.9359875097580016,0.2726370193800908
0.754225812476653,0.9360742475496574,0.27263542006164443
0.7543425476279417,0.9360742475496574,0.2725615180409863
0.7543425476279417,0.9361609853413132,0.27254046714353986
0.7544359357489727,0.9361609853413132,0.272488771563446
0.7544359357489727,0.936247723132969,0.272484534878501
0.7544592827792305,0.936247723132969,0.27247571045809305
0.7544592827792305,0.9363344609246249,0.2724509445028733
0.754505976839746,0.9363344609246249,0.2724150831392578
0.754505976839746,0.9364211987162807,0.2724060478756265
0.7545526709002615,0.9364211987162807,0.2724009654092395
0.7545526709002615,0.9365079365079365,0.2723844799239007
0.754599364960777,0.9365079365079365,0.2723780124155536
0.754599364960777,0.9365946742995923,0.2723727002719706
0.7547161001120657,0.9365946742995923,0.2723086656143795
0.7547161001120657,0.9366814120912481,0.2722974073521971
0.7547394471423235,0.9366814120912481,0.27229516464213677
0.7547394471423235,0.936768149882904,0.272291941839665
0.7550429585356743,0.936768149882904,0.27217232223170185
0.7550429585356743,0.9368548876745598,0.27217098480955615
0.755159693686963,0.9368548876745598,0.272107194452181
0.755159693686963,0.9369416254662156,0.272049814154503
0.7552063877474785,0.9369416254662156,0.2720409823645751
0.7552063877474785,0.9370283632578714,0.27202893610692935
0.7553231228987672,0.9370283632578714,0.27199172274916117
0.7553231228987672,0.9372018388411831,0.2719775714293151
0.7556966753828913,0.9372018388411831,0.2717316789245534
0.7556966753828913,0.9372885766328389,0.27172919456958833
0.7558367575644378,0.9372885766328389,0.27160577009372044
0.7558367575644378,0.9373753144244947,0.2716008960777987
0.7560702278670153,0.9373753144244947,0.27147014427636973
0.7560702278670153,0.9374620522161505,0.2714677445286813
0.7562570041090774,0.9374620522161505,0.2713960421453506
0.7562570041090774,0.9375487900078064,0.2713947670500104
0.7567005976839746,0.9375487900078064,0.2710542518106436
0.7567005976839746,0.937722265591118,0.2710403349363102
0.7568173328352633,0.937722265591118,0.27095736211644006
0.7568173328352633,0.9378090033827738,0.27095722996281235
0.7571208442286141,0.9378090033827738,0.27072904439108103
0.7571208442286141,0.9378957411744298,0.2707137766388136
0.7573076204706761,0.9378957411744298,0.2706033124573445
0.7573076204706761,0.9379824789660856,0.27059122010984105
0.7573543145311916,0.9379824789660856,0.2705859885894052
0.7573543145311916,0.9380692167577414,0.27057407996050264
0.7580547254389242,0.9380692167577414,0.2701698953929479
0.7580547254389242,0.9381559545493972,0.27013471215397256
0.7583348898020171,0.9381559545493972,0.26994013773036996
0.7583348898020171,0.938242692341053,0.2698990743845513
0.7583815838625327,0.938242692341053,0.26987344462261453
0.7583815838625327,0.9383294301327089,0.26986682698809716
0.7584983190138215,0.9383294301327089,0.26984103519181646
0.7584983190138215,0.9384161679243647,0.26982829681710885
0.7588018304071722,0.9384161679243647,0.2696088217514041
0.7588018304071722,0.9385029057160205,0.2695842479419587
0.7588485244676877,0.9385029057160205,0.2695674640348775
0.7588485244676877,0.9385896435076763,0.2695500450991499
0.7588952185282032,0.9385896435076763,0.2695225986390256
0.7588952185282032,0.9386763812993322,0.269496839063873
0.759198729921554,0.9386763812993322,0.2693251914582985
0.759198729921554,0.938763119090988,0.2693202482810956
0.7593388121031005,0.938763119090988,0.26926681062034363
0.7593388121031005,0.9388498568826438,0.2692587327892376
0.759478894284647,0.9388498568826438,0.2691718417955531
0.759478894284647,0.9389365946742996,0.26916128646320825
0.7598991408292866,0.9389365946742996,0.2688489165782886
0.7598991408292866,0.9390233324659554,0.268829841973351
0.7599925289503175,0.9390233324659554,0.2687537378964612
0.7599925289503175,0.9391100702576113,0.2687419003715884
0.7601793051923795,0.9391100702576113,0.2685904317865919
0.7601793051923795,0.9391968080492671,0.2685829702793088
0.7602960403436683,0.9391968080492671,0.26845185246378533
0.7602960403436683,0.9393702836325787,0.2684254654319417
0.7604361225252148,0.9393702836325787,0.2683784086839359
0.7604361225252148,0.9395437592158904,0.2683709440495585
0.761253268584236,0.9395437592158904,0.26786902085342323
0.761253268584236,0.9396304970075462,0.2678662060904212
0.7615567799775869,0.9396304970075462,0.267629356386596
0.7615567799775869,0.9398039725908578,0.2675717527160242
0.7618369443406798,0.9398039725908578,0.26727880038581264
0.7618369443406798,0.9398907103825137,0.2672766722600425
0.7621404557340307,0.9398907103825137,0.26709582638309304
0.7621404557340307,0.9399774481741695,0.2670915080870745
0.7622104968248039,0.9399774481741695,0.2670431262604821
0.7622104968248039,0.9400641859658253,0.2670398515970377
0.7623739260366081,0.9400641859658253,0.2669880998477895
0.7623739260366081,0.9401509237574811,0.2669388990704171
0.7625373552484124,0.9401509237574811,0.2668207068939361
0.7625373552484124,0.9402376615491369,0.266801569224535
0.7635412775494957,0.9402376615491369,0.26630218825725516
0.7635412775494957,0.9404111371324486,0.2662537973563258
0.7637047067613,0.9404111371324486,0.2660684416721273
0.7637047067613,0.9404978749241044,0.2660498802444604
0.7638447889428465,0.9404978749241044,0.2659776105724472
0.7638447889428465,0.9405846127157602,0.2659747158795389
0.7639148300336197,0.9405846127157602,0.2659107648705602
0.7639148300336197,0.9406713505074161,0.2659070021868021
0.7639381770638775,0.9406713505074161,0.26587957403102447
0.7639381770638775,0.9407580882990719,0.2658659187875052
0.7641949943967128,0.9407580882990719,0.2657266768025587
0.7641949943967128,0.9408448260907277,0.2657250533346087
0.7644051176690325,0.9408448260907277,0.2656545409692981
0.7644051176690325,0.9409315638823835,0.2656456602858206
0.7644985057900635,0.9409315638823835,0.26557027258976407
0.7644985057900635,0.9410183016740393,0.26554886173116177
0.7649420993649608,0.9410183016740393,0.26529416739458767
0.7649420993649608,0.9411050394656952,0.2652755529602725
0.7653623459096003,0.9411050394656952,0.26498146999228367
0.7653623459096003,0.941191777257351,0.26498056323205943
0.7656658573029511,0.941191777257351,0.2647722233778842
0.7656658573029511,0.9412785150490068,0.2647499331180274
0.7657358983937244,0.9412785150490068,0.2646840050321233
0.7657358983937244,0.9413652528406626,0.2646487804776563
0.7657592454239821,0.9413652528406626,0.2646389725049304
0.7657592454239821,0.9414519906323185,0.264619377193163
0.7657825924542399,0.9414519906323185,0.2646085439600231
0.7657825924542399,0.9415387284239743,0.2646083491085036
0.7658759805752708,0.9415387284239743,0.26454090953507026
0.7658759805752708,0.9416254662156301,0.2645369858993275
0.7663896152409414,0.9416254662156301,0.26432964440193274
0.7663896152409414,0.941712204007286,0.26432845309525677
0.7669265969368696,0.941712204007286,0.26394836644586606
0.7669265969368696,0.9417989417989417,0.2639425495966503
0.7670666791184161,0.9417989417989417,0.2638609940385368
0.7670666791184161,0.9419724173822535,0.26384580386327783
0.7673468434815092,0.9419724173822535,0.2636615975496045
0.7673468434815092,0.9420591551739093,0.263656528786947
0.7678137840866642,0.9420591551739093,0.2633802037588432
0.7678137840866642,0.9421458929655651,0.26335294554330557
0.7680706014194995,0.9421458929655651,0.2632269299877701
0.7680706014194995,0.942232630757221,0.26320764692022725
0.7681406425102727,0.942232630757221,0.26316308856659487
0.7681406425102727,0.9423193685488768,0.26314959517783376
0.7682340306313037,0.9423193685488768,0.2630569779662233
0.7682340306313037,0.9424061063405326,0.2630500520216289
0.7683974598431079,0.9424061063405326,0.26301702967719753
0.7683974598431079,0.9425795819238442,0.2629618181802337
0.7684208068733657,0.9425795819238442,0.2629307042286111
0.7684208068733657,0.9426663197155001,0.2629063624920013
0.7688177063877475,0.9426663197155001,0.2626727592657616
0.7688177063877475,0.9427530575071559,0.26266359173793963
0.7688877474785207,0.9427530575071559,0.2626093019436556
0.7688877474785207,0.9428397952988117,0.2625676456961691
0.7690978707508405,0.9428397952988117,0.2624480960023433
0.7690978707508405,0.9430132708821234,0.2624267648726689
0.7696581994770265,0.9430132708821234,0.26213538160034056
0.7696581994770265,0.9431000086737792,0.26213293306162655
0.7700550989914083,0.9431000086737792,0.26191557266857735
0.7700550989914083,0.943186746465435,0.26190296631791
0.7703586103847591,0.943186746465435,0.261756787473734
0.7703586103847591,0.9432734842570908,0.2617448313915788
0.7706154277175943,0.9432734842570908,0.2616640442051873
0.7706154277175943,0.9433602220487466,0.2616513726658818
0.7708255509899141,0.9433602220487466,0.26153321573229604
0.7708255509899141,0.9434469598404025,0.26146256655930455
0.7710590212924916,0.9434469598404025,0.26136454867055825
0.7710590212924916,0.9436204354237141,0.26135492232737667
0.7711057153530071,0.9436204354237141,0.26131941015363935
0.7711057153530071,0.9437071732153699,0.2613187627755359
0.7721096376540904,0.9437071732153699,0.2606620346036571
0.7721096376540904,0.9437939110070258,0.26064600649469116
0.7726699663802764,0.9437939110070258,0.2603249101876999
0.7726699663802764,0.9438806487986816,0.2603233145731133
0.7730201718341427,0.9438806487986816,0.26009056165326094
0.7730201718341427,0.9439673865903374,0.26006615023814783
0.773276989166978,0.9439673865903374,0.259903491679357
0.773276989166978,0.9440541243819932,0.2599001683075739
0.7738606649234218,0.9440541243819932,0.25947245675883457
0.7738606649234218,0.944140862173649,0.25945301512935204
0.7742342174075457,0.944140862173649,0.2591451179699129
0.7742342174075457,0.9442275999653049,0.2591391972613316
0.7743276055285767,0.9442275999653049,0.25908423102891176
0.7743276055285767,0.9443143377569607,0.2590746650352286
0.7743509525588346,0.9443143377569607,0.25906759143382885
0.7743509525588346,0.9444010755486165,0.2590643381332527
0.7747245050429585,0.9444010755486165,0.2588796282649656
0.7747245050429585,0.9444878133402723,0.2588460256669577
0.7750980575270826,0.9444878133402723,0.2585769972402875
0.7750980575270826,0.9445745511319282,0.2585627347486671
0.7752147926783713,0.9445745511319282,0.25851814882069946
0.7752147926783713,0.9447480267152398,0.2584894775611797
0.7752381397086291,0.9447480267152398,0.2584866987433112
0.7752381397086291,0.9448347645068956,0.25848341591780233
0.7753782218901756,0.9448347645068956,0.2584392410670011
0.7753782218901756,0.9449215022985514,0.25843647877447085
0.7754716100112066,0.9449215022985514,0.2584050201239907
0.7754716100112066,0.9450082400902073,0.25839998353832705
0.7755416511019798,0.9450082400902073,0.2583740123868876
0.7755416511019798,0.9450949778818631,0.25836039857371795
0.7755649981322376,0.9450949778818631,0.2583588910190202
0.7755649981322376,0.9451817156735189,0.2582844373245431
0.775611692192753,0.9451817156735189,0.25824921359288733
0.775611692192753,0.9452684534651747,0.2581942836554888
0.7757517743742995,0.9452684534651747,0.25813142588506166
0.7757517743742995,0.9453551912568307,0.25812718664997825
0.7759152035861039,0.9453551912568307,0.25802541263259104
0.7759152035861039,0.9454419290484865,0.2580155475796293
0.7759852446768771,0.9454419290484865,0.25797546584941655
0.7759852446768771,0.9455286668401423,0.25795427133296656
0.7760319387373926,0.9455286668401423,0.2579429517498777
0.7760319387373926,0.945615404631798,0.2579074801154706
0.7761486738886814,0.945615404631798,0.25787467206518977
0.7761486738886814,0.9457021424234539,0.2578649126493556
0.7766389615240942,0.9457021424234539,0.2575296393186074
0.7766389615240942,0.9457888802151098,0.25749784376231366
0.7767790437056407,0.9457888802151098,0.25738507620328244
0.7767790437056407,0.9458756180067656,0.25738046474781384
0.7768023907358984,0.9458756180067656,0.25735741642829923
0.7768023907358984,0.9459623557984214,0.2573243347199302
0.7768257377661562,0.9459623557984214,0.2573240043406483
0.7768257377661562,0.9460490935900772,0.25731999965056696
0.7771525961897646,0.9460490935900772,0.25712866816931856
0.7771525961897646,0.9462225691733889,0.2571018361936257
0.7772226372805379,0.9462225691733889,0.25704127546847455
0.7772226372805379,0.9463093069650447,0.25702169351334103
0.7772459843107956,0.9463093069650447,0.257020263761662
0.7772459843107956,0.9464827825483563,0.2569787153588222
0.7772926783713112,0.9464827825483563,0.2569685647410449
0.7772926783713112,0.946656258131668,0.25691209710510654
0.7773393724318267,0.946656258131668,0.2568810783211618
0.7773393724318267,0.9467429959233238,0.25686092939580385
0.7776662308554352,0.9467429959233238,0.25659800909444175
0.7776662308554352,0.9468297337149796,0.2565978577202488
0.7777129249159507,0.9468297337149796,0.25658325221232336
0.7777129249159507,0.9469164715066355,0.2565692739200345
0.7778530070974972,0.9469164715066355,0.25648920480205417
0.7778530070974972,0.9470032092982913,0.2564857945521052
0.7783666417631677,0.9470032092982913,0.2561579718917647
0.7783666417631677,0.9471766848816029,0.2561299335143574
0.778436682853941,0.9471766848816029,0.25610946894248365
0.778436682853941,0.9472634226732587,0.25610555798100787
0.7785534180052297,0.9472634226732587,0.25601194507724856
0.7785534180052297,0.9474368982565704,0.256000063757824
0.7785767650354875,0.9474368982565704,0.25596034031337345
0.7785767650354875,0.947610373839882,0.2559226518387847
0.778997011580127,0.947610373839882,0.25567883671377
0.778997011580127,0.9476971116315379,0.25566310159337136
0.779090399701158,0.9476971116315379,0.25562604031302116
0.779090399701158,0.9477838494231937,0.25561689663668075
0.7791604407919313,0.9477838494231937,0.2556024835139006
0.7791604407919313,0.9478705872148495,0.2555159628228201
0.7794639521852821,0.9478705872148495,0.2553663732894522
0.7794639521852821,0.9479573250065053,0.2553514617996774
0.7795806873365708,0.9479573250065053,0.25531395336447926
0.7795806873365708,0.948130800589817,0.25526671263765277
0.7796507284273441,0.948130800589817,0.25524590431172356
0.7796507284273441,0.9482175383814728,0.2552375327262726
0.7800943220022413,0.9482175383814728,0.25495369520630595
0.7800943220022413,0.9483042761731286,0.2549493465527862
0.7802344041837879,0.9483042761731286,0.25484598659127233
0.7802344041837879,0.9483910139647844,0.2548215776791679
0.7806313036981696,0.9483910139647844,0.2545847751767316
0.7806313036981696,0.9484777517564403,0.2545337691574301
0.7806779977586851,0.9484777517564403,0.25449948933204547
0.7806779977586851,0.9485644895480961,0.2544878102203847
0.7807246918192006,0.9485644895480961,0.254470656072304
0.7807246918192006,0.9486512273397519,0.2544495163913071
0.7808180799402316,0.9486512273397519,0.25436185870797046
0.7808180799402316,0.9487379651314077,0.2543594169428963
0.7809581621217782,0.9487379651314077,0.25429309029176894
0.7809581621217782,0.9488247029230635,0.2542746196982645
0.7810982443033246,0.9488247029230635,0.25419321874069156
0.7810982443033246,0.9489114407147194,0.2541628999963865
0.7811215913335824,0.9489114407147194,0.25416183898288136
0.7811215913335824,0.9489981785063752,0.2541505456086456
0.7811449383638401,0.9489981785063752,0.2541437950748163
0.7811449383638401,0.9491716540896868,0.25412557180885864
0.7812383264848711,0.9491716540896868,0.2540597723496312
0.7812383264848711,0.9492583918813428,0.25404907333283666
0.7815184908479641,0.9492583918813428,0.2538353732923554
0.7815184908479641,0.9494318674646544,0.253790603492166
0.7816118789689951,0.9494318674646544,0.2537137899095506
0.7816118789689951,0.9495186052563102,0.25370415422905535
0.7818453492715727,0.9495186052563102,0.2535960464125322
0.7818453492715727,0.949605343047966,0.2535801139397802
0.7819153903623459,0.949605343047966,0.2535603886000797
0.7819153903623459,0.9496920808396219,0.2535583970670563
0.7824990661187897,0.9496920808396219,0.2532108531999513
0.7824990661187897,0.9497788186312777,0.2531950784094361
0.7828726186029137,0.9497788186312777,0.25303245590477774
0.7828726186029137,0.9498655564229335,0.2530251054494277
0.7829426596936869,0.9498655564229335,0.25301244862423555
0.7829426596936869,0.9499522942145893,0.2529954310222883
0.7831060889054913,0.9499522942145893,0.25285195916166225
0.7831060889054913,0.9500390320062451,0.2527584817382249
0.7831527829660068,0.9500390320062451,0.2527223651581233
0.7831527829660068,0.950125769797901,0.25271519508214524
0.7831761299962645,0.950125769797901,0.2527046562640577
0.7831761299962645,0.9502125075895568,0.2526922424099586
0.7838064998132238,0.9502125075895568,0.25250256111189484
0.7838064998132238,0.9502992453812126,0.2524994028216304
0.7838531938737393,0.9502992453812126,0.2524734278652271
0.7838531938737393,0.9503859831728684,0.2524540525100014
0.7844135225999253,0.9503859831728684,0.2520491116865593
0.7844135225999253,0.9504727209645243,0.25200561107004005
0.7846236458722451,0.9504727209645243,0.2517948330704637
0.7846236458722451,0.9505594587561801,0.2517782918325834
0.7851139335076578,0.9505594587561801,0.25147968466542236
0.7851139335076578,0.9506461965478359,0.2514691540582443
0.7851606275681733,0.9506461965478359,0.25143572078785825
0.7851606275681733,0.9507329343394917,0.25143533976012544
0.7855108330220396,0.9507329343394917,0.2512581788021079
0.7855108330220396,0.9508196721311475,0.25123868370631897
0.7857676503548748,0.9508196721311475,0.25111535678530905
0.7857676503548748,0.9509931477144592,0.2510750251391801
0.7860244676877102,0.9509931477144592,0.25089761230926
0.7860244676877102,0.951079885506115,0.25088450086720626
0.7866314904744116,0.951079885506115,0.25050026802916536
0.7866314904744116,0.9511666232977708,0.2504994218564548
0.787915577138588,0.9511666232977708,0.24973950384635835
0.787915577138588,0.9512533610894267,0.24973674909090637
0.788289129622712,0.9512533610894267,0.2495626594641812
0.788289129622712,0.9513400988810825,0.24956143941646847
0.7883358236832275,0.9513400988810825,0.24953896855886493
0.7883358236832275,0.9514268366727383,0.24952946227669315
0.7885225999252895,0.9514268366727383,0.2494354403624146
0.7885225999252895,0.9515135744643941,0.24943334294918518
0.7891996638027643,0.9515135744643941,0.2490683777944609
0.7891996638027643,0.9516003122560499,0.24906362636670754
0.7895265222263728,0.9516003122560499,0.24889584767525896
0.7895265222263728,0.9516870500477058,0.248894018474335
0.7900401568920433,0.9516870500477058,0.24850870371330724
0.7900401568920433,0.9517737878393616,0.24849820612299733
0.7901335450130743,0.9517737878393616,0.24834359215334045
0.7901335450130743,0.9519472634226732,0.24825846261951512
0.7902035861038476,0.9519472634226732,0.24824736433186279
0.7902035861038476,0.9520340012143291,0.24824002947794743
0.790250280164363,0.9520340012143291,0.24822153378493694
0.790250280164363,0.9521207390059849,0.24820554492986302
0.7904837504669406,0.9521207390059849,0.24804440312221931
0.7904837504669406,0.9522074767976407,0.24801777673447123
0.7907639148300336,0.9522074767976407,0.24784616825718442
0.7907639148300336,0.9522942145892965,0.24784610695765252
0.7909506910720956,0.9522942145892965,0.24773083727183354
0.7909506910720956,0.9523809523809523,0.24772289982753237
0.7915577138587971,0.9523809523809523,0.24735564865833104
0.7915577138587971,0.9524676901726082,0.24734168908125498
0.7916044079193126,0.9524676901726082,0.24729969238863325
0.7916044079193126,0.952554427964264,0.2472940328599026
0.7917444901008591,0.952554427964264,0.2472419306826522
0.7917444901008591,0.9526411657559198,0.24720983738023072
0.7920246544639522,0.9526411657559198,0.24708541729898537
0.7920246544639522,0.9527279035475756,0.2470785777091331
0.7921413896152409,0.9527279035475756,0.24698760833492028
0.7921413896152409,0.9529013791308873,0.24694642371971864
0.7922814717967874,0.9529013791308873,0.2468362012959816
0.7922814717967874,0.9529881169225431,0.24682521755470233
0.7923515128875607,0.9529881169225431,0.2467882936188367
0.7923515128875607,0.953074854714199,0.2467879350108203
0.7926316772506538,0.953074854714199,0.24659270621653395
0.7926316772506538,0.9531615925058547,0.2465746025770107
0.792701718341427,0.9531615925058547,0.2465614055322538
0.792701718341427,0.9532483302975107,0.24654232532392395
0.79298188270452,0.9532483302975107,0.2463259449715448
0.79298188270452,0.9533350680891665,0.24631038483598944
0.7940791931266343,0.9533350680891665,0.2454868366556675
0.7940791931266343,0.9534218058808223,0.24548670662881555
0.7945461337317893,0.9534218058808223,0.24517801224447766
0.7945461337317893,0.9535085436724781,0.24517040752521224
0.7946395218528203,0.9535085436724781,0.24508792641708332
0.7946395218528203,0.9536820192557898,0.24502797027351086
0.7947329099738514,0.9536820192557898,0.24495744640009298
0.7947329099738514,0.9537687570474456,0.24495511194406683
0.7948496451251401,0.9537687570474456,0.24489454281294054
0.7948496451251401,0.9538554948391014,0.2448872801083264
0.7948963391856556,0.9538554948391014,0.24486703933660914
0.7948963391856556,0.9539422326307572,0.24486432326969332
0.7950597683974598,0.9539422326307572,0.24468852086653148
0.7950597683974598,0.9541157082140689,0.24465377739653926
0.7953399327605528,0.9541157082140689,0.24445844621499535
0.7953399327605528,0.9542891837973805,0.24444721554250037
0.7954099738513261,0.9542891837973805,0.24444240774169734
0.7954099738513261,0.9543759215890364,0.2444230823393856
0.7959236085169966,0.9543759215890364,0.2440680940530987
0.7959236085169966,0.9544626593806922,0.24405688275999682
0.7960870377288009,0.9544626593806922,0.24397296819768688
0.7960870377288009,0.954549397172348,0.24396247847561725
0.7961337317893163,0.954549397172348,0.24394668609746029
0.7961337317893163,0.9546361349640038,0.2439344210666784
0.7967641016062756,0.9546361349640038,0.24357046476928923
0.7967641016062756,0.9548096105473155,0.24355874982532444
0.7968341426970489,0.9548096105473155,0.24351977859889262
0.7968341426970489,0.9548963483389713,0.24350225322376684
0.7974645125140082,0.9548963483389713,0.2431315267087646
0.7974645125140082,0.9549830861306271,0.2431298649736542
0.7975112065745237,0.9549830861306271,0.24309893792727033
0.7975112065745237,0.9550698239222829,0.24309647486513775
0.7975579006350392,0.9550698239222829,0.24309126394227953
0.7975579006350392,0.9551565617139388,0.2430879062714637
0.7979314531191632,0.9551565617139388,0.24285250723791807
0.7979314531191632,0.9552432995055946,0.24280306229761528
0.7980248412401942,0.9552432995055946,0.2427404958710141
0.7980248412401942,0.9553300372972504,0.24273758073183338
0.7980948823309675,0.9553300372972504,0.2426886724223305
0.7980948823309675,0.9554167750889062,0.24268666066812428
0.7981182293612252,0.9554167750889062,0.2426536649803105
0.7981182293612252,0.955503512880562,0.24264584935832867
0.7987252521479268,0.955503512880562,0.24238334784454818
0.7987252521479268,0.9555902506722179,0.24235749941831786
0.7988419872992155,0.9555902506722179,0.2422976083129189
0.7988419872992155,0.9556769884638737,0.24225790428715022
0.798888681359731,0.9556769884638737,0.24222892399899298
0.798888681359731,0.9557637262555295,0.2421861706006071
0.7993322749346283,0.9557637262555295,0.24188477713639245
0.7993322749346283,0.9558504640471853,0.24187599133629034
0.7997992155397834,0.9558504640471853,0.24150245437973306
0.7997992155397834,0.956023939630497,0.24148790526470787
0.8001494209936496,0.956023939630497,0.24134126566633585
0.8001494209936496,0.9561106774221528,0.24132920054948015
0.8002194620844229,0.9561106774221528,0.2412718732959268
0.8002194620844229,0.9561974152138086,0.2412704535825133
0.8003828912962271,0.9561974152138086,0.24117362588140423
0.8003828912962271,0.9562841530054644,0.24116026535676438
0.8007564437803512,0.9562841530054644,0.24098349468450464
0.8007564437803512,0.9563708907971203,0.24097933587893405
0.8008264848711244,0.9563708907971203,0.24096621458783318
0.8008264848711244,0.9564576285887761,0.24096458590337055
0.8011066492342174,0.9564576285887761,0.24081897423000043
0.8011066492342174,0.9565443663804319,0.24080881336695414
0.8014568546880837,0.9565443663804319,0.24064426103385084
0.8014568546880837,0.9568045797553995,0.24059226505874098
0.8014802017183414,0.9568045797553995,0.2405911320361993
0.8014802017183414,0.9568913175470553,0.2405773481210981
0.8016202838998879,0.9568913175470553,0.2404692395075113
0.8016202838998879,0.956978055338711,0.24045815548549476
0.8016436309301457,0.956978055338711,0.24044912564853627
0.8016436309301457,0.9570647931303669,0.24044489681748094
0.8017136720209189,0.9570647931303669,0.24041429883327303
0.8017136720209189,0.9571515309220228,0.24040641892076042
0.8019704893537543,0.9571515309220228,0.24030481358627098
0.8019704893537543,0.9572382687136786,0.2402835375578749
0.8020638774747852,0.9572382687136786,0.2401744435641897
0.8020638774747852,0.9573250065053344,0.24014812817944686
0.8026242062009712,0.9573250065053344,0.23976539978512157
0.8026242062009712,0.9574117442969902,0.2397624400165449
0.8026942472917445,0.9574117442969902,0.23973015097090822
0.8026942472917445,0.9575852198803019,0.23968144167148264
0.8027175943220023,0.9575852198803019,0.23966822996524417
0.8027175943220023,0.9576719576719577,0.23965260500268593
0.8028576765035488,0.9576719576719577,0.23961107935385473
0.8028576765035488,0.9577586954636135,0.23959051760222372
0.8029977586850953,0.9577586954636135,0.23954903539693462
0.8029977586850953,0.9578454332552693,0.23954819455936638
0.8030677997758685,0.9578454332552693,0.2395244997433773
0.8030677997758685,0.9579321710469252,0.2395086513610135
0.8032779230481882,0.9579321710469252,0.239364806417658
0.8032779230481882,0.958018908838581,0.23934873651266286
0.8033713111692192,0.958018908838581,0.23923566082982783
0.8033713111692192,0.9581056466302368,0.23921502086426782
0.8035580874112813,0.9581056466302368,0.23916902239568794
0.8035580874112813,0.9583658600052043,0.2391420658295813
0.8036748225625701,0.9583658600052043,0.2389820381308433
0.8036748225625701,0.9584525977968601,0.23898124904956097
0.803768210683601,0.9584525977968601,0.2389348278401724
0.803768210683601,0.9585393355885159,0.23890547733188294
0.8039082928651475,0.9585393355885159,0.23880515228223398
0.8039082928651475,0.9586260733801717,0.23880053610686225
0.8039316398954053,0.9586260733801717,0.2387941590659095
0.8039316398954053,0.9587128111718276,0.23878076798962355
0.8040016809861785,0.9587128111718276,0.23876142906226383
0.8040016809861785,0.9587995489634834,0.23875160588958366
0.8044452745610758,0.9587995489634834,0.23846615135999816
0.8044452745610758,0.958973024546795,0.2383836151556512
0.8047721329846843,0.958973024546795,0.23813053214174784
0.8047721329846843,0.9591465001301067,0.2380668089775373
0.8050989914082929,0.9591465001301067,0.2378440587144769
0.8050989914082929,0.9592332379217625,0.2378388855766136
0.8056593201344789,0.9592332379217625,0.23748150713486682
0.8056593201344789,0.9593199757134183,0.2374715591934926
0.8058460963765409,0.9593199757134183,0.23738038981367682
0.8058460963765409,0.9594067135050741,0.23735426324146613
0.806406425102727,0.9594067135050741,0.23713280142926907
0.806406425102727,0.95949345129673,0.23712613384715608
0.806499813223758,0.95949345129673,0.23708232456497502
0.806499813223758,0.9595801890883858,0.23707852430087795
0.8070134478894284,0.9595801890883858,0.236823786148174
0.8070134478894284,0.9596669268800416,0.23682030615424354
0.8072235711617483,0.9596669268800416,0.23669628655226682
0.8072235711617483,0.9597536646716974,0.23667821338145256
0.8072702652222637,0.9597536646716974,0.23664707449166045
0.8072702652222637,0.9598404024633533,0.23664618551309935
0.807527082555099,0.9598404024633533,0.23644204706617955
0.807527082555099,0.9599271402550091,0.23640038993939994
0.808087411281285,0.9599271402550091,0.23607599788305178
0.808087411281285,0.9600138780466649,0.23607513952710224
0.8081341053418005,0.9600138780466649,0.2360279366380751
0.8081341053418005,0.9601006158383207,0.23602229280645626
0.8085310048561823,0.9601006158383207,0.23574545627191368
0.8085310048561823,0.9601873536299765,0.23574374585587643
0.8088111692192753,0.9601873536299765,0.2355970485421549
0.8088111692192753,0.9602740914216324,0.2355912818759477
0.8088345162495331,0.9602740914216324,0.23557904649908123
0.8088345162495331,0.9603608292132882,0.23557744688483218
0.8096983563690698,0.9603608292132882,0.2348193705442031
0.8096983563690698,0.960447567004944,0.234797646133863
0.8100018677624207,0.960447567004944,0.2346167689050831
0.8100018677624207,0.9605343047965998,0.234606527187862
0.8100485618229362,0.9605343047965998,0.23457512023904803
0.8100485618229362,0.9606210425882558,0.2345409009516376
0.8107723197609265,0.9606210425882558,0.23417264939819682
0.8107723197609265,0.9607077803799116,0.2341576447563929
0.8115894658199477,0.9607077803799116,0.2336147996668313
0.8115894658199477,0.9607945181715674,0.2336075824411088
0.8118229361225252,0.9607945181715674,0.2334616038884494
0.8118229361225252,0.9608812559632232,0.23344986524228883
0.812219835636907,0.9608812559632232,0.23318616549441074
0.812219835636907,0.960967993754879,0.2331826975912049
0.8123599178184535,0.960967993754879,0.23311157017812334
0.8123599178184535,0.9611414693381907,0.23310549199565178
0.8127334703025775,0.9611414693381907,0.23279684525325317
0.8127334703025775,0.9612282071298465,0.2327770923067488
0.8130369816959283,0.9612282071298465,0.23261069375744048
0.8130369816959283,0.9613149449215023,0.2326106272030668
0.8132237579379903,0.9613149449215023,0.23244858570443971
0.8132237579379903,0.9615751582964698,0.23241439360732563
0.8135739633918565,0.9615751582964698,0.2322859939810228
0.8135739633918565,0.9616618960881256,0.2322771469784467
0.8136906985431454,0.9616618960881256,0.23216522130387518
0.8136906985431454,0.9617486338797814,0.2321375133663106
0.8140175569667538,0.9617486338797814,0.23196145442051408
0.8140175569667538,0.9618353716714373,0.231960298052043
0.8142977213298468,0.9618353716714373,0.23172558373286245
0.8142977213298468,0.9619221094630931,0.23171642390276836
0.8143210683601046,0.9619221094630931,0.23167811292707585
0.8143210683601046,0.9620088472547489,0.2316748607128487
0.8144378035113934,0.9620088472547489,0.23163070430889954
0.8144378035113934,0.9620955850464047,0.2316247975390684
0.8146712738139709,0.9620955850464047,0.2314659029668451
0.8146712738139709,0.9621823228380605,0.2314534459954387
0.8153016436309302,0.9621823228380605,0.23102957490792564
0.8153016436309302,0.9622690606297164,0.2310276518154858
0.8157218901755696,0.9622690606297164,0.2308624184523822
0.8157218901755696,0.9623557984213722,0.23085213016633344
0.815791931266343,0.9623557984213722,0.23080287136161426
0.815791931266343,0.962442536213028,0.230793809113502
0.815978707508405,0.962442536213028,0.23069817105163937
0.815978707508405,0.9625292740046838,0.2306264886542766
0.8162588718714979,0.9625292740046838,0.23036646055548116
0.8162588718714979,0.9626160117963397,0.23036401244716131
0.8166791184161375,0.9626160117963397,0.2300477333786608
0.8166791184161375,0.9627027495879955,0.23004593487077674
0.817753081807994,0.9627027495879955,0.22953482174613138
0.817753081807994,0.9627894873796513,0.2295042073457828
0.8178231228987672,0.9627894873796513,0.2294557040422931
0.8178231228987672,0.9628762251713071,0.2294530541466011
0.8180799402316026,0.9628762251713071,0.22930579891028258
0.8180799402316026,0.9629629629629629,0.22929844019392354
0.8185468808367575,0.9629629629629629,0.2290115778098447
0.8185468808367575,0.9630497007546188,0.22898913534258647
0.8194807620470677,0.9630497007546188,0.22824383194123832
0.8194807620470677,0.9631364385462746,0.22824253432656816
0.8197609264101606,0.9631364385462746,0.22801858813176368
0.8197609264101606,0.9632231763379304,0.22800993318707297
0.8198776615614494,0.9632231763379304,0.22784781770221396
0.8198776615614494,0.9633099141295862,0.22784231121568876
0.8199477026522226,0.9633099141295862,0.2277287230573598
0.8199477026522226,0.9633966519212421,0.2277154861920062
0.8202745610758312,0.9633966519212421,0.22753556024320498
0.8202745610758312,0.9634833897128979,0.22752616056135277
0.8203912962271199,0.9634833897128979,0.22745557226273028
0.8203912962271199,0.9635701275045537,0.22744005212523943
0.8209049308927905,0.9635701275045537,0.22702685856391336
0.8209049308927905,0.9636568652962095,0.2270198586241191
0.8218154650728428,0.9636568652962095,0.22642770291744752
0.8218154650728428,0.9637436030878653,0.2264112644005848
0.8221189764661935,0.9637436030878653,0.2262144051945103
0.8221189764661935,0.9638303408795212,0.2261926991315638
0.8225158759805753,0.9638303408795212,0.2259458201800174
0.8225158759805753,0.963917078671177,0.22591066344757094
0.8227493462831528,0.963917078671177,0.22573003234865763
0.8227493462831528,0.9640038164628328,0.22571519990354094
0.8236131864026895,0.9640038164628328,0.22504423122061057
0.8236131864026895,0.9640905542544886,0.22503423674989687
0.8237766156144939,0.9640905542544886,0.224924368790282
0.8237766156144939,0.9641772920461446,0.22491171472996985
0.8247338438550617,0.9641772920461446,0.22434791384355757
0.8247338438550617,0.9642640298378004,0.22433664049349455
0.8250373552484124,0.9642640298378004,0.22415440846553703
0.8250373552484124,0.9643507676294562,0.22414731498647855
0.825364213672021,0.9643507676294562,0.22393254208754831
0.825364213672021,0.964437505421112,0.22392794293918084
0.8256443780351139,0.964437505421112,0.2238356244824179
0.8256443780351139,0.9645242432127678,0.22379701031339116
0.8258311542771759,0.9645242432127678,0.2236435869466289
0.8258311542771759,0.9646109810044237,0.22364135600735235
0.8260879716100112,0.9646109810044237,0.2234979504172131
0.8260879716100112,0.9646977187960795,0.22348468745509953
0.8261580127007845,0.9646977187960795,0.22339301658877664
0.8261580127007845,0.9647844565877353,0.22338808106632446
0.8263214419125887,0.9647844565877353,0.22332009943721387
0.8263214419125887,0.9648711943793911,0.22331335891480886
0.8263681359731042,0.9648711943793911,0.2232753790425932
0.8263681359731042,0.964957932171047,0.22322969158733752
0.8265549122151662,0.964957932171047,0.22315826018168483
0.8265549122151662,0.9650446699627028,0.22313731428201922
0.8268117295480015,0.9650446699627028,0.223015470821876
0.8268117295480015,0.9651314077543586,0.22300917195900383
0.8275121404557341,0.9651314077543586,0.22267200223785477
0.8275121404557341,0.9652181455460144,0.22263488191983916
0.8280958162121778,0.9652181455460144,0.22232088318087995
0.8280958162121778,0.9653048833376702,0.22229699128789693
0.8281892043332089,0.9653048833376702,0.22226661071799392
0.8281892043332089,0.9653916211293261,0.22226115268964008
0.8283059394844976,0.9653916211293261,0.22219497366750462
0.8283059394844976,0.9655650967126377,0.22217554770293402
0.8283292865147553,0.9655650967126377,0.2221703298505483
0.8283292865147553,0.9657385722959494,0.2221398514366627
0.8283526335450131,0.9657385722959494,0.22213888644669444
0.8283526335450131,0.9658253100876052,0.2221307762172099
0.8295666791184161,0.9658253100876052,0.22138707996756313
0.8295666791184161,0.965912047879261,0.22137570074886814
0.8300336197235711,0.965912047879261,0.22110214831116526
0.8300336197235711,0.9659987856709168,0.22106907489474825
0.8302203959656331,0.9659987856709168,0.22098710680671108
0.8302203959656331,0.9660855234625726,0.2209724213982196
0.8303604781471797,0.9660855234625726,0.22091662192806805
0.8303604781471797,0.9661722612542285,0.22088360601725998
0.8310608890549123,0.9661722612542285,0.22041445555878392
0.8310608890549123,0.9662589990458843,0.2204052329690127
0.8312009712364588,0.9662589990458843,0.22031963463441118
0.8312009712364588,0.9663457368375401,0.22029484139828914
0.8312243182667165,0.9663457368375401,0.2202811886250211
0.8312243182667165,0.9664324746291959,0.22025944372949469
0.8313177063877475,0.9664324746291959,0.22019055071589388
0.8313177063877475,0.9665192124208518,0.22018444146126992
0.8313877474785207,0.9665192124208518,0.22016705563761463
0.8313877474785207,0.9666059502125076,0.22016662785251728
0.8314344415390362,0.9666059502125076,0.2200901771677315
0.8314344415390362,0.9666926880041634,0.22008802304304742
0.8319013821441913,0.9666926880041634,0.21968860281451474
0.8319013821441913,0.9667794257958192,0.21968814818395255
0.8319947702652223,0.9667794257958192,0.21958908284683243
0.8319947702652223,0.966866163587475,0.21957178456791615
0.8320414643257378,0.966866163587475,0.21952899398402037
0.8320414643257378,0.9669529013791309,0.21951933598677587
0.8328352633545013,0.9669529013791309,0.21900994134639684
0.8328352633545013,0.9670396391707867,0.21897451911321464
0.8329286514755323,0.9670396391707867,0.21892651535518726
0.8329286514755323,0.9671263769624425,0.21891016878879654
0.833045386626821,0.9671263769624425,0.21885073895842067
0.833045386626821,0.9672131147540983,0.21884582264711816
0.8331854688083675,0.9672131147540983,0.21868741111181855
0.8331854688083675,0.9672998525457542,0.21867249041651704
0.8336057153530071,0.9672998525457542,0.21830046811042636
0.8336057153530071,0.96738659033741,0.21829021138218863
0.8338625326858423,0.96738659033741,0.21809955724322838
0.8338625326858423,0.9674733281290658,0.21809582072912204
0.8342127381397086,0.9674733281290658,0.21784790983959545
0.8342127381397086,0.9675600659207216,0.2178373836035674
0.8343294732909974,0.9675600659207216,0.2176591447649987
0.8343294732909974,0.9676468037123774,0.21765044228644048
0.8346096376540904,0.9676468037123774,0.2174672293524279
0.8346096376540904,0.9677335415040333,0.2174318079916916
0.834749719835637,0.9677335415040333,0.2172517442378349
0.834749719835637,0.9678202792956891,0.2172149569857672
0.8350765782592454,0.9678202792956891,0.21696569862616988
0.8350765782592454,0.967907017087345,0.21695652738904947
0.8353100485618229,0.967907017087345,0.21687644266211903
0.8353100485618229,0.9679937548790007,0.21686554328703522
0.8354267837131117,0.9679937548790007,0.21671303103770023
0.8354267837131117,0.9680804926706567,0.21669691906973865
0.835590212924916,0.9680804926706567,0.2165628205470035
0.835590212924916,0.9681672304623125,0.21655299171657505
0.8356602540156892,0.9681672304623125,0.216508787489182
0.8356602540156892,0.9682539682539683,0.2164999927575464
0.836710870377288,0.9682539682539683,0.21576921980527086
0.836710870377288,0.9683407060456241,0.21575209021288855
0.836804258498319,0.9683407060456241,0.2156954249043006
0.836804258498319,0.9684274438372799,0.21567449839008868
0.837271199103474,0.9684274438372799,0.2153128756346918
0.837271199103474,0.9685141816289358,0.21530851750070434
0.8373412401942473,0.9685141816289358,0.21525158592268723
0.8373412401942473,0.9686009194205916,0.2152497595631061
0.8374346283152783,0.9686009194205916,0.21521193370503666
0.8374346283152783,0.9687743950039032,0.2151671019169472
0.8376214045573404,0.9687743950039032,0.21500648006653134
0.8376214045573404,0.9688611327955591,0.21498487760555418
0.8376447515875981,0.9688611327955591,0.21498251827602766
0.8376447515875981,0.9689478705872149,0.2149761653882447
0.8377147926783713,0.9689478705872149,0.2149278826911145
0.8377147926783713,0.9690346083788707,0.21492051180928107
0.8379015689204333,0.9690346083788707,0.21478128935253804
0.8379015689204333,0.9691213461705265,0.2147554869905396
0.8380883451624953,0.9691213461705265,0.2146901583500045
0.8380883451624953,0.9692080839621823,0.21467539393783464
0.8384618976466194,0.9692080839621823,0.21453466724895953
0.8384618976466194,0.9692948217538382,0.21451376225274388
0.8385085917071349,0.9692948217538382,0.21450168770294376
0.8385085917071349,0.969381559545494,0.21449024753279566
0.8391156144938364,0.969381559545494,0.21415795749337307
0.8391156144938364,0.9694682973371498,0.21413555086999225
0.8393724318266716,0.9694682973371498,0.21395539036294742
0.8393724318266716,0.9695550351288056,0.2139531809830746
0.8396759432200224,0.9695550351288056,0.213782139245277
0.8396759432200224,0.9696417729204615,0.21378057283420326
0.8396992902502801,0.9696417729204615,0.21376406775345758
0.8396992902502801,0.9697285107121173,0.2137473944635373
0.839816025401569,0.9697285107121173,0.21370923250916363
0.839816025401569,0.9698152485037731,0.21370265828365065
0.8402596189764662,0.9698152485037731,0.21334907794079572
0.8402596189764662,0.9699019862954289,0.21333117134362845
0.8402829660067239,0.9699019862954289,0.21331672377671806
0.8402829660067239,0.9699887240870847,0.21330970080446965
0.8403530070974972,0.9699887240870847,0.21327916533999824
0.8403530070974972,0.9700754618787406,0.21327517546491248
0.8415203586103848,0.9700754618787406,0.21237097960069706
0.8415203586103848,0.9701621996703964,0.21236899349087623
0.8418939110945087,0.9701621996703964,0.21195928178327483
0.8418939110945087,0.9702489374620522,0.21193855872558276
0.8420573403063131,0.9702489374620522,0.211842707696706
0.8420573403063131,0.970335675253708,0.2117967317727083
0.8421040343668286,0.970335675253708,0.21177282370360617
0.8421040343668286,0.9704224130453639,0.21175466920019914
0.8424775868509525,0.9704224130453639,0.2114324532333487
0.8424775868509525,0.9705091508370197,0.21141333298595266
0.8430145685468808,0.9705091508370197,0.2111697690408164
0.8430145685468808,0.9705958886286755,0.21111284895509141
0.8436215913335824,0.9705958886286755,0.21060970281205138
0.8436215913335824,0.9706826264203313,0.21060056932698512
0.8437850205453866,0.9706826264203313,0.21045642660860775
0.8437850205453866,0.9707693642119871,0.2104377457394504
0.8438317146059021,0.9707693642119871,0.2104348363950086
0.8438317146059021,0.970856102003643,0.21043327972429826
0.8438550616361599,0.970856102003643,0.2104225439885825
0.8438550616361599,0.9709428397952988,0.2104157473639282
0.8439717967874486,0.9709428397952988,0.21035076629348204
0.8439717967874486,0.9710295775869546,0.21029355426160734
0.8441118789689951,0.9710295775869546,0.21020860138621045
0.8441118789689951,0.9711163153786104,0.210208506794463
0.844135225999253,0.9711163153786104,0.210205812309453
0.844135225999253,0.9712030531702663,0.21018643023654981
0.8446255136346656,0.9712030531702663,0.20986260047273486
0.8446255136346656,0.9712897909619221,0.20984644138272002
0.8449990661187897,0.9712897909619221,0.20958261299490388
0.8449990661187897,0.9713765287535779,0.20958148730094617
0.845069107209563,0.9713765287535779,0.20954851515668282
0.845069107209563,0.9714632665452337,0.20954046469273324
0.8452325364213672,0.9714632665452337,0.20945515344069776
0.8452325364213672,0.9715500043368895,0.20943404528334986
0.8455127007844602,0.9715500043368895,0.2091959447940689
0.8455127007844602,0.9716367421285454,0.20918857059224039
0.846096376540904,0.9716367421285454,0.20875260772817905
0.846096376540904,0.9717234799202012,0.20873919231575566
0.8463998879342548,0.9717234799202012,0.2085087268893766
0.8463998879342548,0.971810217711857,0.20845767641513357
0.8471236458722451,0.971810217711857,0.2079716977233126
0.8471236458722451,0.9718969555035128,0.2079658947678159
0.8472170339932761,0.9718969555035128,0.2079450244395623
0.8472170339932761,0.9719836932951688,0.20788956781973755
0.8475672394471423,0.9719836932951688,0.20745957091972844
0.8475672394471423,0.9720704310868246,0.20744408416948135
0.8477540156892044,0.9720704310868246,0.20734041375156487
0.8477540156892044,0.9721571688784804,0.20732158483790952
0.8480808741128129,0.9721571688784804,0.20714945348059444
0.8480808741128129,0.9722439066701362,0.2070974254523139
0.8486878968995144,0.9722439066701362,0.20656516031842598
0.8486878968995144,0.972330644461792,0.20656102833036094
0.8488980201718341,0.972330644461792,0.2064503509166279
0.8488980201718341,0.9724173822534479,0.20644413004578532
0.8491081434441539,0.9724173822534479,0.20627080791938956
0.8491081434441539,0.9725041200451037,0.20625845583636493
0.8492482256257005,0.9725041200451037,0.2061436498515289
0.8492482256257005,0.9726775956284153,0.20610870106898027
0.8495050429585357,0.9726775956284153,0.20571506384652294
0.8495050429585357,0.9727643334200711,0.2056828285356358
0.849948636533433,0.9727643334200711,0.20541115200704563
0.849948636533433,0.972851071211727,0.20539184848057024
0.8500887187149795,0.972851071211727,0.20532238469927344
0.8500887187149795,0.9729378090033828,0.20530953866003565
0.850695741501681,0.9729378090033828,0.2048310419225341
0.850695741501681,0.9731112845866944,0.2048245462299989
0.8510926410160627,0.9731112845866944,0.20463649718748256
0.8510926410160627,0.9731980223783503,0.20463307624384208
0.8512093761673515,0.9731980223783503,0.20454504444705524
0.8512093761673515,0.9732847601700061,0.20450715786188522
0.8513261113186402,0.9732847601700061,0.20436687246586005
0.8513261113186402,0.9733714979616619,0.20433756868861297
0.8514194994396713,0.9733714979616619,0.20429674780951013
0.8514194994396713,0.9734582357533177,0.20429582240450772
0.8515362345909601,0.9734582357533177,0.2042110282456181
0.8515362345909601,0.9735449735449735,0.20417435372114
0.8516996638027643,0.9735449735449735,0.2040353805053876
0.8516996638027643,0.9736317113366294,0.2040061529955126
0.8519798281658573,0.9736317113366294,0.2038174459284422
0.8519798281658573,0.9737184491282852,0.20374513955869578
0.8520498692566305,0.9737184491282852,0.20372105817357866
0.8520498692566305,0.973805186919941,0.20370874844592646
0.8522833395592081,0.973805186919941,0.20351472242973168
0.8522833395592081,0.9738919247115968,0.20349914360701316
0.8524934628315278,0.9738919247115968,0.2034057187417978
0.8524934628315278,0.9739786625032527,0.20340408477773564
0.8527736271946208,0.9739786625032527,0.2031725459319963
0.8527736271946208,0.9740654002949085,0.20316989605543323
0.8536608143444154,0.9740654002949085,0.20249700293413442
0.8536608143444154,0.9741521380865643,0.20248640754285085
0.8537308554351887,0.9741521380865643,0.2023886642106617
0.8537308554351887,0.9742388758782201,0.20238516601435497
0.8541744490100859,0.9742388758782201,0.20206018128182646
0.8541744490100859,0.9743256136698759,0.2020522625685206
0.8542678371311169,0.9743256136698759,0.20200213731961136
0.8542678371311169,0.9744123514615318,0.20196642625624017
0.8542911841613747,0.9744123514615318,0.20195737793194746
0.8542911841613747,0.9744990892531876,0.20194963825401158
0.854361225252148,0.9744990892531876,0.201891334541493
0.854361225252148,0.9745858270448434,0.20188060186626544
0.8544779604034367,0.9745858270448434,0.20183164565916734
0.8544779604034367,0.9746725648364992,0.2017175363450816
0.8568126634292118,0.9746725648364992,0.19953154659375583
0.8568126634292118,0.9747593026281551,0.19948437932987295
0.8569060515502428,0.9747593026281551,0.19942153014843922
0.8569060515502428,0.9748460404198109,0.1993798243924566
0.8569994396712738,0.9748460404198109,0.19930412854522261
0.8569994396712738,0.9749327782114667,0.19925671236428666
0.8577932387000373,0.9749327782114667,0.19882607038712885
0.8577932387000373,0.9750195160031225,0.19881816015369114
0.8579333208815839,0.9750195160031225,0.1986416869832297
0.8579333208815839,0.9751062537947783,0.19859361282021615
0.8581200971236459,0.9751062537947783,0.1984852170776109
0.8581200971236459,0.97527972937809,0.19847468933066403
0.8587971610011207,0.97527972937809,0.19764974163841753
0.8587971610011207,0.9753664671697458,0.19764060048816523
0.8589372431826672,0.9753664671697458,0.19757691451039172
0.8589372431826672,0.9754532049614016,0.19755402380500198
0.859614307060142,0.9754532049614016,0.19715600446758974
0.859614307060142,0.9755399427530576,0.19712921313776022
0.8598244303324617,0.9755399427530576,0.19698788389247834
0.8598244303324617,0.9757134183363692,0.19696747082740274
0.8601512887560703,0.9757134183363692,0.19676646013406596
0.8601512887560703,0.975800156128025,0.19676626479955184
0.8609450877848338,0.975800156128025,0.1962954113900276
0.8609450877848338,0.9758868939196808,0.19627351031636897
0.8613186402689578,0.9758868939196808,0.19602763268850376
0.8613186402689578,0.9759736317113367,0.195992184057192
0.8625793799028764,0.9759736317113367,0.19511222757567892
0.8625793799028764,0.9760603695029925,0.19508209434955837
0.8628828912962271,0.9760603695029925,0.19472090276259169
0.8628828912962271,0.9761471072946483,0.19471660107607158
0.8640502428091147,0.9761471072946483,0.19375869939079937
0.8640502428091147,0.9762338450863041,0.1937548147684901
0.8641436309301457,0.9762338450863041,0.1936922590563398
0.8641436309301457,0.97632058287796,0.19367246180083597
0.8642837131116922,0.97632058287796,0.1935750477044742
0.8642837131116922,0.9765807962529274,0.19354504049194676
0.8646105715353007,0.9765807962529274,0.19328244737913391
0.8646105715353007,0.9766675340445832,0.19328191519677085
0.8648206948076205,0.9766675340445832,0.19308196729837623
0.8648206948076205,0.9767542718362391,0.19306954256824393
0.8652876354127755,0.9767542718362391,0.19277699351447886
0.8652876354127755,0.9769277474195507,0.19276385668850538
0.8655677997758685,0.9769277474195507,0.1924935808508721
0.8655677997758685,0.9770144852112065,0.19249253242323916
0.8658479641389615,0.9770144852112065,0.1923132974095676
0.8658479641389615,0.9771012230028624,0.1922504922595505
0.8660580874112813,0.9771012230028624,0.19203539185314134
0.8660580874112813,0.9771879607945182,0.19202577590228742
0.8667351512887561,0.9771879607945182,0.19141757478107402
0.8667351512887561,0.977274698586174,0.1914154734063679
0.8671787448636533,0.977274698586174,0.1912011260043025
0.8671787448636533,0.9773614363778298,0.1911995688665763
0.8682760552857677,0.9773614363778298,0.19037133538854933
0.8682760552857677,0.9774481741694856,0.19036889631891685
0.8685795666791184,0.9774481741694856,0.19003627615867846
0.8685795666791184,0.9775349119611415,0.19001472302308364
0.8687429958909226,0.9775349119611415,0.18994604741556542
0.8687429958909226,0.9776216497527973,0.18992616167385
0.8687663429211804,0.9776216497527973,0.18991331038756565
0.8687663429211804,0.9777083875444531,0.18991098635477754
0.8692566305565932,0.9777083875444531,0.18959669170073956
0.8692566305565932,0.9777951253361089,0.189580192364753
0.87012047067613,0.9777951253361089,0.18902221841713118
0.87012047067613,0.9778818631277648,0.18900445522400955
0.8705407172207695,0.9778818631277648,0.1886594194734844
0.8705407172207695,0.9779686009194206,0.18864399729048298
0.8714979454613373,0.9779686009194206,0.18769056927343486
0.8714979454613373,0.9780553387110764,0.18768720967971853
0.871614680612626,0.9780553387110764,0.18760511522436663
0.871614680612626,0.9781420765027322,0.18760029284876778
0.8719648860664924,0.9781420765027322,0.18730505842368206
0.8719648860664924,0.978228814294388,0.18727241130665084
0.8720582741875234,0.978228814294388,0.18718580014358777
0.8720582741875234,0.9783155520860439,0.18718558305159905
0.8723617855808741,0.9783155520860439,0.1868991936339991
0.8723617855808741,0.9784022898776997,0.18688911060301616
0.8729221143070601,0.9784022898776997,0.18645461686004305
0.8729221143070601,0.9784890276693555,0.18644839581602846
0.8734357489727307,0.9784890276693555,0.18604420598756555
0.8734357489727307,0.9785757654610113,0.18604284316413433
0.8736925663055659,0.9785757654610113,0.1858559606727357
0.8736925663055659,0.9786625032526672,0.18583990044007848
0.8737626073963392,0.9786625032526672,0.18577813538310073
0.8737626073963392,0.978749241044323,0.1857499240409135
0.8742995890922675,0.978749241044323,0.18529648549493805
0.8742995890922675,0.9788359788359788,0.18529299237074837
0.8743696301830407,0.9788359788359788,0.18523261505750155
0.8743696301830407,0.9790094544192904,0.18519857838762577
0.8744630183040717,0.9790094544192904,0.18515810481906447
0.8744630183040717,0.9790961922109463,0.1851461245974687
0.8748832648487113,0.9790961922109463,0.18477252473343386
0.8748832648487113,0.9791829300026021,0.18476640712783676
0.8752334703025775,0.9791829300026021,0.1844081252847376
0.8752334703025775,0.979269667794258,0.18439710660243458
0.8761440044826299,0.979269667794258,0.1836192077020664
0.8761440044826299,0.9794431433775697,0.18355026822874143
0.8762140455734031,0.9794431433775697,0.18352097739707451
0.8762140455734031,0.9795298811692255,0.18350413112390207
0.8764008218154651,0.9795298811692255,0.18340012489964053
0.8764008218154651,0.9796166189608813,0.1833520718579722
0.8764241688457228,0.9796166189608813,0.18333705056071725
0.8764241688457228,0.9797033567525371,0.1833138607565108
0.8769611505416511,0.9797033567525371,0.18291204972483543
0.8769611505416511,0.9797900945441929,0.18286594395187583
0.8773347030257751,0.9797900945441929,0.18248674332505332
0.8773347030257751,0.9798768323358488,0.1824596810929705
0.8776615614493837,0.9798768323358488,0.18215915433246732
0.8776615614493837,0.9799635701275046,0.18215243920740887
0.8781751961150541,0.9799635701275046,0.18161351809462467
0.8781751961150541,0.9800503079191604,0.18161144448446576
0.8789223010833022,0.9800503079191604,0.180881795778024
0.8789223010833022,0.9801370457108162,0.18084565979227862
0.8799262233843855,0.9801370457108162,0.1799386706229782
0.8799262233843855,0.9802237835024721,0.17992567324217734
0.880439858050056,0.9802237835024721,0.17940997824500704
0.880439858050056,0.9803105212941279,0.17937883494982187
0.880906798655211,0.9803105212941279,0.1790803647902297
0.880906798655211,0.9803972590857837,0.17906275253323956
0.8809301456854688,0.9803972590857837,0.1790611431849196
0.8809301456854688,0.9804839968774395,0.17905459742158447
0.8811169219275308,0.9804839968774395,0.17894046138905384
0.8811169219275308,0.9805707346690953,0.17893255955527798
0.8815605155024281,0.9805707346690953,0.17847848022768098
0.8815605155024281,0.9806574724607512,0.17846398766538263
0.8818640268957788,0.9806574724607512,0.17823575053156115
0.8818640268957788,0.980744210252407,0.17823232942621603
0.8821208442286141,0.980744210252407,0.17804551882431097
0.8821208442286141,0.9808309480440628,0.17803885331196534
0.8826578259245424,0.9808309480440628,0.17767692617530118
0.8826578259245424,0.9809176858357186,0.17766829293468
0.8827979081060889,0.9809176858357186,0.177597743640884
0.8827979081060889,0.9810911614190303,0.17756178734944406
0.8832648487112439,0.9810911614190303,0.177148794576942
0.8832648487112439,0.9811778992106861,0.1771266650595159
0.8833815838625327,0.9811778992106861,0.17704368832495665
0.8833815838625327,0.9812646370023419,0.1770362420074485
0.8836150541651102,0.9812646370023419,0.17687377512733793
0.8836150541651102,0.9813513747939977,0.1768134326386973
0.8836850952558835,0.9813513747939977,0.1767601692398144
0.8836850952558835,0.9814381125856536,0.1767357197722248
0.8837784833769144,0.9814381125856536,0.17661994173511542
0.8837784833769144,0.9815248503773094,0.1766120460928826
0.8838485244676877,0.9815248503773094,0.17652321308096053
0.8838485244676877,0.9816115881689652,0.17652258128566067
0.8838718714979454,0.9816115881689652,0.17650009107341402
0.8838718714979454,0.981698325960621,0.17645274349147855
0.8841286888307808,0.981698325960621,0.1762048438362468
0.8841286888307808,0.9817850637522769,0.17620274263161884
0.8845956294359357,0.9817850637522769,0.17581071791224212
0.8845956294359357,0.9818718015439327,0.17576312127774607
0.8847824056779977,0.9818718015439327,0.17557642759872383
0.8847824056779977,0.9819585393355885,0.1755723180914709
0.8848524467687711,0.9819585393355885,0.17546275644182863
0.8848524467687711,0.9820452771272443,0.17545594816474208
0.8854828165857302,0.9820452771272443,0.17488567835196545
0.8854828165857302,0.9821320149189001,0.17487430917772284
0.885506163615988,0.9821320149189001,0.17485618124747437
0.885506163615988,0.982218752710556,0.17483474970839463
0.8859731042211431,0.982218752710556,0.17430875242090516
0.8859731042211431,0.9823054905022118,0.17429292336483582
0.8861365334329473,0.9823054905022118,0.17414004344561962
0.8861365334329473,0.9823922282938676,0.1741390482818409
0.8865100859170714,0.9823922282938676,0.17386371527233946
0.8865100859170714,0.9824789660855234,0.173854763048232
0.8873739260366081,0.9824789660855234,0.17318174098612726
0.8873739260366081,0.9825657038771793,0.173173960955318
0.8873972730668659,0.9825657038771793,0.1731537920993501
0.8873972730668659,0.9826524416688351,0.17314127023415993
0.8875840493089279,0.9826524416688351,0.17300741397438868
0.8875840493089279,0.9827391794604909,0.17299421901810652
0.8878408666417632,0.9827391794604909,0.17275848807027772
0.8878408666417632,0.9828259172521467,0.17275832848911432
0.8881443780351139,0.9828259172521467,0.17247948536556335
0.8881443780351139,0.9829126550438025,0.17246451820951225
0.8881677250653717,0.9829126550438025,0.17245040391773392
0.8881677250653717,0.9829993928354585,0.17243761382675638
0.8882377661561449,0.9829993928354585,0.1723698968035129
0.8882377661561449,0.9830861306271143,0.17236986456215342
0.8886580127007845,0.9830861306271143,0.1718687044510494
0.8886580127007845,0.98317286841877,0.17186626960836782
0.8886813597310422,0.98317286841877,0.17180099915508118
0.8886813597310422,0.9833463440020817,0.17177485362482692
0.8895918939110945,0.9833463440020817,0.17098913692264905
0.8895918939110945,0.9834330817937376,0.170988756844082
0.8897786701531565,0.9834330817937376,0.17090355259414203
0.8897786701531565,0.9835198195853934,0.17087904031352885
0.8904323870003735,0.9835198195853934,0.17034957008667295
0.8904323870003735,0.983693295168705,0.1703082143961513
0.8905024280911468,0.983693295168705,0.17024398936352203
0.8905024280911468,0.9837800329603609,0.17022719507908946
0.8905257751214045,0.9837800329603609,0.17022380046420005
0.8905257751214045,0.9838667707520167,0.17022311990513084
0.89057246918192,0.9838667707520167,0.17020910183313853
0.89057246918192,0.9839535085436725,0.17019340878235745
0.8907592454239821,0.9839535085436725,0.17013306041249832
0.8907592454239821,0.9840402463353283,0.17006097268613884
0.8908059394844976,0.9840402463353283,0.17004345634395168
0.8908059394844976,0.9841269841269841,0.17003943654837073
0.8908292865147553,0.9841269841269841,0.17003517797079026
0.8908292865147553,0.98421372191864,0.1699643006431254
0.8908526335450131,0.98421372191864,0.16990695325528038
0.8908526335450131,0.9843004597102958,0.16978595879184843
0.8910394097870751,0.9843004597102958,0.1696315438935494
0.8910394097870751,0.9843871975019516,0.1695892760605786
0.8913429211804258,0.9843871975019516,0.1693641062725113
0.8913429211804258,0.9844739352936074,0.16934952666402125
0.8915530444527456,0.9844739352936074,0.1692060874335397
0.8915530444527456,0.9845606730852633,0.16919989526338775
0.8923701905117669,0.9845606730852633,0.16858105092894848
0.8923701905117669,0.9846474108769191,0.16858068174961816
0.8925336197235711,0.9846474108769191,0.16847603884638862
0.8925336197235711,0.9847341486685749,0.16843083893213107
0.8928137840866642,0.9847341486685749,0.1682147233191641
0.8928137840866642,0.9848208864602307,0.1682114859338023
0.8934208068733657,0.9848208864602307,0.16760270144898481
0.8934208068733657,0.9849076242518865,0.16759177508554501
0.8935141949943967,0.9849076242518865,0.167465483764904
0.8935141949943967,0.9849943620435424,0.1674438334563736
0.8939344415390362,0.9849943620435424,0.16704928964804477
0.8939344415390362,0.9850810998351982,0.16696447494313726
0.8943780351139335,0.9850810998351982,0.16650846156155452
0.8943780351139335,0.985167837626854,0.1664988629434856
0.8948449757190885,0.985167837626854,0.1659282901120196
0.8948449757190885,0.9852545754185098,0.16591725091321352
0.8950084049308928,0.9852545754185098,0.1657098589882523
0.8950084049308928,0.9853413132101657,0.1656989736515676
0.8951251400821816,0.9853413132101657,0.16561216795976774
0.8951251400821816,0.9854280510018215,0.16554851168572793
0.8952885692939858,0.9854280510018215,0.16531664466330043
0.8952885692939858,0.9855147887934773,0.16531356021130306
0.8976699663802764,0.9855147887934773,0.16292193328486337
0.8976699663802764,0.9856015265851331,0.16292149840363057
0.8978100485618229,0.9856015265851331,0.1625839182258776
0.8978100485618229,0.9856882643767889,0.1625489173785779
0.897996824803885,0.9856882643767889,0.16238241788570806
0.897996824803885,0.9857750021684448,0.16232583194648864
0.898743929772133,0.9857750021684448,0.1616903244627973
0.898743929772133,0.9858617399601006,0.16166711396302835
0.898930706014195,0.9858617399601006,0.16156925566723324
0.898930706014195,0.9859484777517564,0.16156443760445816
0.8998178931639895,0.9859484777517564,0.16089133954772705
0.8998178931639895,0.9860352155434122,0.16081462889884435
0.9000280164363093,0.9860352155434122,0.16054756711570672
0.9000280164363093,0.9861219533350681,0.1605336187191656
0.9006583862532686,0.9861219533350681,0.15981025461909593
0.9006583862532686,0.9862086911267239,0.15977051381667406
0.9008918565558461,0.9862086911267239,0.15958179718077026
0.9008918565558461,0.9862954289183797,0.15955820551094835
0.9019191258871871,0.9862954289183797,0.15850869208135332
0.9019191258871871,0.9863821667100355,0.15846457895893173
0.9022226372805379,0.9863821667100355,0.15828521019110575
0.9022226372805379,0.9864689045016913,0.15827366703037204
0.9033199477026522,0.9864689045016913,0.15739247570120496
0.9033199477026522,0.9865556422933472,0.1573665855467944
0.9034600298841987,0.9865556422933472,0.15725940922811654
0.9034600298841987,0.9867291178766588,0.15722666002187635
0.9036468061262607,0.9867291178766588,0.1570475767065389
0.9036468061262607,0.9868158556683146,0.15703293132190455
0.9038569293985805,0.9868158556683146,0.1568532920836765
0.9038569293985805,0.9869025934599706,0.15682117141042307
0.9042538289129622,0.9869025934599706,0.15642457978166435
0.9042538289129622,0.9870760690432822,0.15641380488227163
0.9043472170339932,0.9870760690432822,0.1563392805179029
0.9043472170339932,0.987162806834938,0.1563392277520892
0.9047674635786328,0.987162806834938,0.15592132771760137
0.9047674635786328,0.9872495446265938,0.155894400525055
0.9050009338812103,0.9872495446265938,0.15576273861863899
0.9050009338812103,0.9873362824182497,0.15576012701952147
0.9050709749719835,0.9873362824182497,0.15573504572724595
0.9050709749719835,0.9874230202099055,0.15572038469635385
0.9052344041837879,0.9874230202099055,0.1555136373150554
0.9052344041837879,0.9875097580015613,0.15549623729297746
0.9066118789689951,0.9875097580015613,0.1541901422360118
0.9066118789689951,0.9875964957932171,0.15409966364478023
0.9066585730295107,0.9875964957932171,0.15399079994876386
0.9066585730295107,0.987683233584873,0.15393976996264225
0.9069620844228614,0.987683233584873,0.15366829173729268
0.9069620844228614,0.9877699713765288,0.15360694538369946
0.9070788195741502,0.9877699713765288,0.15351520006540043
0.9070788195741502,0.9878567091681846,0.15350950910701688
0.9071722076951811,0.9878567091681846,0.15332200812848762
0.9071722076951811,0.9879434469598404,0.15330113557757696
0.9072422487859544,0.9879434469598404,0.15328394609442586
0.9072422487859544,0.9880301847514962,0.1532539527268536
0.9078959656331714,0.9880301847514962,0.15266448993321136
0.9078959656331714,0.9881169225431521,0.15265305944175367
0.9082928651475533,0.9881169225431521,0.15230846499742967
0.9082928651475533,0.9882036603348079,0.15229841474037664
0.9092033993276055,0.9882036603348079,0.15144763969570263
0.9092033993276055,0.9882903981264637,0.15142978383493788
0.9093668285394098,0.9882903981264637,0.15127448848755543
0.9093668285394098,0.9883771359181195,0.15127073571782745
0.9099038102353381,0.9883771359181195,0.15077356565324462
0.9099038102353381,0.9884638737097754,0.15073509587631662
0.9100438924168845,0.9884638737097754,0.15064224916844215
0.9100438924168845,0.9885506115014312,0.15062871473823358
0.9103240567799776,0.9885506115014312,0.1502542872105005
0.9103240567799776,0.988637349293087,0.15023426083042968
0.9110478147179679,0.988637349293087,0.14933335701476713
0.9110478147179679,0.9888108248763986,0.14932564584875085
0.9110711617482257,0.9888108248763986,0.14932011065370132
0.9110711617482257,0.9889843004597103,0.1492536391988416
0.9117248785954427,0.9889843004597103,0.14876106479556506
0.9117248785954427,0.9890710382513661,0.1487566922614485
0.9121918192005977,0.9890710382513661,0.1484073534732857
0.9121918192005977,0.9891577760430219,0.14837926898132303
0.9126821068360105,0.9891577760430219,0.1479037966841792
0.9126821068360105,0.9892445138346778,0.14787033389043913
0.912728800896526,0.9892445138346778,0.1478376468792736
0.912728800896526,0.9893312516263336,0.14783628053916764
0.9128922301083302,0.9893312516263336,0.1476726565173483
0.9128922301083302,0.9894179894179894,0.14766351260463884
0.913195741501681,0.9894179894179894,0.14740376086317375
0.913195741501681,0.9895047272096452,0.1473733493012811
0.9138027642883825,0.9895047272096452,0.1467761286338093
0.9138027642883825,0.989591465001301,0.14676219535427892
0.9138728053791557,0.989591465001301,0.146670350044522
0.9138728053791557,0.9896782027929569,0.14666478379408188
0.9145265222263728,0.9896782027929569,0.14608960327730114
0.9145265222263728,0.9897649405846127,0.14607461254266707
0.9147833395592081,0.9897649405846127,0.14582511321342073
0.9147833395592081,0.9898516783762685,0.1458214040011191
0.9150635039223011,0.9898516783762685,0.14547730210087928
0.9150635039223011,0.9899384161679243,0.14547573804214908
0.9152035861038476,0.9899384161679243,0.1453562545466235
0.9152035861038476,0.990111891751236,0.14532377477492509
0.9153436682853942,0.990111891751236,0.1451886333370246
0.9153436682853942,0.9901986295428918,0.1451758452983779
0.9156004856182294,0.9901986295428918,0.14496514608061006
0.9156004856182294,0.9902853673345476,0.14495355147360367
0.9157172207695181,0.9902853673345476,0.1448632854291132
0.9157172207695181,0.9903721051262034,0.14485487317696233
0.9161841613746732,0.9903721051262034,0.14464522144387015
0.9161841613746732,0.9904588429178594,0.14463417932022793
0.9164643257377662,0.9904588429178594,0.14423716724250568
0.9164643257377662,0.9905455807095151,0.144211220766306
0.91798188270452,0.9905455807095151,0.1422103447369658
0.91798188270452,0.990632318501171,0.14218906700410083
0.918262047067613,0.990632318501171,0.14199310213362515
0.918262047067613,0.9907190562928267,0.14197488045566586
0.9183320881583863,0.9907190562928267,0.1419142631864737
0.9183320881583863,0.9908925318761385,0.14182255470385063
0.918635599551737,0.9908925318761385,0.1416200043435556
0.918635599551737,0.9909792696677943,0.1415993345927743
0.9190791931266343,0.9909792696677943,0.14135001886917087
0.9190791931266343,0.9910660074594501,0.1413487905982922
0.9191025401568921,0.9910660074594501,0.14134055608919238
0.9191025401568921,0.9911527452511059,0.14131088031853123
0.9192659693686963,0.9911527452511059,0.14115013211499783
0.9192659693686963,0.9912394830427618,0.14113462612564742
0.9212738139708629,0.9912394830427618,0.1391907439964002
0.9212738139708629,0.9913262208344176,0.13911668005103306
0.9216707134852447,0.9913262208344176,0.13879403126504497
0.9216707134852447,0.9914129586260734,0.13876346978832843
0.923515128875607,0.9914129586260734,0.13671443351787937
0.923515128875607,0.9914996964177292,0.1366977200319217
0.9241221516623086,0.9914996964177292,0.13625507247741675
0.9241221516623086,0.9915864342093851,0.13623581325792233
0.9242388868135973,0.9915864342093851,0.13613883553536177
0.9242388868135973,0.9916731720010409,0.13613723107385056
0.9254529323870003,0.9916731720010409,0.13455155195564583
0.9254529323870003,0.9917599097926967,0.134541068213482
0.9258731789316399,0.9917599097926967,0.13411501481424248
0.9258731789316399,0.9918466475843525,0.13408049565084001
0.9267837131116922,0.9918466475843525,0.13303135461554294
0.9267837131116922,0.99210686095932,0.13299424046249375
0.927834329473291,0.99210686095932,0.13173311710945113
0.927834329473291,0.9921935987509758,0.1317088755199215
0.9321068360104595,0.9921935987509758,0.12783905796891126
0.9321068360104595,0.9922803365426316,0.12781114994911102
0.9329473290997385,0.9922803365426316,0.12667380955349428
0.9329473290997385,0.9923670743342875,0.12664802379048812
0.9330407172207695,0.9923670743342875,0.12656740180027293
0.9330407172207695,0.9924538121259433,0.12654701940974977
0.9331574523720583,0.9924538121259433,0.12638362489122057
0.9331574523720583,0.9925405499175991,0.12636187972744983
0.9338345162495331,0.9925405499175991,0.1256940716272248
0.9338345162495331,0.9926272877092549,0.12565722956010972
0.9339512514008218,0.9926272877092549,0.12553858905629978
0.9339512514008218,0.9927140255009107,0.12553151087786718
0.9345582741875234,0.9927140255009107,0.12473251283953157
0.9345582741875234,0.9928007632925666,0.1246968833534926
0.9350252147926784,0.9928007632925666,0.12418333151719563
0.9350252147926784,0.9928875010842224,0.12417502581896256
0.9353754202465446,0.9928875010842224,0.12391382275863438
0.9353754202465446,0.9929742388758782,0.12390834273072981
0.9360291370937617,0.9929742388758782,0.12318269660859138
0.9360291370937617,0.993060976667534,0.12315713405229167
0.9365194247291745,0.993060976667534,0.12266585021344245
0.9365194247291745,0.9931477144591899,0.1226498873407369
0.936939671273814,0.9931477144591899,0.12229772201545752
0.936939671273814,0.9932344522508457,0.12225002343620284
0.9375466940605155,0.9932344522508457,0.12154061019247497
0.9375466940605155,0.9933211900425015,0.12154037536699269
0.9390642510272693,0.9933211900425015,0.1196934125462571
0.9390642510272693,0.9934079278341573,0.11963660148723498
0.9394844975719089,0.9934079278341573,0.1192493361668453
0.9394844975719089,0.9934946656258131,0.11922784383974117
0.9402549495704147,0.9934946656258131,0.11849778319102555
0.9402549495704147,0.993581403417469,0.1184803587728438
0.941072095629436,0.993581403417469,0.11746649136698983
0.941072095629436,0.9936681412091248,0.11744019714024567
0.9413522599925289,0.9936681412091248,0.117183292401554
0.9413522599925289,0.9937548790007806,0.11718197073885206
0.9419826298094882,0.9937548790007806,0.1165197416473891
0.9419826298094882,0.9938416167924364,0.1164473565245473
0.9423328352633545,0.9938416167924364,0.11609023866004431
0.9423328352633545,0.9939283545840923,0.11607997196688713
0.9445741501680986,0.9939283545840923,0.11349285082611593
0.9445741501680986,0.9940150923757481,0.11346744419972354
0.9447142323496451,0.9940150923757481,0.11324783905958169
0.9447142323496451,0.9941018301674039,0.11324076029471009
0.9447375793799029,0.9941018301674039,0.11322818891785646
0.9447375793799029,0.9941885679590597,0.11317812114226311
0.9464886066492342,0.9941885679590597,0.11079835286304829
0.9464886066492342,0.9942753057507155,0.1107937721988913
0.9476092641016063,0.9942753057507155,0.10947652582756928
0.9476092641016063,0.9943620435423715,0.10940900026110878
0.9490801270078446,0.9943620435423715,0.10803145513305767
0.9490801270078446,0.9944487813340273,0.10799339907502481
0.9491501680986179,0.9944487813340273,0.10788552647346628
0.9491501680986179,0.994535519125683,0.10787387150911687
0.9501073963391856,0.994535519125683,0.10659069782977604
0.9501073963391856,0.9946222569173389,0.10658924285713911
0.9518817706387748,0.9946222569173389,0.10398023315456484
0.9518817706387748,0.9947089947089947,0.10394393958225889
0.9519284646992903,0.9947089947089947,0.1039283813720574
0.9519284646992903,0.9947957325006506,0.10390444352123962
0.9525588345162496,0.9947957325006506,0.1031427903101142
0.9525588345162496,0.9949692080839622,0.10310900299504466
0.9539830033619724,0.9949692080839622,0.1016300124560362
0.9539830033619724,0.995055945875618,0.10160902851005216
0.9541464325737766,0.995055945875618,0.10146224705983475
0.9541464325737766,0.9951426836672739,0.10144533610816697
0.9545900261486739,0.9951426836672739,0.10079318161445927
0.9545900261486739,0.9952294214589297,0.1007639675862646
0.9549402316025402,0.9952294214589297,0.10021352844101616
0.9549402316025402,0.9953161592505855,0.10018633764762663
0.9552437429958909,0.9953161592505855,0.09967222114041496
0.9552437429958909,0.9954028970422413,0.09962727625335943
0.9553137840866642,0.9954028970422413,0.09954290838117186
0.9553137840866642,0.9954896348338971,0.09948069653993707
0.9566912588718715,0.9954896348338971,0.09792243513098553
0.9566912588718715,0.995576372625553,0.09786663063794465
0.956924729174449,0.995576372625553,0.09735560729667747
0.956924729174449,0.9956631104172088,0.09733038073402167
0.9572749346283153,0.9956631104172088,0.09698121407961902
0.9572749346283153,0.9957498482088646,0.0969801241089343
0.9586290623832648,0.9957498482088646,0.09529376731475403
0.9586290623832648,0.9958365860005204,0.0952884219245792
0.9597030257751215,0.9958365860005204,0.09441862428827452
0.9597030257751215,0.9959233237921763,0.09439914152073436
0.9601466193500187,0.9959233237921763,0.09390216050810751
0.9601466193500187,0.9960100615838321,0.09386253157328062
0.9605435188644005,0.9960100615838321,0.09330756232272741
0.9605435188644005,0.9960967993754879,0.09326336182344863
0.9609871124392977,0.9960967993754879,0.09247441141793744
0.9609871124392977,0.9961835371671437,0.09247341445975688
0.9610104594695554,0.9961835371671437,0.09247038733471402
0.9610104594695554,0.9962702749587995,0.09238761825206199
0.9610805005603287,0.9962702749587995,0.09232915363623861
0.9610805005603287,0.9963570127504554,0.09232418929513486
0.9611271946208443,0.9963570127504554,0.09226091753678922
0.9611271946208443,0.9964437505421112,0.0922136361992888
0.961430706014195,0.9964437505421112,0.09181192942281746
0.961430706014195,0.996530488333767,0.09180777421868225
0.9618509525588346,0.996530488333767,0.09113176021620861
0.9618509525588346,0.9966172261254228,0.09112871282838075
0.9627848337691446,0.9966172261254228,0.08986898308153635
0.9627848337691446,0.9967039639170787,0.08986410094901098
0.9630183040717221,0.9967039639170787,0.08959383561997236
0.9630183040717221,0.9968774395003903,0.08947108230219458
0.964816025401569,0.9968774395003903,0.08734173821135338
0.964816025401569,0.9969641772920461,0.08732655445939219
0.9676643630930146,0.9969641772920461,0.08445719786762129
0.9676643630930146,0.9970509150837019,0.0843617582073436
0.9686916324243556,0.9970509150837019,0.08290740137887898
0.9686916324243556,0.9971376528753578,0.08286462337025202
0.9690418378782218,0.9971376528753578,0.0823983751818671
0.9690418378782218,0.9972243906670136,0.08232720444638952
0.9694153903623459,0.9972243906670136,0.08185317789385527
0.9694153903623459,0.9973111284586694,0.08182433126048194
0.9695554725438924,0.9973111284586694,0.08169398762731916
0.9695554725438924,0.9973978662503252,0.0816859382788101
0.9698356369069854,0.9973978662503252,0.08114689786482399
0.9698356369069854,0.9974846040419811,0.08111703713032725
0.9699290250280165,0.9974846040419811,0.08100989951705029
0.9699290250280165,0.9975713418336369,0.080928506622028
0.9712598057527082,0.9975713418336369,0.07887030413386809
0.9712598057527082,0.9976580796252927,0.07884815788405786
0.9714232349645125,0.9976580796252927,0.07862031579313034
0.9714232349645125,0.9977448174169485,0.07856958818885573
0.9717734404183788,0.9977448174169485,0.07827622240992838
0.9717734404183788,0.9978315552086043,0.07825713133853418
0.9753688830780725,0.9978315552086043,0.07301080611034949
0.9753688830780725,0.9979182930002602,0.0728865234068804
0.975789129622712,0.9979182930002602,0.07227591079015105
0.975789129622712,0.998005030791916,0.07226147385093606
0.976162682106836,0.998005030791916,0.07182288765782374
0.976162682106836,0.9980917685835718,0.07181582913420703
0.9771432573776616,0.9980917685835718,0.07005276602409383
0.9771432573776616,0.9981785063752276,0.07004528801849519
0.9775168098617856,0.9981785063752276,0.06959621667087823
0.9775168098617856,0.9982652441668836,0.06958287969077948
0.9791744490100859,0.9982652441668836,0.06752014255918459
0.9791744490100859,0.9983519819585394,0.06751912021158002
0.9842874486365334,0.9983519819585394,0.06012116567778225
0.9842874486365334,0.9984387197501952,0.06012072196851048
0.9843107956667911,0.9984387197501952,0.06007062572429567
0.9843107956667911,0.998525457541851,0.0600494590856846
0.9849178184534927,0.998525457541851,0.059343937106254185
0.9849178184534927,0.9986121953335068,0.059339936697732076
0.98536141202839,0.9986121953335068,0.058414781916667824
0.98536141202839,0.9986989331251627,0.058343341439651364
0.9874159506910721,0.9986989331251627,0.054835047597026065
0.9874159506910721,0.9987856709168185,0.05482375330270517
0.9878828912962271,0.9987856709168185,0.05432514252404508
0.9878828912962271,0.9988724087084743,0.05431782343348557
0.9879062383264848,0.9988724087084743,0.054308514468339286
0.9879062383264848,0.9989591465001301,0.054257140919647395
0.9884665670526709,0.9989591465001301,0.05331122988332171
0.9884665670526709,0.999045884291786,0.053244785093860436
0.9890268957788569,0.999045884291786,0.05190797887713061
0.9890268957788569,0.9991326220834418,0.05187740141619279
0.9902175943220023,0.9991326220834418,0.05012292524706319
0.9902175943220023,0.9992193598750976,0.05011324566800612
0.9929258498319014,0.9992193598750976,0.045243068194937064
0.9929258498319014,0.9993060976667534,0.04522723977024323
0.9929958909226746,0.9993060976667534,0.045094426290216094
0.9929958909226746,0.9993928354584092,0.044894094652349725
0.9938830780724692,0.9993928354584092,0.042998281695046825
0.9938830780724692,0.9994795732500651,0.042993091875077716
0.993906425102727,0.9994795732500651,0.04294872197066446
0.993906425102727,0.9995663110417209,0.042916789007850564
0.9974785207321629,0.9995663110417209,0.03410979716222129
0.9974785207321629,0.9996530488333767,0.034105584212752116
0.9977586850952559,0.9996530488333767,0.03349755788279252
0.9977586850952559,0.9997397866250325,0.03322776070385203
0.9980388494583489,0.9997397866250325,0.03213965608274705
0.9980388494583489,0.9998265244166884,0.032028597327554365
0.9990894658199477,0.9998265244166884,0.028102504539213036
0.9990894658199477,0.9999132622083442,0.028079277584216356
0.9995564064251027,0.9999132622083442,0.024773810184799183
0.9995564064251027,1.0,0.024765598276189293
1.0,1.0,0.017592677087206687
